row_index,true,prediction
116046,1,1
207757,2,2
219294,0,1
343777,0,0
106973,2,2
166522,1,1
246362,2,2
372972,2,2
169709,1,2
46800,0,0
357287,0,0
272582,2,2
120723,2,1
58029,0,2
299735,2,2
317073,2,2
187131,2,2
129627,2,0
403589,2,1
8196,2,0
290992,0,2
172865,1,1
25581,0,2
390922,2,2
18548,1,1
169759,0,0
15975,0,2
16754,0,0
133451,2,1
241471,0,0
290117,1,1
354360,0,2
118076,0,0
178769,2,2
313273,0,2
18052,1,1
207322,2,2
336880,1,1
1209,2,2
331717,0,2
88895,2,2
214284,0,2
322585,2,2
378785,0,2
294682,2,1
320454,1,1
156379,1,1
324255,2,1
63969,0,2
404349,2,1
279547,2,1
80550,0,0
137611,2,2
216206,0,0
57968,0,1
176830,0,0
77397,2,2
11885,2,1
39295,2,2
131503,2,1
287489,1,1
311118,0,2
1957,0,1
71302,1,1
119807,2,2
395114,2,2
242877,0,0
115299,1,1
243613,0,2
49413,2,0
262374,0,0
177871,2,2
132601,2,2
289323,2,1
137444,2,2
337276,2,1
231160,0,2
315150,0,1
345781,0,0
358316,2,1
105985,2,2
329390,1,2
47916,1,1
376402,1,1
277000,2,2
79036,2,2
97970,2,2
369148,2,1
217938,0,0
313272,0,2
9206,0,1
132910,1,2
296591,2,2
282151,0,0
136354,2,2
207070,0,1
80116,0,2
97267,0,2
57839,2,2
127973,2,2
105077,2,2
242208,0,1
37157,0,2
306877,1,1
58145,2,2
149099,0,0
152533,2,2
374908,1,1
398018,2,1
338812,2,2
306631,1,1
267448,0,2
162095,1,1
144442,2,2
180097,2,2
102465,1,1
248050,2,2
98097,0,1
350998,0,0
327931,0,2
234835,2,2
152776,2,2
323198,0,2
68671,2,2
246488,2,2
255544,2,2
277676,0,2
265710,0,2
241912,2,2
103117,0,2
348223,2,2
278740,2,2
370826,2,0
393232,0,1
38489,2,2
217793,1,1
398385,0,2
276303,2,2
113308,2,1
233818,2,2
156610,2,2
120818,1,2
204933,0,2
155740,1,1
153817,0,2
297849,0,2
285060,0,1
71274,0,2
28788,2,0
391228,2,2
405544,0,2
280960,0,0
253282,1,1
131367,2,2
77353,0,1
246526,1,1
274992,0,0
315829,0,2
80583,2,2
139380,2,2
372813,2,2
39733,0,1
103711,1,1
66566,1,1
43687,2,0
230954,2,2
245563,0,1
310414,0,0
290849,1,1
277002,2,1
37921,1,1
326201,0,0
144536,0,2
165297,1,1
314660,0,2
272391,2,2
108892,1,1
64311,0,0
44465,0,2
91139,2,2
150951,2,2
4583,0,1
242996,1,1
377624,0,1
316221,2,2
98444,1,1
149077,0,2
13071,2,2
172869,0,0
131800,0,0
180512,0,0
232542,0,2
369571,0,2
108440,2,2
39213,1,1
342754,0,2
334515,0,2
369320,0,2
192259,0,1
339009,1,1
237008,0,0
31635,0,2
70162,2,2
375779,2,2
269304,2,2
78149,2,2
30372,2,1
144124,2,2
319212,1,1
212177,2,2
159126,0,2
51762,0,0
242734,0,2
285698,0,2
56512,1,2
6427,1,1
73462,2,1
2581,2,0
369220,0,1
187674,2,2
59921,2,2
94505,1,1
26573,2,2
147572,2,2
314099,0,1
245219,0,0
270586,0,2
127016,2,0
77035,1,1
154784,2,2
65567,2,0
334383,0,2
54121,0,0
95877,0,0
6284,0,0
350430,2,1
179001,1,1
172300,2,2
254650,2,1
99988,0,2
270515,0,2
43692,2,1
27232,0,0
276452,2,2
383771,1,1
183929,2,2
98601,1,1
117753,0,0
360293,0,2
135552,2,1
241759,1,2
231313,0,2
216763,0,1
112790,0,2
191009,1,1
332323,0,0
254100,2,1
165447,2,1
252870,2,1
122628,0,0
25170,1,1
391878,0,0
313132,1,1
331253,0,1
295568,0,1
292869,0,0
371639,2,2
33718,2,2
274533,0,2
341590,0,0
48925,0,1
254422,0,0
18600,0,2
82576,2,1
246751,2,2
154960,1,1
73359,2,2
115016,2,2
308948,2,2
327300,0,0
90178,1,0
247842,1,1
140888,1,1
151449,2,2
46880,1,1
368349,2,2
244553,0,2
67942,1,2
37797,0,0
166613,2,2
141705,0,2
352042,2,1
13210,2,2
157235,2,1
370358,1,1
190138,1,1
359882,2,1
19949,1,1
159159,2,2
379335,0,1
286311,1,1
53479,2,2
359485,2,2
92126,0,2
283237,0,1
46511,1,1
190178,1,1
185914,1,1
222191,0,1
355728,2,2
353533,2,2
288706,2,2
172051,2,2
351395,2,0
107294,2,2
108693,2,2
5699,2,2
320792,2,2
390777,2,2
189829,0,0
192370,2,2
45791,0,1
333747,0,2
148470,0,2
376359,2,2
42025,0,0
273060,0,1
67423,0,1
315525,0,1
294463,2,2
267467,2,2
99968,2,2
334081,2,2
220288,2,2
58555,2,2
335775,1,1
138316,2,1
32662,0,2
184371,2,1
44835,0,2
164588,2,2
273451,2,2
45642,2,2
87392,2,2
324043,0,2
99472,0,1
27356,2,0
184968,2,2
333402,0,2
373689,0,2
81975,0,2
196665,2,2
108274,0,1
186061,0,0
400767,0,1
240502,0,0
285162,2,2
389797,2,2
240489,1,1
120082,1,1
54294,2,1
134272,0,1
281664,1,1
149247,0,2
181069,0,0
181158,2,2
263619,0,2
117684,2,2
58035,2,2
371191,0,0
336380,0,1
45016,1,1
352964,0,1
145540,0,1
383514,0,0
219222,0,1
40424,2,2
348370,0,0
118793,2,2
280267,1,1
305080,1,1
286786,0,0
219695,0,0
128078,2,2
97971,1,1
205955,2,2
289116,0,2
391284,2,2
77748,2,2
331728,2,2
218219,0,1
180562,2,2
378241,2,2
404510,0,1
361632,0,2
294858,0,1
152378,2,2
50273,0,1
597,0,2
32874,2,2
313209,0,2
206296,0,1
296042,0,0
283756,2,2
104220,2,2
251844,1,1
74612,2,1
15256,0,1
177581,0,1
145473,0,2
270025,2,2
159617,0,0
2919,2,2
315351,2,1
227981,2,2
18047,2,0
156393,1,1
259785,2,2
14645,1,1
41730,2,2
20422,2,2
185147,1,1
90700,2,1
393944,2,2
239244,2,2
399773,2,2
311465,0,2
177507,0,1
348009,0,1
80182,0,0
62300,2,2
130159,2,2
438,2,1
27018,2,2
135032,1,1
390572,2,2
279471,2,2
11491,0,2
337698,2,2
270059,2,2
155472,2,1
175669,2,2
78901,2,2
238268,2,2
386609,1,1
116955,2,1
342597,0,2
392881,0,1
171053,2,2
232706,2,1
227599,1,1
70382,2,2
8730,2,0
207090,2,2
20532,0,2
197029,0,0
64959,0,0
356932,2,2
181842,1,1
238161,2,1
311496,2,2
174443,0,2
331336,0,2
370040,0,0
59825,2,2
309059,2,2
114897,2,2
301461,1,1
155804,2,1
287326,2,1
146192,0,1
334716,2,1
16218,2,2
46028,1,1
388583,2,2
276128,0,2
214550,2,1
21019,2,2
5703,0,0
368099,2,2
396769,0,0
204818,2,1
176096,0,0
142689,2,2
107832,0,2
302525,0,2
370001,0,0
398626,0,2
380534,0,1
78829,0,2
207899,2,2
295571,2,2
38056,2,2
261924,0,1
292259,0,2
143323,2,2
129300,0,0
33830,2,2
387904,2,1
88947,1,1
241949,0,0
176751,1,1
134119,0,1
258867,0,2
157111,2,2
343981,0,1
203736,2,2
23055,2,2
232530,1,1
279179,2,2
235921,0,0
68964,2,2
360845,2,2
109476,0,2
328902,0,2
281934,0,0
276526,0,1
29357,2,1
240980,1,1
348664,0,1
145919,0,1
47752,0,2
38257,1,1
354941,0,0
69102,0,1
29261,0,1
112120,2,2
401740,1,1
375657,0,2
20341,0,1
5992,2,2
328758,0,0
48244,2,2
203002,2,2
165260,2,2
158004,0,1
192409,0,0
374414,0,0
290978,0,0
255475,0,2
45597,1,2
384256,1,2
170523,1,1
292916,0,2
93280,1,1
138443,2,2
201387,0,1
386331,2,2
193934,1,1
278070,2,2
313544,0,0
4369,0,0
346886,2,2
116524,2,2
212930,0,2
203085,2,2
183793,1,1
249676,2,2
381829,0,1
6546,0,0
87494,1,1
316755,2,2
262669,2,2
95865,1,1
387639,0,2
246264,1,1
140724,0,2
122002,2,2
30661,2,2
16715,0,0
166552,2,2
300858,2,2
89583,2,2
265959,1,1
25482,0,2
33745,2,2
16794,1,1
219213,0,2
150210,2,2
187737,2,2
270245,2,2
41362,2,2
156427,0,0
336385,2,2
167005,1,2
948,2,2
389592,1,1
83771,2,2
94856,2,1
282043,0,2
68107,2,2
43484,0,2
70878,1,1
215155,0,0
120365,2,2
354068,2,1
130108,0,0
96791,1,1
74210,0,1
311916,2,2
298517,2,2
388620,2,2
214190,2,2
242506,2,0
156356,2,1
103125,0,0
178002,0,1
204312,2,2
343015,2,2
275596,1,1
30805,2,2
191853,1,1
118962,1,1
372501,0,2
362184,2,1
227000,2,2
19587,2,2
46321,0,2
271142,0,0
238845,2,2
323115,0,1
356573,2,1
270135,2,2
78248,0,2
329495,0,0
168135,1,1
211257,2,0
165129,0,1
36223,2,2
291028,2,1
376279,2,2
230975,2,2
69798,1,1
184000,2,2
138275,2,2
19233,2,2
73990,2,2
15094,0,2
151309,1,1
401433,0,1
98517,0,2
7513,0,0
206111,2,1
156329,2,2
274958,2,2
121197,2,2
332450,2,2
206233,0,2
110034,0,2
65434,2,2
76684,1,1
162288,0,0
17081,2,0
278877,0,1
102980,2,2
328559,0,1
245357,2,1
366771,0,0
100678,1,1
162717,0,0
102676,0,2
105200,2,2
311977,2,2
218033,1,1
209345,1,1
296186,2,1
101498,1,1
308602,1,1
87843,2,2
21258,0,0
269347,0,1
167011,0,1
40950,1,1
239764,2,2
374214,0,1
128842,2,1
168040,2,1
112734,2,1
95801,0,0
116460,0,2
267900,2,2
30727,0,2
12235,0,2
326839,1,1
45764,0,0
280880,0,1
133630,1,1
385811,0,0
67556,0,2
142710,2,0
241327,0,2
385727,0,1
218530,0,0
372,2,2
245284,0,2
405840,0,2
31912,1,1
388059,0,1
185135,0,0
244801,2,2
78449,2,2
226738,0,1
264264,0,0
27947,1,1
94698,1,1
93796,2,2
35958,0,2
75350,2,2
152337,2,2
17634,2,2
198823,0,0
305368,2,2
13774,2,2
345109,2,1
69416,2,2
6573,0,2
349804,2,2
399290,2,2
159072,0,1
246532,0,2
142164,0,2
350149,2,2
270471,2,1
169531,1,1
292324,1,1
378691,2,2
333969,2,2
347167,0,2
8441,0,1
213043,2,2
93910,2,1
213144,2,2
211855,2,2
282981,0,2
227604,1,1
288339,1,1
205015,0,0
70,0,1
147340,0,1
199859,0,2
83961,2,2
181748,0,0
44315,1,1
237879,2,2
393764,2,2
399795,0,2
262859,2,2
136790,2,1
46108,0,0
329482,0,0
316581,2,2
262838,1,1
276577,2,1
144094,2,1
257888,0,2
164456,2,2
136631,0,0
56561,2,1
74634,2,2
114195,2,2
334656,0,0
141039,0,0
218231,0,1
102007,0,1
9471,2,2
386345,2,2
294221,0,2
175986,0,1
135577,0,2
391079,0,2
396103,0,2
391830,2,2
289152,2,0
377139,0,2
271080,2,1
354579,1,1
81661,0,0
115055,2,2
323024,2,2
243972,2,2
333219,2,2
165685,1,2
151635,0,2
137888,1,1
301487,0,1
290741,0,2
398452,2,2
357679,2,2
162049,2,0
147682,0,2
314730,2,2
204385,1,1
145668,2,2
274612,2,2
329279,1,1
375823,0,2
364379,2,2
114778,0,0
251273,2,2
238569,0,0
156412,2,2
174426,1,1
164034,1,1
64139,2,2
327968,1,1
253709,0,0
99033,2,2
167887,1,1
255709,1,1
276780,2,0
175612,0,0
162975,2,2
377422,0,2
146063,0,0
192853,0,1
337384,2,2
286250,2,2
284254,1,1
53490,1,1
389125,0,1
112152,0,2
95492,0,1
175103,2,1
322199,2,2
170017,2,1
276899,1,1
349511,2,2
301815,0,2
73452,2,2
192856,1,1
69092,2,2
297516,2,2
360054,1,1
362824,2,2
365182,1,1
190939,0,2
343671,0,2
67440,0,2
115750,0,0
33729,1,1
113163,2,2
233094,2,2
68060,2,1
168704,0,0
347310,2,2
119342,2,1
379982,2,2
308030,2,2
376251,2,2
148686,1,1
101667,0,2
172938,2,2
207696,2,2
360648,2,2
142769,0,1
349103,2,2
324564,0,0
226161,2,2
118653,2,2
255529,2,2
290744,0,2
113329,0,0
396947,2,2
83845,0,0
405963,2,2
355995,2,2
354970,0,0
317149,1,1
234421,2,2
29376,0,1
343936,0,2
100288,2,1
221718,0,2
279661,2,2
387165,0,2
215693,2,2
362936,0,2
120479,0,1
196364,2,0
49671,2,2
380393,2,2
64605,0,0
382322,0,1
294606,2,2
158730,0,0
99305,2,2
208236,0,0
347655,0,2
92025,2,2
372313,2,2
218872,2,1
55669,1,1
25142,0,0
290331,2,2
160887,0,0
5659,0,0
36651,2,2
34708,2,2
400398,2,1
1640,2,2
145455,2,2
203719,0,1
174970,0,0
463,0,1
298719,1,1
182437,2,2
98891,0,2
44928,0,0
206381,2,2
145283,0,1
268026,0,1
276296,2,1
260767,1,1
160564,0,2
368291,2,2
140908,2,2
305965,2,1
323175,2,2
318180,2,2
14999,0,2
280736,0,0
237550,0,2
192472,0,2
276430,1,1
271269,0,0
325163,2,2
338856,0,0
352674,2,2
142018,2,2
369740,2,2
342879,2,2
133661,2,2
92893,0,1
177787,2,2
123621,1,1
65739,0,0
367807,1,1
389656,2,2
207485,1,1
115041,2,2
349474,2,1
117370,0,2
39433,1,0
176050,2,2
355376,2,2
356020,0,0
82284,1,1
195815,0,0
111361,0,0
199352,0,2
287125,0,0
370747,2,2
42549,0,1
394963,0,2
166945,0,0
373053,0,2
213240,2,2
353282,0,0
400074,0,2
183262,0,0
165309,2,2
247666,2,2
152243,0,2
41946,0,0
300099,2,2
391166,1,1
175631,0,1
261463,1,2
326190,1,1
76566,2,2
118045,2,0
327548,0,0
217371,0,1
287220,0,2
291509,0,2
251725,0,2
352279,2,2
192836,1,1
128950,0,2
135105,2,2
36344,2,2
68186,2,2
183332,0,2
233644,0,0
188440,0,1
31879,0,2
2230,0,1
348149,0,1
317821,1,1
249654,0,1
283432,2,1
23789,0,2
237471,2,0
255494,0,0
239776,2,2
388730,1,1
96539,2,2
165686,2,2
138077,2,2
65022,0,2
214097,0,1
2338,2,2
390786,1,2
104883,1,1
304872,0,1
163600,1,1
124601,0,0
282445,2,2
68383,1,1
26017,0,2
384545,0,2
115737,0,0
337064,2,2
67205,2,1
1413,2,2
65866,0,0
47590,1,1
48825,1,1
20981,2,2
3293,2,2
35432,2,2
319225,2,2
369068,0,1
180904,2,2
327198,0,2
384185,0,0
163249,2,2
7640,1,1
162892,1,1
179390,2,2
73772,0,1
371067,0,2
358897,1,1
32212,0,2
237638,0,0
182869,1,1
302069,1,1
6474,0,0
282141,0,2
313447,0,0
12222,0,0
92858,2,2
363175,2,2
56125,2,2
90152,0,0
66255,0,0
165807,0,1
371154,0,1
307657,1,1
111492,2,2
273238,2,1
395565,0,0
223041,0,0
43166,2,2
60641,0,0
86432,1,1
102475,2,1
291521,2,2
361801,0,0
72812,0,0
53855,2,2
339513,0,2
146538,1,1
326166,0,0
312341,2,0
343607,0,1
9439,2,2
142700,1,1
186256,0,1
149312,0,0
364087,2,2
7345,1,1
63761,2,2
302182,2,2
228163,0,0
187574,2,2
151891,2,2
262585,2,1
266578,2,2
187139,2,2
26253,0,1
402048,1,1
255946,0,2
127048,0,2
283534,2,2
361385,2,2
164341,0,2
392153,2,2
147722,0,0
289078,2,2
300330,2,2
288080,2,2
382008,2,2
396631,2,2
232954,2,2
388525,2,1
169439,2,2
173810,0,2
21530,2,2
151545,2,2
391626,1,1
18332,0,1
162845,2,0
300785,1,1
54921,2,2
326177,1,2
288736,1,1
221544,0,2
169572,0,0
287021,2,2
4843,2,2
351469,0,0
319230,2,2
303012,0,0
397270,0,0
321540,2,2
299968,0,2
379659,1,1
219241,1,1
253651,2,2
14922,2,2
152172,2,1
170508,2,2
224809,0,0
272504,0,1
8240,0,1
100787,2,1
146355,1,1
322679,0,2
375410,0,2
112354,0,2
175972,1,2
39532,2,2
310048,0,2
183687,0,2
308542,2,2
294418,0,1
200841,1,1
230741,0,0
177537,0,0
131433,2,2
327239,0,1
151362,0,2
186893,0,0
63443,1,1
333070,0,1
136418,1,2
348855,1,1
243049,0,2
136638,2,2
15886,0,0
367160,2,1
94688,0,1
289715,0,1
345504,1,1
95541,2,1
363105,0,1
38983,2,0
383112,0,1
321003,2,2
251521,2,1
276928,2,2
177637,2,1
58539,1,1
44364,2,2
141577,0,0
403379,2,2
266028,2,2
94623,0,2
125286,2,2
371578,2,0
292974,1,1
362715,0,0
307790,1,2
224765,2,2
93510,0,1
155543,2,2
388284,0,1
335402,2,1
32578,2,2
247321,0,0
279504,1,1
392071,2,2
386264,2,2
334419,1,2
333177,1,1
398208,0,2
355554,0,1
57221,1,1
230014,0,2
144148,2,2
165295,2,1
308500,2,2
322050,2,2
182618,0,2
317360,2,2
381577,0,0
49595,1,1
236301,1,1
149860,2,1
244550,2,0
71361,2,2
350286,2,2
265166,0,2
309183,0,1
93042,2,2
243208,0,2
87648,0,1
138180,0,1
315130,2,2
358142,1,1
404947,0,0
66251,2,2
10937,0,1
188068,0,2
50136,2,0
7780,1,2
314960,1,1
88790,0,2
297289,0,2
396168,2,1
70984,0,1
263136,0,0
113617,2,2
31856,2,2
308353,0,1
383340,2,1
189940,0,0
368791,2,2
393743,2,2
71102,2,2
259284,1,1
348609,0,0
178202,1,1
46869,1,1
75564,2,2
276969,2,1
176057,1,1
301061,0,0
97508,2,2
357693,1,1
116592,0,1
281458,2,2
146977,2,2
287273,1,1
140604,2,2
337419,1,1
262886,1,1
305478,2,2
93108,2,2
301945,0,2
227255,1,1
271516,2,1
15117,0,2
229398,2,1
203822,0,2
230949,0,1
267139,0,0
288602,0,2
49757,2,1
379501,2,1
190705,2,2
240056,1,1
329963,2,2
116878,2,2
261732,2,2
136888,2,2
367354,0,0
345206,1,1
133613,0,2
51328,0,1
135128,2,2
5267,2,2
6622,0,2
348377,1,0
341478,1,1
241717,2,2
53282,2,2
64685,2,1
33919,1,0
71454,0,2
305887,0,2
405440,0,0
26601,2,2
374505,0,0
175139,0,2
121143,1,1
246176,2,2
389562,1,1
281123,2,2
339677,2,2
309763,1,1
44373,1,1
174988,2,2
109708,1,1
324354,0,2
139567,2,2
308945,1,1
309727,1,1
292240,0,1
354105,0,2
26607,2,2
61126,1,1
144036,0,1
153647,1,1
390129,2,2
328873,0,2
224238,2,2
266139,2,2
378110,2,0
338801,2,2
203836,0,2
49080,1,1
173992,0,2
332128,2,2
114959,0,2
392432,0,2
85252,2,2
153017,0,0
163707,0,0
232573,2,1
313314,2,2
3822,1,1
61774,0,1
23477,0,0
34315,0,0
141300,2,1
214477,0,1
281055,2,2
97943,0,0
307826,0,0
38693,0,0
27814,2,1
254710,0,2
305242,2,2
216101,2,2
64262,0,2
85719,2,2
335403,0,2
104268,2,2
331595,1,1
276321,2,2
176411,0,0
24138,2,2
256835,0,0
303904,2,2
98807,0,0
177506,0,0
273716,2,2
241228,1,1
230471,2,1
311098,2,0
104670,2,2
350362,0,1
209988,2,2
260038,2,2
118283,0,0
400326,0,2
110033,2,2
370355,1,1
151361,0,1
83023,0,0
186245,2,2
242436,0,2
148476,2,2
171807,1,1
193361,1,1
81365,0,2
406022,0,0
364527,0,2
285778,1,1
81617,2,2
175734,2,1
345902,1,1
342588,2,1
19656,2,1
145820,2,2
162517,0,0
404703,0,1
181268,2,2
197492,2,2
101305,0,1
226844,0,1
120209,2,2
291739,0,2
16774,0,0
21589,1,1
112482,2,2
12828,2,2
24372,2,2
354523,2,2
355717,0,2
159812,2,2
158617,2,2
105365,2,2
376240,2,2
122343,0,2
199812,2,1
61736,2,2
261321,0,1
230036,0,2
345311,2,2
376607,2,2
354740,2,2
55930,2,2
48833,2,2
374065,1,1
26151,2,1
191542,2,2
299242,2,2
380935,2,2
314372,1,1
103304,2,1
372479,0,2
28128,2,2
304993,0,0
201628,2,2
119275,2,2
357755,0,0
296728,2,2
106006,2,2
205643,1,1
241609,2,1
385288,2,2
402121,0,0
154977,0,0
229755,0,0
73005,2,2
370075,0,2
199878,0,2
179118,2,0
386273,2,2
236701,0,2
321528,0,0
212705,2,2
354880,0,1
34078,0,0
377547,0,1
20086,2,2
216813,2,2
225418,1,1
24843,0,2
72163,0,0
239396,2,2
109455,1,1
144426,2,2
383172,2,2
165733,2,2
337437,2,2
132361,2,2
223143,0,0
279982,2,0
39934,2,2
182882,0,1
18911,2,2
165785,1,0
339539,1,1
387716,2,2
82199,0,2
195374,2,2
232938,2,2
175768,2,2
299807,2,2
53850,1,1
95761,0,0
267096,2,2
124749,2,2
72775,0,1
243542,1,1
59387,2,2
25868,2,0
305264,2,2
240034,2,2
242906,0,0
156977,2,1
370220,0,0
269300,1,1
126910,2,2
257406,2,2
207457,0,0
286141,1,1
160659,1,1
3851,2,2
380,2,2
311779,2,2
109009,2,2
271750,1,2
28510,2,2
247476,0,2
68364,1,1
13507,2,2
363126,2,1
298105,2,2
294148,2,2
198154,1,1
30184,0,2
274694,2,2
69201,1,2
380618,0,1
174505,0,1
18974,2,2
75312,2,2
302541,2,2
280690,1,1
208091,2,1
389062,2,1
293663,2,2
200024,2,2
178482,1,1
9746,0,2
61915,2,2
12124,2,2
199938,2,2
123862,1,1
63099,2,2
52904,2,2
335475,0,0
123506,2,2
371390,2,2
61380,0,0
235984,2,2
333096,0,2
44792,2,2
91286,2,1
174831,0,2
90053,0,2
173391,0,1
146433,1,1
400261,2,2
210208,1,1
43156,2,2
318902,2,2
49947,2,2
240,0,2
148152,0,2
40847,0,2
243053,1,1
341164,0,2
138836,0,0
174155,0,1
224488,1,1
351499,2,2
300605,1,1
268903,2,0
35877,0,2
17257,2,2
53773,2,2
88405,2,2
272201,1,1
85695,0,2
403280,2,2
43053,2,2
149166,2,2
122370,0,1
54430,0,1
219025,2,1
172147,2,2
14697,2,2
119346,1,1
164289,2,2
74822,1,1
111052,2,2
401994,0,1
53992,1,1
354894,2,2
26965,0,2
357972,2,1
364852,0,1
46827,2,0
210657,0,2
265743,2,2
155275,2,0
195041,2,2
404332,0,1
98829,0,0
59680,2,2
68731,0,2
32471,2,2
241988,2,1
52944,0,2
387595,1,2
162064,2,2
9109,0,2
146963,0,1
226674,1,1
338795,2,1
390195,2,2
163045,2,2
373474,2,2
315146,2,2
256106,0,2
60464,2,1
253579,2,0
122049,0,2
213135,0,1
179048,0,1
141653,1,1
281433,0,0
185225,2,2
359608,2,2
128118,2,0
95409,2,2
32997,1,1
81691,0,2
211880,2,1
130670,0,1
28070,0,0
78610,0,0
87066,2,2
157917,0,2
4133,2,2
372775,0,0
219050,2,2
17328,2,2
344444,2,2
75634,0,2
73267,2,2
203917,2,2
66491,0,0
170259,2,1
306422,2,2
89928,1,1
91245,0,1
2201,0,1
216315,0,1
26982,1,1
112279,2,2
30043,0,0
159324,0,2
175384,2,1
372594,2,2
367125,2,2
384216,0,2
396619,0,1
191547,2,2
285959,1,1
379414,0,0
258806,2,2
29100,2,2
257855,2,2
381727,2,1
190330,2,2
146624,1,1
289462,1,1
6346,2,2
34762,0,0
243254,0,0
350234,0,2
393027,0,2
61331,0,0
40798,2,2
349317,1,1
272534,0,2
194207,0,0
14374,0,0
352238,2,2
375245,0,1
217089,1,1
224662,2,2
83560,0,0
3594,1,1
86824,2,2
233027,0,2
122755,0,2
168897,2,2
80844,2,2
63964,0,0
219086,1,1
275334,1,1
312876,0,0
354219,2,2
260123,2,2
381871,2,2
401065,2,0
141445,2,0
319497,2,2
157684,2,2
106930,0,1
343576,2,2
201558,2,1
362270,0,1
61619,0,2
220790,2,0
44925,2,1
331295,2,1
81918,0,0
263635,2,2
110798,2,2
348794,0,1
37735,2,2
180909,0,0
246293,1,0
352354,2,2
171273,0,0
256268,0,2
171245,1,1
377678,2,2
126427,2,2
378523,0,1
275734,1,1
309223,0,1
51263,2,2
394461,0,1
15596,2,1
328580,0,1
60051,0,0
93211,2,1
255424,0,2
390351,0,2
109374,0,2
339438,2,0
109119,0,1
45527,0,0
39278,2,2
364799,2,2
328345,2,2
47662,1,1
329386,1,1
303844,2,2
258780,0,0
143154,2,2
175158,0,0
359928,0,0
213498,1,1
335851,2,2
345123,2,2
339956,1,1
6900,1,1
175294,0,0
159080,2,2
145054,1,1
116519,2,2
361971,0,2
27003,2,2
85324,2,2
105614,0,2
61276,0,2
338992,1,0
357283,1,1
246953,2,2
316553,2,1
96246,0,1
207905,0,2
11948,2,2
185446,1,1
75899,1,1
8929,0,1
290323,0,2
82224,2,2
142675,2,2
301883,2,2
161588,2,0
227705,0,1
319672,1,1
213324,2,2
360127,2,2
173925,0,0
392764,2,2
197047,2,2
74649,2,1
355176,2,1
59494,1,1
129429,2,2
182157,0,2
371542,0,2
296171,2,2
303825,0,2
16889,0,1
273886,0,2
72346,2,2
293863,1,1
25051,0,0
346269,2,2
169923,2,2
55167,0,1
140509,0,2
384952,0,0
210389,1,1
107730,2,2
198062,2,2
9434,2,2
88636,2,2
178018,1,1
205442,0,2
315430,0,0
381568,1,1
141536,1,1
220802,1,1
105441,2,2
82867,2,1
373584,2,1
234044,0,2
270733,2,2
13755,2,1
159162,2,2
337448,2,1
203000,1,1
361260,0,1
320028,2,2
403049,2,2
272422,2,2
359332,0,2
9472,2,2
150963,0,1
339624,2,2
5743,2,1
266222,0,0
98283,2,2
211424,1,1
375973,1,1
29938,0,0
205910,0,1
69044,1,1
351886,0,0
345825,1,1
378769,0,0
217703,0,0
123810,0,1
284302,0,1
89701,0,0
141724,2,1
136097,2,2
219324,0,1
70087,1,1
53600,2,2
56360,1,1
325514,2,2
356355,2,2
353223,2,2
44010,1,1
280838,0,2
326000,0,2
211871,1,1
125337,1,1
359231,2,2
203208,2,2
255799,2,2
150267,1,1
193250,1,1
374588,0,2
395434,2,2
258881,2,2
330229,1,1
78898,2,2
330988,0,2
72345,1,1
143664,0,0
213737,2,2
404459,2,2
105467,0,2
61163,2,2
67038,0,2
164753,0,2
25587,0,1
363605,0,1
253533,2,2
372614,0,1
375083,0,1
345258,2,2
311240,2,2
331205,2,2
273325,2,2
341504,2,2
143775,2,2
93645,2,2
149759,1,1
314243,0,1
179989,0,2
361089,2,2
274531,2,1
81498,2,2
297418,0,0
119832,2,2
47300,2,2
213966,0,0
377110,2,1
228938,2,2
64628,1,2
61983,0,1
77617,0,2
174498,0,2
71355,2,2
233317,1,1
89775,0,2
312803,0,1
215480,2,2
199563,0,2
207171,0,0
228893,1,1
158783,0,0
79923,0,2
326338,2,2
402443,2,1
42055,0,1
52640,1,1
15491,1,1
374522,0,0
219076,2,2
66497,0,0
404034,0,2
220137,0,2
167745,0,2
383031,2,2
351503,2,2
249272,2,1
58349,2,2
48580,1,1
184268,2,2
128158,2,2
217916,0,0
197709,0,0
178722,0,2
24335,2,2
366676,0,1
65221,2,2
272715,0,2
3868,0,0
179142,1,1
239593,0,0
346774,1,1
254904,1,1
286884,2,2
213666,2,2
65756,0,1
360008,2,2
21410,2,2
350962,0,2
330091,2,2
97598,2,2
311573,1,1
214814,2,2
346247,2,0
343211,0,0
399401,2,1
188959,0,2
171999,2,1
385702,2,2
176080,2,2
61024,1,1
399399,0,0
157286,1,1
380011,2,2
189824,2,2
332679,2,2
203369,2,2
357113,2,2
164596,0,1
296332,0,2
85113,0,1
252286,0,1
304827,0,1
263531,0,2
147798,2,2
283944,0,2
312380,0,2
181764,1,1
169129,1,1
96406,2,2
224723,2,2
155392,2,2
272199,2,2
286764,2,1
297705,1,1
137918,2,2
270685,1,1
211349,0,0
128246,0,2
181881,0,1
23356,0,0
36145,2,2
283817,1,1
28045,1,1
98341,0,0
300942,0,1
61520,0,2
174833,2,2
339352,2,1
192760,2,2
337749,2,2
389303,0,1
246044,0,0
49441,2,0
201792,0,1
343462,2,2
224532,1,1
254924,2,2
226590,1,1
103075,2,0
220717,2,1
180422,0,2
128776,1,1
19657,0,2
127502,1,2
88774,1,1
310589,2,2
9881,2,1
98506,2,2
230340,1,1
212735,0,2
365724,2,2
117338,2,1
194205,1,1
382711,2,0
76914,0,0
165690,2,2
373660,1,1
114739,0,1
236888,2,2
352032,2,2
32051,2,1
238404,2,2
73247,2,2
28512,1,1
241710,2,2
53016,2,0
367790,2,2
276005,0,1
338025,1,1
65367,0,1
145083,0,0
293413,2,2
121076,2,2
309026,1,1
83549,0,1
31577,2,2
228672,1,1
221358,2,2
335368,0,0
46478,0,2
333575,0,2
272212,0,0
241549,2,2
99763,2,2
34802,2,1
24351,2,2
39913,0,0
350607,0,0
10314,2,2
194557,2,1
143816,0,0
219520,2,2
101960,2,2
23930,2,2
389735,2,1
340696,0,2
21635,0,2
155449,0,1
53186,2,2
324526,2,2
388305,2,1
63257,0,1
125406,1,1
194455,2,1
153718,0,2
335398,0,2
363240,0,2
401858,1,1
172859,2,2
2834,0,2
255352,2,2
369089,2,2
368547,2,2
167183,2,2
323936,2,2
167089,0,0
234684,0,1
158185,2,2
203167,1,1
227719,1,1
168254,1,1
233489,2,2
285833,2,2
338945,1,1
326403,0,1
184831,0,2
119647,0,1
261587,1,1
390704,2,2
93760,0,0
163743,2,2
205838,0,1
191592,2,1
242811,2,2
201062,1,1
393127,1,1
60621,0,0
344053,0,2
11773,0,0
363917,2,1
151589,0,1
136917,2,2
73817,0,2
339684,0,2
76108,2,2
319802,2,2
295394,0,2
185597,0,0
116296,1,1
180531,1,1
298422,0,2
31741,2,2
319885,0,1
375381,0,2
273480,2,2
215403,0,1
124620,0,1
351704,2,2
143864,1,1
146496,2,1
89927,2,2
327361,1,1
51963,1,1
140371,2,2
169070,0,1
298183,2,1
262843,0,1
24198,2,2
110241,1,1
134408,2,2
29028,2,2
1328,2,2
80415,2,2
340654,2,1
209184,2,2
130564,2,0
214813,1,0
371829,0,1
206335,0,0
403666,2,2
158987,1,1
238221,0,1
296951,0,2
300972,2,1
155849,2,2
278805,2,2
92024,0,1
142465,2,2
369258,1,1
344855,1,1
141553,1,1
301876,0,2
164974,2,2
382377,0,2
271445,0,0
11927,0,1
98254,2,2
105316,0,0
128559,1,1
146893,2,2
377741,2,2
341142,1,1
208461,0,2
276322,0,2
48850,2,2
200535,2,2
314567,2,2
173895,0,2
258410,1,1
223011,0,0
102346,2,2
218572,0,0
53342,0,0
48503,0,0
38917,2,2
125340,0,0
108474,2,1
218393,0,0
232524,0,1
306267,0,2
224013,2,2
229829,2,2
355696,0,1
350142,2,2
100156,0,2
363962,0,2
66853,2,2
92065,2,1
191336,2,2
378174,0,2
308931,0,1
403711,0,1
399540,0,2
151454,0,1
263192,2,2
226602,0,1
318142,2,1
350770,2,2
192157,1,1
299428,2,2
354020,1,1
125124,1,1
212284,0,1
262311,2,2
140717,2,2
405514,2,2
250256,0,0
316790,0,2
83951,0,0
131597,2,2
120437,2,2
35893,2,2
86543,2,2
321646,0,2
217723,1,1
110967,0,0
357551,0,0
297962,2,0
184424,0,1
156597,0,0
102212,0,0
170719,0,1
249202,2,2
128236,0,2
296969,2,2
191728,2,2
2055,2,2
22819,2,2
185079,2,2
181823,0,1
15753,2,1
131829,0,2
87115,2,2
77171,0,2
163893,0,0
369175,0,0
9747,0,2
199111,0,2
38009,0,2
357640,2,2
312974,0,1
127642,2,2
168399,1,1
123653,0,1
404496,0,0
129326,2,2
246810,0,0
126950,0,0
11148,1,1
68161,2,1
189248,2,2
346639,2,1
324675,2,2
130321,0,2
284869,0,1
318269,0,2
322391,0,1
99263,0,0
87241,0,0
252855,2,2
200312,2,2
84571,0,1
8301,1,1
139590,2,1
120665,2,2
111485,1,0
118860,0,2
143138,0,0
401400,1,1
48928,2,2
160396,1,1
279375,0,0
257366,1,1
337488,0,0
281996,0,0
157448,2,2
365332,1,1
233560,2,2
140755,0,0
217232,1,1
166400,1,1
337178,2,2
207440,2,2
311657,2,2
162589,0,2
220443,0,1
19002,1,1
325930,0,0
272306,1,1
20481,0,1
52127,0,0
52558,1,1
293824,2,0
12138,2,2
180379,2,0
174734,0,1
37860,2,2
161838,2,1
382641,0,1
129188,2,1
54115,2,2
197043,0,1
124783,2,1
332918,2,2
237155,0,2
251531,1,1
290673,0,2
53846,2,2
380941,1,1
372776,2,2
250694,2,1
38767,0,0
304833,0,2
153965,1,2
382939,2,2
250408,2,2
57020,2,2
138450,0,2
384610,2,0
369956,1,1
138440,0,0
48382,2,2
404704,2,2
375302,0,1
277198,1,1
253268,0,0
126824,0,2
299346,0,0
143473,1,1
147772,2,2
61912,2,2
202846,0,2
224959,0,2
250959,1,1
84180,2,1
98487,2,2
112612,2,2
159438,2,2
326131,0,1
238984,2,2
290508,0,2
219147,0,1
232559,2,2
378024,2,2
246081,2,2
385184,2,2
224077,0,2
62319,0,2
39724,2,2
110123,2,2
245543,0,2
164776,2,2
389707,2,1
200597,0,0
365445,2,2
203652,2,2
280990,2,2
70479,0,2
278682,1,1
308983,0,1
38990,0,2
86933,2,2
200037,2,2
241111,0,1
55619,0,1
363268,2,2
259269,0,2
12068,2,2
237386,1,1
93524,2,2
271794,2,2
96721,0,1
192415,0,2
196473,0,2
298842,1,0
396686,0,1
300191,2,2
191578,0,1
352145,2,2
342762,1,1
67694,0,2
159936,1,1
383020,2,2
27088,0,2
173914,1,1
86340,2,0
266703,0,0
195616,2,2
327155,2,2
272961,0,2
175059,2,2
368453,1,1
220664,2,1
202508,0,0
244589,0,0
55926,2,2
318878,2,1
334485,2,2
282816,2,2
186239,1,1
351045,0,2
49180,0,2
46107,2,2
51690,1,1
272461,1,1
355527,2,2
149140,1,1
158933,2,2
182265,2,1
61080,0,0
378214,1,1
246189,2,2
237318,1,1
81279,2,1
16475,2,1
55332,1,0
126683,1,1
121573,2,2
249930,0,2
110475,2,2
382698,2,2
386049,0,0
363302,2,2
335883,0,2
312815,2,1
146270,2,1
368072,1,1
324770,2,1
49716,0,1
382136,2,2
68418,2,2
305636,1,2
29187,2,1
266147,2,1
36173,0,2
290210,2,2
123849,0,2
283046,0,2
97738,0,0
163625,0,2
141878,2,1
307412,1,1
171887,0,2
344934,0,1
60310,0,2
160570,2,1
15831,2,2
320524,0,0
112556,2,1
386225,2,2
322115,0,2
171648,2,1
200369,2,2
81714,0,2
352494,1,1
103332,2,2
260240,0,2
215889,2,2
21331,2,2
281496,0,0
45874,2,2
272505,0,2
237185,2,2
60954,2,1
182283,2,1
114428,2,1
311720,2,2
351567,2,2
368082,0,0
101837,1,0
80159,2,2
113183,0,0
175406,2,1
184656,0,1
242156,0,0
138587,0,0
43210,0,2
210340,2,2
166355,2,1
185385,0,0
162331,0,2
158435,0,2
225972,1,1
368527,0,2
47161,0,2
116777,0,0
50538,2,1
378180,1,1
18537,2,1
131184,2,2
100946,0,0
137556,2,0
59528,1,0
201567,1,2
164774,2,2
191478,1,0
367797,2,1
134434,1,1
281873,2,2
326049,2,2
48455,2,2
286393,2,2
166886,2,1
184359,0,2
107325,1,0
271807,2,1
30376,1,0
134902,1,1
226193,2,2
251344,2,2
273502,0,2
141859,1,1
130681,2,2
58297,0,2
33668,0,2
133277,2,1
311988,1,1
200778,2,2
134984,1,1
70801,0,0
257426,0,2
242731,2,0
155342,2,2
44118,2,1
339364,0,1
271088,2,0
188523,2,2
164612,0,0
101594,1,1
150486,0,2
146674,0,1
216284,2,2
89952,2,2
137152,1,1
337191,1,1
165590,1,1
79424,2,2
86441,0,0
273642,2,2
186149,0,1
335020,2,2
257027,0,2
261324,0,1
34167,0,0
370974,1,1
225052,0,2
203288,0,0
185695,0,1
14509,2,2
395741,1,1
299565,0,0
309694,0,2
247870,0,0
77071,2,2
109354,0,1
264476,2,2
14817,2,1
326322,2,2
48864,1,1
288942,2,2
198343,0,0
13146,1,1
133478,0,2
205420,0,2
76830,1,1
348366,0,0
206012,0,0
82344,2,1
45973,1,1
259684,1,2
101401,2,2
39732,0,1
356808,2,1
194667,1,1
380976,2,2
358032,0,2
368451,0,1
354578,0,1
141868,2,2
111558,1,1
388181,2,2
250123,2,2
71743,0,1
204936,0,2
326816,0,0
24181,2,2
95323,2,2
392440,2,1
208631,2,2
97669,0,1
204773,0,2
379124,0,2
340374,2,2
364954,0,0
78617,2,0
373768,0,0
121636,1,1
328755,0,2
335141,0,1
122186,2,2
74747,1,1
301994,2,0
64619,2,2
42452,0,1
341790,0,1
25026,2,1
196558,2,1
117497,2,2
275960,2,2
42897,2,2
374667,2,0
212788,2,1
126477,0,2
161028,0,1
391883,1,1
24881,0,2
372154,0,1
47682,2,2
316066,2,2
245022,0,2
394974,2,2
297812,2,2
259108,0,0
323262,1,1
21619,2,0
42454,0,0
71978,2,2
73302,2,2
348485,1,1
31875,1,1
387189,2,2
372803,1,1
53811,2,2
362419,2,2
156301,1,2
316453,2,1
147981,0,0
32942,1,1
120878,2,2
208106,2,2
384728,2,0
6647,0,0
269327,2,1
258488,2,2
345610,2,2
142216,2,1
160230,0,2
402801,1,1
55938,2,2
232013,0,1
91696,0,2
163016,1,1
247562,0,2
177352,0,2
90239,1,1
55434,2,2
310804,0,0
81417,2,1
257815,0,0
241137,2,2
289264,0,0
127494,2,2
34464,0,2
168368,2,2
86948,2,2
94539,2,2
217008,0,0
121380,0,1
46585,0,0
124072,2,2
219221,2,2
346023,0,1
294505,2,2
60956,0,2
41418,0,0
261972,2,2
387679,1,1
5187,0,2
116658,2,0
108027,0,2
299387,0,0
201296,2,1
400234,2,2
99668,1,1
116320,2,2
70451,0,2
220960,2,2
318960,2,2
196201,2,2
113988,2,2
124681,2,2
81598,0,0
175407,0,0
158431,2,2
22885,0,2
125835,1,2
25799,2,2
233584,2,1
94186,0,2
215486,0,2
122618,2,2
154514,2,2
3924,2,1
206256,0,0
189654,1,1
81286,0,0
153845,0,2
368890,1,1
134712,2,1
219932,0,0
386658,0,1
246404,0,1
45151,0,1
347521,2,2
375403,0,2
136737,0,0
300437,2,0
217902,2,2
239519,2,2
23105,1,1
144710,2,2
245622,2,2
151729,1,1
361106,0,1
338177,1,1
31143,0,2
26352,2,2
365285,2,2
75974,0,2
377665,2,2
290709,0,1
215438,0,0
384485,2,2
340381,0,1
370150,2,1
310715,2,2
170182,2,2
327034,2,2
274743,2,2
27866,0,2
349096,2,2
234848,2,1
259965,1,1
330835,1,1
41437,2,2
179619,1,1
292593,2,2
234735,2,2
303857,0,2
339857,1,1
306483,2,2
404480,0,2
187536,2,2
82853,2,2
86775,1,1
130089,0,0
191424,0,2
22894,0,0
218926,1,1
184298,2,1
115680,2,2
22897,0,2
378230,0,1
233789,0,0
120416,2,2
330205,1,1
254754,2,2
25264,0,0
294970,2,2
311250,1,1
313195,0,2
108052,2,2
267609,2,2
89749,1,1
386988,0,2
60296,0,2
110384,0,2
345909,0,2
9369,1,1
207521,2,1
279846,0,2
305355,1,1
250448,2,2
74133,0,2
8852,0,0
59240,0,0
299057,0,2
77598,1,1
356846,0,2
165715,0,1
165077,2,2
378829,2,2
20736,2,2
400502,0,0
326035,2,2
375260,0,2
295238,0,0
251555,2,2
24270,2,1
200668,0,2
194784,0,1
370288,1,1
346178,0,0
143759,2,0
129605,2,2
116582,2,2
263203,2,2
199861,0,2
195629,2,2
149046,2,1
285771,0,2
246774,0,1
257906,2,2
331367,0,0
112665,2,2
134592,2,1
401257,0,0
153271,1,1
214288,0,0
372638,0,1
196949,2,2
78537,2,2
99824,2,1
133620,2,2
16759,1,1
303944,2,2
344602,0,1
143432,2,2
66519,2,2
337425,2,2
52113,2,2
234985,0,2
94008,2,2
319148,0,2
324674,0,0
347026,2,2
241312,2,2
244546,0,0
317072,0,1
371382,1,1
14624,2,2
144439,2,2
217963,1,1
58700,2,1
35752,2,2
276845,1,1
122875,0,0
20938,2,1
293010,0,2
247157,0,2
196763,0,0
403108,2,2
375158,2,2
19616,2,2
64031,0,2
80994,2,2
209885,1,1
137208,2,2
44790,2,1
261310,0,2
113877,2,2
397227,2,2
140543,0,2
77299,2,2
43731,0,2
273478,0,2
344999,0,0
342061,1,1
80325,0,0
341812,0,2
295832,2,2
121073,2,2
36912,2,2
101238,0,2
350912,0,0
102521,2,1
87424,0,1
359843,0,2
152163,2,1
12825,1,1
245801,2,2
255419,2,2
170922,2,2
42553,0,0
328263,2,2
217137,0,0
368325,2,2
293682,1,1
289083,1,1
225889,2,2
139229,2,1
164973,0,2
121616,0,0
363786,0,0
39052,0,2
74646,0,1
329872,0,0
123775,0,1
367645,2,2
82614,2,2
213608,2,2
289699,2,0
34103,0,2
46439,2,2
204233,0,0
211770,2,2
295551,2,2
164600,2,0
333107,2,2
255285,2,2
170475,2,2
155279,2,2
239828,2,1
10318,2,2
405875,0,1
373613,0,2
159642,0,2
23288,0,1
222282,0,2
405305,2,2
388112,1,0
145336,2,2
100324,2,2
26700,0,2
384514,2,1
13191,1,0
205294,0,1
217835,0,1
200050,2,2
314176,0,1
196852,2,2
350156,2,2
84954,0,1
66823,0,1
7942,0,0
386968,2,1
66218,2,1
179392,2,2
377883,0,0
327566,2,2
109292,1,1
26480,0,1
254280,0,0
126298,2,2
20881,2,2
38538,2,2
51833,2,2
98377,1,1
301684,2,2
377937,2,2
355984,1,1
209076,2,0
255772,2,2
273163,0,1
181248,2,2
33115,0,2
285884,2,2
249609,0,2
60294,2,2
323400,2,1
352433,0,1
395969,0,2
245487,1,1
37818,0,1
334358,2,2
306484,0,0
158929,0,0
275836,1,1
265778,2,2
155593,0,0
173073,2,2
189559,1,1
405013,0,1
242695,0,2
18686,0,2
266088,0,1
95093,2,2
348741,2,1
324782,0,1
327089,2,2
149663,2,1
124566,2,2
302261,2,2
192207,2,2
339607,2,2
34300,2,2
220402,2,2
253923,0,2
311421,0,1
358400,0,2
33528,1,1
275782,1,1
246872,0,1
371757,2,2
203593,2,2
396126,0,0
155912,2,2
135014,0,1
358271,0,0
120531,2,2
393480,2,2
305739,0,2
332386,1,1
114280,2,2
275234,2,2
271589,1,1
294959,1,1
238003,0,0
227807,0,1
122977,2,2
283145,2,2
94497,2,2
254795,0,2
341262,2,2
132527,0,0
291593,0,2
157112,2,2
40384,0,0
121107,2,1
262753,0,2
384448,0,2
261063,0,2
110084,0,2
58847,2,1
122083,2,2
122417,0,2
363483,0,0
148570,2,2
152899,1,1
44593,0,0
351761,2,2
141037,0,2
99770,2,1
365150,2,0
200497,2,2
48423,2,1
85423,0,2
403242,2,2
240965,2,2
373909,2,2
154423,1,1
82848,2,1
257843,2,2
330881,0,1
261921,2,2
169315,2,2
5472,0,1
382294,2,2
370850,1,1
343901,2,0
144032,2,2
85615,2,2
305326,0,2
48817,2,2
330378,0,2
243877,2,2
70941,2,2
289466,2,2
35442,2,1
42680,0,0
377782,1,1
27573,0,1
202397,2,1
69796,2,2
66006,2,2
118768,0,0
360810,1,2
263587,0,0
245558,0,0
401024,1,1
172314,2,2
72042,2,2
121097,2,0
125569,2,2
205389,0,2
218036,2,0
176579,2,2
262173,2,1
108475,0,1
330875,2,1
49752,1,1
223023,1,1
404957,2,1
178897,0,2
193143,1,1
326626,2,2
188558,2,2
33408,0,0
382155,1,1
78453,2,2
202629,2,2
29211,1,1
14617,2,2
231560,2,2
49810,0,2
168670,1,1
85296,2,1
160503,2,1
390985,1,1
35264,0,0
116245,2,2
77944,2,2
343622,2,2
125103,2,2
401653,2,0
384982,1,1
200619,2,2
377769,0,0
405230,0,1
299594,1,1
404118,0,0
234681,2,1
342748,0,0
24819,2,2
78992,2,1
181142,2,1
64232,1,1
74203,0,2
401572,2,2
377725,2,2
54691,0,1
81323,2,2
21384,0,2
4131,2,1
380245,2,1
30373,1,1
35568,2,2
280585,2,2
49774,0,2
68627,1,1
218585,1,2
12194,1,1
23367,2,2
291087,1,1
321061,2,2
167556,2,2
74661,2,2
151387,2,2
389234,0,2
175719,2,2
84381,2,1
307943,1,1
84596,0,1
179476,2,1
28385,2,2
40764,0,2
37955,0,0
21711,0,2
11091,2,2
331106,2,2
132929,2,2
178790,2,1
306599,1,1
219423,0,0
105561,2,2
258108,2,1
370277,0,1
137471,2,2
300793,2,2
290369,0,0
317855,0,0
316979,0,1
272312,0,0
370984,2,2
44602,2,2
4877,1,0
142172,1,1
384027,2,1
348582,0,0
257019,2,2
102970,2,1
68655,2,2
294183,0,2
374492,2,2
96147,1,1
38423,2,2
241553,0,2
132825,0,2
1567,2,2
244807,2,2
65253,0,1
90275,0,1
148704,0,0
2503,2,2
279019,0,2
356012,0,2
103807,2,2
55721,0,0
253010,2,2
10950,0,2
110487,2,2
174373,2,1
221878,1,1
217651,0,1
256647,1,1
20138,2,2
326263,0,2
148487,0,0
331056,2,2
354167,2,1
329404,0,1
283210,2,2
40428,2,2
371236,0,1
56243,0,2
177272,2,2
293992,2,2
319249,0,1
403373,2,2
290054,2,0
108225,0,2
378048,1,1
338697,0,2
95927,1,1
330644,2,2
65273,2,2
158546,2,2
205836,2,2
213793,2,2
14692,2,2
403094,2,2
323437,0,2
272953,1,1
59331,0,0
313235,0,0
331350,0,0
313188,0,2
319138,1,1
397901,1,1
11567,0,0
43481,2,1
160067,1,1
72366,0,2
77796,2,1
22233,1,1
324630,0,0
384692,0,2
290259,2,0
66766,0,0
131375,0,2
5543,1,2
81494,0,0
261541,2,2
358567,2,2
382347,1,1
3476,0,1
126890,1,1
33412,2,2
187666,1,1
199510,2,2
399588,2,2
137104,2,2
287714,1,2
140172,0,1
44076,0,2
273560,1,1
252027,0,0
126573,0,1
207339,2,2
216350,0,2
286890,0,2
319287,2,2
49793,2,1
52008,2,2
396101,2,2
298146,2,2
359044,0,0
91470,2,1
268214,2,2
310930,2,2
213293,2,2
273892,0,1
169379,0,1
137534,2,0
59521,1,1
319537,0,2
360360,2,2
320013,2,1
142611,0,0
310103,1,1
196267,0,2
65899,1,1
265958,0,0
150148,0,1
26685,1,1
349608,0,0
258454,0,1
113500,1,1
286680,0,0
13084,2,2
119847,2,2
374302,0,2
327085,2,1
64737,0,0
56303,0,2
378831,0,1
376270,0,1
86213,2,2
38660,2,2
219003,1,1
261390,1,1
21234,2,2
359938,2,2
92709,0,1
274460,0,0
380029,2,2
190756,2,2
9112,1,1
344312,2,1
398429,0,1
173827,2,2
31126,0,2
283895,0,0
247017,1,1
193284,0,0
201275,1,1
94449,2,2
199815,0,2
196251,2,2
78458,2,2
360566,1,1
55152,0,0
194257,2,2
119714,1,2
249188,0,0
330765,1,1
347044,0,0
73179,1,1
235176,2,2
268238,0,2
383618,1,1
93368,2,2
373088,0,2
369236,0,2
261424,0,0
319082,2,2
69720,2,2
309601,0,1
193736,0,2
353611,2,2
58247,2,2
200867,2,2
19982,0,0
339369,1,1
305992,0,0
67651,2,1
129572,2,2
123708,2,2
25592,0,0
402807,0,1
156624,0,0
382874,2,2
137049,2,1
310339,1,1
256777,0,0
193543,2,2
229507,0,0
161859,2,1
12947,2,2
17149,1,1
405502,2,2
101778,2,2
62509,2,2
15358,2,2
198019,0,0
45236,0,2
307672,2,2
361874,1,1
282392,1,1
292449,2,2
31756,0,2
221083,1,1
312914,2,2
236765,2,0
370388,2,2
243371,1,1
292256,0,0
51647,2,2
95224,2,1
145241,2,2
177158,2,2
11008,1,1
1268,2,2
358144,0,1
25542,2,2
27960,2,2
75177,0,2
174491,2,1
119954,2,2
391910,1,1
70145,0,2
278913,0,2
239121,0,0
385778,0,0
366162,2,2
270351,2,2
313976,2,2
142054,0,0
151868,2,2
113002,0,2
64889,0,0
192590,0,2
204024,2,0
14688,0,0
293376,2,0
181566,0,2
150697,0,0
323354,2,1
1751,1,2
311996,0,0
68500,2,2
102447,2,2
162879,0,2
15756,0,1
50462,2,2
146078,2,0
386230,1,1
15514,0,2
23016,1,1
80030,2,2
127405,0,0
382319,1,1
118730,2,2
173288,2,2
380875,0,0
155885,2,2
189774,0,1
40202,2,2
403598,1,1
327399,1,1
65106,0,0
333164,0,1
348411,2,2
63941,2,2
298995,1,1
261408,2,2
379285,2,2
40047,2,2
336449,0,2
46728,0,2
319407,2,0
111709,2,0
379647,2,2
256763,1,0
149772,2,2
133564,2,1
47169,0,1
59406,0,1
263405,1,1
235895,2,2
227424,2,1
11444,2,2
126744,2,2
105321,1,1
241183,2,2
361517,2,1
179383,2,2
343975,1,1
54409,1,1
75078,0,2
13586,0,0
143985,0,0
79294,0,1
269644,0,2
40754,0,2
154653,2,1
108185,0,2
299635,1,1
261615,1,1
396436,2,2
378505,2,2
86880,2,1
117201,0,2
82488,2,1
370565,2,2
390100,2,2
217358,1,1
85760,1,2
176537,2,2
12564,0,1
357714,2,0
357053,2,2
110717,2,2
280614,2,2
309266,1,1
237679,2,2
202606,2,2
161994,0,0
33211,2,1
65781,1,1
333514,1,0
34075,0,0
160810,0,2
317304,0,1
254488,1,1
19730,2,2
370077,0,0
366955,1,1
363847,0,2
373978,2,2
57882,2,2
68862,1,1
71251,0,1
281240,1,1
722,0,0
319804,1,1
116489,0,2
356030,2,0
65082,0,2
278584,2,0
62017,2,2
160770,1,1
350520,0,2
396041,0,2
365396,2,2
402317,0,0
371178,0,2
207746,2,2
392178,1,1
119084,2,1
368019,2,2
111627,0,2
264063,2,2
361278,2,2
115505,2,1
126927,0,0
73612,2,2
163894,2,2
259462,1,1
181675,2,1
315679,0,2
159573,2,0
167156,1,1
143470,1,1
349692,0,2
251237,2,2
334726,0,1
369540,0,0
333209,0,2
56827,2,2
396173,2,2
351530,2,1
219328,2,2
369969,2,2
185668,0,2
349917,0,2
382265,0,2
179674,2,2
18278,2,0
319041,2,2
145476,1,1
165617,0,2
193596,2,2
276188,2,2
119630,0,0
91802,2,2
42434,2,2
351957,2,1
213958,0,2
215578,0,2
127190,0,1
246068,2,2
324868,0,1
197807,0,0
204757,2,2
311434,0,1
305964,2,2
308346,2,2
237772,0,1
36465,2,2
375716,2,2
349554,0,0
174009,2,2
272555,0,0
358245,2,1
41097,2,2
258298,2,2
12806,2,1
101898,2,2
156184,2,2
61103,2,1
19654,1,1
121745,2,1
282606,2,1
194162,0,2
102451,2,2
211750,2,2
359665,0,0
153141,1,1
249241,0,2
250568,2,2
389563,2,2
168360,2,2
341330,2,2
210105,2,2
326401,0,1
397618,2,1
90071,0,0
93690,2,1
51898,0,0
276263,1,1
258883,2,2
145143,0,0
221882,0,0
112997,2,2
96710,2,2
358209,2,2
9851,0,0
225269,2,2
9598,1,2
83482,2,0
265638,0,1
382053,2,2
250433,0,2
56826,0,2
333765,0,0
107462,0,1
313106,2,2
400607,0,0
99990,1,1
56083,2,2
52856,0,1
365212,2,2
299692,1,1
357853,2,1
296645,0,1
7018,0,2
126177,2,2
253871,2,2
148126,0,2
80667,0,2
168834,2,2
7514,0,2
142218,1,1
320515,0,0
70031,2,1
264019,2,2
51987,0,2
355867,2,2
160108,1,1
34917,2,1
335782,2,2
65057,0,1
80301,2,2
119611,2,2
85753,0,2
36054,2,2
378033,0,2
213986,2,2
231208,0,2
297466,2,2
123330,1,1
126887,2,1
271596,2,1
38346,1,1
397114,0,2
22873,0,2
29806,0,2
296763,2,2
81645,2,2
76332,2,2
21924,0,2
306572,0,2
377317,1,1
264590,0,1
95665,0,1
91378,2,0
132740,0,2
293566,0,0
248598,2,2
394946,2,2
150982,2,1
306013,0,0
10458,2,2
169402,0,0
301853,2,2
214059,2,2
154502,0,2
146933,0,1
265396,2,1
398663,0,1
342115,0,2
350768,2,1
90100,2,2
103989,1,1
320941,2,2
357237,0,0
237767,1,1
387522,2,2
100238,2,2
126473,2,2
80028,0,1
138381,1,1
107794,0,1
103051,2,2
138494,2,2
40951,2,2
29697,2,2
241005,0,2
52894,2,2
317665,2,2
173016,0,1
178274,2,2
38681,1,1
15958,0,1
308481,0,0
362522,0,0
344415,2,2
395117,0,1
285003,2,1
331392,0,0
32067,2,2
350645,1,1
384592,0,1
74591,2,2
115507,0,1
314892,0,1
103911,2,1
188130,2,1
60240,0,1
372119,0,0
307697,2,2
211678,2,2
83264,1,1
301316,0,2
358429,1,0
322708,0,0
178319,1,1
119785,0,2
244241,2,0
39142,0,2
203805,0,0
225415,2,2
218687,2,2
308229,1,1
193504,2,0
255867,1,2
16050,0,1
310602,2,2
355079,2,1
349048,2,2
243072,2,2
26876,0,2
247795,0,0
85256,2,2
54452,2,2
6358,2,2
18194,1,1
365900,2,2
148491,2,1
6872,0,2
346573,2,2
388040,0,0
379366,0,2
136890,2,2
253496,2,2
214263,0,0
193034,1,1
326912,2,1
333213,0,2
198552,1,1
41671,0,0
189812,1,1
92114,0,0
70201,0,2
154339,2,2
165842,1,1
383115,1,1
394531,1,1
65886,2,2
89627,0,2
170055,2,2
362938,1,1
323829,2,2
229313,0,2
54617,2,2
214614,2,2
53473,1,1
142639,2,2
315176,1,1
63771,2,2
160514,0,2
399492,2,1
393966,0,2
75117,2,2
61272,0,1
395770,2,2
26841,0,2
49876,2,2
363046,2,2
215316,0,2
230083,0,2
160638,1,1
100590,2,2
134655,2,2
377108,2,2
114530,2,2
145,1,1
186797,0,2
399536,0,2
40852,0,0
402442,0,2
318713,1,1
312829,0,2
288669,2,2
275504,2,2
274938,2,2
291792,0,2
126799,0,0
237314,2,2
230480,1,1
107328,0,0
318088,0,0
181276,0,2
273895,2,2
88190,1,1
34485,1,1
155854,0,0
23788,0,2
174604,2,1
56819,0,2
229566,1,1
174376,2,2
237237,0,1
347591,0,2
144352,1,1
163928,0,0
42081,0,0
392605,0,0
218715,0,0
177599,0,2
164785,2,2
225313,2,2
397675,1,1
303334,2,2
130205,0,2
214035,2,2
44861,0,0
82253,0,1
67270,0,0
239623,0,2
366064,1,1
234633,2,1
178506,0,2
263388,2,2
399580,0,0
120773,1,1
144713,0,2
179337,2,2
215611,2,2
16960,0,2
280649,0,1
392423,2,1
365666,1,1
131323,2,2
99261,2,2
47688,2,2
252976,0,1
138400,0,1
101919,0,1
109580,2,2
378978,2,2
18447,2,2
170098,1,1
200470,1,1
75013,2,1
192654,0,1
175092,0,1
268105,0,0
150561,1,1
139870,1,1
21476,2,2
44686,2,2
198065,2,1
246237,1,1
252332,2,2
364132,2,1
254209,0,0
41294,2,2
31081,2,2
343550,2,2
274437,2,2
156937,0,2
201871,2,2
72586,2,2
211641,2,2
291900,2,2
207676,1,1
188881,0,2
52872,0,2
77950,2,2
181774,2,2
141940,0,1
252839,1,1
262067,1,1
276561,0,0
364521,2,2
105976,1,1
227764,2,2
18334,0,1
333163,2,2
356453,0,2
228956,2,2
158353,0,1
118699,0,0
354102,2,2
289289,0,0
75871,0,2
404562,2,0
287808,2,2
357775,2,2
354260,0,2
296701,2,2
128025,2,2
235223,2,2
225222,1,1
268030,0,0
69140,0,0
178617,0,2
374349,2,2
6192,0,2
81458,2,2
198623,1,1
234148,2,2
322486,2,2
272857,0,2
80643,2,0
39926,2,1
283246,2,2
294835,0,2
51015,1,1
237525,0,0
128803,2,1
137501,2,2
180620,2,2
97,0,0
136426,1,1
46690,2,2
47939,2,2
99630,2,1
193515,2,2
109948,0,2
112989,1,2
165614,0,0
382734,2,2
300167,2,2
382042,1,1
123505,1,1
288281,2,2
34651,0,2
395800,1,1
247941,2,2
199648,2,2
265771,2,1
271334,1,1
398866,0,1
350373,2,2
174941,1,1
239577,2,2
325274,2,2
378392,0,2
281960,1,1
363598,1,1
184526,0,0
290812,2,1
164339,2,1
391017,2,2
287279,0,0
372374,0,1
195020,0,1
236814,0,2
294683,1,1
11140,2,2
220194,0,0
8138,0,2
182098,2,2
142169,2,1
243159,2,2
237532,0,1
305947,0,2
74097,2,1
156828,2,2
105130,2,2
84673,0,0
343648,0,1
46258,0,1
310995,1,1
68617,2,2
363664,0,2
213364,2,2
189690,0,0
396921,2,2
340579,1,1
371216,2,2
369766,0,2
199694,0,2
298125,0,2
169027,0,1
320678,2,1
115907,0,1
103708,1,1
62027,1,1
62374,2,2
52678,2,2
338902,1,1
7947,2,2
65482,0,0
344199,2,2
181784,2,2
223205,0,1
395349,2,1
332178,0,1
238473,2,2
20383,0,1
14637,1,1
240386,0,2
282942,0,2
258545,2,2
66971,2,2
34398,2,0
303341,0,0
26393,2,2
227298,0,2
254170,2,2
17485,2,2
32139,2,2
115607,2,2
151086,2,2
403825,2,2
207225,2,2
324994,2,2
152530,2,2
189904,2,2
234432,2,2
38381,2,2
288788,2,2
237217,1,1
179726,1,1
379115,2,2
117842,0,2
87240,2,2
102741,0,0
369165,1,0
152359,1,1
74771,0,1
236191,2,1
176626,2,2
405785,0,1
311953,0,0
4516,2,1
231759,0,0
168993,1,1
217065,0,0
380979,0,1
372395,1,1
371919,2,2
201851,0,2
150746,1,1
278099,2,2
323452,1,1
347812,2,2
126677,2,2
357359,2,2
56660,2,2
200900,2,2
43145,0,2
153351,0,2
191841,0,2
339790,0,1
193500,2,2
354107,0,1
353290,0,2
39048,2,2
104351,2,2
147883,0,1
28790,0,2
221138,2,2
160097,0,2
53803,2,2
368717,2,2
118357,1,1
24726,1,1
390212,2,2
310256,0,1
219709,0,1
261519,1,1
137921,2,2
87517,0,1
52537,1,1
342156,0,0
254467,0,0
257069,0,1
330483,0,1
221200,2,2
345844,0,1
258549,0,0
167690,2,1
156255,2,2
165361,0,0
26920,2,1
305595,2,2
270235,0,2
188385,0,0
375038,1,1
109560,0,1
229491,2,2
356506,2,1
174026,2,2
331994,0,0
152498,2,1
286702,2,2
136074,2,2
149674,2,1
268004,2,2
249782,0,0
176530,1,1
142486,0,0
142415,1,1
6523,2,2
104436,2,2
51150,0,0
312338,0,0
346399,2,2
297731,0,0
69307,0,2
245546,0,2
77204,1,1
159520,2,1
271496,1,1
24087,2,2
186087,1,1
284272,2,2
61544,0,0
404732,2,2
121959,0,0
5608,2,2
401239,2,2
207317,0,0
147594,1,1
405269,2,2
286462,0,0
342708,2,2
275746,1,1
366921,0,2
26312,2,2
113663,2,2
9484,2,2
72508,0,1
73291,0,1
197468,1,1
3224,1,1
317033,0,2
84100,2,2
125040,0,1
92433,1,1
48111,0,2
310971,2,2
209202,2,2
90257,1,1
205272,2,1
308003,1,1
361334,1,0
264186,2,2
368823,1,0
197404,0,2
289552,2,2
334046,2,2
102034,2,2
50725,2,1
355818,2,2
121786,2,2
151116,2,0
69738,2,1
97473,2,2
267597,0,0
108366,0,0
107914,2,2
385406,1,2
351968,0,2
81690,0,1
42080,0,1
191136,2,2
28944,0,0
105092,2,2
123823,2,0
4445,0,2
152052,1,2
204389,1,1
163984,0,2
142837,0,2
98484,2,2
335680,0,2
269147,0,0
301340,1,1
121138,2,2
215098,2,2
295796,2,1
73921,2,1
183135,0,2
141224,2,2
218601,2,2
245078,1,1
263132,2,1
210859,0,2
309327,0,1
184658,1,2
387559,2,2
387136,2,2
62395,2,2
323195,0,0
385354,0,2
106607,2,2
261554,0,2
336580,2,2
192754,2,2
50950,0,0
198050,1,1
108093,2,2
324624,2,1
101677,0,0
239888,2,2
241521,2,2
374220,1,1
169413,1,1
41518,2,2
212396,0,2
179293,0,2
404430,2,1
208786,2,2
203612,2,2
367591,2,2
30297,2,2
63718,2,2
226298,0,2
365208,0,2
208641,1,1
333136,0,2
14349,0,2
192119,2,1
316331,1,1
39559,2,1
226017,0,2
172741,0,2
6919,0,1
288763,2,2
75888,0,0
303022,2,2
177259,2,2
290793,1,1
370299,1,1
223662,0,1
38905,0,2
99461,0,1
383772,2,2
234314,1,1
248515,0,2
26641,2,2
350495,0,2
355030,1,1
14522,0,2
14805,1,1
31289,2,1
249029,2,2
359785,1,2
316758,2,2
343404,0,0
191218,0,1
324717,0,2
363497,0,2
320705,0,1
92007,2,2
295584,2,2
332456,1,1
362881,2,1
156371,0,0
98023,2,2
389245,2,1
34930,0,0
319755,2,2
321968,1,1
277127,0,0
308355,2,2
108752,2,0
149041,2,1
55123,0,1
223835,2,0
287757,0,0
194965,0,0
124577,0,0
403897,0,2
86379,2,2
59123,2,2
188262,0,1
177892,2,2
133253,0,1
59369,2,1
124634,2,2
28197,0,0
364361,1,2
351509,0,1
396002,2,0
286164,0,2
169792,2,2
177498,0,0
273043,0,1
211547,0,1
322832,2,2
51857,2,2
273059,0,2
30856,2,2
258844,2,2
336382,2,1
40729,2,1
158725,1,1
366815,0,1
127770,1,1
77060,2,2
348101,2,2
370414,2,2
96858,2,1
82343,0,2
209271,2,2
323189,0,0
359258,2,2
12020,1,1
397756,2,0
397735,1,1
165479,1,1
2483,1,2
48472,2,2
335691,0,0
406243,2,1
271724,0,1
167916,1,1
348195,2,2
245426,2,2
340613,0,2
198282,0,1
139534,0,2
327417,2,2
71380,0,0
294734,2,2
267125,2,2
278585,2,1
56804,0,2
147181,0,1
11222,2,2
113272,2,2
204122,2,2
275662,2,2
66310,2,0
271263,0,2
190362,0,0
84751,2,2
217915,0,2
19255,0,2
251500,2,2
252809,0,1
70737,0,0
354251,0,2
372162,2,2
15164,2,2
261383,1,1
317823,0,1
54047,0,2
47846,0,1
392639,0,2
236210,2,1
159751,2,1
132110,0,1
325520,0,2
292990,1,1
230839,2,2
303566,2,2
286973,2,2
353620,0,1
277710,1,1
300105,2,1
37907,2,2
185810,2,1
139007,2,0
232981,0,1
339698,1,1
154972,0,0
231061,2,2
183539,2,2
251940,1,1
140143,2,2
224713,2,1
373795,2,2
352806,2,0
176280,1,1
20154,1,1
98749,1,1
396889,2,2
63243,2,2
272413,1,1
14940,0,1
180772,2,0
33154,0,1
302410,2,2
75086,1,2
83524,0,2
191959,1,1
353369,2,2
332796,1,1
225007,2,1
378650,2,1
268812,0,2
353575,2,2
363662,2,2
244026,0,2
369791,2,2
264403,0,0
56170,2,1
210906,0,2
130665,0,0
334382,2,2
148426,2,2
237289,1,1
319716,2,2
248205,1,2
310283,0,2
258623,0,0
175099,1,1
275306,0,2
310750,0,1
203031,2,2
248116,1,1
153895,2,1
52231,2,2
75109,0,1
297672,0,1
73748,0,0
294075,2,2
160753,0,2
63414,1,1
294127,0,1
7908,2,1
159597,2,2
175377,2,1
267231,0,2
55583,2,2
277324,2,2
36989,2,1
378622,0,1
311783,2,1
191536,0,1
374562,0,0
244702,1,1
207160,1,1
212148,1,1
146613,0,0
347008,2,2
226631,0,2
356797,2,2
302551,0,0
179877,0,1
339146,0,2
53567,2,2
40407,2,1
397439,2,1
357214,1,1
255813,0,2
62785,2,0
98151,2,2
238162,0,2
7181,2,2
330697,2,2
17408,2,2
374408,1,1
179853,0,0
308187,0,2
366851,2,1
181738,0,0
77601,0,0
170037,2,1
152799,1,1
31251,1,1
128871,0,0
346122,1,1
87259,0,1
18888,2,1
108288,1,0
215932,1,1
33285,0,0
256393,1,1
43529,1,1
180300,1,1
105361,0,2
153011,2,2
91334,0,0
171299,2,2
288746,2,2
84089,1,1
152833,1,1
341752,1,0
276647,2,1
288123,0,0
271072,0,0
44425,0,2
41998,0,2
126767,1,1
80582,2,2
157586,2,2
154634,1,1
76998,0,2
153735,0,2
103890,0,2
269238,2,2
279815,2,2
56930,2,2
326214,1,1
184051,0,2
147546,1,1
138094,2,2
336748,0,0
338496,2,2
232835,0,0
143930,0,0
263783,0,0
111996,2,2
144404,0,2
48317,1,1
331877,1,1
231719,2,2
101932,0,2
365529,2,2
194465,2,2
384025,0,1
82872,2,0
193680,0,2
318650,2,0
210520,0,2
200137,2,2
150020,2,2
154083,0,0
88706,1,1
342473,0,1
393512,2,1
302506,2,2
207027,1,1
381358,2,2
64698,0,2
202812,1,1
301978,0,1
387349,2,2
391328,0,0
283474,0,2
140272,2,1
318661,2,2
107167,0,2
389548,2,2
31528,0,0
295388,0,2
202341,2,2
27404,1,2
357900,2,2
109984,2,0
139613,2,2
171837,1,1
348381,2,2
393157,0,1
281391,2,0
179496,0,2
73057,2,1
1566,2,1
235725,2,2
279377,0,2
217160,1,1
356617,2,0
403830,0,1
380334,2,2
220874,0,1
130225,0,1
147396,0,1
13583,0,2
288743,2,0
303705,0,0
36212,1,2
237114,0,0
126638,1,1
244265,1,1
189623,0,0
25557,0,1
293688,0,1
133390,2,2
131403,1,1
400107,2,2
364235,2,1
219969,1,1
194218,0,1
130829,0,0
108013,2,2
180222,0,0
306486,2,2
289148,1,0
353052,1,1
87302,2,1
340732,2,0
239887,2,2
122090,2,2
126014,2,2
91570,0,2
69018,0,2
227114,2,2
379680,1,1
132213,2,2
264062,0,2
108349,0,0
93827,2,2
389027,2,1
396661,0,2
93664,2,2
345112,0,0
103650,2,1
35089,1,1
172960,1,1
29531,1,1
227933,0,1
41378,0,2
40301,1,1
214613,0,1
136005,0,1
330138,2,2
291162,2,1
180470,0,2
284397,2,2
76611,2,2
165811,1,1
238387,2,2
112694,0,2
373382,1,1
318985,0,0
34560,2,1
187343,2,1
381821,0,0
265360,2,2
350549,2,2
293146,0,1
46120,0,2
375037,2,1
228843,1,2
369775,2,2
306955,2,1
197034,1,1
248298,2,2
384897,2,2
315901,0,2
116261,0,1
374811,0,1
144466,1,1
255886,0,1
19380,0,1
37296,2,2
32833,2,2
395735,1,1
166860,2,2
354150,2,2
383307,2,2
243953,2,2
82197,0,0
187728,0,0
202255,2,2
327564,0,2
336946,2,2
105195,2,2
226488,0,0
191128,1,1
4466,0,2
127947,0,2
146308,2,2
171247,0,1
120427,2,2
12634,2,2
319090,2,2
293228,2,2
29182,2,1
123597,0,0
163252,2,2
328943,1,1
388178,1,1
75977,0,0
374019,2,2
281516,0,0
21480,1,1
222882,2,2
333997,0,2
194337,2,2
265815,2,2
221679,2,2
302252,2,2
85501,0,0
375164,1,1
382206,2,2
115281,1,1
268564,0,0
75356,2,2
37440,0,1
347755,0,2
173378,0,0
284794,0,0
403031,0,2
127967,1,2
38562,2,0
118197,2,2
42294,2,2
402990,2,2
406332,1,1
335129,1,1
385139,0,2
121282,2,2
325359,0,2
216776,0,2
28440,2,2
278302,1,1
220749,0,0
20695,2,2
80086,1,2
230990,1,1
182977,2,1
219605,1,1
378349,1,1
224474,0,2
322285,2,1
293133,2,2
40970,0,2
331965,2,2
338768,0,2
88667,0,1
297587,2,2
339489,2,2
305053,0,0
244958,2,2
18406,2,2
233571,1,1
295541,1,1
79631,2,2
59307,2,2
258701,2,2
174325,2,2
156402,0,2
72420,0,0
202970,1,1
115595,0,1
181156,1,2
203521,0,2
136682,2,2
294912,0,1
245722,2,2
251592,1,1
331162,0,0
391305,0,0
171122,2,2
123711,2,2
235292,2,2
344223,2,2
212559,2,2
296516,0,2
248388,2,2
190881,2,2
157536,2,2
367727,0,2
24600,2,1
98733,0,2
325026,1,1
185913,1,1
210217,0,1
42205,2,2
330834,1,1
196771,2,2
206723,0,0
329916,0,1
274474,0,0
373947,2,1
5375,0,2
221836,0,1
52950,2,2
61579,0,2
21968,0,1
154201,0,2
223924,1,1
129104,0,0
368955,2,1
70271,0,2
46954,2,1
114002,1,1
80959,2,1
215255,2,2
350165,0,1
383239,0,1
349633,2,2
283918,2,1
229924,0,2
44476,0,2
284665,2,2
177129,0,2
353329,2,2
384800,1,1
15140,2,1
388315,0,2
393882,2,2
318632,2,2
358438,0,2
100399,1,1
13839,2,2
328500,2,2
45284,0,1
94056,0,0
172421,1,1
224206,1,1
147806,2,2
81169,2,2
27935,0,2
243415,0,1
206874,2,2
329263,2,2
20051,2,1
60427,2,2
61356,2,2
12063,0,2
213252,1,1
316566,2,2
176064,2,1
30989,2,2
311107,0,1
268236,0,2
92147,1,1
76519,0,0
379932,2,2
128643,1,1
246199,0,2
99511,0,0
254828,0,1
190331,2,1
277168,0,0
341619,2,1
332590,1,1
222840,2,0
198964,0,2
243401,0,2
125705,2,2
173792,1,1
8144,2,1
328819,2,2
70414,2,2
223034,0,0
147706,2,2
163627,2,2
57965,2,1
326652,2,2
239818,0,0
154747,2,0
237537,0,2
10756,1,1
104827,2,2
212730,2,2
38570,1,1
230119,2,2
294823,0,1
153147,0,2
163869,0,2
304899,1,1
244765,1,1
71091,0,2
246906,2,1
177553,2,2
319946,0,1
118383,0,1
131432,2,2
380435,2,0
328381,2,2
277636,0,2
267027,2,1
255310,0,2
96168,0,0
59217,2,2
95134,0,0
70524,0,2
388201,2,1
119541,1,1
347460,0,0
308759,2,2
274695,2,2
285114,0,1
349130,2,0
193838,0,0
297017,0,0
284987,1,1
338703,2,2
68460,2,2
67824,0,1
253047,2,2
380136,0,2
97867,2,2
185417,2,2
57555,0,0
174896,2,2
396598,1,1
195059,2,2
58672,2,0
190883,2,2
46645,2,1
84175,0,1
182275,2,2
393509,1,1
236712,0,0
202425,0,0
6014,0,1
89246,1,1
228815,2,1
64602,0,1
8508,2,1
34774,0,2
303233,2,2
227904,0,1
149505,2,2
19728,2,2
273624,2,1
101126,2,2
213248,1,2
268879,0,2
158285,0,1
188611,0,1
143726,2,1
143815,2,1
60489,2,2
205139,1,1
235834,0,2
16785,1,1
34609,2,2
323089,0,2
185272,0,0
241114,2,2
226490,0,2
98919,2,1
161424,2,2
21794,2,2
161587,1,1
232551,1,1
399811,0,1
367720,2,2
72784,2,2
137155,2,2
170155,1,1
205071,2,2
75781,0,1
13770,2,2
194837,2,2
8403,2,2
7367,1,1
378901,2,1
237355,2,2
155602,2,0
344890,2,2
199430,2,2
248980,2,0
21146,0,0
360344,0,2
38210,2,2
323270,2,1
242725,2,2
380644,0,0
81995,0,2
290234,0,0
134084,0,0
19313,1,1
394487,0,1
251120,2,2
338993,2,0
76850,2,2
164455,1,1
20272,1,1
71490,2,1
248102,0,2
276809,2,2
104339,2,2
309782,2,2
238436,2,2
157043,0,2
271303,1,2
8772,2,2
74316,1,1
274147,0,0
111466,0,0
136727,2,1
392427,1,1
229856,0,2
132196,0,2
385320,1,1
269561,2,2
360674,0,0
120331,1,1
266636,0,2
38312,1,1
69225,0,0
58237,2,2
87043,2,1
245867,1,1
151068,0,0
298753,0,1
277803,2,1
112372,2,2
311970,2,2
176760,0,2
28068,2,2
392618,0,1
13151,2,2
93528,0,2
128283,2,2
152471,2,0
119312,1,1
265945,2,2
191177,0,1
350290,2,2
196655,0,2
339221,2,2
62000,0,0
39951,0,0
287755,0,1
341555,0,1
355423,2,0
372527,0,2
73775,0,2
396419,0,0
248779,0,2
364493,0,1
321480,2,2
4810,2,2
264839,0,1
302888,1,1
397189,0,0
265928,2,2
378866,0,2
65075,2,2
274274,1,2
206094,2,2
269868,2,2
146709,2,2
307182,0,0
232833,2,1
97359,0,2
236088,2,2
258007,2,2
246959,2,2
294296,2,2
252221,0,1
251837,2,2
8034,2,2
382807,0,1
313463,2,2
253324,0,0
106466,1,1
164140,0,2
125434,1,1
224977,2,2
331775,0,0
274229,2,2
96274,2,2
44629,1,1
245395,2,1
257763,2,2
285588,2,1
352828,0,0
381228,2,2
2248,0,0
143135,0,2
381907,1,2
28048,0,0
284356,2,2
30040,2,2
203745,2,2
233579,1,0
410,1,1
218195,2,2
350325,0,2
78075,2,0
250725,0,0
249088,2,2
255159,0,2
229809,2,2
357633,0,0
87346,2,1
397081,2,2
273977,2,1
231794,0,1
5121,0,0
201529,2,2
349816,0,2
304085,1,1
282648,1,1
92754,2,2
325205,0,0
234898,0,2
282646,0,2
183348,2,1
223375,2,2
229926,1,1
389482,0,1
274018,1,1
346629,2,2
20976,2,1
181148,0,2
86339,0,2
126067,0,2
256147,2,2
229250,0,0
338682,2,2
263585,0,2
24323,2,2
203309,2,0
342828,2,2
174516,0,1
314663,0,2
63179,2,2
238418,2,2
201951,1,1
200541,0,1
218551,2,2
326967,0,0
123045,2,2
236281,2,2
50264,2,2
308533,0,2
32972,0,0
405501,2,2
260092,1,1
352641,0,2
121632,0,0
158931,1,1
24151,1,1
381121,1,1
285742,1,2
292689,2,1
5168,0,0
237955,0,0
29137,2,2
357119,2,2
17843,0,2
365577,1,1
229965,2,2
370922,0,1
47788,0,1
289661,1,1
272698,0,1
348398,2,2
393501,1,1
289256,2,2
3582,1,1
248878,0,2
337249,2,2
364244,2,2
12955,1,0
69406,0,0
140008,0,1
312073,2,2
323230,2,0
73512,0,1
947,0,1
395745,2,1
328210,1,1
67402,1,0
209224,0,1
175206,2,1
45467,2,2
167264,2,1
111687,0,1
213983,2,1
62488,0,2
197624,2,2
156973,1,1
157670,1,1
377328,2,2
319420,0,2
309885,2,2
363787,2,2
51711,2,1
305897,0,2
389435,0,2
70623,2,2
112389,2,2
395453,0,2
10400,0,2
386991,2,2
124932,2,2
362338,2,2
356092,1,1
24586,0,2
193699,2,1
289113,2,1
239784,0,0
378449,2,2
395885,0,1
65513,2,2
206458,2,1
187627,0,1
3644,0,1
214587,0,1
308463,2,2
166402,0,0
276993,2,2
134584,2,2
401465,2,2
158371,2,1
352499,0,2
396773,0,1
264875,2,1
16920,2,2
202553,0,0
224514,0,1
129826,0,0
124938,0,0
205650,2,2
41077,2,2
98993,1,1
228604,0,2
140163,2,1
181507,2,2
113059,0,0
253723,1,1
214565,0,2
182874,0,0
119261,0,2
220836,0,2
355736,2,2
205591,0,2
89222,2,2
90436,2,1
362424,0,2
354657,0,0
248192,2,2
4254,2,2
93711,2,1
131650,2,2
184804,0,0
396237,0,2
287190,2,1
54663,0,0
146485,0,2
242077,2,2
83494,0,2
100994,1,1
102800,0,1
376024,2,2
388140,0,2
402014,0,0
110720,2,2
31360,0,0
65686,1,1
361350,2,2
285154,2,2
295455,0,2
275041,2,2
384838,2,2
333806,2,2
21726,2,2
314767,0,1
52425,2,2
198422,2,2
35024,0,0
295261,0,1
270139,0,1
325703,1,1
377526,1,1
374658,2,1
376136,0,0
72113,1,1
180977,1,1
317985,1,1
38537,0,1
289954,2,2
196407,2,2
2646,0,2
357692,1,1
61506,0,2
58877,1,1
218628,0,2
360612,2,2
358251,0,0
62788,0,1
121474,0,2
3020,1,2
275896,2,2
27050,2,1
148123,2,2
117745,2,2
68234,2,2
96653,1,1
319894,1,1
57861,1,1
172711,2,2
212816,1,1
91109,2,2
8703,0,1
19227,2,2
390031,2,1
199211,2,2
192264,1,1
392170,1,1
152677,1,0
356141,0,1
63728,2,1
53423,2,2
375684,2,2
2629,1,1
109315,0,2
317280,2,2
112917,0,2
167127,2,1
25696,1,1
388428,2,2
314544,0,1
183140,0,2
289724,0,2
343180,1,2
323309,2,2
177486,2,1
215857,2,2
203988,1,1
126374,0,0
136436,0,0
305602,2,2
333390,0,1
140244,1,2
343085,2,2
287688,1,1
320766,2,2
276131,1,1
257659,0,1
360759,2,2
257904,1,1
218137,1,2
353635,2,2
287802,2,2
353778,0,2
1577,0,2
220379,2,2
391563,2,2
301206,0,2
324019,2,1
93926,0,0
36199,0,2
227976,1,1
354792,2,1
276144,0,2
352127,2,2
211387,2,2
143124,0,0
338758,2,1
283449,2,2
123201,2,2
245762,2,1
388275,1,1
54433,0,2
161097,2,1
46178,1,1
78465,0,0
62629,0,0
335612,2,2
170033,2,2
340909,0,0
252638,0,0
209467,2,2
280668,2,2
407,2,2
68798,0,1
216017,2,2
379955,2,2
212664,0,0
277044,1,1
173424,2,2
321467,2,2
294867,0,2
87810,2,2
289045,1,2
245191,2,2
89825,0,1
331141,0,2
319820,2,2
4213,2,2
391197,2,1
129397,1,1
395212,2,2
101563,2,2
160928,2,2
144847,2,2
185154,2,1
183547,0,2
80663,0,0
49515,0,2
71497,2,0
37902,1,1
305000,1,1
136675,2,2
35347,1,0
192844,0,2
3955,2,1
361292,0,0
198776,2,2
369694,1,1
163499,0,1
52609,0,1
229334,0,1
357696,2,2
336974,2,1
254435,0,0
135181,2,2
22856,0,2
283516,1,1
150569,0,1
29762,1,1
140199,0,0
76204,0,2
349457,0,2
321625,0,1
2715,0,0
203449,1,1
114585,0,2
253262,0,0
119303,1,1
142519,2,2
179425,2,2
206509,0,2
275025,0,2
380043,2,2
361485,2,1
219315,2,0
331756,2,2
172333,0,2
241775,0,2
113944,1,1
213539,0,2
375400,2,2
57607,0,2
279842,0,2
400141,0,2
75207,1,1
148288,2,1
402725,0,1
180862,2,1
300250,0,2
207805,0,0
172112,0,2
127061,1,1
46957,0,0
81087,0,2
300980,2,2
105599,0,1
188549,0,0
5111,0,2
179244,1,1
282846,0,2
100026,0,2
85083,0,0
60802,0,0
43558,2,2
383055,0,2
83463,1,1
40462,2,1
399263,2,2
202187,0,2
34441,2,0
119995,1,1
302388,2,2
134023,2,2
349916,2,2
255169,2,2
327115,2,2
378014,0,2
33840,1,1
44526,2,1
297488,0,1
219297,0,0
31063,0,1
306148,2,2
86640,2,2
201191,0,2
380501,2,1
399605,0,1
147497,2,1
97175,2,2
213479,1,1
150738,2,1
49956,2,2
374119,0,0
167074,2,2
50500,2,2
122431,1,2
287534,0,2
131538,2,2
131167,2,2
218094,2,1
287436,0,1
344622,2,2
239501,2,0
72884,2,2
338901,0,2
142828,0,2
55131,2,2
34807,2,0
2640,2,2
134418,0,2
105937,0,0
369195,2,2
220264,1,1
49540,2,1
262811,1,1
30438,2,1
386782,0,1
276649,2,2
25885,2,2
25085,2,2
56766,2,2
28712,2,1
23274,2,2
29353,0,2
168298,2,2
320611,1,1
55625,2,2
142408,2,2
343314,2,2
391966,0,2
354706,2,2
283820,1,1
230319,0,0
313933,0,0
194359,1,1
8503,2,2
59275,2,2
35179,0,2
138278,0,1
244646,0,0
26971,0,0
140175,2,2
25646,2,2
65725,2,1
291718,0,2
63937,0,0
89111,2,2
378675,0,0
10225,1,1
7030,0,0
229909,2,2
134744,0,1
211337,0,1
192212,2,2
381671,0,1
362497,2,2
276884,2,0
79855,2,2
199208,1,1
128143,0,0
206746,1,1
284275,0,0
180881,0,1
86743,0,2
363507,0,1
351876,0,2
306629,2,2
125644,0,0
255351,2,2
79093,2,1
139060,2,1
74317,0,0
161993,0,1
269853,2,2
321148,2,2
282609,1,1
283852,2,1
328372,1,1
371814,2,1
295799,2,2
171063,2,2
36529,2,2
271964,1,1
332949,2,2
264540,1,1
90401,0,1
176172,0,2
118794,2,2
236334,2,2
398401,0,0
384160,0,1
18258,0,0
195928,2,2
332785,2,2
229543,2,2
363772,0,0
148854,1,1
192005,2,0
55463,2,2
325437,2,2
160017,0,1
147884,0,2
364678,2,2
214851,0,0
384432,0,2
254816,2,2
253008,0,0
21077,2,2
154065,1,1
222134,2,1
393586,0,1
196625,2,2
252797,1,1
249739,0,0
182422,0,2
284365,2,2
379004,2,1
274626,0,0
248593,2,2
188336,2,2
233595,0,0
69601,2,2
218228,2,2
228568,1,1
35005,2,2
55838,0,0
249968,0,1
180717,2,0
9178,2,2
78717,2,2
302964,1,1
115043,2,2
405032,0,2
190477,0,2
377389,0,0
90832,0,0
269800,2,2
58742,2,2
321997,0,2
118642,2,2
203433,1,1
302671,2,1
381783,0,2
381178,1,1
364418,0,0
283103,1,1
208851,1,1
402410,2,2
238752,0,0
336130,0,1
18525,0,2
265898,2,1
99826,2,2
284324,1,1
37200,0,0
212185,2,1
112395,1,1
52375,2,0
346045,2,2
356340,0,0
50475,0,1
294664,0,2
329978,2,2
192647,2,2
406025,2,2
347564,2,2
382215,0,2
327894,1,1
159433,1,1
25070,0,2
263986,2,2
103777,2,2
76438,0,1
272412,2,2
100480,0,1
1435,1,1
314964,2,2
9199,0,0
219827,1,1
213166,1,1
196857,0,2
212192,2,2
12667,2,2
146166,0,1
40984,2,2
83437,0,0
93391,0,2
197017,2,0
282612,2,2
9893,0,0
27253,0,2
111423,2,2
312565,0,0
368415,0,2
87312,2,0
55810,0,2
332279,0,2
14871,0,1
360218,2,2
268517,0,0
175016,2,2
230060,2,2
170260,0,0
135885,1,1
75971,2,2
147520,0,1
65358,2,2
64093,0,1
200113,0,0
280882,1,1
117424,2,1
115762,1,1
320322,1,1
243423,0,0
164909,0,0
65298,2,0
19707,1,1
361749,2,2
326778,0,1
235181,2,2
361753,2,2
248767,0,2
228330,2,1
177383,2,1
331736,0,1
155514,0,0
113587,1,1
20438,2,2
13447,1,1
169397,2,2
209526,2,2
40065,0,0
18646,2,1
225571,1,1
369926,2,2
273750,2,2
248990,0,0
200392,2,2
50800,0,2
76639,0,1
131899,2,2
67106,1,1
221159,2,2
243778,0,0
56523,2,0
181115,0,0
384313,2,2
293340,0,0
138348,2,2
149792,1,1
323162,2,2
48286,2,2
179938,0,0
100342,1,1
325689,1,1
389528,0,2
65284,1,1
185335,2,2
86241,2,1
119522,2,2
307880,2,2
358417,2,1
193956,0,0
165003,2,2
293148,0,2
186513,0,1
156908,2,2
255214,1,1
41064,0,2
67515,2,2
88202,1,1
294101,1,1
290842,0,0
98204,0,0
153864,1,1
246202,1,1
96634,0,2
179292,2,2
273766,2,1
67667,2,1
290060,2,2
347875,1,1
340173,0,0
272227,2,2
306356,1,1
262518,2,2
388556,0,2
275212,0,2
307500,1,2
260592,1,1
375295,2,2
145592,2,2
172554,2,2
98321,2,2
383260,0,0
34353,2,2
292515,0,1
377468,0,2
314617,0,0
1130,2,2
275308,0,0
75960,2,2
21730,2,2
291133,2,1
132205,2,2
327895,2,1
210122,0,2
168807,2,2
262997,2,2
356329,1,1
403311,0,2
353623,1,1
149809,1,1
295975,2,2
308867,0,2
114590,2,2
39451,0,2
85039,2,2
207581,2,2
105084,2,2
268640,1,1
20774,0,2
229571,0,1
75721,2,1
253237,1,1
191770,1,1
178604,2,2
300098,2,2
281402,2,2
330261,0,2
266145,2,0
129398,1,1
97329,2,2
255827,2,2
343811,2,2
275186,2,2
84997,2,2
72964,2,2
224993,1,0
279865,2,2
286559,1,1
235763,1,1
7103,2,2
281417,0,0
107799,2,1
243476,2,2
346267,2,2
82380,0,1
199053,2,0
250391,2,0
78186,2,2
190221,2,2
332664,2,2
131449,0,0
291464,2,2
100259,2,2
176989,2,2
366317,0,2
296046,2,2
258047,2,2
136748,2,2
252043,2,2
404253,2,1
122600,2,2
247220,2,2
384851,0,2
257989,1,1
48,0,2
9558,0,0
196074,0,0
320115,1,1
66230,0,2
281269,2,2
380306,2,2
342314,1,1
399069,2,2
206351,0,0
242644,2,2
4053,2,2
385779,2,0
158366,1,1
396366,0,1
252822,2,2
145542,2,2
229499,1,1
72525,2,1
365178,2,2
185600,0,2
112081,2,2
153728,0,2
300809,2,0
288639,0,2
80110,0,2
403320,2,2
259479,2,1
280740,2,1
190339,2,2
351352,0,2
44727,2,2
30604,0,2
203388,2,2
341490,0,0
49986,2,2
254715,2,1
99494,0,0
151156,0,0
197049,1,1
13948,0,1
1653,1,2
359014,1,1
144230,2,2
92329,2,2
20874,2,2
66813,0,1
126359,2,2
115755,0,2
281825,0,2
144260,1,1
302960,2,0
395274,2,1
172751,2,2
359658,0,2
78868,2,1
265775,0,2
81244,2,2
107540,2,1
275349,2,2
31576,0,1
12487,2,1
223581,2,2
366942,0,2
286373,0,0
280272,0,1
219068,0,2
112449,2,2
154464,0,2
300202,2,2
55294,0,1
168674,1,0
321771,2,2
144864,2,2
31435,2,2
237756,1,1
275569,2,1
255358,1,1
272343,2,1
42522,2,1
18735,0,1
53853,2,2
150764,0,2
397235,2,2
308881,2,0
13744,0,2
48534,2,1
138565,0,0
160702,1,1
344785,2,2
201421,2,2
289719,2,2
38676,0,2
231701,0,0
362352,2,2
180504,2,2
320356,2,1
277794,1,1
303630,0,2
68511,2,2
108374,0,1
38865,1,1
72985,0,2
29771,2,0
57906,1,1
231578,2,2
141739,2,1
300210,0,0
330604,1,2
318309,2,2
327654,0,2
202118,1,1
239218,0,1
391481,0,2
182400,0,0
177582,2,2
93630,2,0
99930,1,1
375851,2,2
214206,1,1
331324,0,2
260816,2,1
307635,2,2
129582,0,2
93905,2,2
226760,0,2
269985,0,2
71247,1,1
241812,2,1
251369,0,1
84509,1,1
91777,1,1
399391,2,2
10971,0,1
259763,0,0
320499,2,2
260942,0,1
204744,0,1
261588,2,2
41524,2,2
232533,1,1
234907,2,2
284583,0,2
316577,0,1
276414,1,1
335559,1,1
405765,2,1
217421,0,2
55138,0,2
48670,0,2
376791,2,2
237196,1,1
85087,0,2
22364,0,2
375286,2,2
334156,2,2
85182,1,1
81193,0,2
287801,0,0
268281,0,2
183218,1,2
87086,2,1
64612,2,2
64484,2,2
180563,0,1
263261,0,2
82158,0,1
161548,0,1
28312,2,2
382471,2,2
156710,0,2
249437,2,2
3959,1,1
319458,0,2
163187,0,0
202048,0,0
249853,2,2
247779,2,1
8182,1,1
51801,0,2
234409,2,2
117935,0,0
172738,0,1
31102,1,1
158997,0,0
50209,2,2
378808,0,0
61825,2,2
152708,2,2
243627,0,0
361308,0,0
151610,2,1
400530,2,2
97721,1,1
148573,2,2
144312,0,0
49265,0,1
287781,1,1
85657,1,1
216492,2,2
55637,2,2
172935,1,1
206236,0,2
207656,2,2
209009,0,1
38518,0,2
156418,0,2
257903,2,2
228921,0,1
240092,2,2
249772,2,2
95956,2,2
46398,2,2
128043,0,1
387445,0,1
387548,0,1
203907,1,1
322022,2,2
262093,1,2
349216,0,0
110030,2,2
295409,2,2
293862,2,2
291375,0,1
237725,0,0
226083,0,2
314903,2,2
273271,1,1
366824,2,0
373766,2,2
285412,2,1
265091,0,0
176811,0,1
248293,0,1
248476,1,1
279009,2,2
191192,2,2
361428,0,1
57757,2,1
61876,2,2
24221,0,0
61996,2,2
187465,2,1
183677,1,1
214735,2,2
259038,2,0
401235,0,0
387275,2,2
173286,2,2
3002,0,2
182520,2,2
346726,0,0
7915,2,2
186415,0,0
164525,0,0
331666,2,2
384461,2,2
276215,0,2
142113,0,0
336867,0,1
370259,0,0
200124,0,0
287662,2,2
281670,2,2
71206,0,1
155366,0,2
197011,0,0
351311,0,1
153738,0,0
24584,0,0
277745,0,2
37555,0,0
354624,0,0
122450,0,2
92282,2,2
377893,2,2
204803,0,2
277618,0,0
15987,1,1
174791,2,2
110410,2,2
245539,2,2
93132,1,1
391042,0,2
158967,1,1
15053,1,1
283294,0,2
375546,0,0
144800,0,2
113890,0,0
56362,0,2
191690,2,1
383960,1,1
86643,1,1
336534,0,0
398199,0,0
27000,1,2
365417,0,1
208554,1,1
260858,0,2
102553,2,2
374968,2,1
241025,0,2
373587,2,1
98781,2,2
234008,2,0
366926,2,2
170176,1,1
386534,2,1
46348,2,2
248069,2,2
261706,0,0
148339,2,2
272280,2,2
164371,2,2
284671,2,2
131677,1,0
135017,0,0
365617,2,2
382561,2,1
157604,2,2
196768,2,2
150548,2,1
361907,2,1
350798,0,0
362195,0,2
199866,0,2
291354,0,1
186312,0,0
189312,2,2
112197,0,0
355921,2,2
42775,1,1
318345,2,2
112833,2,2
362903,2,2
300021,0,1
245508,0,0
316827,1,1
141642,0,1
29685,0,1
226685,0,1
312326,0,0
196179,2,1
144168,2,2
7126,2,2
338711,2,2
105668,2,2
116544,0,1
286794,2,2
114322,0,2
281436,2,2
141828,0,2
351092,2,1
49891,0,1
210307,2,2
233460,1,1
133268,0,1
96403,0,0
181491,2,2
77425,2,2
246805,2,2
158939,2,2
292224,0,0
245717,2,2
184951,2,2
20485,2,2
298478,2,2
274293,0,2
86862,1,1
376128,0,1
68446,2,2
41914,2,2
8466,2,0
325269,2,2
313478,2,1
255910,0,1
276119,2,0
200353,1,1
292889,2,2
365141,2,2
127661,1,2
176262,1,2
136885,2,2
35066,2,2
255649,2,1
280114,1,1
126025,1,1
104992,2,0
166147,0,2
169013,2,0
46277,1,2
294152,2,2
191939,2,1
351824,2,0
405088,0,2
293112,0,0
216522,2,2
312566,0,0
67850,2,2
301725,0,0
144851,2,1
254498,2,2
285458,2,2
367646,2,2
365477,2,2
9219,1,1
382968,0,0
92561,1,1
301433,1,1
229964,1,1
387939,1,1
244905,2,2
252347,2,2
113760,0,2
188722,2,2
44956,1,1
264733,2,2
24518,0,2
159749,2,2
381975,0,0
139846,2,2
269411,2,1
47546,2,2
365702,0,1
229364,0,0
298324,0,0
9105,0,0
45744,2,1
221149,0,1
229982,2,2
325708,1,1
317472,0,2
110517,2,2
388694,0,1
21244,2,2
344862,2,2
350444,2,1
341762,2,2
127105,2,2
216088,2,2
57546,0,2
344885,2,2
379970,2,1
57976,0,2
175927,2,2
74259,2,1
252250,1,1
294594,0,1
13102,0,2
204225,0,1
350265,1,1
118721,0,2
201933,0,2
126570,2,2
25309,1,0
242073,0,0
110892,2,2
203200,2,1
293083,0,1
184860,1,1
251785,2,2
21517,2,2
79455,0,2
278800,2,1
112343,0,1
239522,2,2
346117,2,1
399808,0,0
396719,1,1
141451,0,0
196481,2,2
283455,0,2
83311,1,1
163270,0,2
173603,2,2
191857,0,0
250077,2,2
213286,2,1
153085,0,2
375375,2,1
63024,0,0
86430,2,2
303740,2,1
397634,1,1
149822,2,2
115571,0,1
82551,2,2
315645,2,1
241927,2,1
61566,2,2
332170,0,1
136432,1,1
87335,2,2
31392,0,2
172486,2,2
357912,1,0
366618,2,2
156918,2,2
229036,2,2
201976,2,2
3390,2,2
192547,0,2
109745,0,2
277069,0,0
177050,2,1
360077,0,1
343385,2,0
291435,2,2
6994,2,2
185732,1,1
6841,0,1
140843,2,1
87641,2,2
182854,0,0
311519,2,2
208166,2,1
92166,2,2
199063,1,1
206671,2,2
381425,1,1
48336,1,1
195735,0,2
179595,2,2
190586,2,1
206950,2,2
279837,0,1
114449,0,2
400313,1,1
180903,1,1
83932,2,2
384235,0,1
48156,0,0
17710,2,1
332968,0,0
21805,1,1
401767,0,2
292051,0,1
96425,2,1
96156,2,2
45576,0,2
230987,1,1
242113,2,1
31336,2,2
179954,0,0
155528,2,2
116638,2,2
332072,1,1
221852,2,2
14540,1,1
306378,0,0
47436,1,1
371518,2,1
41642,2,2
299037,2,2
317798,0,2
276782,2,1
189132,0,1
357246,0,0
14106,2,2
137946,1,1
216249,2,2
242835,2,0
305497,1,1
398555,2,2
196553,1,1
21025,0,1
205892,1,1
198174,2,2
63893,2,2
345932,0,2
74754,0,1
305498,0,1
303856,2,2
352412,2,2
324090,0,1
251063,0,2
227294,0,1
384685,2,2
255668,1,0
2353,2,2
328971,0,2
364989,0,1
222532,2,2
282983,2,2
25361,1,1
159973,2,1
281999,2,2
89043,0,2
323961,2,1
301568,0,0
329135,2,2
326952,0,0
238773,1,1
235014,0,2
363588,2,0
291563,0,2
10077,0,2
257494,1,1
360659,0,1
318880,0,2
235444,2,2
363292,1,1
22519,2,1
81662,0,1
192599,1,2
184805,0,1
1019,2,1
122242,1,1
243296,2,2
344560,0,1
257876,2,1
244004,2,2
167896,0,0
280216,0,2
172075,0,2
214459,2,1
200160,1,1
269140,0,2
48725,0,0
143200,2,1
136026,2,2
291822,2,2
147814,2,0
63924,0,0
14075,2,2
210289,2,2
324984,0,2
222478,0,0
169881,2,0
351038,2,2
53354,2,2
325764,0,1
10744,1,1
212161,0,2
155829,2,2
113569,2,2
294386,0,2
154767,2,1
71002,2,1
264311,2,2
358408,0,1
312997,1,2
160506,0,2
309200,0,2
87996,1,1
190693,0,2
357134,1,1
31736,2,2
54091,2,2
88254,2,1
49457,2,2
57819,2,2
307290,2,2
27584,1,1
128418,1,0
370031,0,2
114787,0,2
266196,1,1
193926,2,2
402894,0,2
263415,2,2
53403,1,1
165604,2,0
78579,2,2
358834,0,0
242226,2,1
238398,0,2
24855,1,1
349749,0,1
41979,0,1
234418,1,1
299574,0,1
317239,0,0
302663,2,2
323137,0,0
305809,2,2
73910,0,0
381520,2,0
244505,2,2
259212,0,0
123647,0,0
225447,2,1
405694,0,2
360564,1,1
196016,2,1
229065,0,1
292329,2,1
42769,0,2
302224,2,2
100585,2,2
165469,0,2
5043,0,2
18504,2,2
186108,2,2
403187,2,2
295608,1,1
378148,0,0
45119,0,0
181335,0,0
110882,0,2
166088,2,2
279356,2,1
61928,2,2
260406,0,2
344619,0,1
259410,0,1
353278,0,0
247383,2,1
132933,2,2
14575,2,2
46173,0,2
274791,1,1
278733,1,1
32967,2,2
313614,2,2
107176,2,2
392402,2,1
378020,2,2
277740,0,2
404560,0,0
363218,1,1
107757,2,2
361274,0,0
364471,2,2
260204,2,2
65365,0,0
205315,2,1
85355,0,0
56130,1,1
396730,0,1
149315,2,1
311607,1,1
66669,0,1
231878,0,2
264836,2,2
381508,2,1
306702,2,2
211573,2,1
335589,0,1
247180,2,2
228202,0,0
153746,1,1
54413,2,2
296287,2,2
78959,0,2
379177,2,2
256336,2,2
155974,2,2
304730,1,0
293257,2,1
280269,0,0
241086,0,1
247650,1,1
191090,2,2
303324,0,2
246281,2,1
241146,2,2
258389,0,1
124252,1,1
114383,2,2
66911,2,2
278106,0,2
169623,0,2
303750,2,0
278237,0,0
405877,0,2
101373,0,2
23921,1,1
10016,1,2
51860,0,0
280950,2,2
357858,0,2
26067,0,0
160003,1,1
374800,2,1
211728,2,2
399045,2,1
9285,0,2
210719,0,1
328701,0,2
15218,2,2
81220,0,2
104373,2,2
263044,2,2
402199,2,2
63289,0,2
321016,1,1
226354,2,2
184147,0,0
353096,1,2
26231,0,2
264243,2,2
190495,2,2
21667,2,2
65812,2,2
205232,0,2
283668,2,2
149486,2,2
79984,1,1
232076,0,2
162911,1,1
356664,1,1
165839,0,2
200373,2,2
334887,2,2
263517,0,0
346306,0,2
66094,1,1
236742,2,2
392810,0,1
164334,0,0
269681,2,2
3899,2,1
267464,2,1
312776,0,1
195135,2,2
6387,2,1
108872,1,1
213093,2,2
315079,0,1
38667,0,2
379296,2,2
88923,2,2
214273,0,1
183828,1,1
159770,0,1
19193,2,2
176531,0,1
258156,1,1
322324,0,0
393408,2,2
77848,0,2
385392,2,1
15493,0,0
256181,1,1
69091,1,1
308178,0,2
43324,0,0
250997,1,1
147426,2,2
285823,1,1
176799,1,1
114540,0,1
235103,0,1
338050,1,1
296698,2,0
119070,0,0
255193,2,2
109610,2,1
338715,1,1
366622,0,1
11477,0,2
95381,2,2
271085,0,2
357757,2,2
27459,0,1
275927,1,1
102334,0,0
333973,2,1
133076,2,1
345709,0,1
222445,0,0
24064,2,2
319642,2,2
213037,2,2
88305,1,1
60738,2,2
403603,0,2
34861,0,0
121082,0,1
96294,2,2
338160,2,2
41155,0,0
87271,2,1
195639,0,1
228285,0,0
128502,2,2
228879,0,0
146752,2,2
65869,2,2
147102,1,1
269562,0,1
381628,2,2
38297,0,2
107935,2,1
189137,0,0
288334,2,0
252423,0,2
148628,0,2
14752,2,0
297691,0,1
403058,0,2
6386,0,0
221549,2,2
279643,0,1
48115,2,2
52155,2,2
68637,0,2
330471,0,0
328539,2,2
317403,0,0
343732,0,1
310831,2,1
40790,1,1
329206,2,2
325309,0,2
272542,2,2
3486,2,2
76731,0,0
9362,0,0
108685,2,2
96571,1,1
262830,2,2
293433,0,0
114734,2,1
17156,0,1
384908,2,2
8136,0,1
2853,2,2
144619,2,2
172626,0,0
154052,2,2
297939,0,0
355105,2,2
258679,2,2
211458,2,2
170923,0,0
315859,2,2
130910,2,2
256697,0,2
158681,2,2
290859,1,2
319770,2,0
385113,0,2
332964,1,1
184370,2,2
356942,0,1
54919,2,2
168672,2,2
262091,2,1
300119,0,2
365101,2,2
237245,0,1
72467,2,2
344836,2,2
355792,0,1
280663,0,2
226810,0,2
353685,0,0
217475,1,1
129679,2,2
358837,0,2
395699,2,2
182250,0,2
12480,0,2
404794,2,2
5019,0,1
232289,0,2
99410,1,1
113436,2,2
229101,2,1
254088,0,2
123997,2,1
88633,1,1
326931,2,1
138072,0,1
42265,0,0
125086,0,2
183841,2,2
363438,2,2
144166,0,2
239512,2,2
227908,2,2
402376,2,2
76237,0,2
41533,0,2
215014,2,2
281442,2,2
301834,1,1
261340,2,1
71916,0,2
395594,2,1
328091,1,1
308268,0,0
182572,2,2
199821,0,1
261374,1,1
286697,2,2
274524,2,2
84757,2,2
378144,2,1
325452,0,0
312540,0,2
305312,2,1
266098,2,1
345014,0,1
305336,2,1
359729,0,2
274774,0,2
354487,0,1
263235,0,0
365265,1,1
363313,0,0
131986,0,2
1149,2,2
64651,1,1
136807,2,2
326392,2,0
14874,0,1
92236,0,2
122149,0,0
123308,2,2
71979,2,2
29202,0,0
345815,2,2
104986,1,1
374687,0,1
278025,1,1
133102,0,1
211091,2,1
79139,2,2
235790,0,2
396214,2,2
347162,0,0
41433,1,1
378530,0,0
371023,0,0
126786,0,0
35255,2,2
165443,0,2
150101,0,1
370431,2,2
78882,2,2
329294,0,1
101108,1,1
403228,1,1
141381,2,1
221479,1,1
190383,2,2
271352,2,1
251579,2,2
141799,1,1
174581,2,2
42475,0,2
77890,0,0
275540,2,2
259232,1,1
60525,2,2
233024,0,0
62905,2,2
144164,1,1
226257,1,1
314092,0,0
112892,0,2
219951,0,2
368474,0,0
226449,1,1
251742,2,2
142851,2,2
49552,2,2
347725,1,1
114630,1,1
334690,0,0
27696,0,0
357752,0,1
319003,0,2
142031,0,2
222043,2,2
366327,2,1
22269,1,1
68357,1,1
112682,2,2
245951,2,2
128987,2,2
22358,0,2
156781,1,1
336575,0,0
34184,2,0
127284,0,1
148094,2,2
129739,0,1
85627,0,1
124947,2,2
21475,1,1
258112,0,2
381015,2,2
92473,2,0
213226,0,2
134363,0,0
271759,1,1
41204,0,2
123716,0,1
93482,0,1
47029,1,1
151663,1,1
125543,2,2
81804,1,0
201642,0,2
37070,2,2
212877,0,0
396632,2,2
116319,2,2
89443,0,0
261253,2,2
102412,2,0
99672,0,1
302362,2,1
110291,2,2
175994,0,0
82132,0,2
266341,2,2
16928,1,1
317030,2,2
254687,2,2
111379,1,1
288677,2,2
386958,2,1
2119,1,1
148,1,1
47650,2,2
315195,0,0
344559,1,0
11562,0,1
172029,0,0
102415,0,0
339619,2,2
83844,1,0
314297,1,1
2043,1,1
14622,0,0
297547,0,0
364508,0,0
21176,2,2
60317,0,1
230926,1,1
305190,2,2
315033,2,1
363999,0,2
322566,0,0
94772,0,1
367136,2,2
167521,0,1
2492,2,2
371267,0,1
399223,0,1
263646,2,2
397496,0,0
133039,2,2
397991,0,1
171885,2,2
213546,2,2
203249,0,1
54928,2,2
225186,0,1
267384,0,2
119460,2,2
213642,0,1
283755,0,2
266772,2,1
277249,0,0
264938,0,0
334370,2,2
84775,2,2
321622,1,1
382532,0,2
286054,1,1
351562,2,2
343728,0,2
114672,2,0
174307,1,1
36001,2,2
130542,0,2
29460,0,2
253179,2,2
188118,2,2
326903,1,1
226250,1,1
30764,0,0
168647,2,2
111541,1,1
76180,1,1
58031,0,2
106596,0,1
318121,2,2
279007,2,1
355420,0,0
335045,0,2
69777,2,2
200764,2,2
112566,2,2
168301,1,1
63602,2,1
352183,1,1
284016,2,2
124564,2,2
381378,2,2
264099,2,1
8198,0,1
217221,0,0
394639,1,1
350065,2,0
207606,0,2
352548,0,1
309335,0,0
69847,0,2
60191,0,2
128381,1,1
172085,2,2
72594,2,2
145646,2,2
195211,2,1
168929,0,0
358979,2,2
3869,2,2
72835,0,0
49161,0,1
388114,0,1
340761,2,2
54365,0,0
109591,1,1
139930,2,2
254724,0,2
334174,1,1
189745,1,1
10355,1,1
311873,2,1
341088,1,0
166877,0,1
340982,2,2
37389,0,0
13062,0,1
387754,1,1
174552,0,0
339664,2,2
241341,0,2
351660,0,1
360001,2,2
259515,2,2
341600,1,1
204636,2,2
64198,2,2
260547,0,2
318166,2,2
382878,1,2
354144,2,2
225216,2,2
307278,2,2
73468,2,2
93449,0,2
268348,2,2
398688,2,2
335333,2,2
298148,0,1
7856,0,1
222583,0,0
319274,0,1
210582,2,2
196257,2,2
225928,1,1
72482,2,2
114652,0,1
141127,1,1
234620,2,2
241869,0,2
303030,0,0
188855,1,1
119801,2,2
232037,1,1
118058,2,2
402777,0,2
191277,2,2
122632,1,1
100875,0,0
247993,2,2
101537,0,2
47832,1,1
83966,2,2
56584,2,2
92988,2,1
192184,1,1
342914,2,1
294842,2,0
300179,0,1
183439,1,1
352992,0,1
164153,1,1
234997,0,0
259361,2,2
136281,2,2
79118,0,0
55282,0,2
265706,0,2
156735,0,1
280340,0,1
195708,0,0
377040,1,1
359496,2,1
384454,1,1
75875,2,2
86283,2,2
209017,2,2
268930,0,0
343972,0,2
182569,2,2
233748,0,0
24484,0,2
253138,0,1
172837,2,2
59934,0,2
234094,2,2
262218,2,2
279568,0,1
67904,2,2
154402,0,0
265228,2,2
321529,1,1
274615,1,2
171197,0,1
32612,1,2
321242,2,1
190764,2,2
258647,2,2
13438,0,0
216787,0,0
21466,2,2
167453,0,2
298985,2,2
301040,2,2
79466,1,1
279660,2,2
130782,0,0
146519,1,1
57893,0,2
30867,2,2
13632,1,1
37460,1,1
369423,0,2
210595,2,2
296858,1,1
376584,2,2
49049,0,2
170238,0,1
328947,2,2
402300,2,2
166688,2,1
168639,2,2
272642,1,1
173434,0,2
212577,2,1
250462,1,1
216268,1,2
33811,2,2
317254,0,0
62898,0,2
287033,1,1
164680,2,1
271083,2,2
105317,2,2
24497,0,0
38367,0,1
208943,2,2
234772,2,1
281536,0,2
146666,0,1
173942,2,2
316129,0,1
326431,0,1
333495,0,0
14517,2,2
64307,2,2
292702,2,1
387128,0,0
201498,2,1
330978,2,2
121927,2,2
373303,2,1
84382,0,1
162623,0,1
266001,0,2
152497,1,1
390937,2,2
130697,2,2
372724,0,2
14696,1,1
168797,0,2
318915,2,1
363977,2,1
55692,2,2
127117,1,2
205259,0,2
67620,0,0
381069,0,1
86531,0,1
98172,1,1
308545,0,2
195762,2,2
161250,2,2
51340,1,1
119758,2,2
106281,2,2
334302,1,1
295788,2,2
402235,2,2
331847,1,1
223377,2,2
304441,0,1
152928,0,0
183991,2,2
247101,2,2
345366,0,1
221181,0,2
223943,0,0
85412,1,1
351154,0,1
239977,2,2
384937,2,2
216548,2,2
387778,1,1
109494,2,2
131638,2,2
37103,1,1
396188,2,2
124228,0,2
145722,0,1
183575,2,2
187587,2,2
318926,0,2
374005,2,2
282722,0,0
251005,1,1
279720,2,0
402796,2,2
197926,2,2
100752,1,1
2595,0,1
303054,0,1
139759,2,2
287687,2,2
244591,0,0
250175,2,2
400361,2,2
149032,2,1
168884,0,2
79973,2,2
357458,0,0
360929,0,1
64039,2,1
186828,1,1
364388,1,1
180320,0,2
159814,2,2
311509,2,1
166608,1,1
295880,2,2
62564,2,2
151695,1,1
205400,2,0
84298,1,1
49895,2,0
140837,2,2
244281,0,1
400182,1,1
236649,2,2
344277,1,2
362016,0,2
228573,0,2
401645,2,2
153770,0,2
319955,0,1
284843,0,2
182603,0,0
41099,0,0
34120,1,1
237040,1,1
78581,2,2
43095,1,1
153645,0,0
55645,2,1
394841,2,2
267713,0,1
213559,1,1
255313,2,2
34850,2,2
306046,0,2
252867,0,0
78055,0,2
139925,2,0
94482,2,2
162561,2,2
352577,0,0
80505,0,1
92890,1,2
53856,2,2
178965,2,2
228148,0,2
211654,0,0
192030,2,2
228864,0,2
39637,2,2
196818,2,2
178639,0,1
253781,0,1
82013,0,0
197464,2,2
401777,2,0
137622,0,0
285634,2,2
59885,2,2
148083,1,1
265826,0,0
403536,1,1
84704,2,2
300863,0,1
119417,2,2
232622,0,2
31424,0,1
174368,1,1
254587,2,2
136952,0,0
104703,2,2
341962,0,1
38728,0,2
318330,1,1
230346,1,1
131913,2,2
281542,2,2
167132,2,2
277402,0,0
8121,2,2
163769,2,2
137348,2,2
333234,0,2
394416,1,1
155357,1,1
62273,0,0
244535,0,1
356411,0,2
131578,0,0
252523,2,1
173855,2,2
21975,0,0
30239,2,2
1916,0,2
335293,2,1
314450,2,2
203239,0,0
90064,2,2
342039,2,2
8101,1,1
362422,2,1
127,0,1
28441,2,2
270638,2,2
66584,2,1
239538,2,2
134517,0,0
271595,0,2
298756,1,1
90443,1,1
88292,0,0
255453,0,2
154921,0,2
184122,0,2
157998,2,1
92279,0,1
193662,2,1
13701,0,1
56300,2,2
275790,2,2
270873,0,0
228611,2,0
391075,0,2
50449,0,0
124220,2,2
363176,1,1
136685,0,0
319644,1,1
7246,0,2
173079,0,1
231968,0,2
127072,0,2
221670,2,2
83259,1,0
302024,2,2
325153,2,2
387871,2,2
103184,0,2
2633,2,2
323467,0,1
72781,0,0
23856,2,2
109576,1,1
219027,0,0
247882,0,0
264937,0,2
82083,1,1
196508,0,1
55903,0,2
308249,2,2
129339,2,2
298089,2,2
139195,2,1
11780,2,1
46034,2,2
130944,2,2
287292,2,2
130893,2,0
100381,0,0
321924,2,2
185621,2,1
337584,1,1
344848,2,1
292036,1,1
194014,1,1
181501,1,2
112463,0,0
61503,0,0
36270,0,0
336577,2,1
396212,2,2
285396,1,1
43791,2,2
77022,2,1
314470,0,0
237806,2,2
278589,0,0
247553,1,1
150552,0,1
26448,2,2
113839,0,0
152456,2,2
304692,2,2
184962,1,1
182767,2,2
403681,0,0
133930,0,2
376479,2,1
86538,0,2
213142,2,2
349884,0,0
47640,0,0
112196,1,1
379963,2,2
248340,0,0
43188,1,1
353894,0,0
266547,2,2
376549,2,2
169185,0,0
309316,2,2
361447,0,2
128016,0,0
18946,1,1
89914,2,1
368998,2,0
23263,2,0
169901,0,1
273301,0,1
149533,0,1
256752,2,2
230827,0,2
97978,2,1
242930,0,0
159625,0,2
369534,2,2
75659,2,0
111958,2,1
75983,2,1
347372,2,2
219093,0,2
56790,2,2
187987,2,2
145605,2,2
39648,2,2
196814,2,2
374529,1,1
383284,2,2
160313,0,2
347281,0,2
300564,2,2
224881,1,1
238021,0,0
341757,0,0
130719,2,2
98352,1,1
291505,0,1
333607,2,2
243361,2,2
260908,2,2
195974,2,1
369362,2,2
76799,2,2
4808,0,2
24887,0,0
50686,2,2
318864,2,2
170944,2,2
87167,2,2
131517,2,2
358868,2,2
215708,1,1
4067,2,2
15344,1,1
329679,0,1
356578,0,0
307806,0,0
125690,0,2
69361,1,1
176010,0,2
235288,0,1
385193,2,2
370228,0,2
155949,2,0
111107,1,1
101787,0,2
51895,0,1
125445,1,1
324814,2,0
185899,2,2
88322,0,2
328465,2,2
261572,2,2
360245,2,2
90009,1,1
14170,0,2
154045,0,2
45395,2,2
14175,2,2
120978,2,2
222969,0,0
34569,2,2
235681,2,2
226870,2,2
64740,2,2
352783,1,1
138596,0,2
331060,0,0
175716,2,2
268184,2,2
19031,0,0
302512,1,1
378301,1,1
353643,2,2
19409,0,2
138079,2,1
242182,0,0
161494,2,2
15331,2,2
204295,2,1
352570,1,1
26308,2,2
296364,2,2
319572,1,1
75729,0,0
123919,2,2
147068,2,0
267158,0,2
266889,0,1
106684,2,2
167455,0,2
60081,0,0
172505,2,2
135203,2,2
58394,0,1
9467,0,2
20300,0,2
77068,2,2
96755,2,2
93735,1,1
1579,1,2
159934,0,2
174204,2,2
229239,0,0
16435,0,1
206685,1,1
281965,2,0
325760,2,2
159951,2,2
116619,2,1
366235,2,2
317345,2,2
129127,0,2
304272,1,1
113942,2,2
88621,0,0
100703,2,2
225136,0,2
331078,0,2
214864,1,1
239693,2,2
266587,2,2
41394,2,2
285498,2,2
398016,0,0
14534,2,2
33449,2,2
76384,2,2
91748,2,0
309814,2,2
141260,1,1
312498,0,0
348624,2,2
163884,2,2
121178,1,1
297261,2,2
150544,0,2
283727,2,1
319678,2,2
305439,1,1
1030,2,1
20143,1,1
196264,0,0
377585,2,0
361331,1,1
278841,2,2
282330,0,2
232988,0,1
167870,0,2
377926,0,0
376036,1,1
253968,2,2
10572,2,0
379140,0,2
154015,2,2
71378,2,2
361956,2,2
5247,2,0
100021,0,0
321434,0,0
300637,0,0
373384,0,1
355082,0,2
393768,2,2
259430,1,1
112246,0,0
21436,2,0
304388,0,1
104140,0,0
304931,0,1
36000,0,0
220957,1,1
307986,2,2
280006,2,2
341832,0,2
345992,1,1
351403,0,2
272736,1,2
20127,0,2
405576,1,1
19796,0,2
156218,0,1
117183,0,2
402907,2,2
309806,2,2
123643,2,2
310938,0,1
54960,0,0
298085,0,0
271525,0,2
376552,0,0
317113,0,2
325070,1,2
343709,2,2
320000,0,2
354294,0,0
59758,0,1
100432,0,1
392453,0,1
213394,0,2
232270,0,2
382910,1,1
83015,2,2
147219,2,2
268967,2,2
26297,0,0
53111,0,0
179459,2,2
27077,2,0
289120,2,2
307399,0,2
120239,0,2
44061,2,2
44150,0,2
81043,0,2
114581,2,1
133120,1,2
208146,2,2
283109,2,0
63275,1,1
18963,0,1
114825,2,2
356371,2,2
3495,2,2
380042,0,1
249875,0,1
19496,1,1
366806,0,0
78619,0,1
224386,0,1
123138,2,2
40713,0,0
312066,0,2
69030,2,2
263888,0,1
116002,0,1
47379,1,1
341033,0,1
16495,2,2
41239,2,2
17894,2,2
168934,1,1
239232,2,2
213368,0,0
39113,0,2
51605,2,2
183075,0,2
168328,1,1
275243,0,0
150997,1,1
1017,2,2
303000,0,1
85803,2,2
348905,1,1
289172,0,1
280684,2,2
386701,0,2
401395,0,0
294886,1,1
34558,0,2
95777,0,0
365357,2,1
150225,2,1
133610,0,2
229855,2,2
189158,2,2
119050,2,1
34175,2,2
4017,2,2
248612,1,1
260468,0,2
242606,1,1
355367,0,0
359641,0,0
152628,1,1
249964,1,1
89090,2,2
8208,2,2
393266,0,2
111837,0,2
53209,2,2
377071,0,2
185502,2,2
142253,2,0
165814,0,2
363414,1,1
240885,2,1
177021,0,2
187581,2,2
60707,1,1
129485,1,1
63378,0,2
401357,1,1
329262,2,1
130217,0,0
26754,2,2
283715,0,0
42193,0,2
308876,0,0
230378,2,1
218125,0,2
207055,2,0
19556,2,2
84033,0,1
179456,2,1
50497,0,0
265047,1,2
234007,0,2
302311,0,2
47049,2,2
268806,1,1
310797,0,2
320734,2,2
306738,2,2
127466,2,1
265110,0,0
15418,2,2
123563,2,2
83401,2,2
143874,2,1
198233,2,2
238084,2,2
299726,0,2
354665,1,0
193885,0,0
380120,2,2
183802,0,0
77558,0,0
16416,2,2
360948,1,0
67623,2,2
170345,2,2
272669,2,1
361356,2,1
7082,0,2
272876,0,0
346264,0,1
220086,1,1
382637,0,0
124709,0,1
138543,2,2
267186,0,1
371341,0,0
340503,2,1
172660,0,2
69511,2,1
205528,0,2
118328,2,2
119002,1,1
21338,2,1
376630,2,1
311867,2,2
77280,2,2
294171,2,2
212139,2,2
327666,0,0
94321,0,1
82036,2,2
32120,0,2
8053,0,0
144764,0,1
257848,2,2
99011,2,1
160187,2,2
142709,2,2
349078,1,2
367652,0,0
1488,2,2
118134,0,2
144671,1,1
119686,2,2
127051,1,1
346961,2,2
78571,0,0
43795,0,2
284051,0,2
257685,0,2
58194,0,2
359598,2,2
59846,0,1
395731,1,1
249935,1,1
113101,1,1
1742,2,2
1389,0,0
264806,2,1
250105,2,2
359020,1,1
405739,2,2
204736,2,2
364603,0,0
391152,2,1
357544,2,2
204102,2,2
324169,0,1
41580,2,2
31595,1,1
160929,1,1
7197,0,0
310397,1,1
13965,2,2
6003,2,1
303356,2,1
233657,1,1
159246,2,1
21749,2,2
165916,0,1
120356,0,1
227927,2,2
298701,2,2
221092,2,2
123302,1,1
102243,2,2
351648,1,1
326136,2,2
398499,0,1
365481,0,2
148415,0,1
143845,1,1
238796,0,0
211695,0,0
19790,2,0
1938,0,1
327288,2,2
359842,2,2
284251,2,2
78278,2,2
129078,0,0
136972,0,2
193702,0,1
203720,0,0
393341,1,1
17610,1,1
282378,2,2
114955,2,2
198879,0,1
190928,2,0
153251,2,2
316865,2,2
155710,0,2
213628,2,1
400018,2,2
204625,2,2
81324,2,1
41109,0,1
248489,1,1
86490,1,1
146052,2,2
14043,0,2
155631,1,1
371475,2,2
130204,0,1
120220,2,0
130227,2,2
142584,0,1
292979,0,1
400756,0,2
87341,0,0
298360,1,1
107640,0,0
315826,1,1
130779,0,1
175188,2,2
329551,2,2
286006,2,2
171026,0,2
337281,0,0
220842,2,2
352527,0,0
107907,1,1
33060,2,2
181781,0,0
111120,2,1
211274,0,0
180896,0,1
393414,2,2
193655,2,0
231466,2,1
47866,2,1
369134,1,1
51738,2,1
92933,1,1
359248,0,0
143338,2,2
322068,1,2
65420,1,1
108928,2,0
156296,1,1
3063,2,1
12281,0,2
195218,2,2
35766,1,1
376547,0,0
355949,2,2
84183,2,0
315506,1,1
235379,0,2
36126,0,2
160735,2,2
153189,1,1
170081,0,1
111494,2,2
113459,0,0
365491,1,1
236911,0,2
141476,1,1
338126,0,1
247680,0,1
175736,2,2
90952,0,2
215217,0,0
375204,1,1
131332,2,0
286156,1,1
147411,0,1
253684,2,2
99865,2,2
350129,0,0
168940,2,2
322366,0,1
231646,1,1
110790,0,1
384717,0,1
225700,0,0
366091,0,0
24783,1,1
186465,1,1
392670,2,1
299783,0,0
213995,2,2
2627,1,1
194387,2,2
45519,1,2
312661,0,0
386429,2,2
73898,1,0
356085,2,0
300678,0,2
163052,2,2
66838,2,2
217472,0,2
337107,1,1
370129,0,2
347053,2,0
181097,2,2
311739,0,2
349550,2,1
113546,0,1
51177,2,2
147890,1,1
276938,1,1
15916,0,1
236478,0,0
282622,0,1
106674,0,0
162780,2,2
38318,0,2
260577,0,2
106609,2,2
161427,2,1
237124,0,0
323864,1,1
122840,1,1
295070,2,2
47096,2,2
274193,2,1
403021,1,1
203138,2,2
375724,0,2
215418,0,0
39473,0,0
375395,2,2
20044,0,0
115101,0,2
134937,2,2
127154,2,1
227168,2,2
25768,2,1
266131,2,2
152553,1,2
163056,0,2
130520,2,2
364707,0,2
66195,2,1
258088,2,1
265429,2,2
278019,1,1
16705,2,2
212289,0,0
282450,2,2
324096,0,1
44493,0,1
70035,0,2
29939,2,2
262257,0,1
341767,2,0
137223,2,1
17025,2,0
50997,2,2
68320,1,1
1131,0,2
81330,2,2
373776,2,2
183520,2,2
167422,1,1
173480,1,1
63068,2,1
362012,2,2
27327,1,1
328593,0,0
384813,2,2
372012,2,2
254463,0,0
254041,0,0
324403,0,2
95106,2,2
41692,0,2
306977,0,1
33708,0,0
303098,2,1
388552,2,2
386812,0,2
19106,2,2
315067,2,1
136485,2,2
51416,0,1
161812,2,2
255894,2,2
259832,2,2
319758,1,1
258143,0,1
375612,0,0
375005,1,1
252376,0,0
73356,0,2
308953,2,2
267270,2,2
69289,2,1
80631,2,2
335222,0,2
331814,2,2
363639,2,2
393211,2,2
329103,2,1
214960,2,2
45303,0,0
76711,0,2
355648,0,2
268793,2,2
257729,0,1
260965,0,2
362625,1,1
297444,1,1
50164,2,2
318631,2,2
244648,2,2
228564,1,1
265256,0,0
26362,0,2
52381,2,1
210664,1,1
32772,2,2
400541,2,2
32676,2,1
345084,2,2
238358,0,1
243876,1,2
129096,1,1
229049,1,1
203744,0,0
129068,0,2
220385,2,2
385173,0,1
216663,2,2
106509,2,2
186883,2,2
335052,0,0
379087,2,0
359752,2,2
397313,0,2
69709,0,1
389296,0,1
123107,0,0
402349,2,1
245113,0,1
175730,1,1
319047,2,2
107255,0,2
358606,2,2
101367,0,2
391241,2,2
386990,2,0
392021,1,1
135955,0,2
370273,2,2
144788,2,1
82406,2,2
65950,1,1
31395,0,0
398534,0,2
241741,2,2
291872,1,1
59144,0,1
90670,2,2
13514,2,2
107423,2,2
212083,2,2
363215,0,1
320544,2,2
58201,0,0
42488,0,0
386051,2,1
138583,1,1
106685,2,2
239867,2,2
205949,2,2
108206,0,0
227103,0,0
157524,2,2
216950,1,1
332755,2,2
174111,0,0
97164,2,2
285543,2,2
404709,2,1
293299,2,2
103301,0,0
180995,0,1
45176,2,2
80032,2,2
265001,1,1
324773,2,0
213702,2,2
92761,1,1
243927,1,1
200858,0,1
154774,0,1
272406,0,1
62569,2,2
287989,0,0
270744,2,2
183744,0,0
16020,0,2
138087,0,2
340353,2,2
343098,0,2
107095,0,1
89349,2,2
259377,1,1
48549,1,1
133255,1,1
193925,1,1
300988,0,2
134938,0,2
329951,2,2
384955,0,0
341845,1,1
289989,1,1
169917,2,2
48593,0,1
39275,2,1
229730,2,2
30598,2,1
76172,2,2
394473,0,1
356640,2,2
18160,2,2
51114,2,1
330194,2,2
348431,2,1
320209,0,0
48459,0,1
158042,0,1
361458,1,1
381807,0,2
182536,2,2
291365,2,2
229275,0,2
212936,2,2
281863,2,2
166791,1,1
212782,0,0
345873,1,1
46741,0,0
267237,2,2
91373,1,1
244831,2,1
169330,0,0
286555,1,1
297866,2,2
315949,1,1
204628,1,1
50356,1,2
9391,0,0
50976,0,1
299930,2,2
280825,2,2
346838,0,2
220900,0,2
187461,2,1
244391,1,1
108930,2,2
357638,0,0
252691,2,1
13563,2,1
236755,0,0
386147,2,2
222262,2,2
116118,2,2
122127,2,2
88872,0,1
192266,2,2
206044,2,1
122494,2,2
154790,2,2
310829,0,1
45370,2,2
381131,2,2
226937,0,1
375591,2,2
49440,1,1
323872,0,0
9759,2,2
118578,2,2
33881,0,2
392662,0,0
256780,0,0
228660,2,2
92818,0,0
372544,2,2
378360,0,1
95630,0,2
356169,0,2
95918,0,1
208726,2,2
90429,0,2
399654,2,2
250210,0,1
248851,2,2
267528,1,1
351916,2,2
150593,2,1
208735,1,1
121305,2,2
113175,0,0
130881,2,2
151199,2,2
53996,0,2
6543,2,2
197570,0,2
297320,0,1
152065,2,2
226972,2,0
391452,0,2
360503,0,2
401513,2,2
201333,0,1
257049,1,1
350558,1,1
60332,0,2
320711,0,2
401829,0,2
232108,0,0
341683,1,1
350679,2,2
75248,0,2
31579,2,2
262354,2,2
70803,0,0
236597,2,0
239245,0,1
101722,2,2
324191,2,2
130377,0,1
257694,0,0
200814,0,1
175639,2,1
98771,0,2
194423,0,2
194539,0,0
140335,2,2
373153,2,2
389173,0,1
55718,2,2
47475,0,1
16778,0,2
240116,1,1
50384,2,1
157215,2,2
374773,1,1
306361,1,1
243994,2,1
382234,1,2
51723,1,1
226088,1,1
259519,0,2
21285,0,2
375408,0,2
19544,1,0
169279,2,2
15588,1,1
387606,0,2
217619,0,0
354234,2,2
77424,0,0
16258,2,2
121049,0,0
107962,0,1
255057,0,0
36088,0,1
193442,0,1
54363,1,2
39884,2,2
102972,2,2
60352,2,1
314383,0,2
262652,0,2
292634,2,2
233206,2,2
311497,0,2
183293,0,0
277561,0,1
247820,2,2
22303,1,1
338814,2,2
151549,2,2
120652,2,1
382558,0,2
642,1,1
392838,0,0
43320,2,2
352088,0,2
226267,0,1
300102,0,0
130268,0,2
164662,2,2
244186,0,2
257123,1,1
307615,2,2
29144,0,2
91605,2,2
146181,1,1
360512,2,2
126859,0,0
76156,2,2
272819,0,2
327647,2,2
131281,0,1
137776,2,1
354446,0,2
278249,2,2
198465,1,2
305402,2,2
307965,2,2
349049,2,2
166054,0,1
103503,2,2
373434,2,2
120884,0,1
248248,2,0
292718,2,0
157752,0,2
230007,0,2
238320,1,1
320981,2,0
182247,0,2
90017,0,2
198576,2,1
130660,2,2
208731,1,1
272215,0,2
330216,0,0
376812,0,0
346507,2,1
191104,1,1
25502,2,1
202609,2,2
275285,2,1
42826,2,2
405880,1,1
341116,2,2
350330,2,2
201258,0,2
8257,0,1
247729,2,2
183975,2,2
187786,2,2
220807,2,1
249025,2,1
163720,0,2
304864,2,0
330581,2,1
403399,2,2
282911,0,2
125721,2,2
287916,2,1
73405,0,0
232640,0,2
302861,2,2
349306,0,2
390810,0,0
323980,0,2
141058,2,2
234495,0,0
397846,2,2
181999,0,2
350131,2,2
266980,1,1
114956,0,2
337674,0,2
153779,2,2
64990,1,1
207254,1,1
286962,0,2
32708,1,1
193244,2,2
148194,2,2
360637,2,1
62205,2,1
170151,2,2
51261,0,2
305933,1,1
141262,0,1
986,0,1
404775,2,1
323559,2,0
397029,0,0
325538,1,1
247436,0,0
135210,2,2
116417,2,2
75717,2,2
268581,2,2
101963,2,2
314462,2,2
392444,0,0
300420,1,1
77894,2,2
5353,2,2
10363,1,2
81936,2,2
261641,0,0
272295,1,1
335569,1,1
252245,0,1
219675,2,2
340704,0,1
146835,0,2
192911,1,1
89122,0,0
327360,0,1
48125,2,2
350479,1,1
397326,2,2
190272,1,0
197878,2,2
204804,1,1
42280,0,2
351972,2,2
290403,2,2
111690,0,2
140330,0,2
291946,0,1
126696,0,0
131043,2,2
345929,0,1
5862,2,2
327120,1,1
394145,2,1
24267,2,2
308508,2,2
40337,2,2
148833,2,2
392665,0,2
316908,0,2
284143,2,2
379432,2,2
2056,1,1
235738,0,1
120623,0,2
66196,0,2
337424,2,2
279472,2,2
395057,1,1
98470,0,2
147842,0,0
169948,0,1
227341,0,0
8566,1,1
256910,0,0
383458,2,2
212762,0,0
42995,2,2
117035,2,2
80929,1,1
68643,0,2
194649,1,1
65137,0,2
31767,2,2
325260,2,1
286492,2,2
354132,1,1
164633,0,2
110988,2,2
58496,1,1
202001,0,0
182864,0,1
296715,0,2
247692,2,2
69773,0,0
209799,0,0
232352,1,1
169135,0,2
63248,2,2
262335,2,1
28069,0,1
89527,1,1
402681,1,1
81478,0,0
336175,2,2
388073,2,2
195704,0,1
372763,0,2
161638,0,1
262689,0,1
231467,2,0
352854,2,2
163208,0,1
139254,2,2
366148,2,2
129568,1,1
313835,0,2
319127,0,1
172228,0,2
195305,0,2
189257,0,2
52438,2,2
221864,1,1
238656,2,1
284556,0,1
164437,1,1
104174,0,0
252424,2,2
171549,2,2
49439,0,2
370466,1,1
196532,0,1
168105,2,2
250932,0,2
74512,2,2
237440,0,0
51451,0,1
204835,0,0
259716,2,2
280639,2,2
75068,2,2
257672,1,1
160568,2,2
32005,2,2
403272,2,1
381189,1,1
7582,0,2
76260,2,2
236449,2,1
106801,2,2
64934,1,1
346287,0,0
341823,2,2
293549,0,2
366307,0,1
153171,2,2
281046,0,2
234217,2,2
166421,1,1
310013,2,2
79194,0,0
77330,2,2
341267,2,2
5525,0,0
41945,0,2
43875,0,2
308862,2,0
343029,2,1
199985,1,1
115472,2,2
287433,2,2
406004,0,2
335450,0,2
268387,2,0
395312,2,1
87169,2,2
107221,0,2
276859,2,1
240123,2,1
198077,2,2
173653,2,1
177008,2,1
329261,2,2
201698,0,1
276187,0,2
322895,0,1
76390,1,1
99535,2,2
144972,0,1
302351,0,0
339611,2,2
150628,0,1
148446,0,0
37806,1,1
239870,2,2
171900,0,1
291772,0,2
401135,2,2
185787,0,1
334386,2,2
64298,2,2
350580,0,2
119181,2,2
184266,0,2
36601,1,2
283084,2,2
195938,0,1
294074,0,1
375188,0,0
86719,0,0
1470,0,2
120385,0,1
166617,0,0
155459,2,2
23747,0,2
278863,2,2
149192,2,2
24801,2,2
36355,0,0
237505,1,1
115114,0,1
24882,2,2
71276,2,2
396683,0,2
307749,1,1
324039,0,1
56003,0,1
56550,0,0
294844,2,2
217950,0,0
147716,2,2
283967,0,1
345949,1,1
368709,2,0
351788,2,2
115656,1,1
35768,2,2
93326,2,2
175301,0,0
287257,0,1
183777,2,2
137998,0,0
365834,0,2
187291,1,1
151604,0,2
377704,2,1
209848,1,1
246429,2,2
347862,0,0
156693,2,1
388855,0,2
21484,1,1
348680,2,1
72491,2,2
231176,0,1
261179,2,2
318153,0,0
397321,0,1
354673,0,0
293785,2,2
137464,2,2
337240,0,0
248245,0,1
70093,0,2
2261,2,2
363054,0,0
148061,2,2
392615,1,1
8219,2,2
170807,1,1
392893,1,1
184516,2,2
279214,0,0
325398,0,1
291731,0,1
54984,0,2
42169,0,2
190257,2,1
271138,2,1
143078,1,1
308923,2,2
81731,1,1
250460,2,2
286171,2,2
368705,2,2
74836,2,2
106759,0,0
274523,2,2
370649,2,2
356383,0,1
105067,0,0
98561,0,2
103675,2,2
159499,2,1
94245,2,2
374469,0,1
322157,2,2
103694,2,2
24970,0,0
248491,1,1
378186,2,2
90106,0,1
212360,0,2
188027,0,2
187250,2,2
7122,0,0
97145,2,2
209932,2,2
403043,2,1
56722,2,2
52076,1,1
286232,2,2
390434,2,1
120645,0,2
316115,0,2
152721,0,2
374867,1,1
14897,0,1
67389,2,1
86875,2,2
43636,2,2
179466,0,2
352808,2,1
200553,2,2
164922,0,2
56638,0,1
239064,0,2
357,1,1
322284,1,1
100015,0,0
84490,2,2
92841,1,1
245538,2,2
248373,1,1
93673,2,2
206272,0,2
80379,0,0
28927,2,1
81414,2,2
275845,2,2
147599,1,1
348520,0,0
312055,0,1
216973,1,1
58855,1,1
382761,0,2
219588,0,2
269522,1,1
136830,2,1
381211,0,0
331475,0,2
323670,0,0
93538,0,0
169686,2,1
327672,2,2
186411,1,1
312410,0,2
317037,0,0
182844,0,2
182396,0,2
289890,2,2
359826,0,2
200570,0,1
377067,2,2
74146,0,0
266461,0,2
167789,2,2
61724,1,1
156031,2,2
167959,2,2
282649,0,0
157498,1,1
347440,2,2
261856,1,1
84228,0,0
353983,0,2
337526,2,0
276869,2,2
315205,1,1
6342,0,2
239939,1,1
386174,2,2
303258,2,1
91152,2,2
22527,1,2
401589,2,2
229179,1,1
383957,2,2
334110,2,2
121885,0,1
157754,2,2
53547,0,1
247330,1,2
181567,0,1
293686,2,2
50871,2,2
306462,2,2
142571,2,2
92997,0,2
222077,0,1
107106,2,0
290142,2,2
277063,0,0
98103,1,1
21373,0,2
218484,1,1
393991,2,2
37807,2,1
392193,0,0
280519,0,2
169447,2,2
311145,0,0
41058,0,0
299218,2,2
291658,0,2
141114,0,0
334262,0,1
192235,2,2
263492,0,2
336849,1,1
92422,1,1
229559,0,2
183571,2,2
226565,1,1
296426,0,1
387857,1,1
65153,0,1
61733,1,2
202489,2,1
391046,2,2
370460,2,2
200293,2,2
227589,2,0
67879,0,0
297576,2,1
217768,2,0
228707,0,0
287488,0,0
406214,0,0
74330,2,2
363927,0,1
211612,0,1
47256,0,0
237239,2,2
123759,2,1
249689,2,2
16138,0,0
252437,2,2
20343,1,1
11734,2,2
154153,2,2
264671,2,1
237845,0,2
53750,1,1
215674,2,1
177844,2,2
277018,2,2
226916,2,0
13164,2,1
41960,0,0
60101,2,2
160374,1,1
343255,0,0
245584,0,2
189773,2,1
272338,1,1
302142,1,1
390295,2,1
61221,2,2
234932,0,0
36401,0,2
37276,0,0
309193,2,2
302449,0,2
252771,0,2
86321,0,0
386638,0,2
218277,2,2
91591,0,1
317555,2,1
38606,2,2
214642,2,1
250947,0,2
10165,2,2
72143,2,2
6587,1,1
292785,2,2
66796,0,2
37437,2,1
285730,2,2
404391,2,0
186894,2,1
299946,0,0
18257,2,2
52468,1,1
140821,2,2
380472,1,1
395418,0,0
73169,0,1
197481,0,1
354211,2,2
161907,1,1
253303,0,1
174868,0,2
241774,1,1
302710,0,0
57902,2,1
223614,2,0
352225,2,2
169805,0,2
391132,1,1
177225,1,1
240864,0,2
338565,2,2
71863,1,1
245153,0,0
365576,2,2
123949,0,1
61465,1,2
30022,0,1
324693,0,0
320188,0,1
315960,0,0
75746,0,2
247813,2,2
53082,0,0
301627,2,2
191046,0,2
360043,2,2
137518,2,2
405249,0,2
372986,0,0
18134,1,1
362039,1,1
45963,0,1
121682,2,2
122471,0,2
196922,0,2
107989,2,0
236644,1,1
48664,2,1
251104,2,2
187781,2,1
242970,2,2
44251,2,2
248061,1,1
176174,0,0
373374,0,2
88115,0,2
377842,1,1
13378,0,2
181094,0,2
184457,0,2
2729,2,2
304977,0,1
10512,0,0
144213,2,2
303051,0,0
279225,0,2
53715,2,2
365173,1,1
54464,1,1
25193,2,2
318842,2,2
316926,2,2
325796,2,2
293161,2,2
93350,0,2
136122,2,2
230352,0,2
81912,0,1
289928,0,2
352326,2,1
268122,1,1
218716,0,0
379576,0,2
405464,0,2
241629,2,1
57912,2,2
40584,2,2
201750,0,1
202576,2,2
2734,0,1
226408,2,2
259502,2,1
303769,0,0
371408,0,2
129784,2,2
118421,2,2
133692,2,2
35939,1,1
184283,0,1
285606,1,1
215042,1,1
60003,2,1
308897,0,2
138649,2,0
132165,2,2
235960,1,0
401839,2,2
128279,2,2
187426,0,0
118386,0,0
220039,0,2
271383,1,1
113865,0,2
49579,2,2
49858,2,0
85515,1,1
349237,2,2
222482,2,2
16409,2,2
405011,2,1
263555,2,2
110521,0,2
283409,2,2
262793,0,2
285405,0,2
291157,2,2
290252,0,2
43700,0,1
192433,0,0
295043,2,2
302883,2,1
339174,1,1
310793,0,1
172872,0,2
168716,1,1
362918,2,2
300955,1,1
65989,1,0
281973,0,2
28059,2,0
3323,2,2
94616,2,0
323765,0,2
60441,1,1
394162,1,1
76284,2,2
182784,2,2
86091,2,2
385505,0,1
174810,0,2
47787,1,1
241014,1,1
43388,1,1
29143,0,2
22864,2,2
317355,0,0
145084,0,1
398217,0,2
253702,2,2
370490,0,1
205460,0,1
79939,0,0
301129,1,1
31735,2,2
141671,0,2
345574,2,0
253862,0,2
161493,2,2
293795,0,0
276542,2,2
209069,1,1
105910,2,2
2553,2,2
239845,2,1
103324,2,2
128994,2,1
14062,1,1
188969,1,0
149824,0,1
225900,0,2
118549,2,2
7222,1,1
298170,1,1
74257,0,0
286637,2,2
66368,2,2
126141,1,1
352976,2,0
120188,0,2
321185,2,1
147331,0,1
279178,2,2
294686,2,2
286087,0,2
212265,2,2
294672,2,2
391762,0,1
215102,1,1
367287,2,1
253030,2,2
75520,2,2
258417,2,2
4230,1,1
364528,2,2
334457,1,1
390539,0,1
393425,2,0
109335,2,2
90194,2,2
225568,0,0
334632,0,2
344904,2,2
280925,2,2
275663,1,1
14308,2,0
274799,2,2
197537,2,0
340458,0,2
23843,2,1
256806,0,1
254696,2,2
199602,2,2
313984,0,0
139199,2,1
313508,0,2
282571,2,2
166162,0,0
140558,2,2
71267,0,0
4124,2,2
363309,2,2
360136,2,2
189001,0,1
242215,2,0
371432,2,0
299001,0,2
31096,0,1
338057,0,0
38469,2,2
320962,0,1
100219,2,2
106139,0,2
208098,0,1
104698,1,2
30506,2,1
185659,2,1
183500,0,1
9550,2,2
396447,0,0
384681,2,2
382202,0,1
261028,2,2
173379,2,2
267888,0,2
203733,2,1
73653,2,1
39743,2,2
4518,1,1
144344,0,1
29865,1,1
177548,0,1
29518,0,1
360927,2,2
373939,2,2
389460,0,2
258835,1,1
127461,2,2
219415,2,2
124105,2,2
237098,2,2
393185,0,1
229642,2,1
354722,2,2
283444,0,0
11785,0,1
201671,0,0
379225,2,2
382029,0,1
394001,0,0
196723,2,1
49826,2,2
115766,2,2
289743,0,1
53031,0,1
178220,1,2
151299,1,2
36829,2,0
11124,0,2
28617,0,0
251129,2,1
317844,2,1
276956,2,0
120298,2,2
17883,2,1
4551,0,0
111244,2,2
260565,0,2
348257,0,1
361033,2,2
72773,2,2
45481,2,2
23723,1,2
3716,0,1
230167,0,0
242846,1,1
274762,0,1
248085,2,2
123925,2,2
32297,2,1
360723,0,2
165490,0,1
103340,2,2
348532,2,2
225381,0,0
2122,2,1
272889,2,2
250558,0,2
62224,0,2
196336,0,0
129912,2,2
282205,2,2
182238,0,1
160523,1,1
400949,0,1
362410,0,2
102658,1,1
45821,0,0
372561,2,2
339017,2,2
26944,2,2
386454,0,2
90260,2,2
163411,0,1
211329,2,2
331805,2,2
81940,0,2
198086,1,1
353870,2,2
268446,0,1
64983,1,1
37161,1,1
112818,2,2
339885,0,0
352260,0,2
21097,0,0
312929,2,2
214780,1,1
21163,1,0
149153,2,2
263139,0,1
53139,0,1
267632,1,1
390690,2,2
4175,0,2
30121,2,2
320393,0,1
301423,0,2
325862,2,2
177754,0,2
259435,0,2
274271,0,2
384189,0,1
361691,2,2
134691,1,1
94117,2,2
389714,0,2
268953,2,2
22138,2,2
233575,2,2
221094,2,2
405331,0,2
334797,1,1
26459,2,2
394309,2,1
137647,0,2
31868,0,1
61085,2,2
78410,0,0
306729,2,2
121552,1,1
294829,2,2
393148,2,1
236524,1,1
271259,0,2
50362,2,1
280032,2,2
13666,2,2
13518,2,2
141124,0,0
87979,2,2
347978,1,1
16110,2,2
213985,1,0
265190,1,1
26132,1,1
376593,2,2
269160,2,2
1604,0,0
300178,2,2
132451,0,2
394053,2,2
348668,0,2
77813,2,2
403063,2,2
674,2,2
4652,2,2
201522,0,2
337164,2,1
220889,1,1
62590,2,2
315617,2,2
296163,0,2
344066,0,1
397513,2,2
249718,0,1
181451,0,2
219193,2,1
191954,1,1
14304,0,0
319635,2,2
115095,2,2
396912,0,1
161451,2,2
271316,2,2
61943,0,0
367954,0,1
86466,0,2
41278,2,2
143416,2,2
20259,0,1
304129,0,2
155159,0,0
381833,0,0
128958,2,2
296676,0,1
326546,2,2
87841,2,2
268332,2,2
25180,2,2
308267,2,2
23255,0,1
265312,0,1
218007,2,2
146928,1,1
2299,1,1
135617,0,1
319988,2,2
45870,0,0
86450,0,1
182022,1,2
64497,1,1
190387,0,2
91822,0,1
78045,1,1
240478,2,2
39702,2,2
196096,2,2
355170,2,2
111247,1,2
348688,0,0
268580,0,2
270100,2,2
111873,0,0
9165,0,0
335147,2,0
60909,2,1
278270,0,2
379634,0,1
246518,2,2
218235,1,1
172262,0,0
126514,2,2
118602,2,2
96551,0,2
245073,2,2
136926,0,2
157027,0,0
212483,0,0
246831,2,2
258177,2,2
263751,2,2
90488,1,1
272288,0,1
266501,2,2
51345,1,1
74954,2,2
376005,2,2
297718,0,2
397177,0,2
183734,1,1
133540,1,2
375766,1,1
308651,1,2
299345,0,2
40112,1,1
262774,0,2
347548,0,1
357927,2,2
320797,2,2
376032,2,2
328557,0,0
338404,2,2
130643,2,2
230668,0,2
226812,2,1
214381,0,0
296862,0,2
146982,2,2
393162,0,1
219967,0,2
233181,0,2
234642,0,0
156885,2,2
76785,0,0
401714,1,1
156962,0,0
149268,0,0
42494,2,2
66760,0,2
275131,2,2
57406,2,2
392010,2,2
132882,0,0
10766,2,2
66758,0,0
138200,2,2
28141,0,1
191780,0,0
291344,2,0
188833,0,1
11415,2,2
50036,1,1
262973,2,2
173239,2,0
401566,0,0
402848,2,2
69426,2,2
380652,0,2
335537,0,2
357778,0,1
131762,0,0
30381,2,1
340042,2,2
198332,0,2
345294,2,2
358049,2,2
349803,0,2
39150,2,2
324983,1,1
222254,0,2
156649,2,0
388831,2,1
371756,2,2
48141,2,2
384242,0,1
260516,1,1
388293,2,2
2668,0,0
149443,2,1
203743,0,0
253120,2,2
26593,0,1
142149,0,1
291044,0,2
74702,0,0
88716,2,2
136430,0,0
338935,0,2
210561,1,1
375918,2,2
86501,0,1
281002,2,2
368237,0,0
160986,0,0
384956,2,1
185944,2,2
230024,2,2
304390,1,1
43140,2,2
157023,2,2
27891,2,2
326079,2,2
400055,0,1
180057,1,1
247996,0,0
119371,2,0
212472,2,2
300998,2,2
284849,0,1
314581,2,2
154889,2,1
262781,2,2
59154,1,1
266439,0,1
351721,2,2
218789,2,0
359904,2,2
280857,0,1
196018,0,1
83871,2,2
309328,0,0
394426,0,2
78858,2,1
269029,0,0
303986,2,2
75325,1,1
310460,2,2
192059,2,1
202353,1,1
76314,2,2
287507,2,2
234091,0,1
7444,2,1
50861,0,0
397738,0,2
13484,2,2
16833,1,1
161116,0,0
292901,0,2
33436,0,2
156154,1,1
336694,2,1
320251,2,2
373919,0,1
92846,2,2
146482,2,2
43220,1,1
153741,1,1
192998,2,2
32034,1,1
62977,2,0
265929,2,2
303889,2,2
148976,2,1
368195,0,0
91788,2,2
243150,2,2
232723,2,2
350715,2,2
367619,2,0
383812,2,2
25858,1,1
209259,1,1
378756,2,1
40542,0,1
123827,2,1
180261,0,2
361600,2,2
346056,1,1
347493,0,0
351170,2,2
101635,1,1
93898,0,2
40013,2,2
101653,1,1
254686,0,1
376151,0,2
356581,2,2
285230,0,1
127710,2,2
182151,2,2
6018,0,1
219767,0,0
251019,2,2
369037,0,0
269390,0,0
285000,0,1
284971,0,2
53810,2,2
139528,2,2
328884,2,2
275997,0,1
308744,1,1
370074,2,2
18543,2,1
117089,2,2
262139,2,2
294003,0,2
193591,2,0
148359,2,2
367536,0,0
254632,2,2
346238,2,2
47635,0,1
382923,2,2
349860,2,2
258427,2,2
381257,2,2
131384,0,0
212544,2,0
40236,2,2
230665,2,2
41328,0,2
376742,1,1
177905,2,2
10159,1,1
380771,2,2
119910,0,0
197282,2,2
328450,0,1
387997,0,0
69953,0,2
367822,2,2
33186,2,2
316445,2,2
260140,0,0
384887,0,2
160795,0,1
31826,0,2
92740,1,1
331093,0,2
381430,0,0
137790,2,2
51863,0,2
224664,2,2
260067,2,1
248450,2,2
144282,2,2
184338,0,2
21546,1,1
230406,0,2
353051,0,1
283311,2,2
281856,2,2
348758,1,1
57225,1,1
2496,1,1
232378,2,1
225161,0,0
377330,0,0
16988,2,2
96179,0,0
325620,0,1
324629,2,1
149146,1,1
42398,2,2
344869,2,2
137838,0,1
168161,1,1
158591,2,2
353702,0,1
205673,2,2
136188,2,2
138854,2,2
101560,2,2
67593,0,1
369716,0,1
22101,1,1
36363,0,1
11654,2,2
321723,0,1
87008,0,2
297696,2,2
171450,1,1
15225,0,2
399212,1,1
89735,2,2
309713,0,2
31742,0,1
39116,0,1
60456,0,2
358193,0,1
75671,2,2
394605,0,0
319881,0,1
354764,1,1
270639,2,2
274104,2,2
37817,0,2
245273,0,1
299439,1,1
114555,2,1
262255,1,1
140110,0,2
398390,2,2
353239,2,2
62082,1,1
25663,2,2
93067,2,2
31220,2,2
381428,0,2
272688,2,2
358901,0,0
388816,2,1
399380,2,2
269059,2,2
5427,2,2
225023,2,2
135977,2,2
308446,2,2
252402,2,2
239331,0,1
401775,0,2
125343,0,2
104519,2,1
64921,2,1
394925,0,0
93899,2,2
129620,0,0
246780,0,1
277910,1,1
383657,2,2
59676,0,2
20134,0,0
267480,0,1
244007,0,1
315095,2,2
133559,2,2
33094,1,1
170562,2,2
76119,1,1
159710,2,1
306636,2,2
308461,2,1
280162,2,2
117276,0,1
125659,0,1
203703,2,2
221376,1,1
314821,2,1
26027,0,0
334055,1,1
324320,1,1
70028,1,1
181418,0,1
227781,1,1
267828,2,2
379164,0,0
396858,1,1
238700,2,1
26206,2,2
3382,2,1
214984,1,1
17886,0,0
154060,0,2
61348,1,1
17301,0,0
192481,0,2
23809,1,1
159779,2,2
386849,0,0
20713,2,2
15029,1,1
243430,0,2
185305,2,2
373409,0,2
236908,0,0
222854,2,2
341042,2,1
110584,2,2
277094,2,1
275296,2,2
19811,2,2
48879,1,1
221416,1,2
244478,0,1
396095,1,1
127772,2,2
290160,1,1
399983,0,1
67896,2,1
339538,2,2
260258,2,2
357256,2,2
54917,0,2
384352,2,1
75538,1,1
269525,0,2
13402,2,0
303237,2,0
603,2,2
39114,0,1
268423,0,0
311480,1,1
265236,0,1
103916,0,0
218072,2,2
192610,0,2
69782,1,1
305836,1,1
106201,0,2
348630,2,1
113679,2,2
393765,2,1
193481,0,2
168654,2,2
3883,0,0
237254,2,2
24827,2,0
153517,2,2
309831,2,2
246902,1,1
14021,0,0
137394,2,2
200971,0,2
396660,2,2
95808,0,2
279694,2,1
337352,2,2
71858,2,2
193178,2,2
276843,2,2
327174,2,2
278741,1,1
46999,0,1
21353,2,1
240882,2,2
74376,1,1
126959,2,1
23828,2,2
302022,2,2
236046,0,0
253514,0,0
63689,2,0
233098,2,2
293237,2,2
93921,2,2
367750,1,1
255549,0,0
194673,1,1
222148,0,0
10105,0,2
162123,2,2
55706,2,1
192033,0,0
181791,1,1
130371,0,2
261970,2,2
112910,2,2
62047,2,2
101834,2,2
186554,0,0
68478,0,2
243427,2,1
128500,2,2
297891,1,1
291457,2,2
99469,0,0
321426,0,1
341696,0,2
303761,2,1
173639,0,1
172452,2,2
219712,2,2
210822,1,1
203952,0,2
262985,2,1
178807,1,1
81227,1,1
236972,2,2
186195,2,2
202509,0,2
207502,2,0
103402,0,2
115874,0,2
23473,0,1
7362,1,2
51364,2,2
86926,2,2
274479,0,2
126440,2,2
164928,0,2
167368,0,2
51928,2,2
122754,0,1
8001,2,2
81095,0,2
325957,1,1
109297,1,1
174112,1,1
39033,2,1
193545,2,1
127411,2,2
155790,0,2
103265,2,2
210697,1,1
257890,2,2
104676,0,0
110968,2,2
340993,0,0
259960,2,2
401034,1,1
64510,1,1
225404,2,1
178853,2,2
250662,1,2
110974,2,2
355370,2,1
132521,0,0
164299,2,2
376285,2,2
17356,1,1
34040,2,2
130601,0,0
386714,0,2
21292,2,2
322174,1,1
209396,2,2
256949,0,0
77492,1,1
148672,1,1
279017,2,1
348405,2,0
95335,2,2
332514,1,1
125199,2,2
59596,2,2
378220,2,2
90421,0,0
319992,0,0
162749,2,2
288868,2,2
76241,0,2
175427,0,1
173189,2,2
160985,2,2
48404,2,2
341991,2,2
192782,2,1
192017,0,2
305401,0,2
70519,0,2
196992,0,1
172566,2,1
206814,2,2
256711,2,0
261723,0,2
263174,0,0
360165,1,1
300253,2,2
30079,2,2
274638,1,1
63138,1,1
186197,2,2
138962,1,1
230371,1,1
134138,2,2
328617,2,2
186641,1,1
48875,0,2
151788,0,2
397359,1,1
227161,2,2
90161,0,2
306517,2,2
96058,0,1
267073,2,2
210209,2,2
303363,0,2
30358,0,2
372886,0,0
4474,2,2
326599,2,1
215644,2,2
401550,0,2
44439,1,1
326893,2,2
334200,2,2
280302,0,1
95581,0,2
353359,0,2
206453,2,2
346587,0,1
372448,2,0
47260,0,2
358356,2,2
183114,0,2
45210,0,2
79514,0,0
255486,0,0
117887,2,2
62593,0,2
300593,0,2
195353,2,2
245055,0,1
228589,0,1
261058,2,2
204105,2,2
124479,1,1
101785,1,1
378023,0,0
47181,2,2
205054,1,1
277556,2,2
166389,2,2
130609,1,1
9783,2,2
123159,2,1
341534,0,1
98222,1,1
244,2,1
258285,1,1
219923,0,1
204592,2,1
112882,1,1
186218,2,2
337794,2,2
79965,1,1
404278,0,1
192965,0,1
182100,0,2
292845,2,2
57746,1,1
57454,1,1
372529,0,2
255764,0,1
235239,2,2
227244,1,1
250275,2,2
368458,2,2
28778,1,1
108827,2,2
152151,0,0
105842,0,2
243452,2,2
155139,2,2
105941,0,0
31524,0,2
78104,2,2
222474,2,2
396104,0,1
297315,0,2
316609,2,1
276237,2,2
60913,0,2
218080,1,1
50919,1,1
49626,0,1
77015,0,2
312987,2,2
296704,1,1
204968,0,2
36754,2,1
376701,2,2
381055,0,2
40965,1,1
215197,2,2
117942,0,0
210500,2,0
32760,0,0
135878,1,1
256971,2,2
357475,1,1
45842,2,2
216677,1,1
73289,2,2
104548,2,2
178042,0,1
79810,1,1
65621,0,2
188120,2,1
164168,2,0
151871,1,1
166740,2,2
350664,0,2
272303,1,1
402591,2,2
183266,0,2
299554,2,2
373685,0,2
143462,2,2
298027,2,2
58013,0,2
295504,0,0
220610,0,0
358697,0,0
292942,2,2
10277,2,2
347561,2,2
155110,0,1
376301,0,0
219046,1,1
23925,2,2
258982,0,0
352060,1,1
280007,1,2
232851,0,0
64726,0,0
367781,0,1
146867,2,2
304716,0,2
307571,0,1
57021,2,2
198731,2,1
185778,0,2
142928,2,1
120157,1,1
230529,1,1
354943,0,1
254725,0,1
230571,2,2
91651,0,0
110949,0,0
158295,2,1
131300,1,1
134010,0,0
335420,2,2
247170,0,2
150929,0,0
45039,2,2
391748,2,2
402883,2,2
42649,2,2
132685,0,0
278975,1,1
23432,2,2
321352,0,0
366574,2,2
38597,0,0
148228,0,2
352984,0,1
164037,2,2
89356,0,0
230905,0,1
110816,2,2
26677,1,1
66253,1,1
102003,1,0
151874,2,2
372044,0,0
228388,0,2
323947,2,2
25859,0,0
139688,0,0
303563,0,2
39565,2,1
78595,1,1
313659,0,0
273937,0,0
117028,0,0
185655,0,2
380829,2,2
221933,2,2
154749,2,2
26808,2,2
145032,0,1
319263,2,2
187345,0,1
3683,2,2
260945,1,1
150798,0,2
299131,0,2
343039,2,2
72421,0,2
368523,0,2
279581,1,1
312626,0,0
301344,0,2
172543,0,0
283258,2,2
69682,2,2
88179,0,0
146337,1,0
241022,1,1
86757,0,1
284131,2,2
248730,2,2
113670,0,2
327779,0,2
283963,2,2
123458,1,1
129823,2,1
120396,2,2
402636,2,2
185794,1,1
129217,2,2
23542,0,0
372915,2,2
176018,1,1
383151,2,2
232725,1,1
124791,0,1
7331,0,2
397170,2,2
30963,0,0
79149,0,2
15581,2,2
225402,1,1
339355,0,2
366694,1,1
197890,2,2
393391,2,2
126907,1,1
210960,2,1
12863,0,1
340663,2,2
280727,0,2
189748,0,2
40850,2,2
212140,0,2
234653,0,1
386141,2,2
10376,2,2
392392,2,2
213434,1,1
143584,2,2
192682,2,2
128794,2,2
281161,2,2
65726,0,2
331997,2,2
304379,2,2
227525,0,2
270561,0,2
346747,2,1
70097,2,2
143556,2,2
251232,2,2
254207,2,2
117645,0,0
380623,1,1
312524,1,1
271047,0,2
166690,2,2
279540,1,1
129028,1,1
397034,2,2
387453,1,1
164243,0,2
208376,0,1
308641,0,0
229107,2,2
41075,2,2
271827,0,2
43644,0,1
154499,1,0
325998,0,0
232441,0,0
243698,1,1
2336,1,1
327582,2,2
396955,0,2
236344,0,2
192597,0,1
132578,0,2
192269,2,2
161788,1,1
135378,2,1
352132,1,1
119328,2,1
58601,0,2
279853,2,1
16247,0,2
338358,1,0
160130,0,1
56866,0,1
358564,2,2
373123,2,1
374830,0,0
357576,2,2
124599,0,1
376412,1,1
329420,0,1
127059,1,1
30906,0,2
102287,2,2
234080,0,1
244959,2,2
198226,1,1
180612,1,2
250701,1,1
130091,0,1
384629,0,1
374434,2,0
133927,2,2
230049,0,2
341074,1,1
244015,1,1
177785,1,1
122523,2,2
377173,0,0
339466,0,2
258336,0,2
46040,0,1
50248,1,1
110910,0,2
267061,2,2
41379,0,1
262523,1,1
107496,2,2
403559,2,2
302279,1,1
246896,2,2
226864,2,2
245933,2,2
171181,1,2
14652,2,2
138677,0,2
295642,1,1
89355,0,0
337870,2,2
338569,0,2
85187,2,2
135624,0,2
204660,1,1
286817,0,2
374227,1,1
108888,2,1
164394,0,0
95980,0,2
88440,0,0
319384,0,2
129733,2,2
40018,1,2
375743,1,1
315646,1,1
305509,2,2
115288,1,1
205446,0,2
176825,2,2
136140,2,2
40682,1,1
61215,2,2
42159,0,2
293182,1,1
359442,0,0
366460,2,2
333902,2,2
157690,0,0
352255,0,0
121940,1,1
393004,2,2
230325,0,2
232392,2,2
141447,0,1
337730,2,2
9592,2,2
196033,2,1
232074,2,2
298055,0,0
250365,2,2
403765,1,1
74596,2,2
19219,2,2
50755,1,1
354996,1,1
364925,2,2
44690,2,0
36044,0,2
281559,1,1
117159,1,1
216835,2,2
222828,0,2
207935,2,2
403872,2,2
53214,0,0
256916,0,1
83156,2,2
96690,0,0
131706,0,1
36311,1,1
333439,2,2
336847,0,0
343947,1,1
128678,2,2
333593,0,0
85205,2,2
185618,0,0
211140,2,2
119677,1,1
379550,2,2
302788,1,0
290824,2,2
148208,2,2
4503,2,1
315202,1,1
169241,0,1
253372,0,2
42525,1,1
352271,2,2
299742,2,2
92409,0,0
319686,2,0
368816,0,2
220662,2,2
197168,2,1
257064,2,2
93399,2,0
217534,2,2
123598,1,1
41650,2,2
404712,1,1
155645,2,2
98614,0,1
151770,2,2
102376,1,1
293646,1,1
277820,2,2
98783,2,2
191314,2,2
251093,2,2
323754,2,2
261214,0,0
187287,0,0
370181,2,2
141557,1,1
91762,2,2
179295,1,1
370764,2,2
90628,1,1
193446,2,1
118486,1,1
27296,2,2
138658,2,2
171394,2,2
135915,0,2
350450,0,1
128155,2,0
153785,2,2
374345,1,1
394369,0,2
311788,2,1
57544,2,1
278945,1,1
255920,0,0
316358,2,2
137694,1,1
21540,0,0
136744,2,2
221446,1,1
300386,2,2
366695,0,2
283799,0,1
328354,2,2
76887,0,0
62466,2,2
28954,2,1
263095,0,0
185782,2,2
279360,0,0
339320,2,0
50880,1,1
49613,0,2
195920,0,0
223907,1,1
355712,0,2
358771,2,2
348975,2,2
122350,0,0
244978,0,2
207293,0,1
333627,2,2
72192,0,1
330245,2,2
77779,2,1
167518,2,1
213396,2,2
273413,0,1
337408,0,2
224251,0,2
303591,0,1
204635,0,0
228127,1,1
279024,2,2
75190,0,0
268448,0,2
46502,2,2
120932,1,0
118032,2,0
155328,0,2
172950,2,2
38623,2,2
230565,2,1
216162,2,1
274559,0,0
346499,2,2
337218,2,2
278007,1,1
221379,2,2
152106,2,2
63911,0,0
235483,1,1
74737,2,1
19048,2,2
328760,0,1
310163,0,0
363649,2,2
301846,2,0
331210,0,1
152775,0,0
379940,1,1
380730,2,1
99329,1,1
92029,0,2
241336,2,0
130526,0,2
296217,0,2
239363,1,1
173860,0,0
125187,0,2
33860,0,2
218045,1,1
102996,2,2
27838,2,2
142058,2,2
373775,0,1
166417,2,2
51501,0,0
127423,1,2
209410,0,0
6409,1,1
159980,2,2
213120,0,2
195636,1,1
327394,2,2
157802,1,1
269962,0,0
339642,0,2
365485,2,1
156195,0,1
293022,2,2
385176,0,2
198640,0,2
224818,1,1
64664,2,2
120456,2,1
99632,2,2
90389,2,2
63046,0,2
228473,0,0
55716,2,2
279613,2,2
220659,2,2
98607,2,1
143681,2,2
347080,2,2
377956,1,1
298145,2,2
224321,0,2
75156,0,2
272853,2,2
305295,2,2
87522,1,1
398767,0,2
373884,0,1
107419,0,1
337002,2,2
300935,2,2
292117,1,1
194298,0,0
4062,0,0
147950,2,2
228695,1,1
114855,2,2
74925,0,1
113392,0,2
390145,1,1
63828,0,1
302626,1,1
148962,1,1
158573,2,2
314763,1,1
74809,2,2
28299,0,2
369204,0,2
32895,2,1
168659,1,1
237492,2,2
36515,0,1
267802,0,2
204862,0,2
378919,1,2
318890,2,2
29430,0,2
221091,0,2
63562,2,2
44502,1,2
277933,0,0
42542,2,2
256290,2,2
295319,1,1
148304,2,2
393598,2,2
317790,0,1
157843,2,2
294995,0,1
240086,0,1
321431,0,2
297838,0,2
117517,0,1
106174,2,2
203012,1,1
88142,0,0
78470,2,2
274145,0,0
130511,0,0
36094,2,2
28171,0,2
369976,0,1
36454,2,2
302060,0,0
333690,0,1
320552,2,1
58042,2,2
336364,2,2
170506,2,2
241709,2,2
225367,2,1
363362,1,1
135,0,0
214215,0,2
76274,2,2
132719,2,1
348744,0,2
297100,2,2
86098,0,1
276011,0,1
220455,0,1
164549,1,0
157310,0,2
99452,2,2
25163,0,2
197765,2,2
297043,2,2
137147,2,2
138090,2,2
114888,1,1
333103,0,2
4481,0,1
325166,0,0
88893,2,2
33466,0,2
394682,2,2
194944,2,2
200682,1,2
388335,2,2
387166,2,2
265483,2,2
45517,0,0
319958,2,2
208584,0,0
13885,0,1
38414,2,2
385769,2,2
212867,2,2
312411,0,1
215631,0,0
314478,0,1
384560,2,2
377833,1,1
208549,0,0
160183,0,0
140670,2,2
75813,1,1
237189,0,2
6944,0,2
272574,0,0
377086,0,0
305961,2,2
179432,2,0
209783,1,1
177411,2,2
292769,2,2
18857,1,1
166121,0,2
155824,2,2
85090,2,2
178786,0,0
377588,2,2
242922,0,2
10084,2,2
390794,2,2
173774,2,2
93740,2,2
199280,2,0
88643,2,2
310762,0,2
86278,1,1
364590,2,2
179929,0,2
100393,1,2
369059,2,2
339510,2,1
175595,2,2
110600,2,2
315772,2,2
106908,1,1
230166,2,2
48135,2,2
11760,0,1
19950,2,2
114952,0,2
180385,0,0
376144,1,2
19346,2,2
372075,0,1
368294,2,2
38164,2,2
47494,0,0
168183,0,0
146755,0,2
112872,0,1
219100,0,2
186600,0,0
32115,0,2
25447,2,2
311838,1,1
36455,1,1
351453,2,2
295187,0,0
290661,0,2
136165,2,2
395886,0,0
75978,1,2
177214,2,2
253387,0,1
319264,2,2
136476,2,2
345478,0,1
50218,0,2
260504,1,1
252393,1,1
14031,0,0
224269,2,2
308048,0,2
288702,2,1
327222,2,0
312925,0,2
242905,2,2
396138,0,1
313590,2,2
99909,2,2
74880,1,1
266087,2,2
266916,0,2
313957,2,0
130689,2,1
335110,2,2
394693,2,2
230890,2,2
253696,2,2
215237,2,2
235760,2,2
183894,0,0
35314,2,2
317559,2,1
255863,1,1
27331,2,2
216959,0,1
206274,0,0
226188,0,1
181212,2,2
322091,2,2
178748,1,1
313109,2,2
94850,0,2
75155,2,1
183011,1,1
261640,0,1
262923,0,0
37016,2,2
103172,0,0
136753,2,0
214873,1,1
398934,0,0
127420,0,0
395239,2,2
324416,1,1
271643,2,1
379407,2,2
364985,1,1
163405,2,2
171317,1,1
20070,0,1
22979,0,2
333954,1,1
233805,2,2
219056,0,2
9806,2,1
75178,1,1
130823,2,1
280945,2,2
271467,2,2
77159,2,2
20805,0,1
113355,0,0
342663,2,2
301317,2,2
253698,1,1
359179,1,1
25454,0,0
173335,0,0
69515,2,2
278925,0,1
124750,0,1
208334,0,0
261878,1,1
304942,2,2
26639,2,2
179960,0,2
382594,2,2
322238,0,2
357122,1,1
121296,0,0
352534,2,2
398487,0,2
281492,2,2
83054,0,2
245119,1,1
372451,2,1
70161,0,2
330829,1,1
366448,0,2
26512,1,1
242850,1,1
31211,1,1
86489,2,2
227527,0,0
321853,1,1
33382,0,0
395001,2,2
138012,2,2
97347,2,0
283631,0,0
201718,0,1
267749,0,1
293500,0,0
368188,2,2
379750,2,2
26897,2,2
261160,1,2
26345,2,1
224466,2,2
274020,0,1
223069,0,2
200967,1,1
274392,2,2
341684,2,2
58391,2,1
169345,1,1
13917,2,2
46452,0,0
396767,1,2
233465,1,1
279106,2,2
346074,0,2
327261,1,1
170154,2,2
178754,2,1
73703,2,1
237220,2,2
77080,2,2
332703,0,0
339879,2,2
172380,0,2
330574,2,0
273007,0,0
150956,0,1
205595,1,1
45486,2,0
347316,0,1
7412,0,1
175574,2,1
222650,2,2
276297,0,2
204228,2,2
259735,1,1
325454,0,2
4075,0,1
165321,0,2
46309,0,2
237410,2,2
71427,0,0
86266,2,2
307593,2,1
49270,2,2
142062,0,1
320565,0,1
74162,0,0
283815,2,2
208621,2,2
43680,2,2
145771,2,2
399157,2,2
288247,1,1
808,0,2
349011,1,1
342791,0,2
36704,0,0
360122,2,2
23338,2,2
325939,0,1
312932,0,0
317875,2,2
249451,2,1
49959,2,2
58880,1,1
257256,1,1
57734,1,1
169944,0,2
196666,2,1
181108,0,2
57079,2,2
256893,0,2
214245,2,2
241987,2,2
271777,0,2
319849,2,2
349571,2,2
202591,2,2
300456,2,2
168471,0,0
166159,0,0
17197,2,2
277940,0,1
239299,0,1
108187,2,2
166939,2,2
119865,2,2
383451,0,2
176203,2,2
276574,0,0
128998,2,2
239787,0,2
279384,2,2
295250,0,2
330068,0,1
227398,0,1
234457,0,1
85025,1,1
49717,2,2
387278,1,1
14463,1,1
305791,2,1
344892,0,2
149764,2,2
370103,2,2
149036,0,1
390426,2,1
206822,0,0
35172,2,2
77508,0,0
260465,0,2
153373,0,1
45719,2,2
318898,2,2
309992,2,2
160701,2,2
83728,2,2
34386,0,1
80889,0,2
8393,0,1
343413,0,1
52014,2,2
293242,0,1
42895,0,1
18370,1,1
281714,0,2
265776,0,0
311137,1,1
136062,2,2
144577,0,0
57195,0,0
161267,2,2
225410,2,1
399798,0,1
32128,2,2
187357,2,1
228652,0,2
347501,1,2
65158,0,2
230931,0,2
187552,0,1
192795,2,2
5209,2,2
58722,0,0
233346,2,1
11090,0,1
99067,2,2
352202,0,0
318196,1,1
214306,1,1
358478,0,1
287481,2,0
180985,2,2
306735,2,1
14429,2,0
322406,2,2
59061,0,2
75699,2,1
240798,0,0
89767,0,0
2346,2,2
119649,2,2
311308,0,1
111554,2,2
145114,2,2
89249,0,0
300708,2,2
76572,1,1
25662,2,2
367589,2,2
17757,0,2
353424,0,1
202401,2,2
356545,2,1
36966,0,0
119543,2,2
29951,2,2
1857,2,2
2860,0,2
305615,0,1
392740,2,2
342721,2,2
19499,0,1
68615,0,0
288847,2,0
295616,2,2
24118,0,1
13433,0,2
205347,1,1
197065,2,2
313504,0,0
22861,0,0
285486,0,2
68461,0,0
45614,0,0
56419,0,1
161479,0,0
277486,2,2
153540,2,1
252928,0,1
390180,1,1
64518,0,0
172977,0,0
252634,0,0
351087,0,0
225782,2,2
101580,2,2
124048,2,2
339672,2,2
236659,0,1
285364,2,2
52389,1,1
24945,0,0
116318,1,1
369473,0,2
169678,0,1
254473,2,2
19619,2,2
297794,0,0
96684,2,1
202427,2,2
299480,2,2
353220,2,0
92579,1,1
372113,0,0
295128,2,2
388046,0,0
292600,2,2
359758,2,2
59882,1,0
214738,0,2
279683,0,2
353810,2,2
69746,0,2
177009,0,2
189961,2,2
1670,1,1
363632,0,1
35691,1,1
174260,2,0
310726,1,1
261602,2,2
238239,2,2
49834,2,2
300817,2,2
360085,0,1
274954,1,1
30283,1,1
86476,0,2
354927,0,2
112886,1,1
213987,0,2
283162,0,0
215978,2,2
400405,0,1
16095,0,0
281784,2,2
149779,1,1
393423,2,2
402584,0,2
388563,2,2
134085,1,1
57966,2,2
317435,2,2
218301,0,0
222926,0,2
229773,1,1
320808,2,1
1774,2,2
136343,2,2
139365,2,1
340626,0,2
296239,2,2
148664,0,0
233529,2,1
109251,2,1
317102,0,0
226491,2,2
392208,1,1
282585,2,2
346098,2,2
327010,0,2
193145,2,2
277340,0,2
68603,0,2
196932,0,2
135359,2,1
172118,0,0
357890,0,1
209752,2,2
58489,0,2
103723,2,2
100120,0,2
318458,2,0
232763,2,1
311296,0,2
179011,0,0
262074,2,2
146943,0,1
309331,2,2
235166,2,1
129143,1,1
258620,0,2
20576,0,0
38040,2,2
39250,1,1
159972,2,2
365050,2,2
77096,1,1
257977,2,2
332779,1,1
211111,2,2
63579,1,1
53727,2,1
68792,2,2
248737,1,1
42705,2,2
378538,1,0
322070,2,2
3727,2,2
7925,0,2
86362,2,2
101840,0,2
260117,2,2
24201,1,1
17318,2,2
124343,0,0
404795,0,1
376807,0,2
253543,1,1
114042,2,0
154704,2,2
15333,2,2
398010,0,2
205904,2,0
13688,2,2
31177,1,1
49225,2,2
263589,0,0
25108,2,1
82823,0,1
248499,2,2
136923,0,0
236225,0,0
45718,2,2
253109,0,0
342950,2,1
35748,2,2
110316,0,2
195743,1,1
27019,2,2
102494,0,2
50878,0,2
56758,2,2
82457,0,0
130862,2,2
12690,2,2
257597,1,1
201444,0,0
6578,2,2
157307,2,2
296078,0,0
17191,0,1
264042,2,2
319119,0,0
231770,0,2
203704,2,2
219760,2,2
302462,0,0
6611,1,1
296051,2,1
274154,2,1
249826,2,1
48464,2,2
36664,2,2
339979,2,1
257323,2,1
335186,2,2
84152,0,0
115849,0,2
184492,2,2
260075,1,1
265258,1,2
50651,2,2
189327,0,0
370448,2,1
180566,1,1
119364,0,1
97888,0,1
116982,2,2
45113,2,2
310970,1,1
403344,2,0
295742,1,1
321160,0,1
31961,0,2
147530,0,1
248377,0,2
226147,2,2
90624,2,2
254112,2,1
42894,0,1
358309,2,2
126344,2,1
172350,2,1
227517,2,1
221104,0,2
85726,2,1
79665,0,2
266508,0,1
301624,0,1
267634,0,2
303745,0,0
307409,0,0
177608,1,1
262452,0,2
209777,2,2
321288,2,2
82779,2,2
111991,0,2
406278,2,2
242365,0,1
397605,2,2
291987,0,0
293521,2,1
241828,1,1
144485,0,1
362571,2,1
321797,0,0
360446,0,0
316761,0,0
77349,2,2
391872,0,1
227032,1,0
134481,2,0
219371,1,1
400282,2,2
109350,2,2
32132,0,0
151738,1,1
164890,2,2
132673,2,1
58697,0,2
304043,1,1
183772,2,2
135647,1,2
70305,2,2
160288,2,2
12183,2,2
106373,2,1
274098,0,0
214168,1,1
65370,0,1
401815,0,1
91072,1,1
321251,0,0
276974,0,0
215006,2,0
59173,2,2
292427,2,1
373235,0,0
242911,2,2
226335,2,2
318360,0,0
102422,0,0
69144,2,2
300308,1,1
184286,0,1
346067,2,2
297527,2,2
191745,2,2
306734,2,2
176893,0,0
372659,1,1
34976,2,0
319882,2,2
37147,2,0
126230,2,2
383961,2,2
363078,2,2
135182,2,2
74337,2,2
311352,0,2
207223,0,0
85638,2,2
323340,0,2
194480,0,2
269960,2,1
218972,2,2
71333,0,0
308075,2,2
127084,0,0
323895,2,1
250173,1,1
399162,2,1
335707,2,2
160088,2,2
223191,2,2
292161,2,2
346262,0,2
301157,0,2
36528,0,2
77113,0,0
143712,0,2
270667,0,0
322826,1,1
163361,2,1
322069,2,2
267523,0,1
287018,0,2
115751,2,1
287594,0,0
352045,2,1
87356,0,2
150505,2,2
106699,1,1
242252,2,2
273347,0,2
179937,2,1
164004,0,0
250286,1,1
150520,2,1
47922,0,2
123870,2,1
405380,2,2
23555,2,1
251692,2,1
299595,2,1
347066,2,2
120731,0,0
223779,2,2
13075,2,2
268543,2,2
218313,2,2
255300,0,0
205434,0,0
123324,0,2
17998,2,2
214217,1,1
159834,2,1
364375,2,2
233937,2,1
89525,2,2
99857,2,1
43998,2,2
199296,0,0
78372,1,1
155189,0,1
269988,2,2
343997,2,2
21260,1,1
378918,1,1
88355,2,1
346813,0,2
372819,2,0
122487,2,2
7233,2,1
44860,2,2
299127,1,1
342271,0,1
268335,0,0
346834,0,0
173005,0,0
84937,2,2
228500,0,0
348115,2,0
261885,0,2
170304,2,2
169087,2,2
293985,2,2
21911,1,1
85583,2,2
128869,0,2
210056,2,1
390993,0,2
15054,0,2
400821,0,2
30076,2,2
333274,1,1
224497,2,2
404593,2,1
59051,2,2
332350,2,1
51942,1,1
53623,1,1
82879,2,0
406228,2,2
60117,2,2
225639,1,1
256613,1,1
6371,0,1
101150,0,1
73590,1,1
191795,2,2
317488,2,2
153824,2,1
244727,2,1
11074,1,2
145377,2,2
352138,2,2
25490,1,1
59913,2,2
310761,2,2
188505,2,2
151164,0,0
183641,1,1
208033,2,0
281283,1,2
37193,2,2
16398,2,2
359412,0,0
148543,0,0
168317,0,0
84185,2,2
207141,0,2
261501,1,1
277074,2,2
326896,2,2
269718,2,2
266216,0,0
367676,2,2
380804,0,0
106329,0,2
50580,0,0
324951,0,1
320578,2,2
188520,0,2
84897,1,1
258747,0,0
369627,2,2
177187,0,0
376679,2,1
300399,0,1
355606,2,1
342357,2,1
165856,0,0
346295,0,1
81908,0,2
44227,1,1
323539,2,2
405259,0,0
347366,2,2
365446,0,0
179012,2,1
140092,2,2
371573,1,1
27781,2,2
367856,2,2
254567,0,0
203764,2,0
158251,0,2
330608,2,2
263013,0,2
40571,0,2
385837,0,2
291992,0,1
307958,2,2
400430,0,2
340317,0,0
120637,0,1
158358,2,2
184846,2,2
364565,0,2
294431,1,1
303157,2,2
390911,0,0
372841,2,2
108722,0,2
52232,0,1
309615,2,2
211323,0,2
1450,2,2
37388,0,0
280932,2,2
105702,2,2
390842,2,2
6082,0,2
138126,0,2
68946,2,2
369794,2,2
24444,2,2
13439,2,2
187687,2,2
306845,2,2
125428,2,2
179150,0,0
203905,1,1
236114,0,0
338005,2,1
365688,2,2
69344,0,0
382110,0,1
379386,2,2
101250,2,2
292891,2,1
238953,0,0
283629,1,1
167273,0,1
350940,2,2
266074,2,0
113958,2,1
10841,2,1
149280,2,2
254953,0,2
57057,2,0
174354,0,2
163833,2,2
24213,2,2
58863,0,1
216627,1,1
349769,1,1
109931,2,2
82844,2,2
207822,0,2
174364,2,2
258262,2,2
215684,2,2
176677,1,1
266403,1,1
28024,2,1
171068,2,2
376457,2,2
387235,2,2
355312,0,0
88378,1,1
70033,2,2
374969,0,2
329577,0,2
191254,1,1
213694,0,2
200336,0,1
218436,0,0
227115,0,0
135189,0,2
307782,0,2
322101,2,1
124417,2,2
153441,0,0
326907,0,0
89099,1,1
372369,0,2
172043,2,2
43176,0,0
118996,1,1
17403,0,0
28998,2,2
252801,1,1
61445,0,2
320759,2,2
239296,2,2
361657,0,2
179706,0,0
320307,1,1
405435,0,0
249172,1,1
18918,1,1
6948,2,2
73731,1,1
404491,0,0
285526,2,2
348813,2,2
225306,1,1
113992,0,2
90810,2,1
301530,2,1
95169,0,1
244179,1,1
72414,1,1
240930,0,1
2317,1,1
262895,0,1
297862,0,1
70313,0,2
73877,1,0
400374,2,1
76851,2,2
37646,1,1
334910,2,1
231300,0,2
134356,0,2
369804,0,2
344472,0,0
7850,2,2
275749,2,0
235334,2,2
301286,2,1
263757,2,2
44311,1,1
208137,0,1
211295,2,2
40936,0,0
264746,2,1
179632,0,0
269144,0,2
176266,2,2
187054,0,1
12804,1,1
202856,0,0
221156,0,1
126535,2,2
311562,0,2
135986,2,2
320575,2,1
264460,0,0
382529,1,1
96769,2,2
181603,2,2
294883,1,1
63655,1,1
204915,1,1
223817,1,1
286109,0,1
115096,2,2
49107,0,0
89334,0,2
97757,2,2
78535,2,2
282602,0,2
90551,2,2
240693,0,0
78828,0,1
191997,2,2
394203,0,2
129323,2,1
55183,0,0
70844,2,2
257939,0,0
265035,1,1
292443,2,2
243663,2,1
122468,0,0
94832,0,1
142401,2,2
279515,2,2
137179,2,2
328093,0,2
368928,2,2
365867,0,1
43426,0,2
118956,2,2
76385,2,2
364716,0,2
293472,2,2
105617,2,2
208551,1,1
292606,2,2
211918,2,1
272848,0,1
170951,0,1
369117,2,1
33311,2,2
106518,2,2
31157,2,2
312086,2,2
327408,1,1
131575,2,2
163239,2,2
197764,2,2
52130,2,2
78122,2,2
126458,0,0
346692,0,0
80854,1,1
130201,2,2
307519,2,2
298024,2,2
359151,2,1
226016,0,0
208077,2,0
180306,0,2
279201,2,2
245671,1,1
340225,2,2
333651,1,1
293061,0,0
371121,2,2
366840,2,2
366436,2,2
281110,2,2
115650,2,2
80651,0,1
248960,1,1
306919,0,2
303948,1,1
395700,0,0
186146,0,2
357568,0,1
172272,0,2
332915,2,2
209589,2,2
288308,2,2
213663,2,2
54329,0,0
113612,1,1
377037,2,1
337967,2,2
313886,0,2
326039,2,2
318503,2,1
258292,0,0
220165,2,2
181997,0,2
14791,2,1
2008,2,1
248516,2,0
74332,0,1
119489,2,2
189871,2,2
81341,2,2
305713,0,2
78315,2,2
119092,2,2
76310,2,2
381633,2,1
373281,0,2
127725,1,1
46839,2,1
303492,2,2
234047,0,1
93826,0,0
27914,0,0
253980,1,0
48902,1,1
6776,1,1
26902,0,2
300347,2,1
356047,0,2
385160,2,2
327031,0,0
369492,2,2
273604,0,2
43495,2,2
238399,2,2
351551,0,2
120820,1,1
313553,0,2
75098,1,2
405540,1,1
41252,2,2
299029,2,2
343778,2,2
31115,0,2
180720,2,2
228674,1,1
336842,1,1
227717,2,1
386631,0,0
307398,2,2
24295,1,2
329825,2,2
397569,0,0
366051,0,2
93502,1,1
232291,2,2
201650,0,1
37827,0,2
5947,2,2
334864,0,0
291488,2,2
3464,0,0
263078,1,2
287289,0,0
363019,0,1
399907,0,2
10993,0,1
121372,2,2
288801,2,2
240430,1,2
372295,1,1
221912,2,2
116977,2,2
337982,2,1
325294,2,1
384066,1,1
51890,1,1
381507,2,2
348498,2,2
314313,0,2
6590,0,2
223481,0,1
117884,2,0
144620,2,2
252948,0,1
379947,2,1
74497,1,1
228117,2,2
267656,0,0
392607,2,2
84616,2,0
352543,2,1
273377,2,2
398005,0,2
196112,0,2
53751,2,1
178788,2,2
64687,2,2
233054,0,0
212824,0,0
327142,2,2
253760,0,2
382031,0,2
253825,2,2
134489,1,1
319133,1,1
30765,2,2
218171,0,0
275224,0,2
374991,2,2
333409,0,0
222686,2,2
1813,2,2
49634,2,2
260305,2,1
80914,2,2
8895,2,2
310070,2,2
206797,0,2
288621,0,2
102211,0,2
258762,1,1
368470,0,1
100726,2,2
72351,2,2
74655,1,1
165392,0,2
370453,2,2
267808,2,2
128177,2,2
233000,0,2
181878,2,2
290767,2,1
73097,2,2
52022,2,2
10273,2,2
197186,2,2
204241,2,1
103190,2,2
188299,1,1
151886,2,2
198586,2,2
69178,2,2
313552,0,2
62955,1,1
133231,2,2
276200,2,2
198326,1,1
306405,2,2
359627,2,2
106703,2,2
340539,1,1
17452,1,1
197964,0,2
375551,0,0
268469,2,2
67298,2,2
19373,2,2
232334,2,2
147602,1,1
149109,1,1
160493,1,1
257062,0,1
315673,0,2
287706,0,0
294050,0,1
171204,2,2
8400,2,2
204906,2,2
338910,0,0
342455,1,1
136641,1,2
152394,0,1
37840,0,0
149681,2,2
222398,0,2
20549,2,1
303354,0,0
255496,2,1
132276,1,1
44849,1,1
37405,2,2
297104,1,1
207833,2,2
78138,0,0
232888,0,2
391185,1,1
262206,0,1
249364,0,2
285200,2,0
292355,2,2
332356,1,0
345426,2,1
41179,2,2
118078,0,2
4035,0,1
326536,0,0
152012,2,2
226562,2,2
23509,2,1
43038,1,1
17043,2,2
202055,0,2
76667,2,2
102199,0,0
189015,1,1
282512,2,2
258685,2,2
187130,2,2
119628,0,1
203997,0,0
165074,0,1
43952,2,2
292244,2,2
359463,0,1
206060,0,0
376705,0,0
65878,2,2
217646,2,2
388339,0,2
330782,0,2
350796,2,2
272839,2,2
87278,0,1
215808,2,2
91382,0,0
155595,2,2
81075,2,2
289576,1,1
192196,1,1
43418,2,1
359674,2,1
190455,2,2
191677,2,2
146887,1,1
362984,0,0
156889,1,1
32148,2,1
152023,1,2
157823,1,1
86320,2,2
320238,2,1
250423,2,2
373930,0,2
70209,0,2
168977,2,1
192912,0,2
18436,2,1
164517,0,0
394732,2,2
303970,2,2
342026,0,1
51181,0,1
229201,2,0
204183,2,2
337738,2,2
290332,2,2
364770,2,2
370193,2,2
381882,2,1
245927,0,2
401992,1,1
400955,0,1
403337,0,2
355831,1,0
33949,0,0
129370,1,1
55193,2,2
44852,1,1
179947,2,2
145582,2,2
282328,0,0
162104,2,2
230375,0,0
78527,2,2
174957,1,1
281721,2,2
246416,1,1
350623,0,2
144667,0,2
194459,2,2
157341,2,2
279168,2,2
54132,2,2
172155,0,0
87869,0,0
202373,2,1
12759,0,0
22226,2,1
330481,2,2
326754,0,0
115103,2,2
85155,1,1
384295,2,2
380635,2,0
225536,2,0
349402,1,0
46326,1,1
242597,0,1
159876,2,2
265049,2,2
7080,2,2
113911,0,2
242286,0,0
147373,0,0
168046,0,0
209563,2,1
9839,2,2
211482,0,2
81328,0,0
198855,2,2
294743,2,2
173144,2,2
100877,2,0
249122,2,2
28903,0,2
393747,0,0
103589,1,1
328497,0,2
129517,1,1
317324,0,1
199228,0,1
310654,2,2
96862,2,2
339400,2,2
379404,0,2
74419,2,2
34653,1,1
208364,0,0
228909,2,1
69753,2,2
171566,0,2
208247,2,2
3675,1,1
74615,2,2
78305,0,0
303997,2,2
308409,1,1
165107,2,2
223759,2,2
298368,0,1
11818,2,0
340157,0,2
87250,1,1
313008,0,0
393225,2,0
152569,0,2
177853,0,2
29541,0,0
18455,2,2
182369,2,1
351637,1,1
322800,0,0
279511,0,0
45192,2,2
140497,2,2
385682,2,2
192705,0,2
40624,0,0
238483,1,2
347972,2,1
203648,0,1
274563,2,2
334779,0,1
128193,2,2
322171,1,1
219603,2,2
357887,2,2
11145,0,2
146493,0,0
87334,2,1
19342,2,1
277694,1,1
300226,0,1
348320,2,2
253519,0,2
224107,2,2
377928,1,1
219996,0,2
115698,2,1
151352,0,1
329870,2,2
139396,0,2
399884,2,2
139106,2,1
403741,2,2
313099,0,0
136263,1,1
398423,0,2
25169,0,1
115091,2,2
131902,2,2
271487,2,2
308478,1,1
34281,2,2
227497,2,2
345650,0,2
41141,1,1
343240,2,2
133264,2,1
390016,0,1
365303,0,1
193329,2,2
73509,1,1
391841,0,1
283659,1,1
394629,2,2
54192,1,1
226300,1,1
4965,0,2
256755,1,1
53646,2,0
139128,2,2
300045,2,2
338012,1,1
87399,2,2
403834,1,1
403786,0,2
395007,2,2
277589,2,1
367417,2,2
396525,1,1
48486,2,2
231731,2,0
272075,2,2
289380,2,2
208604,2,2
185945,2,1
317879,2,2
13747,2,2
49055,0,2
48310,0,0
250091,2,2
271470,0,2
83678,2,2
71262,2,1
371836,2,2
118622,1,1
337304,0,2
63486,0,2
192164,2,2
221405,2,2
284394,0,0
292603,2,2
380149,1,1
337229,2,2
83507,1,1
278292,2,2
14788,0,0
381214,2,1
382131,0,0
13585,0,2
330411,2,2
363643,2,2
181874,0,1
378811,0,2
245756,1,1
400097,1,1
42077,2,2
317160,0,2
308956,2,2
94992,2,2
28321,0,1
382378,1,1
247785,0,0
230336,2,2
257612,2,2
251367,2,2
131735,0,1
182759,1,1
11267,2,1
281498,1,1
175130,0,1
101157,2,2
180331,0,0
63322,2,2
135016,2,2
379746,2,1
310359,2,2
249760,2,2
324145,0,2
231513,2,2
360410,1,1
50138,1,1
148918,2,2
284415,0,2
57166,2,2
23005,0,1
272933,0,2
72578,2,2
121225,0,0
82982,1,1
44007,0,0
90235,0,0
301369,0,0
232611,2,0
308543,2,2
283590,2,2
126627,2,2
210782,2,2
193011,1,1
177854,2,1
3356,1,1
274135,2,2
296707,0,2
285316,2,2
245104,0,0
216221,1,1
186900,2,0
37273,2,0
105801,2,0
123061,1,1
246333,2,2
356546,2,1
333744,2,2
333399,2,2
283605,0,1
275527,0,1
24361,0,2
15807,0,0
381952,2,1
375397,1,1
368015,0,2
17492,0,1
97357,1,2
282536,0,2
176950,1,1
350762,2,2
106240,1,1
220536,0,1
270435,2,2
287369,1,1
347327,2,2
150556,0,0
23504,1,1
338237,2,2
274783,1,1
144357,0,0
1614,2,2
193786,2,2
344029,0,0
9554,2,2
200797,2,2
128615,0,2
380476,0,1
307787,2,2
331878,0,0
378367,2,2
247114,0,2
82920,0,2
263583,2,2
15955,2,1
285484,0,1
115856,2,1
383365,0,1
111566,2,2
231358,0,2
30802,0,0
160408,0,2
302296,2,1
195502,0,1
400953,0,1
308261,2,2
219687,2,2
122909,0,1
239662,0,0
238904,2,2
387045,0,2
122111,2,2
220477,0,0
282463,0,1
395875,0,1
214890,1,1
62048,1,1
218920,2,0
298503,2,2
211309,0,2
354006,1,1
362007,0,2
47712,1,1
243076,2,2
314199,2,2
188449,0,2
167020,2,2
138816,2,1
21747,1,1
28352,2,2
38918,2,0
180983,1,1
298917,0,2
316181,0,0
39205,0,1
209542,0,1
216415,2,2
53577,1,1
229473,2,2
370570,0,1
369567,0,0
31657,0,1
139734,2,2
270896,0,2
110706,0,2
261391,0,0
398182,2,1
346246,2,1
66843,0,2
313852,2,2
346689,0,1
353577,2,2
171592,0,2
340504,0,2
68427,1,1
66540,2,2
324252,2,2
391510,2,2
238462,0,2
252131,1,2
331164,2,2
93590,2,2
28646,1,1
169765,0,2
115812,2,2
235970,2,2
178191,2,2
403774,0,0
277059,2,2
337085,1,2
399241,0,2
383741,0,2
386511,2,2
106280,2,2
183836,2,2
41153,2,2
221698,2,0
313666,0,1
267856,1,1
101730,0,2
209627,0,2
302196,0,2
59041,2,1
246925,0,1
202630,2,2
203788,2,1
55541,2,1
171844,0,2
384777,2,2
99170,0,1
164357,2,1
253236,2,1
219353,1,1
305868,0,2
51412,0,2
280730,2,2
141398,2,2
325314,2,0
110664,1,2
26940,0,0
181578,0,0
331559,1,1
385191,0,2
133433,0,0
221555,1,1
118953,0,0
29188,2,2
41459,0,1
190880,2,1
389853,2,2
102102,0,0
170976,0,0
247238,0,2
401061,0,2
37801,1,1
248243,1,1
286238,2,2
41895,0,2
231530,1,1
272255,2,2
346519,0,1
33505,2,2
258579,1,1
227963,2,2
190199,2,2
363945,2,1
321500,0,0
275748,1,1
289738,1,1
288780,2,2
150387,2,2
396497,1,1
32494,2,2
246373,1,1
107055,2,2
60014,1,1
288266,0,2
13641,2,2
247396,2,2
84976,2,2
220772,1,1
189173,1,1
236904,2,1
272716,1,1
154210,2,2
328682,0,0
304318,2,2
338997,2,2
32104,2,2
308772,2,1
255472,1,1
384332,2,2
348201,2,2
332954,0,1
22849,0,0
123393,0,2
1168,2,2
246997,2,2
317940,2,0
333957,1,1
20118,2,2
58322,0,2
158277,2,2
51969,2,2
3652,1,1
296423,1,1
365653,2,2
72398,0,1
359917,2,2
354408,2,2
217666,2,2
237366,1,1
46509,2,2
329974,2,2
296,2,2
20852,1,1
298356,0,0
80984,1,2
23405,2,2
140846,2,2
330593,2,0
323338,2,2
405559,0,1
120208,0,2
162930,2,2
352912,1,1
159143,2,2
387550,2,1
361,0,2
299010,0,2
187507,1,0
8639,0,2
98195,0,2
194885,2,1
121410,2,1
118462,2,0
255165,2,2
165085,1,1
67129,2,0
357812,0,1
33453,2,2
378614,0,2
24393,2,1
242230,1,1
404437,0,2
251426,0,1
7189,0,0
15771,1,1
399369,0,0
248175,0,2
178272,2,1
249839,0,2
100406,0,1
80894,2,2
359604,1,1
269540,2,1
103817,0,2
242730,1,1
309115,0,2
25747,0,0
54460,0,1
181492,0,0
231114,0,1
75524,1,1
265585,2,2
1239,2,2
262561,2,1
71646,0,2
244798,0,0
189862,2,2
380510,2,2
292972,0,0
221086,0,2
274023,2,2
164506,1,1
218966,0,0
243154,2,2
281428,0,2
164080,2,2
373910,2,1
164252,0,1
345730,1,1
272757,0,2
164723,2,1
62907,0,1
366957,0,0
110446,2,1
107447,0,0
143995,0,0
125488,0,2
392634,2,2
56689,2,2
168872,0,0
80341,2,2
357586,0,1
68204,2,0
298733,0,2
23292,2,1
101959,2,2
70094,2,0
257651,2,2
133844,0,1
237429,1,1
28067,2,0
187668,1,1
72763,2,2
261968,2,1
309018,2,2
363043,1,1
72682,2,2
391638,2,2
39307,0,2
316814,0,2
139002,0,2
310538,0,2
62240,0,2
234583,2,2
247144,2,2
134493,2,2
270540,2,2
209479,2,2
158779,2,2
7554,0,0
281491,0,0
382608,2,2
64511,0,0
337585,2,2
271457,0,1
302666,0,1
39353,0,1
275449,0,2
145306,1,1
67518,0,1
102045,2,1
254010,0,2
65809,0,0
227924,1,1
163742,1,1
100334,0,2
389254,2,2
62771,0,2
258271,2,2
228355,0,2
7105,2,1
346727,0,0
275219,0,2
335921,1,0
395134,0,0
269594,2,2
58551,0,2
53185,0,1
84984,2,2
333995,0,0
67752,2,2
92050,2,1
262478,2,2
368382,2,2
365497,2,2
135308,0,0
192815,0,0
129968,2,2
356986,2,2
183893,2,2
280388,2,2
214640,0,0
158454,0,1
53456,2,2
369930,2,2
391213,0,0
178038,1,1
244232,0,2
75482,0,0
100560,0,1
293787,0,2
28274,0,1
108021,1,1
320650,2,2
382828,1,1
328025,1,1
351752,2,2
312587,1,1
56763,0,1
75204,0,1
152358,0,1
183421,2,1
283416,2,2
106340,2,2
309805,0,0
79587,2,2
178478,0,2
61206,2,2
163369,0,2
106890,1,1
306777,1,1
114965,1,2
352657,2,2
8016,2,2
101265,2,2
237792,2,2
173426,2,1
135052,2,2
29701,0,2
277667,2,2
355333,2,2
285813,0,2
157464,1,1
334556,2,0
89293,0,0
35126,2,2
268390,1,1
75099,1,0
76196,0,2
161458,2,2
187384,2,2
54845,1,1
393817,0,1
75433,0,0
41894,0,0
221105,0,1
347184,0,1
141136,2,2
279858,0,2
319246,2,2
306954,0,1
385822,0,2
330991,2,2
309528,0,0
87337,0,2
117045,1,1
166725,2,2
142715,1,0
167663,2,2
166501,2,2
223593,2,2
222383,1,1
201615,2,2
139100,1,1
54376,0,2
143645,2,1
281454,0,2
302135,0,2
77295,2,2
242200,2,0
93500,2,2
183536,2,2
374439,1,1
96887,2,2
360026,2,2
131355,2,2
63263,2,2
274134,2,2
199522,1,1
67611,1,1
60484,2,2
23469,2,2
290853,2,2
191199,2,2
268179,1,1
305437,0,1
241218,2,2
233566,2,2
192475,2,2
164498,0,2
228226,2,2
79191,0,2
133170,2,2
293864,2,1
311125,0,0
102657,0,0
75259,1,1
315348,2,2
109066,0,1
47227,1,1
24902,0,2
399611,2,1
57642,2,2
394656,2,0
363044,1,1
100083,2,2
290412,0,1
227323,2,2
17890,2,2
30312,0,2
378013,2,1
381976,1,1
166930,0,1
206525,2,2
171475,2,1
339134,0,0
198170,0,2
220103,1,1
44703,0,0
235649,2,2
337712,0,2
35712,2,2
354380,0,1
181144,2,2
15447,2,2
209473,2,2
229527,2,2
82505,0,1
33979,0,0
151424,0,2
68082,0,0
16211,2,2
255117,2,2
71476,0,0
236731,2,2
319492,2,2
284146,0,2
286086,0,2
45505,2,2
130342,1,0
376945,0,2
243475,2,2
257536,0,0
28795,0,1
239437,2,2
109791,0,1
153485,2,2
86911,2,2
22426,0,2
18454,2,2
113860,2,2
55091,2,2
209586,0,1
376012,0,0
285407,2,2
180923,0,1
296682,0,1
344407,0,2
331248,1,1
323255,2,1
196141,0,0
101137,2,2
17767,1,1
347223,0,2
313652,2,2
391466,2,2
209544,2,2
195071,0,1
202662,0,2
104856,1,1
200350,2,2
247556,2,2
68634,2,2
51932,0,1
286796,1,0
36835,2,2
349590,0,0
56744,2,2
160973,1,1
126753,0,1
260227,2,2
182366,0,2
299486,2,2
203312,0,2
287647,0,1
146360,0,2
336151,2,2
190957,0,0
85469,0,1
126813,2,2
341820,1,1
220871,0,2
221736,2,2
237722,0,0
242463,2,2
406276,2,0
41056,2,2
380917,0,0
42778,1,1
308082,0,2
370851,0,0
67413,2,2
334907,0,2
292372,0,2
24271,0,2
235278,2,2
125515,2,2
299700,0,1
151883,2,2
33569,2,2
86882,2,1
106059,2,2
131420,0,2
26237,1,1
136529,2,2
248403,0,0
102324,2,2
342091,0,0
134006,2,2
113674,0,2
132029,2,2
127393,0,1
74138,0,0
278986,1,1
137386,1,1
379853,2,1
217498,2,1
26833,2,1
286734,0,2
132108,2,2
392066,0,0
39061,0,1
269789,0,0
25428,0,2
395794,2,2
81567,1,1
49576,1,1
279679,2,2
184542,0,2
339211,0,1
99838,2,2
133549,2,2
315294,0,1
320737,0,0
165788,0,0
64338,2,0
13704,2,2
304880,1,1
277379,0,0
132700,0,0
261963,2,2
33177,2,2
259463,2,2
28016,2,1
99533,2,2
385245,2,2
229660,2,2
257866,2,1
136762,2,2
116186,1,1
249985,2,1
221403,0,2
121346,1,1
125115,1,1
1387,2,2
176940,1,1
37511,2,2
58879,2,2
374468,0,0
39207,2,2
291803,2,2
34499,2,2
366595,2,2
405397,0,2
362956,2,2
343052,2,2
74529,0,2
82903,0,2
225462,2,2
233994,2,1
68171,2,2
9004,2,1
151207,1,1
227130,1,1
99475,1,1
229821,2,2
190360,0,2
237937,2,2
405141,0,1
310633,2,1
78131,2,1
16198,1,1
784,1,1
115731,2,2
68118,0,0
111630,2,2
80426,2,1
125291,0,2
295196,2,2
143329,2,2
225918,0,0
177288,2,2
107512,0,2
374713,1,1
386568,2,1
55592,2,2
228065,0,0
266554,1,1
134964,2,1
152365,2,1
236868,1,1
50979,0,2
383202,2,2
222188,0,0
50536,1,1
105213,0,1
270430,2,2
384637,2,2
203486,0,2
167774,2,2
247752,2,2
19010,2,2
394903,1,2
100039,2,2
158754,2,2
327486,0,0
310819,1,1
243426,0,2
373015,0,2
384258,2,1
180798,0,1
28175,0,1
279517,1,2
126026,0,0
165883,2,2
319223,0,1
140359,2,2
105859,1,1
151999,1,1
75215,0,0
19050,0,1
149760,2,1
47213,2,2
128581,0,0
203475,2,2
178698,2,2
370991,1,1
22932,1,1
67947,0,2
376247,0,2
108081,0,1
38957,1,1
63416,2,1
70405,2,2
284889,2,1
358202,2,2
263487,2,2
80176,0,2
35844,0,0
180825,1,1
245501,2,2
209962,0,1
117291,1,1
9858,2,2
228906,0,0
228661,1,1
44520,2,2
363620,2,2
64708,0,0
377899,2,2
174101,0,0
272263,2,1
123340,0,2
277693,2,2
121591,2,2
181473,1,1
377849,0,0
350485,1,1
224204,0,0
192582,2,2
376166,0,1
39012,2,2
357542,2,2
308318,2,2
77945,0,2
367699,2,2
372532,2,2
256277,0,0
100391,1,1
151532,2,2
98019,1,1
231043,1,1
257994,0,1
216062,2,2
326785,2,2
190787,1,2
194177,1,1
19621,0,0
36809,0,2
111548,2,1
43995,2,2
404379,1,1
252458,2,2
395894,2,2
292366,0,0
40646,0,1
333660,0,0
36932,0,1
264866,0,2
305935,2,2
162779,0,2
247794,0,1
172344,2,2
106501,2,2
206288,2,2
150241,1,1
141110,0,0
145899,2,2
244754,1,1
108495,0,2
296462,0,2
228247,1,1
244285,2,2
233396,2,1
45250,0,0
334612,1,0
401210,1,1
304675,0,0
201997,2,2
192621,0,1
347214,2,1
209587,2,2
189725,2,2
43072,0,2
112795,0,2
93716,0,0
40656,1,1
154467,2,2
103085,2,1
150810,2,1
301569,1,1
220237,2,2
295018,0,1
383198,2,2
80064,2,2
316545,0,0
238735,2,2
173500,0,2
140346,2,2
379289,2,1
324792,2,2
271867,1,1
194597,2,2
119003,2,2
43493,0,0
346916,2,2
49999,2,2
304288,2,2
68858,2,0
381464,0,1
116602,2,0
208242,0,1
209947,0,0
324837,0,1
191484,0,0
5514,0,0
290904,2,2
26871,0,0
251662,1,1
235578,0,1
246306,1,1
80728,0,2
82348,1,1
277386,2,1
267094,2,0
382559,2,2
377135,0,0
369243,0,2
227902,0,2
326944,1,1
181586,0,0
292746,1,2
252579,2,2
334677,0,0
269907,1,2
354741,0,1
244299,0,2
141938,2,2
280921,2,2
174472,0,0
351948,1,1
22691,2,0
186251,0,2
296839,1,1
259560,2,2
185676,1,1
294493,0,0
114181,2,1
70261,1,0
318099,0,2
157281,2,2
243594,0,0
126233,2,1
114805,0,2
327006,0,0
204281,0,2
214112,0,0
389319,0,0
369297,2,1
106900,2,2
364525,2,2
72490,2,2
329709,2,2
151032,1,1
132339,0,2
266789,2,0
313102,0,2
39746,0,2
176490,0,1
96729,2,2
222568,0,0
97540,1,1
270705,1,1
287424,0,0
15545,2,0
317369,2,1
217250,2,2
292911,1,1
329915,1,1
401562,0,2
83634,0,1
155914,0,2
206179,1,1
133287,0,1
203155,0,0
99879,2,2
346046,0,2
340586,0,0
95429,2,2
103438,1,1
180871,0,1
199188,0,2
245042,0,1
54605,0,2
89481,2,2
165854,2,2
104166,1,1
175360,1,1
372853,0,2
166234,2,2
360888,0,2
359743,2,2
213265,2,2
179216,2,2
94316,2,2
243872,0,0
301292,2,2
251264,2,2
85126,2,1
257940,2,2
294861,0,2
253509,2,0
15262,2,2
134931,2,2
33950,0,2
60687,1,1
67724,2,2
398814,1,1
273372,0,2
119606,2,2
18341,1,2
305872,0,2
252766,0,2
359644,0,2
7973,0,2
113789,2,1
20447,0,1
331968,2,2
185425,2,2
133269,2,1
50620,1,2
236031,0,0
217524,2,2
24668,1,1
61341,1,1
227463,1,1
89804,1,1
118763,1,1
344372,0,0
104336,0,0
4415,2,1
112938,0,1
185941,0,0
332734,0,2
104209,2,2
164098,0,2
399354,0,1
52848,2,2
3892,0,1
79591,0,0
29559,2,2
360173,2,2
323355,0,1
45840,2,1
333695,1,1
149757,2,2
25739,2,2
229076,0,2
171529,0,0
89509,2,1
325176,0,2
265418,2,0
133461,2,2
351767,2,2
66408,2,2
143939,2,2
374086,2,2
255804,1,1
373558,2,2
76934,2,1
180928,1,1
94534,2,2
237849,1,1
405550,0,0
348330,2,2
58087,0,2
136760,2,1
210336,0,0
158626,0,2
55660,2,2
14529,2,2
226284,1,1
218274,2,1
176149,0,2
336301,0,1
127425,0,1
106431,0,0
156927,2,2
187146,0,1
118528,1,1
283624,0,2
280352,0,1
82924,0,2
263402,2,2
266940,0,2
148047,1,1
80410,2,2
37847,2,2
4875,0,0
176674,2,2
37550,0,2
155612,2,1
113553,2,2
84337,1,1
252278,0,2
243069,2,2
15221,1,1
54467,0,2
365669,0,2
304806,2,2
169782,0,2
378939,2,2
175627,1,1
78686,1,1
305754,0,0
341966,0,1
257830,2,2
252654,1,1
50400,1,1
136252,0,2
107308,2,2
186017,2,2
36782,0,1
186518,2,2
141787,2,0
135221,0,1
398791,2,2
333422,2,2
300768,1,1
230294,0,1
359203,0,2
247949,1,1
374814,0,2
387432,0,2
257376,0,1
90191,2,2
383498,2,2
107170,2,2
188321,2,2
308309,2,2
55132,2,0
198621,2,0
51720,0,2
314981,2,2
74720,0,2
158038,1,2
350878,2,2
7558,2,2
174313,1,1
225929,0,2
332503,0,0
304905,2,2
53024,0,2
150690,2,2
46616,0,2
135322,2,2
107168,0,1
352486,0,1
181174,1,1
197298,2,2
287511,2,2
167216,2,2
170641,0,1
322098,0,2
273725,2,0
88315,0,2
138932,2,2
254561,2,2
237840,0,0
227959,2,2
185351,2,0
346934,2,2
108825,2,2
390974,2,0
304206,2,2
313914,1,1
330666,0,0
399665,0,0
375720,2,2
119351,1,1
187439,2,2
200306,1,1
318385,2,1
373809,2,2
309859,1,1
25165,2,2
158925,0,2
105246,1,2
23065,0,1
273282,0,1
166562,1,1
2650,0,1
321731,0,1
265391,0,2
321992,0,0
7537,2,2
24434,0,1
355184,0,2
368621,2,2
334958,2,2
130352,2,2
176233,0,2
63113,0,2
334497,0,2
230545,0,2
42960,0,1
64156,1,1
2836,1,1
44067,0,0
389415,2,2
305807,2,1
307836,2,2
357054,1,1
293944,0,2
74767,2,2
396241,2,2
266669,0,1
84941,1,1
365586,0,0
86015,2,1
369299,1,2
93039,0,2
291176,0,1
10583,2,2
87710,2,2
390517,1,1
337801,1,0
108729,1,1
29263,0,2
239735,0,0
251032,0,2
266123,2,2
165218,1,1
47257,2,2
99063,2,2
320649,0,2
249366,1,2
69351,0,1
8334,1,1
306140,0,0
271027,1,1
143708,0,0
342444,2,0
277662,2,2
125070,0,0
145865,2,2
12573,0,0
127437,0,1
389212,2,2
287918,2,2
17684,0,0
398836,2,2
310154,2,2
182307,2,2
229084,2,2
399286,2,2
51307,0,2
194202,1,1
163618,0,2
350813,1,1
319695,2,2
260563,0,2
286259,2,1
52688,2,2
231212,2,2
365498,1,1
343254,2,2
184681,0,2
105730,1,1
337008,1,1
17367,2,2
337482,0,0
224751,2,2
401104,1,2
355383,0,0
286877,0,2
76270,0,0
241772,2,2
259516,2,2
382983,0,0
169867,2,2
169309,0,2
72486,1,1
116545,0,0
143966,2,0
319934,0,0
34576,1,2
349698,0,2
75534,1,1
21733,2,2
115247,0,2
387460,2,1
39747,2,2
481,2,2
108385,0,1
30075,2,2
147624,1,2
84190,1,1
193867,0,0
119639,0,0
392627,1,1
45339,0,2
182754,2,2
390142,0,1
266837,2,2
149894,1,1
186918,1,1
188760,2,2
342975,2,2
335850,0,1
328757,2,0
226477,0,2
278964,1,1
229895,0,1
401323,2,2
381526,2,2
306166,2,2
150983,0,2
394281,2,2
198339,2,2
19388,2,2
301766,2,2
130422,0,2
174673,1,1
129134,0,0
330074,0,2
213202,2,2
294451,0,2
379734,2,2
377529,2,2
164629,0,2
180390,1,1
190379,0,2
242660,0,2
402560,1,1
167276,0,0
373244,2,2
201940,2,2
88249,2,2
64351,2,2
398395,0,0
303033,0,0
43531,2,2
389663,0,2
283934,1,1
238894,2,2
326930,0,0
153562,2,2
282739,2,1
275231,2,1
262547,0,0
113735,0,0
365244,2,2
162836,0,2
266275,0,1
386444,0,1
154584,2,2
312598,2,1
348571,1,1
55662,0,1
10155,0,2
205800,1,1
391529,0,1
268295,0,0
384929,0,0
259111,2,1
255914,0,2
153192,1,1
20765,2,0
75681,2,2
3264,0,0
122739,2,1
103446,2,1
337442,2,1
4532,2,2
71501,0,2
197881,0,0
273933,1,1
21772,1,1
68307,1,1
341655,2,1
336733,2,1
138306,2,2
189450,0,2
174034,0,2
118494,2,2
372242,2,2
35057,0,2
53991,2,2
146226,2,2
267229,2,2
310518,1,1
191808,2,2
174529,0,1
187672,2,2
321232,1,1
14475,2,2
32404,2,2
347731,0,1
345725,2,1
326397,1,1
139938,2,2
361990,0,1
280475,0,0
136420,2,2
327102,0,1
344317,2,2
259853,1,1
161388,2,2
242808,0,2
368003,1,1
269612,2,2
246748,2,2
177247,0,2
55879,1,1
328338,2,1
139714,2,2
89245,0,2
237705,2,2
373616,2,0
103793,2,2
292038,2,2
233384,0,0
4927,2,2
338187,0,1
197287,1,1
354295,2,2
242871,0,1
127455,2,1
255864,0,1
115633,2,2
390665,2,2
213943,2,2
329026,1,1
203912,1,1
371013,2,2
217579,1,1
243231,0,1
119772,2,1
170045,0,0
94753,0,0
65001,0,0
393370,2,2
217983,0,1
129871,2,1
192345,2,1
385482,0,2
262409,2,2
359792,2,0
251991,0,1
35875,0,2
25913,0,1
42084,2,1
152150,0,2
239054,0,2
375812,0,2
160169,2,2
282853,0,2
153592,0,0
300186,0,2
88082,0,2
379011,0,0
64170,2,2
132583,1,1
397574,0,2
325037,2,2
326458,2,1
15181,0,2
217566,2,2
266746,2,2
27654,0,2
378299,0,0
87791,2,2
13616,0,0
337851,2,2
402464,2,2
154884,2,2
197660,2,2
231760,2,2
261876,1,1
217756,1,1
333299,2,2
370614,0,0
294489,0,2
261816,0,2
130078,0,2
78767,2,2
247406,0,1
380458,1,1
123319,2,2
84159,0,2
353344,2,2
299350,0,1
338423,0,2
361739,2,1
314278,2,2
281913,0,1
234889,2,2
268124,0,1
129573,2,2
108264,0,2
353119,0,0
248371,1,1
3589,0,1
310608,1,1
235687,0,2
15991,2,2
399802,2,2
87352,2,2
369198,0,0
231911,0,1
323639,0,2
66269,0,2
368201,1,2
349673,0,0
275493,0,2
172982,2,1
130930,0,0
60671,0,0
150755,2,2
54857,2,1
171089,1,1
235000,2,0
265329,1,1
391472,2,2
308722,2,2
225470,2,2
25046,0,2
281647,0,1
344976,2,1
70352,0,0
402313,2,2
323043,2,1
321463,2,0
157337,2,2
20627,2,2
152229,2,1
162309,0,2
189225,2,1
151899,2,1
117403,0,2
306063,1,1
295352,2,2
160965,1,1
78276,2,2
89131,2,2
585,2,2
384492,1,1
191204,0,1
29820,0,2
391519,1,1
191051,0,2
164066,2,1
135012,0,0
317439,1,1
395942,0,2
25290,2,2
54181,2,2
100623,1,1
308341,2,2
391959,0,0
198133,0,2
89485,1,2
57290,2,2
120724,2,2
225879,2,0
299775,1,1
276785,2,0
278198,1,1
371445,0,2
208355,2,2
46874,2,1
275572,2,2
218039,2,2
255255,0,1
188423,0,0
216650,0,2
107013,0,1
380429,2,2
219834,2,1
366868,2,2
282491,0,1
113974,2,2
94671,2,2
368045,1,1
110221,1,1
3499,0,1
266960,0,0
118548,1,0
21039,1,1
143046,2,0
221442,1,1
155182,0,2
73917,0,1
8373,2,2
275625,2,1
231334,0,2
77747,2,2
66849,2,2
356819,0,1
285504,2,2
142283,1,1
92346,1,1
376239,1,1
74478,2,0
68538,2,2
347572,2,2
178701,2,1
10205,0,2
271896,2,1
324719,0,2
307302,2,2
399657,2,2
286982,0,2
27846,0,2
105209,1,1
160649,0,0
62278,0,2
169658,0,2
144201,2,1
26863,0,0
96293,0,2
303046,2,2
41862,2,2
295784,2,2
97011,1,1
306129,2,1
193043,2,2
243914,0,2
51277,2,2
225409,2,2
321135,2,0
322026,0,1
188596,0,1
179547,0,1
274730,0,2
336092,0,1
172369,2,2
351359,2,2
149595,0,0
277062,0,0
221797,2,2
200399,1,1
341029,0,1
128300,1,1
212012,0,2
63534,0,0
28095,1,1
186049,2,1
397814,1,1
32260,0,0
156407,2,2
395733,2,2
3487,2,2
139014,0,0
93432,0,0
43645,0,1
156021,0,2
162602,1,1
392937,1,1
225652,0,1
403571,2,2
253088,2,2
48449,0,0
363764,1,1
306322,0,2
12274,0,0
241981,0,2
405793,2,2
65962,0,2
401615,2,2
199831,0,2
19037,1,0
45962,0,1
204226,0,2
93956,2,2
43199,0,2
187801,0,2
5515,2,2
71421,1,1
235502,2,2
363228,0,1
301287,2,2
213383,0,0
368218,2,2
207782,2,2
24030,0,1
94889,0,2
105165,0,2
295477,2,2
73524,0,2
377845,0,0
323943,0,0
23584,1,1
121,1,1
149712,0,1
141214,0,1
143505,0,0
136434,0,1
232396,1,1
143508,2,2
321578,0,0
363399,2,2
162423,2,2
9045,1,1
278006,2,2
298041,0,1
34336,0,1
32956,0,1
93601,2,2
234281,1,1
259806,1,1
169158,2,2
307499,0,0
149624,1,1
322861,2,1
83287,0,0
328343,0,1
158272,0,0
367329,2,2
273737,0,0
209395,2,1
95084,0,2
245056,0,0
14907,2,2
72456,0,2
342485,1,1
57270,2,0
60990,2,1
55951,0,2
244410,0,1
45348,2,2
135028,0,2
330507,0,0
297453,2,2
148884,0,0
31455,2,0
391401,2,2
253712,0,0
347547,1,1
44579,0,2
125552,0,1
267652,2,2
358942,2,2
23038,2,2
164803,2,2
5905,1,1
232730,1,1
73575,0,2
289586,1,1
238302,2,0
218884,2,2
40070,1,1
218537,0,0
315625,0,0
221771,0,1
178261,0,0
16969,0,0
361191,0,1
16602,2,2
192557,1,1
31170,1,1
325197,2,2
213849,0,2
66672,2,1
209981,2,2
6848,2,2
176384,1,0
380500,2,2
148797,2,2
281955,1,1
30651,2,2
281199,1,1
112780,0,2
178809,1,1
321152,2,0
28315,0,1
107839,2,1
346675,2,1
320396,1,1
158620,0,1
174196,0,2
376617,2,2
36121,2,2
232329,2,1
6533,2,2
344142,2,2
390299,0,2
8114,1,2
275067,2,2
355237,2,2
310102,1,2
356892,0,2
3685,0,2
195879,2,2
115839,0,2
196887,2,0
66915,0,0
289850,2,2
77951,2,2
256225,0,0
336824,2,2
247923,0,1
184701,2,0
260023,2,1
359844,2,2
307769,2,2
228387,0,2
9510,0,0
306043,2,2
60675,0,1
119445,2,2
383739,2,2
34046,0,2
133882,0,2
4375,2,2
217809,2,2
396580,0,0
130411,1,1
120824,2,2
216384,2,2
279143,0,0
282275,0,1
20075,0,1
167294,2,2
398562,2,2
122816,2,0
103695,2,2
135422,0,1
123149,2,2
133686,0,2
146951,0,2
159389,2,2
180428,2,2
119897,2,2
8386,1,1
290304,2,1
220911,0,0
175261,2,2
84587,2,2
194615,2,2
226943,1,1
47386,2,1
17832,0,2
302319,0,0
66045,0,1
924,0,2
330432,0,1
263021,0,2
17509,0,2
202195,2,2
282826,1,1
58738,0,0
271024,0,2
120831,2,2
114029,2,2
145870,0,0
289209,1,1
362269,0,2
401586,0,0
45313,1,1
5915,2,1
323347,0,2
153023,2,2
350641,2,2
321962,2,2
112526,0,2
103077,1,1
4253,0,1
370254,1,1
271751,0,0
302762,0,2
2038,0,1
89809,0,0
159825,1,1
204361,2,0
167559,2,2
59413,2,1
136584,0,0
29815,0,2
336249,2,2
114671,0,1
28433,2,2
121819,2,2
70054,0,1
325837,2,2
167180,2,0
279893,2,2
265792,2,2
150404,2,2
347398,0,0
29801,2,2
217821,2,2
168461,2,2
24337,2,2
4091,2,2
251850,2,2
135031,2,2
394799,0,0
42570,2,0
46702,2,1
368927,2,2
72837,2,2
302633,2,2
109511,2,2
123748,0,0
56874,2,2
304843,0,2
131282,0,1
29786,1,1
284057,2,2
124301,2,1
285930,0,2
122685,0,2
18507,2,2
298936,2,2
111219,0,2
214252,2,2
161712,1,1
309807,1,1
357031,0,2
401103,2,2
59083,2,2
169640,0,2
229549,0,1
232889,2,2
387090,0,1
300298,0,1
158903,0,2
305283,1,1
244642,0,2
87703,2,2
242794,1,1
278405,0,1
266114,2,2
384891,0,0
400167,1,1
92877,0,0
49559,2,2
151047,2,2
188941,2,1
311848,0,0
57315,2,2
360326,2,2
55384,2,2
321046,0,0
246486,0,0
2730,2,2
130028,2,1
308350,1,1
258222,2,2
185851,2,2
141771,0,2
346112,2,2
63473,2,2
104026,0,2
253100,2,2
302439,1,1
207342,2,2
22340,1,1
284403,2,0
276587,2,0
374820,2,1
28151,1,1
117558,0,0
240295,0,1
291309,2,2
42340,2,2
102908,2,2
94103,0,1
299568,1,1
232715,2,1
340482,0,2
294187,2,2
177830,2,1
335320,2,2
35790,2,1
260378,0,1
79938,2,2
6157,2,2
40634,1,1
132510,0,2
308824,1,1
326014,1,1
182744,1,1
97855,2,2
262772,0,0
141750,1,1
69013,2,2
274515,0,1
74672,2,0
369677,0,0
219780,0,2
132084,0,2
381156,1,0
218210,2,2
170597,1,1
54204,2,2
310994,2,2
21321,2,1
247670,1,1
378388,2,2
88606,2,2
223206,0,1
308771,2,1
345491,0,1
225905,2,2
233187,2,2
358667,2,2
309891,2,2
146611,0,1
385324,0,2
157021,2,2
397648,2,2
131574,2,2
96893,0,1
342130,0,0
64899,2,2
190733,2,1
225278,2,2
193665,0,2
7114,2,2
336639,0,0
378267,2,2
143180,0,1
171774,0,1
117938,2,2
65875,2,2
284249,2,2
205090,1,1
282187,0,1
23303,0,2
303123,1,1
315742,2,1
182237,0,2
60439,2,2
190818,0,0
394106,2,2
282418,0,1
153619,1,1
213080,2,2
26213,1,1
102391,2,2
56820,0,0
301299,2,2
143386,0,2
26916,2,2
28183,2,2
387112,0,2
28660,0,0
80908,2,2
280321,1,1
92918,0,2
197274,2,2
381784,1,1
195260,2,2
96676,0,1
386040,2,2
117157,0,2
329304,0,0
197520,0,2
346398,2,1
403675,2,2
217393,2,2
92341,0,1
247835,0,2
216409,1,1
253644,0,2
106815,0,0
112610,2,2
305285,1,1
146446,2,2
318567,0,0
366058,0,0
102065,0,2
353042,2,1
375227,0,2
64191,2,2
28917,2,2
166351,1,2
377565,2,1
74364,2,2
11952,0,0
221667,2,2
376427,0,2
47592,2,2
6991,2,2
232372,2,2
223102,2,1
262136,2,2
301069,0,1
298175,2,2
126082,0,0
194814,2,2
196900,2,2
124607,1,1
175788,2,1
205757,1,2
374772,2,2
261849,2,2
95753,0,0
4064,2,2
241711,2,2
341691,2,1
91355,0,0
186639,0,0
142753,1,1
285135,2,2
139441,2,2
22236,1,1
21820,1,2
58997,2,0
336474,0,0
39403,1,1
345604,0,1
377340,1,1
277327,0,0
184505,0,0
128080,0,2
276651,1,1
371270,2,2
305667,2,2
290582,2,2
216319,1,1
95782,2,1
352593,0,0
307776,0,2
380929,1,1
376804,2,2
328907,2,1
110208,0,2
254479,0,0
105570,1,1
229122,2,2
214709,2,2
254119,2,2
17362,1,1
250758,0,2
234042,1,1
11499,0,0
44657,0,0
5763,2,2
192708,2,2
95915,2,2
404556,2,2
403422,2,1
46970,2,2
186874,0,0
405949,1,2
404340,2,2
252493,2,2
313182,2,2
100832,0,2
1283,2,2
1996,0,2
366988,0,1
126336,0,2
46304,0,0
76867,1,1
243229,2,2
327200,2,2
85357,0,0
175896,2,2
246915,2,1
62094,2,2
129852,2,2
157258,1,1
349273,2,0
300409,0,0
258988,2,1
261873,2,2
400548,0,0
103591,2,2
133833,0,0
83746,0,2
338567,0,0
141881,0,1
385558,0,0
302701,2,2
231496,1,1
235581,2,2
198620,1,1
37226,2,2
94812,0,2
375809,0,2
320330,0,0
291855,0,2
163061,0,0
233910,0,2
246893,2,2
178670,2,1
240328,1,1
405757,0,1
167510,2,0
332676,2,2
27020,2,2
206941,0,0
96837,0,2
144389,2,2
99927,0,1
70302,2,2
364562,1,2
262112,1,1
128133,2,2
202584,2,0
65659,1,1
4408,1,0
274835,0,1
223236,2,2
191619,0,0
135368,2,1
189448,1,1
381982,0,1
97723,1,1
214083,0,1
262560,2,2
102759,1,1
167076,2,1
321317,0,2
171514,0,1
401772,0,2
225206,1,2
92653,2,2
349258,2,2
185715,2,2
86569,2,0
105028,1,1
395670,0,0
371274,2,2
144566,1,1
61865,0,2
99974,2,1
385584,0,2
249633,0,0
68689,1,1
120868,2,2
184522,2,2
280764,0,0
11851,2,2
12574,2,1
106208,1,1
116218,0,2
37914,2,2
316345,0,2
116054,2,2
183849,2,1
321513,2,2
352965,2,2
159875,0,1
378160,1,1
122708,1,1
172364,0,1
83866,2,2
299962,2,2
61009,0,0
159671,0,2
341727,2,1
61683,1,1
378443,2,2
111339,0,1
10607,0,1
112545,0,1
55231,2,1
78061,2,2
353753,2,2
265655,2,0
309134,1,1
330005,2,2
105454,0,1
220153,0,2
44884,2,2
354355,2,2
228307,1,1
45747,2,2
247859,2,2
378151,2,1
278409,1,1
30885,2,2
21053,2,2
125529,2,2
15994,2,2
298456,1,1
304171,1,1
109396,2,1
286670,2,2
331080,1,1
96528,0,1
24615,1,1
107695,0,0
267610,2,2
218255,1,1
47003,2,2
69168,0,1
24146,0,2
379614,1,1
29768,1,1
157991,2,2
45077,2,2
101328,2,2
132571,0,2
223508,2,0
181844,2,2
265552,2,2
46266,2,2
151044,0,0
91006,2,2
333066,2,2
362091,2,2
213596,2,2
175354,2,1
335375,2,2
150209,2,0
28596,0,0
103260,2,2
252663,2,2
90532,1,0
17839,2,2
133501,0,0
130341,2,1
143678,0,0
243253,0,0
144731,0,1
33556,2,1
27401,1,1
372305,0,0
59925,2,2
343291,1,1
18644,2,2
275955,1,1
94452,1,1
345644,2,2
287007,2,1
338972,2,2
196976,2,2
152796,2,2
186414,2,2
120355,0,2
372244,2,2
366472,0,1
98208,1,1
377685,0,1
70833,0,1
334334,2,2
108063,0,2
169329,2,2
27157,2,2
161455,2,2
56151,0,1
80561,2,2
227574,0,0
61308,0,1
205531,0,0
223793,0,2
273485,2,2
356129,2,2
12762,0,2
293723,0,0
185123,2,2
160646,0,2
233110,0,0
325886,0,1
286058,0,1
323359,0,2
187129,2,2
169892,2,1
169727,1,2
84827,1,1
231451,0,0
51242,2,1
85402,2,2
331488,2,0
158927,2,2
346603,1,1
308064,0,0
256319,1,1
223701,2,2
201725,2,1
153630,0,2
54218,0,2
302150,0,2
71971,1,1
255065,1,1
142080,2,2
311129,0,1
271791,2,0
40813,0,0
396527,0,0
125559,2,1
7555,2,2
287388,2,2
387727,2,2
92651,0,2
189045,2,2
79807,1,1
245151,0,0
235330,2,1
270278,2,2
7217,2,2
106304,0,2
97648,0,1
326822,1,1
23887,0,1
89084,1,2
107868,0,0
358610,1,1
294789,0,2
293528,2,2
5406,0,0
128200,2,2
369467,1,1
274281,2,2
254475,1,1
137182,2,2
387896,0,2
195174,0,0
211314,2,2
188763,2,0
333678,0,2
69703,1,1
123880,0,0
403061,1,1
285276,0,0
45733,0,2
160390,1,1
232547,0,1
183294,0,2
254171,2,2
59650,1,1
31514,1,2
255882,2,0
221297,0,2
204667,2,2
401747,1,2
276417,2,1
141542,1,1
63407,0,1
235641,2,2
215249,2,2
237234,2,2
31768,2,2
114444,2,1
68403,1,1
107428,0,2
136135,0,0
271569,0,0
357271,1,1
74635,2,2
16474,1,1
389552,1,0
266497,2,2
88759,2,2
95810,2,2
249781,2,1
70259,2,2
53583,0,0
307906,2,2
199649,2,2
194049,2,2
246156,2,2
36765,2,2
98657,1,1
50524,2,2
311340,2,0
370634,2,2
341892,0,2
46798,2,2
322886,0,2
95709,2,2
402650,1,0
269833,2,1
66546,2,2
380237,0,2
377488,1,1
333362,1,1
147959,2,2
228958,2,2
204271,0,1
206631,1,1
130794,1,1
246778,2,2
49532,0,0
374396,1,1
346801,1,1
336304,0,0
284032,2,2
267681,2,1
195522,2,2
218461,0,2
384757,0,2
127869,2,1
188109,2,1
181777,0,2
256132,2,2
266930,2,2
222600,2,2
70105,2,1
68929,2,1
365832,0,2
197875,2,2
266453,2,1
188557,1,1
132140,1,1
347720,0,2
94052,0,1
276658,0,0
104572,0,0
18823,0,0
259220,2,2
142026,2,2
142977,2,1
93616,1,1
154720,1,1
133902,2,2
287364,0,0
63216,0,0
335183,0,0
6396,0,1
84738,0,2
299885,2,2
30964,2,1
217779,2,2
11910,2,2
389973,0,0
232674,0,2
73406,0,2
103578,1,2
74903,1,1
350900,0,2
139548,2,2
178582,0,0
384444,1,0
336113,0,1
246743,0,2
383724,0,1
53464,2,1
265492,0,2
74382,1,1
140072,2,2
139394,0,1
380625,0,2
95929,2,2
213384,2,2
159201,2,2
232948,1,1
383013,1,1
228358,0,0
53508,2,0
60807,0,0
330064,2,2
367812,2,1
19068,2,2
352014,2,2
95576,1,1
346576,2,2
227523,2,2
101697,2,2
21725,0,1
118385,2,2
188651,2,2
91758,2,2
288383,0,0
375186,2,2
281418,0,1
396876,2,2
227759,0,2
205762,2,2
393137,1,1
351970,2,2
202927,2,2
93961,1,1
297767,2,2
285047,0,0
175201,2,1
183447,0,1
121378,0,2
354084,1,1
354415,2,2
386025,0,2
282367,2,2
324998,0,0
320839,0,1
177559,0,1
284086,0,1
401948,1,1
54428,2,2
130986,1,1
337084,1,1
15762,2,2
334971,1,1
256636,0,1
364580,0,1
213777,2,1
236628,0,0
54706,2,2
39771,1,1
125995,2,2
238824,1,1
243328,0,2
138629,0,2
138693,2,1
399138,2,2
201185,2,2
22135,0,2
8010,2,2
348277,2,2
139507,2,2
180746,2,2
267810,1,1
37594,2,2
212625,1,1
118231,2,1
296485,0,0
212439,2,2
305103,0,0
75881,1,1
362947,0,0
355813,0,2
12838,2,0
310368,0,2
211328,2,2
165780,0,1
172800,1,1
365017,2,2
202550,2,1
398148,0,2
165434,2,2
75305,0,1
73701,2,2
308041,1,1
85824,1,1
376559,2,1
380409,1,1
203873,1,1
376574,0,2
350001,2,1
176821,0,0
228329,0,2
56450,1,1
376395,2,2
32468,1,1
70454,2,0
371305,2,2
116464,1,1
8595,2,2
35474,2,0
80714,0,0
232148,1,1
345457,2,1
247448,2,2
254204,1,1
210084,0,0
404115,0,2
364430,2,2
311260,0,1
262165,1,1
121316,1,1
118727,2,2
210470,0,0
241706,0,0
4633,2,2
86967,2,1
115265,2,2
271526,0,2
381212,0,2
201683,2,0
1948,1,1
258682,1,1
254879,2,2
266477,2,2
329231,2,2
46604,1,1
249551,2,1
36876,2,2
302109,2,2
38915,1,1
142181,1,1
127209,2,1
75890,0,2
148958,2,2
166367,0,0
82094,2,2
38395,2,2
219637,0,0
211950,0,2
332276,2,1
318214,2,2
382835,0,2
350080,2,2
267630,2,2
266780,2,2
366352,0,0
240892,2,2
131934,2,2
56437,2,2
290981,2,2
251470,2,2
217987,2,2
107124,0,0
378898,1,1
368368,0,2
199790,2,2
72243,0,1
284789,0,2
165725,0,1
169006,0,2
281781,1,1
356954,0,2
215466,1,2
354328,2,1
101174,0,0
52600,2,2
243167,0,1
74719,2,0
370631,2,2
306497,0,1
274713,0,2
302856,2,2
386764,2,2
326448,0,0
32633,2,2
341538,2,0
360244,1,1
319989,2,2
65457,2,2
81456,2,2
253670,0,1
133750,2,2
79021,2,2
103137,2,2
304363,1,1
66375,2,1
181311,2,2
34171,1,1
175107,2,1
309485,0,0
346427,0,1
346394,2,2
15269,1,1
368024,1,1
346578,2,2
380020,0,1
55400,0,2
380110,1,1
319078,2,2
347809,0,0
42396,0,0
301552,0,0
258259,0,0
36488,0,0
74518,2,1
308541,0,0
102734,0,1
251029,0,2
127570,2,2
256560,2,2
65744,1,1
103915,2,2
217310,2,2
2298,2,2
62723,0,1
194926,0,0
341195,0,2
10334,0,0
10249,2,1
142028,2,2
173598,0,2
218940,0,0
27996,0,2
335355,1,1
103188,2,1
39830,2,2
61565,0,2
256180,1,1
34713,2,2
354244,0,0
307159,2,0
248575,0,0
327354,0,2
257185,2,2
240948,0,0
2270,0,0
168347,2,1
352459,2,2
347277,2,2
226287,0,1
2913,2,2
254042,2,2
245840,2,2
123607,0,0
270583,2,2
56525,2,2
395911,0,0
286620,2,2
35273,2,2
218428,0,0
42886,0,2
6820,0,0
90086,2,2
17253,0,0
151266,2,2
22256,0,1
103994,2,1
398691,1,1
331200,1,1
17800,2,0
130222,1,1
329385,0,2
274928,0,0
213827,2,2
200348,2,2
278394,2,2
112963,1,1
44472,2,1
197710,0,1
359338,1,1
252934,0,2
370442,2,2
301744,2,1
197396,0,0
286004,1,1
280504,1,1
56407,2,2
249748,2,2
148963,2,2
329596,2,2
165121,2,1
52750,0,2
57010,0,0
398893,2,1
330954,0,0
41227,2,2
345914,0,2
211356,0,2
221125,0,0
50098,1,1
233287,2,2
62872,0,0
373556,2,2
352087,2,2
133554,1,1
214753,0,2
186193,2,1
333279,1,1
109690,1,1
12275,1,1
116540,2,2
134942,2,0
305537,2,2
385634,0,2
214412,1,1
160450,0,2
177857,0,2
319600,0,1
83197,0,2
259483,2,2
12062,0,2
14894,2,2
30545,0,1
353186,0,1
218654,0,0
382587,2,2
339105,2,2
3877,0,0
175540,1,1
152977,1,1
238879,2,2
68534,0,1
19841,0,1
216884,0,2
24657,0,1
376330,2,1
73928,0,2
137145,0,0
101654,1,1
21825,2,2
133790,0,2
105160,2,2
182502,2,2
169228,0,2
107296,2,1
331980,2,2
284489,2,2
119073,0,2
242225,0,2
258704,1,1
111768,2,2
328106,2,2
110956,2,2
142779,2,1
56139,0,2
173108,2,2
60481,1,1
256566,2,1
371425,0,0
244049,2,1
114219,2,2
354296,2,2
339673,2,2
78054,2,2
67836,2,2
317279,2,2
105713,0,1
157837,2,0
92987,1,1
198598,2,2
310402,0,1
279682,0,1
314948,2,2
252337,2,2
330491,0,2
148447,1,1
301614,2,2
111327,2,2
137373,0,1
310788,2,2
335807,2,2
314505,0,1
295524,0,1
375837,2,2
340113,2,1
144890,1,1
155597,0,0
210284,2,2
240705,1,1
130025,2,2
170326,2,1
118746,2,1
212449,1,0
300826,2,2
205229,2,2
260597,0,1
13622,2,2
351835,0,1
144698,0,0
64123,1,1
244283,0,0
18697,2,2
375114,2,2
51724,0,1
192279,0,0
22543,2,1
272888,0,2
127120,0,2
40842,0,1
368234,2,2
197041,2,2
88201,2,0
401908,2,2
338727,1,1
56098,2,1
222115,1,1
261577,2,2
53575,0,2
350991,2,0
293891,2,2
90612,2,2
316316,2,2
154375,2,2
402694,1,1
388911,1,1
228599,2,2
385720,2,2
314340,0,2
394976,0,2
369158,2,1
80265,2,1
192457,2,2
163444,2,2
52583,0,1
309724,2,2
117686,0,1
403072,2,2
73385,2,2
328060,1,1
193585,1,1
342086,2,2
316858,2,2
79425,2,2
339859,2,1
291420,2,2
200005,2,2
47562,0,2
174545,0,0
94779,2,2
323177,2,0
305717,0,2
11180,0,2
161697,0,2
317975,0,2
39666,2,2
31725,2,0
70536,0,2
118952,2,2
372876,1,1
145418,0,0
285964,2,2
133944,0,0
231798,2,2
142255,2,1
134788,1,1
7238,2,2
78228,0,2
365971,0,0
140420,1,1
306178,0,2
293706,1,1
139388,0,0
61864,2,1
385651,0,2
50081,2,2
90996,2,2
256252,2,2
249719,2,2
288726,2,2
255902,2,2
208614,1,1
206574,0,2
307920,1,1
146029,2,2
32557,0,0
391617,2,2
293255,2,1
167432,2,2
376015,2,2
313360,1,1
260681,1,1
344704,2,1
315512,2,2
377609,0,2
263384,0,0
124835,0,0
138938,0,2
317550,2,2
19658,2,2
207492,0,2
351343,2,2
378037,0,2
220818,2,2
88616,2,2
52207,2,2
242158,1,1
308701,2,2
392416,1,1
48419,2,2
174071,0,1
104175,0,0
395408,0,2
359383,2,1
300752,0,0
136918,0,0
81948,0,2
48452,2,2
92696,1,1
378896,0,2
17497,2,1
59673,0,0
267938,0,2
154303,2,2
49648,2,2
177076,2,2
265197,2,2
162703,0,1
116310,2,1
219892,2,2
360143,2,2
394400,2,2
233861,2,2
366646,2,2
385544,2,2
284628,1,1
45344,0,2
213519,0,2
323317,0,1
244954,0,2
325687,1,1
357425,2,2
191482,2,0
274576,0,0
252099,2,2
246460,0,2
310944,0,0
273144,0,0
242975,2,2
255022,0,2
320050,0,1
90589,2,2
88499,0,2
364703,2,2
71259,2,1
117597,2,2
186561,0,0
137195,0,0
301968,2,1
232683,2,2
248147,0,0
244183,2,1
200791,0,2
52995,0,0
115137,2,2
265618,1,1
53697,1,1
33550,2,2
23673,0,0
298964,2,2
360901,0,1
64669,2,2
251960,1,1
157543,0,2
272662,2,1
15356,2,2
322781,0,1
112670,0,1
307935,2,1
232908,2,1
165771,1,1
217183,2,2
31092,1,1
51531,1,1
145164,1,1
242166,0,2
205690,2,2
308285,1,1
328812,2,2
138533,2,2
320826,2,2
82742,0,0
402792,0,0
373937,2,1
335809,0,1
395139,2,1
356384,1,1
184612,0,2
221915,0,1
393322,2,2
383894,0,2
177765,0,2
348836,0,2
365797,1,1
263141,0,1
316903,0,1
286433,2,2
41905,0,2
262393,0,2
88723,2,2
230876,1,1
85345,0,1
56695,2,2
246662,0,1
266929,1,1
170214,0,2
242038,2,2
382682,2,1
77552,0,0
153338,2,2
98210,0,2
272822,2,2
113863,1,1
325131,2,1
184971,1,1
251639,0,2
17622,2,2
287439,2,2
259985,1,1
332464,2,2
56632,0,1
272257,0,1
86203,2,2
72452,2,2
300799,0,0
66878,0,2
16119,0,1
38059,2,2
262008,2,1
284443,2,2
107793,2,2
248948,0,2
297375,2,1
259254,0,0
273503,0,0
95610,2,2
170249,2,2
3242,0,1
121437,0,0
159887,0,2
3248,2,2
369662,2,2
142309,0,0
252041,0,0
239710,2,2
165629,2,2
42986,0,0
168424,0,1
146458,1,1
389807,2,2
31264,0,2
93299,2,0
195829,2,1
375394,2,1
287764,2,2
365095,1,1
50070,2,2
371896,2,1
335623,2,2
128028,0,1
13259,0,1
294712,2,2
345346,1,1
322600,2,2
8217,2,2
268500,2,2
105968,2,2
288915,2,2
222848,2,2
139034,0,2
278704,2,2
55179,0,1
195621,0,1
317789,2,0
376550,2,2
110371,1,1
383232,2,1
121321,0,2
341371,2,2
55932,2,2
187992,0,1
288179,2,2
393470,0,0
290584,0,2
359169,0,2
173123,0,2
359812,2,2
299144,1,1
122505,2,2
189509,0,2
143811,2,2
395038,2,2
349347,2,2
384016,2,2
229268,0,0
167164,2,2
161314,2,1
72086,1,1
362470,0,2
86991,2,2
77190,2,2
398653,0,0
60564,2,2
38882,0,2
392048,0,0
1714,0,1
166894,0,2
269504,2,2
364466,2,2
317599,0,1
217897,2,2
51637,0,0
338332,2,2
74764,1,1
145662,2,2
232417,0,0
22766,2,2
19547,1,2
233021,1,2
119254,2,2
279276,2,0
25707,0,1
233013,2,2
289911,2,2
47122,0,1
158747,2,2
318785,0,0
13195,2,2
201304,2,1
341470,2,1
337714,2,2
101896,2,2
127460,0,1
279235,0,1
111615,2,2
345854,2,2
389171,2,2
223300,2,2
374401,0,1
252412,2,2
245339,1,1
367884,0,1
159562,1,1
225499,1,1
66326,0,0
126720,2,2
133999,2,1
271707,0,0
250820,2,0
337739,2,2
44543,1,1
218859,0,0
257738,0,2
102951,2,2
392819,0,2
93738,1,1
320430,0,2
275897,0,2
128215,1,1
37145,2,2
302997,0,1
88490,2,2
30606,2,2
103964,2,2
58809,0,2
406091,2,2
267895,2,1
1152,0,1
180020,2,2
133860,2,2
246346,0,2
125011,0,2
195845,2,0
204404,0,2
347220,2,2
346674,2,2
70018,0,0
267823,0,2
87646,0,0
213657,1,2
183534,2,2
87993,2,1
369507,2,2
207936,0,2
174915,2,2
140924,2,2
274016,1,1
14227,0,0
259775,2,2
360991,2,2
12337,1,1
287026,0,2
333201,0,2
391225,2,2
336961,0,2
142933,0,2
192797,0,0
45490,2,1
105812,0,2
112167,1,2
387844,1,1
305205,2,2
213534,0,1
128727,0,0
341728,2,2
46937,0,2
390795,1,1
105698,2,2
62663,2,2
395352,2,2
261835,0,2
54856,2,0
394884,1,1
393343,0,0
291851,0,1
366173,2,2
4057,2,1
254831,0,1
393330,1,1
349724,2,2
378986,0,2
350647,0,1
84835,2,1
135320,0,0
331219,0,2
65,1,1
117034,1,1
58667,2,2
144654,0,2
349262,2,2
325525,0,1
251674,2,1
161290,2,0
129404,0,1
381910,2,2
122146,2,2
23370,2,1
160908,2,2
42153,2,2
94231,2,2
136792,0,1
213291,2,2
63625,0,0
330016,0,1
300775,2,2
117367,0,1
71143,2,2
149362,2,0
164301,0,1
82923,0,0
144143,1,2
354945,2,2
265026,1,2
216338,0,1
118652,0,1
281554,0,1
96720,2,2
116150,0,1
276397,2,2
370493,0,0
105201,2,2
289468,2,0
42199,0,0
209524,2,1
222227,0,0
235805,0,1
54122,2,2
91772,0,0
220012,2,1
398365,0,1
270029,0,2
34535,0,1
318397,0,0
397057,2,2
71503,0,1
206452,0,1
4412,0,1
52445,0,1
301791,0,1
210969,2,2
368384,2,2
157010,0,0
124829,1,1
174661,2,2
309295,1,1
75963,1,1
48731,2,2
345663,0,1
233724,2,2
206449,2,1
228853,2,2
131151,2,1
54750,2,2
385094,2,2
101167,2,2
275829,2,2
48022,0,2
13581,0,1
230788,1,1
215417,0,1
164602,2,2
236625,2,2
80690,2,1
386348,2,2
62750,2,2
281348,2,2
271517,2,2
120781,2,2
41053,2,2
196166,2,2
300475,2,2
327750,2,2
329617,2,0
302949,2,1
2973,2,2
112673,2,2
90353,0,2
274299,1,1
118444,0,2
72124,0,0
101870,0,2
359763,0,1
28212,2,2
294276,0,2
60208,2,2
383582,2,2
213489,2,2
271952,2,2
347784,2,2
146291,1,1
36183,0,0
51866,2,2
248860,1,1
26296,2,2
246970,0,0
183994,0,2
252668,0,2
320746,1,1
205664,0,2
258414,2,2
126157,2,2
343265,2,2
255297,2,2
72413,1,1
171897,1,1
382889,0,0
130780,0,2
236697,2,2
101111,2,2
103553,0,0
335206,2,2
360407,1,1
120581,0,2
93809,0,2
108791,2,2
108561,2,1
254263,2,2
211540,2,1
401907,2,2
381893,2,2
269794,0,1
16732,2,2
376710,0,0
270355,0,1
145851,0,1
221284,0,2
187610,2,2
398130,2,2
144918,0,0
11897,0,2
86067,1,1
316743,1,1
341049,2,2
185040,2,2
256321,2,0
152505,0,1
66058,2,1
278599,2,2
186071,1,1
248738,2,1
370626,0,1
386269,1,1
355643,2,2
320311,0,1
273422,0,2
301541,0,2
372391,0,2
283215,0,1
46936,1,1
113836,0,2
138952,2,2
143609,0,2
349150,1,1
207518,1,1
353085,2,2
322597,1,1
71493,0,1
139979,2,2
121608,0,1
233113,0,0
404758,2,2
74328,2,2
391550,2,1
147458,2,2
127808,0,2
15115,0,0
314307,0,2
4627,0,1
360138,0,0
366927,1,1
206949,0,1
119430,0,1
213040,0,0
24533,0,1
313613,2,2
343380,0,0
343679,0,2
86294,0,0
147036,0,0
277019,0,0
91319,0,1
145150,0,2
222528,2,2
52996,0,1
115506,2,2
297911,0,1
44606,2,1
284439,1,1
71870,1,1
267251,0,2
222116,1,2
64385,1,1
5188,2,1
145664,1,1
326963,2,2
299,1,1
363014,2,1
18174,2,2
176484,0,0
109383,1,1
272256,2,2
234220,1,1
338247,2,1
91508,0,0
132426,0,2
364090,2,1
232184,2,2
64397,0,0
312200,2,2
393822,2,2
240220,0,0
297512,2,1
392252,2,2
217997,0,2
15985,0,2
102347,0,1
355632,2,2
389103,2,2
71962,2,2
374197,2,1
336699,2,2
126060,2,2
130272,2,2
241282,0,2
196895,1,1
354109,2,2
332415,2,2
204929,2,2
199236,2,2
356050,2,2
98753,0,0
310352,0,0
26579,2,2
155937,0,2
80111,1,1
229104,0,2
363921,2,2
119915,2,2
285546,2,2
214213,2,2
210121,0,0
261016,0,0
346918,0,0
247896,2,2
239214,2,1
162220,2,2
85340,0,0
169244,0,2
155553,0,0
17723,2,2
295354,0,2
57157,1,1
123184,2,2
302904,2,2
34676,0,0
320125,1,1
67253,2,2
147300,1,1
236125,0,2
19756,2,2
379880,0,0
209460,0,0
351770,0,0
340092,0,0
304482,1,1
244631,0,2
10362,1,1
296783,1,1
140147,2,2
79361,2,2
41382,1,1
200883,2,2
60851,2,1
162956,0,2
50859,0,0
45925,2,2
195614,0,2
292165,0,0
111625,0,2
250055,1,1
15757,0,2
308819,2,2
160854,2,1
370907,2,2
316246,2,1
265314,2,2
302049,2,2
218063,2,2
231953,2,2
57294,0,1
117824,1,1
53202,2,2
36146,0,1
78225,2,1
328260,2,2
268663,0,1
147355,0,2
140787,2,2
11161,2,2
354221,1,2
16169,2,2
7702,2,2
344990,0,0
18993,1,1
141541,0,0
157216,2,2
310175,0,2
235500,2,2
389427,0,1
382282,2,2
298231,2,2
381668,0,2
45245,2,2
223956,2,2
102452,0,0
129805,0,1
148144,2,1
332735,2,2
39483,0,2
359018,2,2
238527,0,0
61016,0,1
379553,0,1
183340,1,1
43602,0,1
338762,0,0
291788,2,1
334947,1,1
58099,2,2
359944,2,2
322717,2,2
202174,2,0
37857,2,2
167771,0,2
307547,0,0
364178,2,0
21567,2,2
160842,0,2
32600,2,2
201497,0,2
193927,2,1
152154,2,2
340862,0,2
171038,0,1
285139,0,2
385776,1,1
192550,0,0
129242,2,2
71414,0,0
313414,0,2
63537,0,0
51925,0,2
238553,2,2
49583,2,2
368693,0,2
85141,1,1
301699,2,2
173247,1,1
21613,2,1
305452,1,1
19107,0,2
283217,0,2
212325,2,2
135377,0,2
403550,0,0
132702,2,2
47523,0,0
34819,2,2
131510,0,2
230242,0,2
177778,1,1
366426,1,1
41457,2,0
16469,0,2
60069,1,1
339914,2,2
34483,2,2
3726,2,2
132475,2,2
220571,2,2
15100,2,2
35234,0,1
292533,0,1
361201,0,2
252329,2,2
225138,0,1
116125,0,0
106692,1,1
247781,1,1
280424,0,1
202185,2,2
306325,0,1
356547,1,1
159253,1,1
257634,2,2
237017,1,1
372725,1,1
350819,1,1
234139,1,0
347823,2,2
175694,0,0
154478,0,2
88825,2,2
295245,2,2
400095,0,0
305844,0,0
262317,2,2
2356,1,1
361734,1,1
389954,0,2
68514,2,2
61672,0,1
293990,2,1
96074,0,2
392095,1,2
221890,2,2
14415,2,2
128082,0,2
350484,0,0
336351,2,1
383909,0,0
280929,0,1
5203,2,2
336161,2,2
154815,0,2
143980,0,2
294417,0,0
52953,2,2
254128,2,2
241952,2,2
149195,0,1
140444,1,1
93471,0,2
246552,0,1
123197,2,1
148068,0,2
67653,1,1
399569,2,0
69105,1,1
135108,2,2
319431,0,0
132249,1,1
118804,1,1
316653,0,2
21173,0,0
403482,2,2
156834,1,1
73004,1,1
222055,2,2
205475,0,0
99639,2,2
257567,0,2
347659,0,0
119696,0,0
103176,2,2
267811,2,1
279398,2,1
393270,0,2
244321,1,1
264670,2,2
62679,2,2
276152,0,0
188736,2,1
49526,1,1
264416,2,2
42263,1,1
371482,2,2
279967,1,1
153762,1,1
243713,1,1
297303,0,0
125736,1,1
329555,0,2
97647,0,0
58753,1,1
270184,2,1
381051,2,1
172922,1,1
240955,2,2
129667,2,2
142095,2,1
223523,2,2
19422,0,2
214464,0,0
383355,2,1
230520,2,2
140176,2,2
260269,0,1
340546,2,2
346728,2,2
205096,2,2
387564,2,2
242418,2,2
83807,0,1
126073,2,2
3439,2,0
327583,0,1
381672,2,2
322774,0,0
334833,0,0
204483,0,2
22551,2,2
321447,1,1
112758,0,2
134898,2,2
201005,0,2
134518,2,1
301176,0,0
148856,2,1
320175,1,1
150262,1,1
198814,0,0
361903,1,1
270799,1,1
221707,2,2
80633,0,2
154374,2,1
311005,2,2
311176,0,2
53568,2,1
130800,2,2
247862,1,1
386761,2,0
79216,0,0
196914,1,1
230723,1,1
371329,2,2
24697,2,2
174676,0,2
61638,2,0
150907,2,2
209699,2,2
263723,2,2
188094,0,0
85523,2,2
253224,0,1
297000,2,1
31535,2,2
172143,2,2
99602,1,1
24056,2,2
295685,2,2
102718,0,0
303934,2,2
214575,2,2
74502,2,2
337976,1,1
14186,0,1
293170,2,2
39249,0,0
325873,0,2
632,0,0
328996,1,1
373654,0,2
161335,1,1
61115,2,2
396223,1,1
176370,1,1
282318,0,1
76257,0,2
8863,0,0
254431,2,2
258796,1,1
128969,2,2
265829,0,0
121930,0,2
399697,0,0
150424,0,0
55935,0,0
299329,2,2
191882,0,1
381870,2,1
378951,1,1
354004,0,2
160538,2,2
193228,0,0
181163,0,0
325109,2,2
382349,2,2
87435,2,2
181751,2,2
288946,0,2
32962,2,2
101040,1,1
134257,0,1
380981,0,1
64575,2,2
90364,2,2
46608,2,2
291134,1,1
270962,2,2
165809,0,0
201617,2,2
237803,0,0
290982,2,2
296136,0,1
384966,1,1
89390,1,1
31347,2,2
352219,0,0
229069,0,0
205648,0,0
331549,0,2
42274,2,1
150327,1,0
144269,2,2
172182,2,2
371020,0,0
246644,2,2
245027,0,2
157556,1,1
158986,2,1
162547,2,2
43190,0,1
180913,2,2
378733,0,1
393329,1,1
117664,2,2
4529,2,2
321932,0,2
263676,1,1
200140,0,0
287164,2,2
300839,2,1
175023,1,1
6289,1,2
58828,2,2
183870,2,2
18151,1,2
238476,2,2
316292,2,2
182808,2,2
88720,2,2
252577,0,0
341293,2,2
261790,2,1
374110,2,1
367182,0,0
129660,0,0
109507,1,1
223296,2,2
321790,2,1
372731,2,2
172664,0,1
204092,2,2
359052,0,2
306452,2,2
274896,2,2
175018,2,2
46165,0,1
398563,0,1
247455,2,1
404848,2,2
259514,2,2
33922,2,2
312545,2,2
204654,2,2
389740,1,1
256283,2,0
404916,2,2
126853,0,1
308115,0,0
29099,1,1
211675,1,1
221735,2,2
30910,0,1
305724,1,2
278173,2,2
194594,2,2
44708,0,2
128048,2,2
178530,2,1
193813,1,1
60809,0,2
151949,2,0
377814,2,2
385150,2,2
92207,2,2
64177,2,2
93271,2,0
339155,2,1
15842,2,2
400102,1,1
240776,2,1
404147,2,1
48980,1,1
232996,1,1
392196,0,2
251918,1,0
116195,1,1
46508,2,2
362553,2,0
402176,0,2
35216,0,1
296513,1,2
251139,2,2
362084,0,2
147889,0,1
53130,0,1
335433,2,2
320042,1,1
216314,2,1
42577,1,1
29580,0,1
178365,0,2
282840,1,1
259682,0,0
228924,0,1
365126,0,0
300883,1,1
176447,0,1
401418,0,2
19163,0,1
223670,2,2
269377,0,2
342687,1,1
83036,2,2
304606,0,2
191358,0,2
136624,2,2
287287,2,1
51407,1,1
49202,2,2
33004,0,2
41004,0,1
70298,0,2
148551,2,0
350306,0,2
12750,0,2
320202,2,2
104598,2,2
378101,2,2
251131,0,2
277728,2,2
371726,0,0
329437,2,2
72612,0,2
282180,1,1
309793,0,1
283832,0,0
364643,0,0
263144,2,0
204009,0,2
155208,0,1
287951,0,1
246270,1,1
344629,2,1
291417,1,1
386190,2,1
179660,0,2
123615,0,0
254980,1,1
312770,0,1
2735,2,1
87280,2,2
194154,2,2
349420,1,1
377090,0,2
79005,2,2
375540,2,2
350502,2,2
2561,2,2
150992,1,1
115663,0,0
329064,2,1
374071,2,2
325345,0,2
190183,1,1
221732,2,1
392576,0,2
313570,0,2
141746,1,0
260922,2,2
170054,1,1
271057,2,2
267435,2,2
222776,2,2
299985,0,2
126837,2,2
265790,1,1
173952,1,1
117729,2,2
127050,1,1
160650,2,2
223137,2,2
230963,1,1
99098,0,2
300531,2,1
133214,1,1
14514,0,0
175886,0,2
132711,0,2
344208,2,1
103931,2,2
52760,1,1
266766,0,1
53640,0,0
261642,2,2
335925,2,2
338399,1,1
284598,0,0
127828,2,2
237280,0,2
182181,2,2
391740,2,2
292149,0,1
65004,1,1
398075,1,1
245684,2,1
128435,0,0
49745,2,2
349940,2,2
364552,0,2
22473,2,2
156466,0,1
60850,0,1
296663,2,2
160156,0,2
26225,1,1
82389,2,2
157507,2,1
70966,0,0
110645,0,2
162475,0,2
129967,0,1
171543,0,1
192047,0,0
61751,2,2
330743,0,0
73787,2,2
332750,2,2
56702,0,2
56731,1,1
305559,2,2
219296,2,2
215911,2,1
366814,0,2
31117,1,1
146798,2,2
374410,0,2
21096,0,1
79040,2,2
101066,2,2
89073,0,0
187977,0,1
120962,2,2
357923,2,2
22740,0,2
391402,1,1
177550,0,1
39084,1,1
151460,1,1
255448,2,2
203352,2,2
274715,2,2
107080,1,1
301322,1,1
213633,2,1
329085,0,1
340985,0,2
85292,2,2
363330,0,0
104008,0,0
41050,0,2
32000,0,1
124443,2,0
63618,2,2
231526,0,2
22042,0,0
249219,1,1
311464,0,0
275885,2,2
205423,2,2
44652,2,2
347529,0,0
4977,1,1
111786,2,2
42668,1,1
350498,1,1
232499,2,0
384556,2,2
388800,2,1
221453,2,2
30220,1,1
236855,0,1
140233,2,2
72300,0,0
313963,2,1
104361,0,0
15197,1,1
204363,1,1
98690,2,2
52687,0,2
98808,2,2
61680,0,0
355320,2,2
389793,2,2
192752,0,1
181113,1,1
40694,0,0
300032,2,2
310727,1,1
83045,2,2
333190,2,2
90290,2,2
343172,2,2
278713,2,1
55165,2,2
348674,2,0
339618,0,1
280765,1,0
200546,1,1
79141,2,2
130860,2,1
269966,0,0
164855,0,2
156723,0,2
161721,0,2
87226,2,1
366718,2,1
73382,0,2
179394,0,1
351707,0,0
24910,0,2
127338,0,1
385481,0,0
399901,2,2
86740,1,1
64965,2,2
82925,1,1
73495,0,2
29428,0,2
375291,1,1
272862,0,2
393467,2,2
242685,2,2
285393,0,0
152648,1,1
95643,2,1
369607,2,2
67300,0,2
384553,0,1
175555,0,2
158155,2,2
167675,0,1
101414,0,0
181054,0,2
82346,2,2
294214,0,2
323520,2,1
208563,2,2
382200,0,2
336914,2,1
241163,1,1
276313,0,0
304005,0,0
15296,2,0
290105,2,2
255872,1,1
341612,0,2
61719,0,0
378515,0,2
193383,0,2
248848,2,1
37344,0,1
396487,1,1
145480,2,2
150704,1,1
382302,0,1
134648,2,2
261625,0,2
278308,1,1
156005,2,2
92510,0,1
257131,2,2
86634,1,1
240534,0,0
247961,0,2
323440,2,2
147767,2,1
69969,0,2
83894,2,1
379938,1,1
385045,0,0
28739,1,1
338924,2,1
278133,2,2
214236,1,0
114287,1,1
385470,0,2
369094,2,2
68563,0,0
130838,1,1
352483,2,2
78265,2,0
379180,1,1
185731,0,2
80770,2,2
371182,1,1
137334,0,0
138557,0,2
158429,0,2
138054,2,1
403214,0,2
116033,2,2
367202,0,1
378633,1,1
223699,0,2
120712,0,1
390881,2,2
109899,0,2
51086,1,1
336702,0,0
10482,2,1
152113,1,1
232822,2,2
130037,1,2
22329,2,2
394265,2,0
88915,1,1
147199,1,1
377530,1,1
308788,1,1
257289,0,0
236940,0,0
238517,2,2
318662,0,2
107602,2,2
402891,2,2
179272,0,0
44438,2,1
333099,0,2
19643,0,0
374014,1,1
298997,2,2
34359,0,0
79457,0,1
287497,2,2
225357,2,2
381933,0,2
55265,1,1
207840,2,2
203272,0,1
64430,2,1
280721,1,1
186369,0,1
388766,2,1
181057,1,1
45074,2,0
225925,2,1
308087,2,2
14487,2,2
14705,2,2
91350,2,2
278914,2,0
283544,1,1
317589,2,2
337563,2,2
30497,0,2
246177,2,2
2599,2,2
216529,0,2
201846,2,2
227683,0,2
151090,0,1
133094,2,2
64833,0,2
195637,1,1
270318,0,2
45941,0,1
275417,1,1
2527,0,1
91180,2,2
224076,0,0
345190,0,1
347926,0,2
110680,1,1
161155,1,1
230687,2,0
289610,2,1
141258,2,2
232340,0,2
328719,2,0
327676,2,1
259124,2,2
231508,2,1
333069,0,1
187302,2,2
261850,2,2
253038,2,2
66037,0,1
162011,0,2
356593,2,2
335011,2,2
171881,2,2
368748,0,2
108563,2,2
92516,2,2
105923,1,1
202249,0,1
239668,0,1
35638,2,2
232176,2,2
320680,1,1
222881,2,2
248455,0,0
209629,2,2
119163,2,1
103801,2,2
317115,2,2
206540,1,1
32699,0,1
149930,2,1
310428,1,1
5560,2,2
346783,2,2
23991,2,2
273340,1,1
213288,2,2
253843,2,2
215311,2,2
166427,2,1
297309,0,1
9750,0,2
13519,2,2
164040,0,2
68043,2,2
210706,2,2
235209,0,2
107003,2,2
144049,2,2
389986,0,1
332241,2,2
334959,2,2
7767,0,0
327359,2,2
27711,2,2
63272,1,1
98147,2,1
274037,2,0
395432,0,0
386655,2,0
195306,0,0
284935,2,2
220533,0,1
219298,1,1
389101,2,0
142655,2,2
4658,2,1
176719,2,1
366227,1,1
13057,0,1
319039,2,2
273119,0,2
341859,1,1
28616,2,2
225710,0,1
273049,2,2
54517,2,2
232107,0,0
383964,2,2
107541,0,0
336397,1,1
277414,0,0
160239,2,2
350235,2,0
272823,0,0
237998,2,2
206032,1,2
362272,2,2
297727,2,2
294730,2,2
221364,1,0
219877,2,2
327847,1,1
100736,2,0
224711,1,1
101369,2,2
370645,2,1
201633,0,0
254333,2,2
56511,0,0
3469,0,0
68883,2,2
167757,0,2
312268,2,1
180762,2,1
308490,0,1
346356,0,2
104160,1,1
167536,0,1
253000,0,1
168844,0,2
12443,0,2
177780,2,2
38637,0,0
82623,2,2
103291,1,1
24286,2,1
71919,0,2
191740,2,2
22954,2,2
165824,2,2
329190,0,0
406002,2,1
1617,1,1
274471,2,2
381272,2,2
88822,2,2
94830,2,2
170670,2,0
656,1,1
235025,2,1
373535,2,2
317983,1,1
215389,1,1
150205,2,2
400974,2,2
150932,2,1
400776,0,1
335884,0,0
375271,2,2
388433,2,1
349092,2,2
242937,0,1
32738,2,2
345851,2,2
79166,0,2
328272,0,2
61841,2,2
382439,2,2
10639,0,2
7628,2,0
277816,0,1
371058,2,2
129837,2,2
279673,2,2
80253,0,1
386494,2,1
142248,0,2
29310,2,2
194925,0,0
200659,1,2
176922,2,2
4606,1,1
310267,2,2
201593,0,2
180081,2,2
17721,1,1
277114,2,1
26612,0,2
344949,2,2
343225,2,2
111915,0,2
191116,2,2
178323,1,1
327783,0,0
18651,0,0
65330,0,0
287963,2,1
190022,2,2
34507,2,2
199161,1,2
288850,2,1
186807,2,1
92110,2,0
162715,2,2
283377,2,2
44270,2,1
242164,2,2
376534,1,0
163043,2,2
55883,1,1
134483,2,2
333110,2,2
368016,0,2
367066,1,1
293157,2,2
70615,2,2
349772,2,2
286996,2,2
282342,2,1
221520,0,2
107351,1,1
394318,0,2
324022,2,2
201183,1,1
79903,2,2
85727,2,0
266984,2,2
172232,0,2
89988,2,2
243886,0,1
182838,2,2
159439,2,2
112107,0,2
12111,2,2
32544,1,1
286457,2,2
222016,1,1
45147,2,2
296613,2,2
32049,0,1
99455,0,2
190514,0,1
204533,0,0
18156,0,2
351958,1,1
153154,0,1
190894,2,0
254471,2,2
207741,2,2
63208,2,2
62741,0,1
233134,0,2
81038,0,1
235445,2,0
201893,1,1
82898,2,2
365148,2,2
370287,2,0
230532,2,2
177779,2,2
151148,1,1
70434,2,2
223202,0,2
56537,2,0
134852,0,1
195712,2,1
333773,0,2
29942,0,2
29170,0,2
43555,2,2
13335,0,0
27264,0,0
44174,2,2
243002,0,2
70227,1,1
161965,2,2
306254,2,2
201478,0,1
398985,2,2
148233,0,1
152160,2,2
271588,2,2
200920,2,2
11777,0,2
176511,0,2
72948,2,2
161541,1,1
132492,1,1
212050,1,1
130261,0,0
207848,2,1
276698,2,2
186344,0,0
54525,2,1
313507,2,2
356848,1,1
35418,2,2
247014,0,1
110535,1,1
322610,2,2
99768,2,2
275447,2,2
41216,2,2
128420,2,2
160803,2,2
246228,0,1
213776,2,2
119436,2,2
291085,2,2
347614,1,1
348404,2,2
365019,0,2
169395,2,0
131180,2,2
291598,0,0
366078,2,2
94572,0,1
233848,2,2
198937,0,1
162436,2,0
126253,1,1
388804,0,2
37599,2,2
280344,0,0
276596,0,0
78666,2,1
205774,0,1
338198,0,1
386487,0,2
48344,0,0
261007,2,2
247497,0,2
272587,0,1
116521,2,2
187223,2,0
301537,0,2
324263,2,2
237763,1,1
370779,0,0
360866,0,2
309214,2,2
328353,0,2
103826,2,2
80487,2,2
191755,2,1
258989,0,2
218971,2,2
350629,2,2
153249,0,0
6070,2,2
254841,2,2
81111,1,1
207166,0,2
61872,2,2
382906,0,2
95172,1,0
235853,2,1
186897,2,1
375025,2,2
286533,0,1
104098,2,2
230310,2,2
378008,2,1
328419,1,1
282036,2,2
122515,2,2
188662,0,0
126075,0,2
250756,2,1
38565,0,1
221193,2,2
170996,0,2
60042,2,2
220470,2,2
92881,0,1
292779,2,2
95878,0,1
29053,2,2
219776,0,0
272028,1,1
168939,2,2
364219,2,2
242531,2,1
392606,2,2
149975,2,2
175388,1,1
246950,0,0
196085,1,1
284811,0,0
175034,2,1
335678,1,1
191025,0,0
238947,0,0
213036,1,1
66007,0,0
268403,2,2
44596,2,2
240809,2,2
39063,1,2
134154,0,2
24986,2,2
113756,2,1
49541,2,2
54384,1,1
279344,1,1
91514,0,0
376142,2,2
342011,2,1
401453,0,2
137766,1,1
272036,0,2
178675,0,2
86937,1,1
204786,0,1
243021,2,1
171190,2,2
103736,0,2
376907,2,2
402400,2,1
7247,2,2
290435,0,2
327612,2,1
370777,2,2
180665,0,2
185438,1,1
50319,0,0
391791,2,2
214932,0,0
318814,2,2
386465,0,2
168738,2,2
292135,0,0
218150,0,2
226971,2,2
12577,0,0
207643,0,2
33363,1,1
275411,0,1
225318,2,2
93840,0,1
112339,1,1
175881,2,2
172052,0,2
82794,2,2
97761,0,0
403246,0,0
127253,0,0
4081,2,1
332981,2,0
175558,2,2
112952,1,1
228043,2,2
271930,1,1
103337,2,2
55781,2,2
206522,1,1
60446,2,2
332641,2,2
135078,0,2
46581,0,1
297987,0,1
141407,2,2
153701,0,0
264957,1,1
85048,2,2
139805,1,1
343264,0,1
53114,2,2
340099,0,1
174286,2,2
251996,0,2
402778,1,1
146190,0,0
287725,0,1
227793,2,2
375911,1,1
347644,2,2
159227,2,2
48511,2,2
161178,2,2
104640,2,2
271489,2,2
114719,2,2
323824,0,2
14814,2,2
346049,0,2
67426,0,1
61801,2,2
248817,1,1
132277,0,2
267126,2,2
393758,2,2
369149,0,1
358033,0,1
183845,2,2
159538,2,2
67644,1,1
334605,2,2
217229,1,1
243818,0,2
249678,2,2
134818,2,2
166479,2,2
194333,0,1
1390,1,1
44621,1,1
337955,2,2
29893,0,1
124024,0,0
117996,1,1
86766,1,1
92332,0,2
334660,1,1
114109,0,1
150380,0,2
120016,2,2
109822,0,2
133928,0,0
202754,0,2
143249,1,1
111274,0,2
131356,0,0
68509,2,1
260726,1,1
136423,1,1
206992,0,2
290381,2,2
146648,0,0
189543,1,1
257593,2,2
382892,2,2
293853,0,2
106399,1,1
49415,0,0
132321,2,2
61056,0,2
119739,2,2
309191,0,0
120935,1,1
32762,2,2
368439,0,2
195442,2,2
379615,0,0
166202,2,2
226247,2,2
85241,0,2
312116,0,2
158916,0,2
47652,2,2
359503,2,1
244700,2,2
290310,0,1
214014,0,0
160799,2,2
367285,0,2
75486,0,2
172119,0,1
301265,2,1
364063,2,2
35807,2,2
388197,1,1
362240,2,2
107067,2,2
16034,0,1
200777,2,2
41235,2,2
26650,2,2
20445,2,2
44907,2,2
327074,2,2
114749,2,2
41626,0,1
395977,2,2
258583,0,1
114518,2,2
201329,2,1
392667,2,0
25178,1,1
76616,1,1
136466,2,2
168860,0,1
293529,2,2
403190,0,0
315127,1,1
377625,2,2
78787,2,2
200917,2,2
313200,0,2
235493,0,0
326733,0,1
323284,0,2
382959,0,2
176873,2,2
123307,0,0
385203,0,2
168433,1,1
233345,0,0
324061,0,2
113023,2,2
168225,2,2
26642,0,2
374192,0,0
248207,0,0
68200,2,1
283549,2,2
108831,1,1
217991,2,2
267224,1,1
261660,1,1
60095,1,1
207316,1,1
388896,2,2
381733,0,1
357314,2,1
338823,0,1
27038,2,2
358690,2,2
223624,0,2
366232,1,1
139902,2,2
300466,1,1
399194,1,1
304714,2,2
373525,0,2
385715,1,1
87617,1,1
355472,2,2
160859,1,1
215268,2,2
291201,0,1
373887,0,1
115902,2,2
44556,2,2
210673,0,1
195331,1,1
52520,2,2
77406,2,2
215032,0,2
207216,2,2
294653,1,1
221434,0,1
52855,0,2
207826,2,2
97735,1,1
189719,2,2
314848,2,2
302297,2,2
143507,0,2
140279,0,0
308057,2,2
103213,2,1
292682,2,2
304033,2,2
54032,2,1
95811,2,2
14500,2,1
97293,0,0
22096,2,2
139640,0,1
254881,0,2
305275,1,1
188540,2,2
91775,2,2
275837,2,2
249384,0,1
40308,2,2
127855,2,2
301288,2,2
387763,2,1
295287,0,2
190202,2,2
246039,2,2
369696,2,2
28417,2,2
318346,1,1
360045,2,2
14855,1,1
30440,0,0
231534,1,1
332418,0,2
273691,0,2
56167,2,2
232514,2,2
72103,0,1
277684,2,0
5536,0,0
275621,1,1
52619,2,2
170991,2,2
288766,0,1
281943,0,2
5896,2,2
295020,1,1
243132,2,1
52539,2,1
222320,0,1
152079,2,1
22017,2,2
127952,1,1
271577,0,2
198267,2,2
405951,2,2
350923,2,1
159842,1,1
233006,2,0
139725,0,1
278983,0,0
287933,2,2
214631,2,2
272502,2,2
321570,2,2
387420,1,1
112946,1,1
246382,2,2
279031,0,0
106436,2,2
401335,2,2
103971,2,2
131190,2,1
152540,2,2
314522,1,1
365757,0,1
55416,2,2
362284,2,2
159045,0,2
14676,1,1
321926,2,1
345649,2,2
181217,1,1
42912,1,0
372916,2,2
137513,2,2
5852,0,2
151694,2,2
297841,0,2
289396,2,2
12209,0,1
95354,2,1
179979,2,2
207364,0,1
171467,0,0
308287,2,2
357895,0,0
363524,2,2
372822,2,1
109569,1,1
217890,2,2
293339,1,2
53984,2,1
140528,2,2
389045,0,1
274240,2,2
316409,1,1
88876,2,0
136797,2,2
231065,0,1
269503,2,2
86254,2,2
6439,2,2
239300,2,0
304146,2,2
363134,2,2
244955,2,2
222542,0,1
8043,2,2
181733,0,1
43146,0,2
329843,2,1
360510,0,1
311425,0,2
211832,0,2
140142,0,1
22482,0,1
85849,2,2
15155,2,2
401779,1,1
28365,2,1
292732,2,2
284061,1,1
352261,0,2
250322,0,1
43267,1,1
382743,2,2
46754,1,1
328315,0,2
159894,2,2
230640,2,1
78814,2,2
244301,0,0
392702,1,1
312240,0,0
164280,0,2
70774,0,1
95796,2,2
80937,2,2
375101,2,2
287385,2,2
223760,0,2
71579,0,0
102159,2,1
197462,0,1
268309,2,1
111369,1,0
297551,0,0
141835,2,1
253852,2,2
175017,2,2
246775,1,1
398058,0,1
234354,0,2
236693,2,2
1298,2,2
147684,0,0
269668,2,2
243527,0,2
104648,1,1
221744,0,0
232769,2,2
248086,0,2
68119,0,2
30650,2,2
391758,1,1
247678,0,2
111963,2,2
251012,2,2
191576,2,1
262541,2,2
286104,2,1
24106,0,0
348184,1,1
101105,2,2
127435,1,1
265827,1,1
149178,0,0
174361,0,2
364519,1,1
357453,2,2
247222,1,0
155292,0,2
168235,0,1
268211,0,0
405266,0,2
40456,0,0
193101,0,2
187546,2,2
301131,0,1
180438,2,2
220484,0,0
64357,0,0
292683,0,2
35215,0,2
74224,2,0
182325,1,1
27335,0,2
55794,2,2
262443,2,1
240456,0,0
90656,0,0
396573,2,2
15492,2,1
335187,2,0
229227,0,2
333250,0,2
308860,2,2
348303,0,2
277334,2,2
61100,1,1
348747,2,2
162825,1,1
260369,0,2
379921,0,2
279633,0,2
76883,2,2
379246,2,2
228160,0,2
289508,1,1
368741,1,1
242040,2,2
42536,1,1
138008,2,2
332665,2,2
58516,2,0
161076,2,2
261550,2,2
114022,0,1
131862,0,1
172592,2,1
319647,0,0
402449,0,1
355888,2,2
259252,2,1
364658,0,1
141344,0,2
203663,2,2
266173,2,2
358431,0,2
237743,2,2
69619,1,1
221926,2,2
94588,0,1
139824,0,0
397462,0,2
203579,2,2
79794,2,2
26201,0,0
364664,1,1
172301,2,1
299975,2,2
346975,1,1
322893,2,2
287733,2,2
72497,2,1
308507,0,0
187319,0,2
112557,2,1
377184,2,2
246058,2,2
333446,1,1
380328,1,1
82802,2,2
12065,2,1
239048,0,0
234753,2,1
217017,2,1
332097,2,2
145175,2,1
161269,0,2
156084,0,1
160334,0,0
93445,0,0
367653,0,0
21311,0,0
153369,1,1
328772,0,0
302096,0,0
345234,1,1
379985,0,2
67244,2,1
220850,2,2
57940,0,2
405851,0,2
282096,0,0
288809,0,0
322891,2,2
239213,1,1
214609,2,2
174617,1,1
26403,0,1
46278,2,2
172544,0,2
249100,2,2
219169,2,2
405188,0,2
117469,0,0
155942,0,2
399254,1,1
219590,0,0
189635,1,1
363560,0,2
218877,2,1
174546,1,1
252022,0,2
222375,2,2
125198,2,0
350985,0,0
158442,2,2
286704,1,1
74093,0,0
332879,1,1
63197,0,2
83516,1,1
399879,0,0
123768,2,2
283042,2,2
333892,0,0
45923,1,1
260444,2,2
328818,1,0
191489,2,1
195460,1,1
183454,1,1
233691,0,1
237349,1,1
71767,2,1
387173,1,1
86435,0,0
114870,0,0
353862,1,1
168712,1,2
379041,2,2
38808,2,2
110361,2,1
399775,0,2
173861,0,0
289245,0,1
192891,0,2
146,0,0
209521,2,2
188298,2,0
312641,2,2
335932,2,2
369686,1,1
144645,0,0
332683,2,2
291683,0,2
40712,2,2
64341,0,1
229634,2,1
219707,2,1
372705,1,1
139861,2,2
386973,0,1
208534,0,2
19429,0,1
93431,2,0
370538,2,1
247848,2,2
400674,0,2
378573,1,1
180770,2,2
223983,0,1
151531,0,1
211048,0,1
106167,0,0
135417,2,2
20461,2,2
368250,2,1
309684,2,1
145970,2,1
17213,2,2
132710,2,2
392646,0,0
224828,2,2
40188,2,1
285105,0,2
106138,1,1
247258,2,2
213127,1,1
389686,2,2
287337,0,0
204836,2,1
45035,0,0
206776,0,1
246274,1,1
216474,2,2
27672,0,0
290490,2,2
295948,0,0
183931,2,2
386925,2,1
143825,0,0
18826,0,0
348524,2,0
61843,0,0
279371,0,0
195319,2,1
319052,0,0
58721,0,0
275383,0,0
397101,0,2
105027,2,2
276907,0,2
373371,0,2
93300,2,2
99017,0,1
279617,2,1
20945,0,0
48809,0,2
304597,2,1
312330,2,1
303862,0,0
121581,2,2
240732,0,0
130515,1,1
279714,0,0
89473,2,2
343432,0,1
28936,2,2
304415,2,2
361875,0,0
247012,2,2
365393,2,2
264001,2,2
12331,2,2
53359,2,1
24303,1,1
240881,0,2
45057,0,2
293086,0,0
305453,2,1
309234,0,1
10062,0,1
510,0,0
106454,2,2
371958,2,2
153088,1,1
381487,2,2
196490,1,1
53221,0,2
145496,1,1
312103,2,2
321013,2,2
339108,0,0
295865,2,2
2781,2,1
374316,2,2
383359,2,2
153339,2,2
48246,2,2
163142,0,2
803,0,0
169535,2,2
364310,2,1
259911,0,2
108146,0,2
284147,1,1
288919,0,2
361377,0,1
373526,0,2
113725,1,1
282799,2,0
186016,2,2
366852,2,2
2818,1,1
157084,2,2
28893,1,1
335453,2,2
19969,2,2
388370,0,1
134225,2,2
284702,2,1
329182,0,2
159218,2,2
237662,0,2
2481,0,2
247148,2,2
259286,2,2
138639,2,2
101301,1,1
32556,2,2
90250,2,2
258401,2,1
283058,2,2
404119,0,2
320757,0,1
69838,0,0
252105,0,2
74819,2,1
45926,2,1
1353,0,2
317049,2,2
147105,0,1
81052,2,2
112162,2,1
309423,2,0
333017,2,1
261183,2,2
63845,2,2
151582,0,2
357392,2,2
42202,2,1
281344,0,2
262290,2,2
127198,2,2
98255,2,2
39749,2,2
128910,1,1
3587,0,2
219280,2,2
49124,1,1
382293,2,2
27366,0,1
389269,2,2
211647,0,1
107595,2,0
253159,2,2
43665,2,2
120439,0,2
398267,1,1
43543,2,2
370912,2,1
335769,0,0
53465,2,2
95629,1,1
160837,2,2
213451,1,2
315498,2,2
167649,0,2
41636,0,0
386846,0,1
187790,0,2
277475,0,0
118074,0,0
250683,0,2
314689,2,2
209323,0,2
250831,2,2
120560,0,0
48047,1,1
62098,1,1
333175,2,2
137682,2,0
229043,1,1
218889,2,2
19512,0,2
363939,2,2
192986,0,2
375171,0,2
328322,0,2
353968,2,2
311822,0,0
86040,0,0
287660,1,1
90815,2,1
181034,0,2
304767,2,2
82208,0,2
57209,0,1
216528,0,2
214187,0,0
300636,2,1
28308,2,2
199275,0,2
127174,2,2
265291,0,1
237146,2,2
138951,0,0
58645,2,2
335421,0,0
361120,0,0
234798,1,1
101548,2,2
122367,2,1
55223,0,1
224941,0,2
208100,2,1
29787,2,2
200918,2,2
127954,2,2
397671,2,2
233711,0,0
92688,2,2
134635,0,0
255560,0,1
91689,0,2
296800,1,1
40860,0,1
207887,0,1
61284,1,1
384910,0,1
108024,2,0
56952,1,1
139637,1,1
321781,1,1
308631,2,2
110900,0,0
185866,2,2
156362,1,1
54315,2,2
281742,2,1
33381,2,2
322991,2,1
117043,2,2
220282,2,2
342518,2,1
377844,0,0
314673,0,0
339897,2,2
67990,2,2
18678,2,2
292874,0,2
105779,0,2
296151,1,1
389135,0,2
400043,0,2
9848,0,2
27572,0,2
330260,2,2
333547,1,1
48098,0,2
62115,2,2
91958,0,1
216051,2,1
44359,0,2
131962,2,2
380386,2,1
296677,0,2
21538,2,2
303726,1,1
43396,0,2
103819,0,0
200700,2,2
339504,2,2
231983,2,1
59186,0,0
234366,0,0
276833,0,2
74600,2,1
135819,0,2
38900,1,1
200621,2,2
59649,2,2
248529,1,1
195491,2,0
315193,0,2
149722,2,2
24734,0,0
196736,0,2
90139,0,1
36309,2,2
286437,2,2
218766,2,2
249192,0,2
249946,2,2
83737,1,1
276553,1,2
374957,2,2
278002,0,2
206068,0,0
395404,0,1
60462,2,2
151789,2,2
233104,2,2
138969,2,2
356810,0,0
178920,0,2
279618,2,2
216514,2,2
144721,2,2
202673,2,2
227617,1,2
305731,0,0
49412,2,2
365843,2,2
31209,1,1
113711,2,2
388131,0,1
260145,0,2
157891,2,2
265477,2,2
356146,1,1
281067,0,0
326394,0,2
288953,2,2
288622,2,2
323816,2,0
395566,0,2
72025,2,2
80734,0,2
326786,1,1
327982,0,1
320475,0,1
118321,2,0
1533,2,2
66662,1,1
115631,2,2
180949,0,1
187918,2,2
265544,2,2
183200,2,2
166932,0,2
19420,1,1
208319,0,2
168335,2,2
104824,2,2
129719,0,2
186481,2,1
404114,2,2
311378,2,2
92940,2,2
155703,0,2
141101,2,2
350384,1,1
352915,0,2
97681,0,0
37365,2,1
308597,2,2
302696,1,1
786,2,2
182222,0,2
387140,2,1
180675,2,1
193580,2,2
302638,2,2
248490,0,0
325470,2,2
57341,0,2
350812,0,0
208529,0,0
289604,0,2
63469,2,2
379049,2,2
403434,0,2
76612,0,2
252210,0,1
113422,2,2
209247,2,2
356893,0,2
218029,0,2
320140,1,1
308940,2,1
217211,2,2
68845,0,1
28526,0,1
131370,2,1
79134,0,1
217076,0,0
10195,2,2
380203,0,1
31467,1,1
368164,0,1
185450,2,2
4622,1,1
179807,0,2
237908,2,2
199922,1,1
296589,0,0
241388,2,2
109755,0,2
377119,0,2
222873,0,2
326732,0,2
217271,0,1
31450,0,0
107887,0,0
94325,2,2
386649,2,2
195451,2,1
32288,1,1
388603,0,2
94682,0,0
213474,2,2
297491,1,1
44752,0,2
194940,1,0
20648,0,2
35644,1,1
293076,2,2
53338,0,0
242171,2,2
119594,2,2
24599,0,2
4969,0,2
338709,2,2
146909,2,2
162957,2,2
89632,0,1
256875,1,1
289848,0,0
190627,0,1
357384,0,0
143754,1,1
334385,2,2
162622,2,0
305221,2,2
6550,0,2
364144,2,2
303798,0,0
372880,0,2
391037,1,1
70913,0,1
127963,0,2
389715,0,0
405714,0,0
214277,0,2
332555,1,1
390081,0,0
391525,0,1
355253,0,2
193709,0,0
95458,1,1
246207,0,1
188614,2,1
374861,0,1
236282,2,2
260925,0,1
33278,0,1
153184,2,0
366523,2,2
173542,1,1
251518,2,2
255617,2,0
336664,0,2
265387,0,1
15392,0,0
371608,2,1
322333,2,1
346723,2,2
363449,2,1
388760,0,2
382171,0,2
90714,2,0
343836,2,2
80764,2,1
381360,2,2
376770,1,1
270065,2,2
297956,0,1
362216,2,2
289600,2,1
293738,2,2
34631,2,1
275396,2,2
327701,0,1
13183,0,0
181901,1,1
252239,2,2
227,1,1
71718,0,1
308606,0,2
323940,0,2
332872,2,2
6189,2,2
64553,2,1
312325,2,2
345863,0,0
173580,0,2
25772,2,2
384196,0,0
233406,2,0
75508,2,2
125579,1,1
13126,2,2
18485,0,0
283742,0,2
270089,0,2
260487,2,2
124046,1,1
21198,0,0
233273,0,1
39562,2,1
370865,0,2
331026,2,2
181912,0,2
282249,2,2
299771,2,2
265259,0,1
95494,0,1
231655,0,1
256325,2,2
132102,0,2
47943,0,2
137633,2,2
307195,0,0
160652,1,1
188529,2,2
148319,0,2
388246,2,1
125061,1,1
295622,1,1
121977,1,1
176698,1,1
23523,0,2
382475,0,0
132398,0,0
168593,0,2
113455,1,1
51997,2,2
403908,2,2
311204,0,2
332026,1,1
248988,0,0
161835,1,1
357243,1,1
272671,0,0
356755,2,2
322364,0,2
273632,0,1
124153,0,2
261785,2,2
274188,0,1
396073,0,1
352768,0,0
110354,0,1
117580,0,0
223128,1,1
98991,0,2
34755,2,2
287846,0,1
290420,0,0
233701,0,1
170609,0,1
213205,2,2
5802,2,2
192159,2,2
264024,2,2
61756,2,1
217415,1,1
247509,2,2
396450,0,2
224657,2,2
114933,0,0
153191,2,2
114906,2,0
243088,0,1
226519,0,1
12405,2,2
272654,1,1
128457,2,2
135460,0,0
328285,0,0
235159,0,0
61325,2,2
238445,0,2
267737,2,0
9969,0,0
149125,0,2
91832,0,1
333780,0,1
389945,2,2
85086,0,0
354631,2,2
372310,0,0
318844,1,1
240829,2,2
314105,0,0
45598,2,2
286015,2,2
100174,2,2
42012,0,1
401816,0,2
224082,2,2
372453,0,2
175306,1,0
87124,2,2
352603,2,2
213357,2,1
30469,0,1
375322,0,0
320143,2,2
124670,2,2
53899,2,2
65014,2,2
264225,0,1
128372,0,0
24023,2,2
396868,1,1
73859,0,2
314066,1,1
173845,2,2
334676,2,1
135234,0,1
404199,0,0
171138,2,2
393440,2,2
222937,0,1
250419,0,0
334097,2,2
83855,0,0
312334,2,2
148505,0,0
301031,0,2
300063,2,1
23070,2,2
289505,0,2
154712,2,2
360735,2,2
85383,2,1
388064,0,1
303675,2,2
201626,2,2
87020,2,2
224109,0,0
305557,0,2
48753,0,0
388723,0,2
110817,2,2
236609,2,0
380436,0,2
223921,1,1
218658,1,1
257479,2,2
215739,1,1
72939,0,2
189144,2,2
110616,2,2
100492,2,2
356889,0,0
298197,2,2
71037,2,2
44070,2,2
105683,0,2
170070,1,1
101641,0,2
379805,0,0
242370,1,1
147629,2,2
135299,2,1
368307,2,2
328197,0,0
193339,2,2
61421,0,1
13893,2,2
378903,0,2
39290,2,1
192078,2,2
140090,0,2
356815,2,1
74456,0,0
150934,0,0
278804,0,2
259149,2,2
11578,2,0
98371,2,2
144881,0,0
219231,2,2
257226,2,2
327972,1,1
116494,2,2
316308,2,0
264551,1,1
220969,1,1
216348,2,1
298650,1,1
17967,2,2
92179,2,1
345980,0,2
335895,0,0
395322,0,1
183287,2,2
158711,2,2
138963,0,1
140341,0,1
264587,2,1
65786,1,1
5752,0,2
43,0,1
194635,2,1
282337,1,1
189982,2,1
290031,2,2
398902,1,1
75589,0,1
325591,2,2
398962,0,1
240812,0,0
66632,2,2
398713,0,2
368221,2,2
295300,2,1
315257,2,1
28483,0,2
286155,0,0
160260,2,2
317698,0,0
120882,2,2
19997,0,2
264045,2,2
360976,1,1
112141,2,2
285514,2,2
97505,2,1
80270,2,2
352341,0,2
94593,2,1
257734,0,0
285608,2,2
330718,2,2
342185,1,1
344477,2,2
58975,2,2
316993,1,1
327598,2,2
171635,0,1
30421,2,2
320232,0,2
106380,2,2
202679,2,1
271064,2,2
351180,0,0
90651,0,0
282076,2,2
29663,2,0
390732,0,2
47298,2,2
374162,0,2
7845,0,2
111806,0,0
355779,2,2
210040,0,2
225846,1,1
352911,2,2
285168,2,1
312260,0,0
165224,2,1
144900,2,2
115012,0,0
218905,2,2
71773,2,2
321245,0,2
58624,2,2
359947,0,1
203791,2,2
405844,1,1
90584,1,1
9218,2,2
256720,0,2
26276,1,1
35261,2,2
134805,0,2
292548,2,2
324753,0,0
55754,0,2
319071,2,2
224005,1,1
86509,2,2
326449,0,1
41952,0,0
27692,2,2
294911,0,2
96466,2,2
205000,2,2
153282,2,1
139709,0,2
79390,2,2
319749,2,2
290782,2,2
175876,0,2
253328,2,1
197245,0,2
218388,2,2
281708,2,1
79532,2,2
56955,0,0
24889,0,0
351293,0,1
403764,2,2
222749,2,2
324138,2,2
95071,0,1
66809,2,2
167831,0,2
308638,0,0
209536,0,0
118823,0,0
146077,2,2
6216,0,2
220391,2,2
33258,0,0
63230,0,0
281495,2,2
174178,2,1
298417,1,1
392668,2,2
363813,2,1
336490,2,1
10017,0,1
363164,2,2
157270,0,0
293055,1,1
132652,2,2
14603,2,0
245797,1,1
101446,0,1
18831,0,2
166369,2,2
131520,2,2
175166,2,2
267371,0,0
399032,1,1
33736,1,1
10079,0,1
354668,2,2
3945,2,2
287851,0,2
238754,0,1
357501,2,0
143445,2,0
238444,2,2
242792,0,2
70317,0,0
367481,2,2
252938,2,2
14526,1,1
57990,2,2
152955,1,1
8357,2,2
392711,0,2
25111,0,0
163271,1,1
22076,2,2
99684,0,2
360011,1,1
225873,0,2
331181,2,2
288335,0,2
317859,1,1
241816,1,1
400888,0,0
254515,2,2
241316,1,1
312393,2,2
195301,0,1
335451,2,1
235777,2,2
77227,0,1
333484,1,1
362281,2,1
393503,1,1
237093,2,1
223417,2,2
10712,2,2
370087,2,2
367988,1,1
384239,0,2
402518,2,2
190125,0,0
132375,0,2
336320,0,0
221040,1,1
55553,2,2
300283,2,1
247361,1,1
40883,2,2
293997,2,2
385327,0,2
40360,1,1
104628,2,1
394582,0,2
280062,1,1
127622,2,2
42151,2,2
101561,1,1
379467,2,2
377673,2,2
69447,2,2
1337,0,0
124403,0,0
246830,2,2
202855,2,1
39775,1,1
362664,1,1
24452,0,0
269229,2,2
395530,2,2
371209,2,1
281130,2,2
360296,2,2
62089,2,2
278076,0,0
243985,2,2
353964,0,2
10673,0,0
378122,0,2
298892,0,1
229318,0,0
151889,1,1
185707,2,2
212998,0,1
352680,2,2
331843,0,0
140841,2,2
67030,2,1
230428,0,2
321167,1,1
321014,0,1
132785,1,1
299089,1,1
263488,0,2
264784,1,1
55458,1,1
191057,1,1
309076,0,2
340114,1,1
178444,0,1
356462,2,2
282589,2,2
313039,0,1
36636,2,2
150943,0,2
150189,2,2
211559,0,2
194367,2,2
345282,0,2
250005,0,2
220701,0,0
236082,0,0
1415,0,0
311492,2,2
158539,2,2
123397,2,1
144606,1,1
397896,1,1
6787,2,2
295056,2,2
140321,0,1
66420,0,2
26548,2,2
344838,0,0
26560,0,2
352192,2,2
306552,2,2
155127,0,0
345548,0,0
136286,0,2
2419,2,2
143128,0,2
189181,1,1
104109,0,0
211501,1,1
140919,2,2
2562,2,2
151137,0,0
193636,1,1
353981,0,0
270361,2,2
274627,0,0
384504,0,1
241502,2,1
124754,1,1
354050,2,2
124531,0,2
36701,0,1
149265,0,2
202876,0,2
208577,0,2
323650,2,1
311391,0,2
361227,1,1
123306,2,2
375329,1,1
6650,2,2
324270,0,0
103693,0,2
204962,2,1
190150,2,0
153992,0,1
201082,2,1
294928,1,1
166963,2,2
216218,1,1
279021,1,1
317044,0,2
369453,2,2
337504,0,1
35517,0,1
67184,0,2
45904,2,2
75650,2,2
397697,0,2
344610,0,0
6784,2,2
234468,2,2
190951,2,2
369841,0,1
296694,0,2
186566,2,2
325347,0,0
303900,0,2
385540,2,2
197357,0,2
5217,0,2
270980,2,2
115882,2,2
363796,2,1
271460,0,2
153123,2,2
131751,2,2
82439,2,2
332593,2,2
71543,1,1
55882,0,2
388957,1,1
266205,2,1
261141,0,1
246367,2,2
349344,0,0
253464,2,2
254717,2,0
136868,1,1
211336,2,2
356118,2,2
365292,2,1
41349,2,1
241214,2,2
211156,0,1
393422,1,1
153679,2,2
77472,0,2
380491,2,2
257146,0,0
110562,0,1
396260,2,2
135555,2,2
201807,0,2
346842,0,0
144825,0,0
200268,0,2
177322,0,2
32234,0,1
10409,2,1
92458,2,2
152576,0,2
143979,1,1
120732,0,0
391192,1,1
251827,1,1
165286,2,1
4723,2,2
337650,0,0
68404,0,2
80456,0,2
116110,2,2
13442,2,2
358,1,1
332130,2,1
118828,0,0
224789,1,1
193324,0,2
130174,0,0
13976,2,0
320995,0,0
327923,0,1
213494,2,2
393209,0,2
214264,0,1
368310,2,2
128475,0,1
190099,0,0
44666,0,2
299964,2,2
238670,2,2
262175,2,1
162584,0,0
177145,2,2
32399,2,2
19927,2,2
115461,0,0
313498,2,2
363613,2,2
43525,0,2
17679,0,0
165608,0,2
201647,1,0
101263,2,1
2173,2,2
200940,1,1
272538,2,1
308126,2,1
111974,1,1
119158,2,2
69279,2,2
389350,0,0
195432,0,2
201563,2,2
51456,0,0
294595,0,1
174357,2,1
100588,0,1
347851,0,1
325104,2,1
30619,0,2
336812,2,0
342683,2,1
404588,2,2
120896,0,0
322673,1,2
367149,0,1
299190,0,2
148086,2,2
384311,1,1
28721,0,1
331408,1,2
240613,2,2
185102,0,2
347566,0,1
54051,0,0
176155,0,0
45864,2,1
38937,0,2
237142,2,2
310711,1,1
110057,0,1
92347,1,1
54913,1,1
169979,0,1
4301,2,2
65489,0,0
277995,0,1
242810,2,2
207536,0,1
318904,2,1
51180,0,1
85060,0,1
132188,2,2
36740,2,0
28817,1,1
340221,2,2
291475,1,2
238131,0,2
184274,0,2
172059,2,2
70868,2,2
211940,0,1
387858,0,2
87383,2,2
331548,0,2
168542,0,2
198053,1,1
274712,0,0
76063,2,2
33883,2,1
236133,2,2
310109,0,1
359006,0,1
162560,2,2
399707,2,1
77386,0,1
112345,0,1
46292,1,1
157106,0,2
312730,2,2
385019,2,2
151892,1,1
155456,0,2
24552,2,2
140968,0,2
166960,0,0
124766,0,2
184933,1,1
49589,1,1
247365,2,2
304689,2,2
381887,2,1
403964,2,2
337881,2,2
156449,0,2
214307,2,2
351799,0,1
53876,0,2
66828,0,2
34671,2,1
146406,1,1
18731,2,2
203753,0,1
81520,2,2
255531,2,2
132852,2,2
60805,2,2
229648,2,2
82333,0,0
186006,2,2
76641,2,2
246839,0,2
137777,2,1
191147,1,1
104137,0,1
338829,2,2
404042,1,1
68277,0,2
293252,1,1
242020,1,1
167584,2,2
261644,1,1
155008,1,1
326608,0,0
136677,2,2
54573,2,2
274046,1,1
306939,2,2
232900,0,1
68345,2,2
65432,0,2
63327,0,0
232788,1,1
231472,2,2
28495,2,1
15059,0,2
147548,0,2
173583,1,0
143920,1,1
204452,0,2
230196,0,2
383869,2,2
392848,0,0
280198,2,1
167884,2,2
386224,1,1
65959,0,2
4203,1,1
268767,0,0
339020,1,1
38006,1,1
94085,1,1
276130,2,2
208672,2,1
129650,2,2
361544,0,1
289582,0,0
130738,2,2
8286,0,1
315860,0,1
169189,2,2
45930,0,1
133475,0,2
99747,2,2
158187,2,2
365053,2,2
65923,0,2
77070,2,2
232722,1,1
17535,0,2
316663,2,2
345517,2,2
15715,0,0
244572,0,0
232265,0,0
252391,2,2
133655,2,1
350068,0,2
49922,0,1
337028,0,1
380364,2,0
94253,0,2
138133,1,1
4980,2,2
96448,0,2
255605,0,2
393908,0,0
337389,2,0
304204,0,2
334399,0,2
211097,1,1
225303,2,2
47437,2,1
307386,1,1
118088,0,0
199432,1,1
118370,2,2
77109,1,1
356151,0,0
16217,2,2
156400,1,1
93397,2,2
195220,1,1
396892,0,1
241382,1,1
183513,0,2
17648,1,1
42375,2,2
134210,2,2
343653,2,2
382192,2,2
305338,0,0
6036,0,2
111551,0,0
290722,2,0
24636,2,2
120910,0,2
348620,2,0
310737,2,1
237892,2,2
6998,2,2
122933,0,1
226427,1,1
62617,0,2
262372,2,2
156917,1,1
84144,0,0
205888,0,1
133354,0,2
253347,0,2
404695,2,1
215601,2,1
39345,2,2
302218,0,2
279326,2,2
264987,1,1
386670,1,1
174615,1,1
375155,2,2
139402,0,2
376343,0,2
154913,2,2
382388,0,2
93313,0,1
2469,2,1
93024,2,1
121888,0,1
40663,0,1
282982,0,2
328583,2,2
209161,2,1
261180,2,2
93846,2,2
106561,2,1
157253,0,2
186418,0,1
97804,2,0
77626,1,0
254283,1,2
102331,2,1
251389,2,2
154946,0,2
23371,0,0
323634,1,1
358670,2,2
306655,2,2
33735,0,1
179350,0,0
644,2,2
188052,2,1
320555,2,2
54546,1,1
280268,1,1
184920,2,2
394457,0,2
174870,2,2
136272,2,2
184188,2,2
185329,2,2
241198,2,2
86383,1,1
163692,1,1
38472,1,1
146913,2,2
340973,1,1
90179,2,2
70551,2,0
320048,2,2
375143,2,2
104816,2,2
55300,1,1
316047,0,1
249129,2,2
128172,0,1
312595,2,2
104457,0,0
131032,0,1
292338,0,1
344092,0,0
196676,2,2
119673,2,1
284526,2,2
269305,0,0
37100,2,2
321819,0,0
165977,0,2
16056,0,2
119812,2,2
206537,2,2
148084,0,0
176337,0,2
202753,1,1
160439,2,2
286606,0,1
111115,0,1
24929,1,1
295870,0,2
352836,1,1
57086,0,1
314676,0,2
367451,0,1
262005,2,2
176138,2,2
183347,0,2
79458,0,0
277245,0,2
210064,1,1
166383,2,2
200453,2,2
314863,1,2
396886,0,2
64346,2,2
40905,0,0
194189,0,0
13694,0,1
246913,0,1
397257,1,1
341424,1,1
360804,0,2
267479,2,2
230358,2,2
292260,0,1
194714,0,2
60804,0,0
152742,0,2
129150,0,2
27969,0,1
312383,1,1
366716,2,2
137804,2,1
142894,2,1
169553,0,1
308892,0,0
206170,2,2
133429,1,1
393293,1,1
361550,2,1
136735,0,2
114399,2,2
155405,2,2
382501,0,1
371027,0,1
139694,2,2
307081,0,0
166565,2,2
35899,2,2
147784,0,2
76682,2,0
82984,0,1
96953,2,2
184795,0,2
137717,2,2
335558,1,2
23420,1,1
333266,1,1
398224,1,1
230226,0,0
368930,0,1
182823,2,2
247908,0,2
159571,2,2
90324,2,2
94631,1,1
328869,0,0
185932,2,1
19251,0,2
659,1,1
244516,1,1
299739,0,1
179698,2,2
130871,2,1
310358,2,2
190198,2,2
47756,0,1
142402,1,1
227923,2,2
246196,0,2
212310,2,1
247640,2,2
131225,2,2
222625,0,2
70550,0,2
341627,0,2
314637,1,1
53746,2,2
92852,2,0
330108,0,2
82846,2,2
349496,2,2
357239,1,2
311099,2,1
147183,0,1
280641,2,2
298351,1,1
229013,0,1
339652,2,2
82892,1,1
16499,2,1
235271,2,2
75579,2,2
198419,0,0
340309,0,0
310795,0,1
203086,0,0
292419,1,1
203134,0,0
296132,0,2
65323,1,1
397147,0,1
6353,0,0
138823,2,1
243654,2,2
396444,0,2
123056,1,1
358508,1,1
321072,1,1
228830,2,2
133249,2,2
205317,2,0
225365,2,2
64634,2,1
292899,2,0
228614,0,0
49419,2,2
231852,2,2
16395,0,2
116235,0,0
82714,0,2
147760,0,0
57217,2,2
267439,2,0
151746,2,2
399181,0,2
374847,2,2
354320,2,2
292562,1,1
243392,2,2
387355,0,0
381613,2,1
115159,0,2
125928,0,2
370508,0,1
256857,2,0
196450,2,0
155990,2,1
196230,2,2
66658,0,2
79718,2,2
166447,0,2
286012,0,2
61969,2,2
302010,0,1
291469,0,0
298691,0,2
123368,2,2
229059,0,0
369504,0,2
183715,1,1
365607,0,1
119905,0,2
11732,0,1
320771,0,0
15692,2,2
220585,1,1
320699,0,0
126425,2,1
202870,2,1
164495,2,1
48446,0,0
275877,1,1
195746,0,2
126527,2,2
308497,2,2
161714,1,2
262357,2,2
294739,2,2
141578,1,1
330186,1,1
51434,2,2
112433,2,2
1807,2,2
154871,1,1
319830,1,1
281048,2,2
258650,0,2
54373,2,2
75485,2,2
283983,2,1
36742,0,0
384650,1,1
376654,2,2
97023,1,1
343295,2,2
286650,2,0
364613,1,1
73650,1,1
289476,0,2
99775,2,2
370,0,1
13599,0,0
142501,2,1
285703,2,2
195379,1,0
403032,1,1
113722,0,2
275150,0,2
89388,0,1
360972,2,2
86859,0,2
275925,0,0
116979,0,0
338690,2,2
297451,2,0
45915,1,1
372406,1,2
378006,0,0
83351,2,0
173151,0,2
50834,1,1
320135,2,1
69059,0,0
107025,0,1
385848,1,1
276527,2,1
207774,2,2
6559,2,2
299091,0,0
124857,2,2
329614,0,0
359444,2,2
173884,1,1
85970,2,2
336067,2,2
204151,0,0
118741,1,1
325255,2,2
252883,2,2
9713,2,2
176427,1,1
15885,2,2
205263,0,0
214582,2,2
203585,0,2
380673,0,2
52529,2,2
361482,1,1
23241,2,1
340370,0,2
386677,0,1
196458,0,0
296755,2,2
312147,0,1
149388,0,1
258119,2,2
220997,0,2
339676,2,2
214919,2,2
170159,2,2
335379,1,1
2809,1,1
195727,0,0
366586,1,1
149944,0,1
402446,0,1
384878,2,1
263046,0,2
127803,2,1
266835,2,1
8022,2,1
152809,0,1
376445,1,1
31922,0,2
109691,0,0
207325,2,2
296303,0,0
92224,0,0
135088,1,1
372191,2,2
265621,2,2
341332,2,2
396338,2,2
59492,0,0
336868,0,0
109787,1,1
405459,0,2
18522,0,0
275946,0,1
341492,0,1
180171,1,1
10367,2,2
345093,2,2
69571,0,2
14474,0,0
371860,0,1
244838,2,2
162628,0,1
183922,2,2
315031,2,2
70629,0,1
73335,2,2
168470,1,1
95127,2,0
344128,2,2
387091,2,1
228054,0,2
356437,2,2
293586,2,2
234776,0,0
214107,1,1
258773,1,0
347629,0,2
199062,2,2
396624,0,2
332121,0,0
319174,0,0
280558,0,2
396453,2,1
322087,2,2
173650,0,0
137721,2,2
348282,0,2
109946,2,2
206435,1,1
368396,2,2
383237,2,1
132944,2,1
6184,1,1
328200,2,2
369517,0,2
226208,2,2
21471,0,2
323784,0,2
307241,0,2
256200,1,1
357140,0,2
101006,2,2
2508,1,1
302119,2,2
159311,2,2
369700,1,1
375157,2,2
337579,0,0
198583,0,2
277849,2,2
37000,2,1
188551,2,0
132604,2,2
182778,1,1
38716,2,0
327329,2,2
167541,0,0
19733,2,1
63447,0,2
133523,0,0
257971,0,0
4984,2,1
21778,2,2
247292,2,2
12553,0,2
279553,0,2
296892,2,2
321028,2,2
15040,2,2
148472,2,2
202620,2,2
378233,0,2
74183,2,1
57357,1,1
217336,2,2
63825,1,1
83679,0,0
281308,0,2
108190,2,2
163096,2,2
347151,2,2
142935,0,0
77185,2,2
280927,1,1
233534,1,1
165255,0,0
189820,2,2
286876,1,1
337078,2,2
170852,1,1
26510,2,2
59007,2,2
223795,2,2
245754,2,2
211632,2,2
341095,1,1
243667,0,2
209394,1,0
196348,0,2
255083,2,2
83332,0,0
329761,2,1
327916,0,2
203538,2,1
51598,0,0
85659,2,0
286177,0,2
289364,2,1
302516,0,0
379806,0,2
392428,0,0
28314,0,1
284134,0,0
194303,0,0
29620,1,1
174913,2,2
228210,2,1
325486,0,2
217565,2,2
395172,0,2
161628,0,1
209108,2,2
50634,0,0
367499,0,1
77900,2,1
218923,0,0
234031,1,1
346260,1,1
12920,0,2
289290,0,2
273153,2,2
192239,0,2
219442,2,2
291171,2,2
36839,0,0
55444,0,2
311989,2,2
8701,0,2
291692,2,2
260155,2,2
241871,1,1
9807,2,2
109106,0,2
285601,2,1
392168,2,2
215760,0,0
300441,2,2
246060,0,2
163640,0,2
334416,2,2
221705,0,0
187151,0,1
325335,2,2
252875,2,2
121556,2,2
297206,0,0
64051,2,2
32228,2,2
254680,0,2
67385,2,1
39302,0,2
275769,0,1
236129,1,1
358978,0,1
50494,2,2
144324,2,1
398988,2,2
300073,0,1
90833,2,2
401788,0,2
22650,2,2
342388,2,2
252633,2,0
342911,2,2
88575,0,1
96107,1,1
113744,2,2
89094,1,1
293315,0,2
330510,2,2
270419,2,2
57669,0,2
277273,0,0
72434,2,2
213822,2,1
267440,2,2
139783,0,0
211167,1,1
361084,2,2
240121,0,1
296556,2,2
2859,2,2
273814,0,0
370924,0,2
171246,2,1
31411,0,0
73809,0,0
334830,0,2
234614,0,0
385020,0,1
152182,2,2
37497,0,0
88956,2,2
184215,2,2
344387,2,2
222213,2,2
320029,0,1
346679,1,2
22261,2,1
93456,2,2
234298,2,2
139143,2,2
133857,0,0
189381,0,1
383785,0,2
205584,1,0
73186,2,2
392395,2,2
188568,2,2
197258,2,2
192857,0,2
61401,0,0
403307,0,2
176379,2,2
299706,2,2
372076,0,0
67308,2,1
228871,1,1
108885,2,2
5355,2,2
260807,2,2
349658,0,0
138845,0,0
293390,1,1
90467,0,1
68636,0,1
63667,0,2
82983,1,1
178559,2,2
265730,2,1
194716,2,1
392814,0,1
230874,1,1
134450,0,2
200059,2,2
49172,2,2
162761,2,2
229464,0,0
237666,1,2
182319,2,2
170836,0,1
243809,2,2
196569,1,1
383329,2,1
329221,0,1
103893,0,1
232579,2,1
113509,1,1
306235,2,1
363316,0,0
394647,2,2
348995,0,0
294124,2,2
284173,0,0
281068,1,1
118142,2,2
81754,0,2
68035,2,2
201540,0,2
140573,2,2
139919,0,1
355608,1,1
356105,0,0
396356,1,1
386892,0,2
50006,1,1
390680,0,2
102878,0,2
77927,2,2
170829,2,1
139164,2,2
385796,2,2
370923,2,2
319602,1,1
139864,1,1
337426,1,1
401946,0,1
21922,1,1
383066,1,1
324824,0,2
277828,2,2
233248,1,1
238230,0,2
347677,0,2
297224,1,1
47171,0,0
6561,1,1
395517,0,2
299485,0,0
337573,1,2
15820,2,1
145938,0,2
94961,0,1
334946,0,0
179056,2,1
395793,2,2
50363,1,1
273253,2,1
234722,0,1
401559,0,2
156152,1,1
158666,0,0
375889,2,2
384920,2,2
77725,1,1
345320,0,0
64371,2,2
290443,2,1
155785,2,2
336599,0,0
262743,2,2
22350,2,2
72644,2,2
349100,0,0
52736,0,0
329020,1,1
244483,2,2
3821,2,1
146441,0,0
131912,1,1
357173,2,2
32028,2,2
145441,1,1
88231,0,1
302260,0,0
203739,2,2
47440,2,2
26049,0,2
229657,1,1
47346,2,2
95687,0,1
96098,2,0
14822,0,1
165258,0,0
119326,2,2
185227,1,1
354667,1,1
147379,0,1
179385,2,2
313567,2,2
37974,1,0
293037,2,2
18745,2,2
7541,2,2
169461,2,2
191376,2,2
298901,0,0
202917,2,2
235072,0,1
160572,2,1
12661,2,2
13595,0,1
294295,2,2
218524,0,0
375523,2,1
313457,1,1
197907,1,0
295384,0,1
15728,0,1
186681,0,2
206134,2,0
312838,1,1
154961,2,2
10442,2,1
405320,2,0
215654,0,2
7475,0,1
31407,2,1
319573,0,0
17513,0,2
104057,2,2
396253,1,1
271361,0,0
249774,0,1
197790,2,2
7854,1,1
402127,2,1
315308,1,1
81189,2,2
400664,2,2
264704,2,2
172294,2,2
386542,1,1
115332,0,2
376308,0,2
210067,1,1
112123,0,0
8151,2,2
101053,1,1
272127,2,2
174782,1,1
81306,2,1
251771,0,0
356120,0,2
392491,1,1
315052,1,0
377462,2,2
52119,1,1
173626,0,1
147923,1,1
356565,0,1
323108,0,2
323684,0,2
281346,0,2
128666,2,2
148821,2,2
295919,1,1
40617,2,2
232991,0,0
236696,0,0
230243,2,2
335005,0,1
317247,0,2
361867,0,2
225207,1,1
221294,0,2
163023,2,2
79664,2,2
11308,0,0
352189,0,0
317312,0,0
278215,2,0
94822,2,2
108358,2,2
179785,0,2
204236,2,2
169229,1,1
389759,0,0
373578,2,2
205700,2,2
148690,1,1
253272,2,1
87331,2,2
183391,2,2
350513,0,1
159806,0,2
186925,0,1
185929,0,2
225126,2,2
258707,2,2
302758,2,2
51638,2,2
183671,1,2
19498,2,2
53735,0,2
74835,2,2
258708,2,2
146189,1,1
64278,2,1
12428,0,0
28099,0,2
323692,2,2
389160,2,2
353832,2,1
101034,1,0
311083,1,1
296815,1,1
328774,1,1
387330,0,2
126805,2,2
331043,2,2
258487,2,1
193947,2,1
16177,0,0
269279,1,1
235629,1,1
216958,1,1
68825,2,2
64261,0,1
172463,1,0
103121,0,2
318216,0,1
122876,2,2
309358,2,0
342048,0,0
70072,1,1
118847,2,1
334507,1,1
387506,0,2
119296,2,2
335425,1,1
361578,2,2
168539,1,1
126329,2,1
281171,1,1
50503,0,0
97530,0,1
187845,0,2
26160,2,1
36058,2,2
280822,1,1
304630,0,2
231829,0,0
214247,0,2
25291,0,1
26558,2,2
319828,2,2
321933,1,1
296510,0,2
283250,0,2
235484,2,1
250650,1,1
248275,0,2
38960,2,1
95236,0,2
302508,0,2
238956,2,1
244271,2,2
25873,1,1
8360,0,2
171117,2,2
341454,0,0
6613,0,2
296555,0,2
182588,0,2
217710,0,1
157371,1,2
20146,0,1
122058,2,1
244989,0,1
99862,2,2
102058,1,1
376268,2,2
56831,1,1
39160,2,1
358084,2,2
176038,0,0
77741,2,2
46513,0,2
363067,2,1
319357,0,1
49177,0,2
4635,0,2
187333,1,1
100885,0,2
355311,2,2
398269,0,1
357136,0,1
16127,2,1
255327,2,0
391383,2,2
245849,0,1
133235,0,0
385683,2,2
205231,2,2
289175,0,2
290459,2,2
104286,2,1
128956,2,2
383059,2,2
154820,0,2
146475,0,2
133659,2,2
40735,1,1
299623,2,2
272765,2,1
147204,2,2
5183,1,1
350890,0,0
206385,2,2
14068,2,2
363243,1,1
250833,0,2
366830,0,2
127362,1,0
150707,0,2
146763,2,0
200106,1,2
226219,0,0
137362,2,1
319561,0,0
402910,2,1
315203,2,2
390991,1,1
281147,1,1
253015,2,2
58763,1,1
297262,0,0
312177,2,0
282201,0,2
16670,0,2
304387,0,2
77055,2,1
4089,1,1
65161,2,2
177761,0,2
295092,0,2
62854,2,2
127392,2,1
58054,0,2
194752,2,1
324730,2,2
269777,0,0
28760,1,1
348268,0,2
62463,2,1
235157,2,2
287176,0,2
61265,2,2
188275,2,2
290764,2,2
319385,2,2
273801,1,1
323580,2,2
215447,0,0
219594,1,1
49052,2,1
217487,0,0
333473,2,2
181958,0,2
332260,1,0
262664,2,2
128367,2,2
152970,0,0
155107,0,2
146766,2,1
241906,0,2
244715,0,2
347635,1,1
354955,2,2
116370,0,1
317371,2,2
363677,0,0
30873,0,2
162851,2,2
274429,2,2
182318,2,2
128692,0,1
12059,0,0
177156,0,2
49339,2,2
322394,1,1
223098,1,1
213859,0,2
185105,1,1
8200,2,1
91274,0,0
315324,2,2
231011,2,0
384900,2,2
201115,2,2
284945,0,0
152009,1,1
283362,0,2
142343,2,2
214536,0,0
143670,0,2
298520,2,2
392965,2,1
288060,1,1
59526,0,0
400126,0,2
319748,2,2
142815,1,1
311797,2,1
366776,2,1
315737,2,2
396677,1,1
81638,2,2
217179,0,2
347313,1,1
216986,0,2
365283,0,2
344569,0,1
78476,0,0
310025,0,0
253575,0,0
177301,2,2
255905,0,0
83456,2,2
37630,2,2
353752,0,0
154209,0,1
6570,2,2
47572,0,1
179086,0,1
283387,0,0
350754,2,2
20986,0,0
116424,0,2
32092,2,2
204157,0,2
1359,0,1
171114,0,1
3590,2,0
389664,2,2
104716,2,2
47498,2,1
97230,1,1
247124,0,0
43506,0,2
4146,1,1
317815,0,0
195513,2,2
402437,0,2
179598,2,2
303039,2,1
244214,0,0
16580,1,1
155500,0,2
300414,2,1
107069,2,1
7903,0,0
10173,2,2
53737,2,2
93349,2,2
261499,1,1
55362,2,1
139526,0,2
12485,0,0
206183,2,2
353253,2,2
139749,2,2
97392,2,2
380645,2,1
331993,2,2
398529,2,1
8745,1,1
101985,0,2
342350,0,0
37692,2,2
392414,0,0
62577,1,1
225116,2,2
269551,1,1
215724,2,2
118689,0,2
125322,2,2
310957,2,2
315918,0,1
69186,2,2
23434,1,2
295664,0,0
332032,0,0
107478,1,1
170274,2,2
302041,0,2
8975,0,0
306449,0,0
326169,2,1
351915,2,2
163810,1,1
122674,2,2
334561,2,2
379247,1,1
101628,2,2
113807,2,2
19622,0,1
240730,0,0
148108,1,1
237831,0,1
347595,2,1
177015,1,1
111483,2,0
76783,2,2
201611,0,0
47444,0,2
63714,0,0
275329,2,2
195102,1,1
166694,2,2
327633,1,1
52245,2,1
297071,1,2
258792,0,2
242798,2,2
304711,1,1
70071,0,1
363025,0,1
316300,0,2
17590,2,2
397053,0,2
292575,0,0
289567,2,2
38788,2,2
49403,0,0
308717,0,0
109793,1,1
197797,2,2
82543,2,1
142235,0,2
142624,2,1
285311,0,0
285094,2,2
298213,1,1
127463,0,2
320329,2,2
242757,2,2
50545,0,0
192701,2,2
107201,0,2
259798,0,0
140635,0,1
188260,2,2
138594,1,1
155771,2,2
392202,1,1
198318,1,1
191195,2,2
115034,1,1
256643,0,0
120251,0,2
3811,0,0
281463,1,2
37726,2,2
330776,0,2
308191,1,1
116255,1,1
302795,2,1
135995,2,2
251054,1,1
34783,1,1
297231,0,0
84776,0,2
40676,2,2
43994,0,0
223480,0,0
260707,2,0
355488,2,2
226774,2,2
51655,1,1
211903,2,2
85607,0,2
10921,2,2
299590,0,2
235005,0,0
282252,2,0
89567,2,2
106958,1,1
2423,2,2
175530,2,2
29105,2,2
294428,0,2
287131,0,1
38602,2,2
2417,2,2
108487,0,2
271668,1,1
69230,2,1
151710,2,2
253708,2,1
181820,2,2
289381,2,1
43547,0,0
230431,1,1
89673,2,2
165509,0,0
380258,2,2
305996,2,1
307489,2,2
406009,0,2
120593,1,1
154236,1,1
3342,1,1
242865,2,1
355559,2,2
206406,1,1
73824,2,2
232380,2,2
181955,0,2
360261,2,1
148043,2,2
221355,0,2
144821,2,2
292680,0,2
139989,0,2
271454,0,0
286300,1,1
322453,2,1
342034,0,2
254535,2,2
294982,2,2
119446,0,1
20684,0,2
148296,2,2
38729,2,2
250499,2,2
317466,0,0
231007,2,1
263895,1,1
66877,0,2
27856,0,2
294930,2,2
15861,2,2
303755,2,2
21443,2,1
361346,0,2
219174,1,1
279062,2,2
208291,1,2
273453,2,1
179115,2,2
126330,2,1
227659,1,2
382940,2,2
96426,2,0
383017,0,0
49703,2,2
303650,1,1
82697,0,2
273323,2,2
153022,2,2
128379,2,2
42725,2,1
48081,0,2
262211,1,1
391478,2,2
195231,0,2
360251,2,2
2225,0,0
47677,0,2
186333,2,2
100456,0,2
154025,1,1
296725,2,2
68044,0,0
182590,2,2
270080,2,2
34434,2,1
161390,2,2
175578,2,2
88097,2,2
12379,2,0
219745,0,1
284590,0,0
148452,2,2
256896,0,2
154369,0,2
13012,2,2
281134,2,2
197526,0,2
352791,0,2
20683,0,1
220915,2,2
304842,0,2
27035,1,1
217511,2,1
76222,1,1
215664,2,2
54178,1,1
119662,0,1
222036,2,2
14212,0,2
249130,0,1
320059,2,2
267745,2,2
194140,0,1
192537,2,2
365260,0,0
239335,2,2
400985,2,2
183234,0,2
379021,2,1
396098,2,1
161759,2,2
44062,0,0
96480,0,0
246853,2,2
53638,0,2
271923,0,2
26524,0,0
59323,1,1
276595,1,1
246315,0,0
51954,2,2
261643,0,1
207574,0,1
202743,0,1
136470,0,0
93767,0,0
298952,0,0
18520,2,2
269396,0,2
319285,0,1
19793,2,2
16578,0,2
55419,0,2
252609,0,2
72111,0,1
135715,1,0
386031,1,1
65288,2,2
168823,0,2
129948,2,2
38765,0,2
355153,2,1
69297,2,1
61109,0,2
329939,2,2
394312,1,1
198772,2,2
370728,2,1
235332,2,2
213155,0,1
21518,2,2
177618,2,2
193791,2,2
372328,0,1
248540,2,1
240915,2,2
357871,0,0
305196,2,2
359170,2,2
39453,0,0
44147,2,2
97921,2,2
99508,2,0
52453,2,2
237818,0,0
64061,2,2
33823,2,2
55311,2,2
365964,0,0
236035,2,2
55038,0,0
26475,2,2
405978,0,0
331657,2,2
139473,0,1
219439,2,2
349184,2,2
100298,2,1
198908,1,1
81063,1,2
114877,2,2
114019,0,1
157452,0,1
360812,0,0
241503,0,0
338235,2,2
333999,2,2
387960,2,2
141547,0,0
80335,0,2
143786,2,2
369550,0,1
344951,0,0
72805,0,0
145298,2,2
277450,0,0
124833,0,0
69800,2,2
182419,2,2
403494,2,2
282994,1,1
323350,2,2
118618,0,1
73265,0,1
9650,2,2
67229,0,2
10924,2,1
203689,2,2
58289,0,2
189518,2,2
313511,2,1
353876,1,2
272117,0,0
132466,2,2
403354,0,0
400892,2,1
377338,2,2
352757,0,1
85114,0,2
313214,2,2
8340,0,0
359111,1,2
126122,0,1
252590,0,2
86749,0,1
361685,0,2
122822,2,2
145898,0,0
319108,2,2
337262,0,0
68280,0,1
152356,2,2
91674,0,0
51408,0,0
33692,2,2
197330,1,1
247502,0,1
350388,2,0
360621,1,1
75277,2,2
80163,2,2
65059,0,0
128938,0,2
139920,1,2
241814,0,1
70045,0,0
182581,2,2
135925,1,1
77632,1,0
260139,1,1
203390,0,0
327552,2,2
39294,2,2
34273,0,1
108781,2,2
148073,2,2
205573,1,1
217223,1,1
53816,2,2
304663,2,2
201992,2,2
18351,0,0
131176,1,1
40975,2,1
295815,2,1
61175,2,2
112880,2,1
272050,0,2
123587,2,2
206701,0,0
125532,0,0
183803,0,0
158003,2,2
253598,2,2
18605,0,2
331192,0,1
176242,0,1
8417,1,1
139475,1,1
315266,1,1
346638,2,1
18970,2,2
115628,1,1
120217,0,1
220733,2,2
379362,0,2
281830,2,2
227173,0,1
307160,2,2
54763,2,2
76127,0,0
106511,2,2
399356,0,1
48430,0,1
391735,1,1
330752,1,1
340479,0,0
32632,1,1
116271,2,0
71483,2,2
114226,2,2
167689,0,0
150231,0,1
315916,1,1
309772,2,2
295121,2,2
15758,0,0
51628,0,1
354229,0,0
18772,1,1
135037,2,1
48530,0,0
40565,0,1
14473,0,1
107489,2,2
19132,1,1
66679,2,2
251473,0,0
274535,2,2
255067,2,2
354175,0,1
213597,1,1
55078,0,0
245833,2,2
273853,2,2
376933,1,1
51122,1,1
154229,1,1
75445,0,0
20433,2,2
139802,2,1
278360,2,2
117903,2,2
359222,1,2
75819,0,0
108019,2,0
61160,2,2
406140,2,2
98436,0,1
362946,1,2
123022,2,2
227339,2,2
354302,1,1
357295,1,1
223988,0,1
300946,2,2
176002,2,2
76295,1,1
123898,2,2
288527,2,1
180404,2,2
310979,0,0
370880,1,1
299950,0,1
342652,2,1
82120,2,1
367909,2,2
66073,2,1
155761,2,1
127850,2,2
162888,2,2
195278,0,1
353126,1,1
223726,1,2
350522,0,1
2357,2,1
287366,0,1
291443,2,0
284733,1,1
264315,0,0
381090,2,2
12773,0,2
144248,2,2
125019,0,0
215543,2,2
182534,0,2
22565,0,2
12687,2,1
10616,2,2
235572,0,2
37530,0,2
364,2,2
138228,0,0
151680,1,1
339964,2,2
163691,2,2
286005,1,1
269518,2,0
30703,0,0
21745,2,2
187328,0,0
165724,0,2
280989,2,2
107654,0,2
173145,1,1
7718,2,2
67999,1,1
2479,0,2
119661,0,1
110787,1,1
315988,0,2
178129,0,1
175680,0,2
361058,0,1
156497,0,1
402515,2,1
156724,2,1
245505,0,0
51038,2,2
357333,2,2
273762,2,2
340105,0,2
29486,0,2
10660,0,1
333927,2,2
285246,2,2
24772,2,1
317952,0,2
213651,0,2
91056,2,2
325995,2,2
213367,2,1
96491,2,2
24336,2,2
382296,0,1
324640,1,1
379179,1,1
313027,2,2
206378,2,2
334914,1,1
321349,2,2
366325,0,0
149795,2,2
400355,0,0
337360,2,2
137130,2,1
206191,0,0
18213,2,1
11985,0,2
343130,1,1
142419,1,1
22546,0,1
215305,2,2
400408,2,2
366118,2,2
154988,2,2
60558,0,1
74930,2,0
36481,1,1
324997,1,1
278557,0,0
343227,0,2
121441,2,2
255820,2,2
231528,0,1
29481,0,2
220977,0,0
75942,0,2
154600,0,0
172144,2,2
258460,2,2
240751,0,2
286195,0,2
227326,2,2
100713,2,1
333978,2,2
251654,2,2
271156,2,2
327195,2,0
91446,1,1
158312,0,2
278929,0,0
54156,2,2
243199,2,2
65187,1,1
239995,1,1
235890,0,0
46571,2,2
294732,0,2
377264,0,1
366756,2,2
283670,0,2
153502,0,2
115555,0,2
103876,2,1
168054,2,2
156553,2,2
118573,1,1
13177,1,1
36564,0,0
95512,2,1
49775,2,2
384863,0,2
313851,1,1
232182,2,0
34503,1,1
209665,2,0
299494,2,2
213529,2,2
278345,2,2
266747,0,0
310356,2,2
98899,0,0
352305,2,2
225888,1,1
66764,0,0
155416,2,2
312502,0,0
179991,0,2
389401,1,1
136659,0,0
66886,2,1
339025,1,1
342211,0,2
157608,1,1
319002,2,2
165674,2,2
318290,2,2
118836,0,0
391164,2,2
246319,0,1
24967,2,1
291376,0,2
325713,2,0
59097,0,0
58149,2,2
199320,0,0
321832,2,2
64696,2,2
36568,0,1
48113,2,2
331187,0,0
325253,1,1
344549,0,0
112481,1,1
339925,2,1
85105,0,2
365201,0,2
256964,2,2
146380,0,1
114392,2,0
72293,0,0
88457,2,2
368276,0,0
236258,0,2
107114,2,2
135026,0,0
278138,2,0
98944,2,2
367310,0,2
400477,2,1
236728,0,0
283595,1,1
229320,0,0
175123,2,1
387964,0,0
76836,2,2
280766,0,0
100166,0,1
241892,0,2
191998,2,1
74526,2,1
93878,1,2
380125,0,2
363610,1,1
260306,2,2
144557,0,0
233943,1,1
326771,2,2
16116,2,2
273487,0,1
333562,2,2
281216,0,0
39127,2,2
132728,2,2
73582,1,1
28816,1,1
96771,2,0
382612,2,1
302190,0,2
53061,0,1
225657,2,2
31288,1,1
1841,2,2
76491,1,1
50466,2,2
397794,1,2
316335,0,2
135130,0,0
352626,0,1
313412,1,1
14044,0,1
288069,0,0
304965,2,2
166262,2,2
239128,2,2
20745,2,0
225034,0,1
75682,1,1
360925,0,2
340890,2,2
185060,2,2
65773,1,0
397551,2,2
362326,2,2
325491,1,1
78652,2,2
77402,0,1
216365,2,2
344341,0,0
247092,1,1
76013,0,1
361960,2,1
39102,2,2
243140,1,2
222924,2,0
135790,1,1
272488,0,1
96237,0,0
63095,2,1
263622,0,2
38691,0,1
338442,2,0
73894,1,1
90460,2,2
252515,2,2
382482,1,1
292281,0,2
89059,2,1
39092,2,2
96819,0,0
83967,1,1
239033,0,0
95516,0,1
305790,1,1
373363,1,1
349589,2,2
356087,2,2
230390,2,1
378336,0,2
281274,2,2
8330,2,2
54272,2,2
155036,2,2
187351,0,2
244533,0,2
396271,2,2
124904,0,2
64199,1,1
57227,2,2
114849,2,2
227703,0,0
312172,0,1
206726,0,1
210508,0,0
155151,1,1
34448,0,2
291949,1,2
288169,2,2
92194,0,1
307440,0,1
396369,2,2
208815,0,0
263210,2,2
304985,0,1
110662,0,1
304761,2,2
196304,2,2
143276,1,1
25947,2,1
39597,0,0
235007,2,2
277122,1,1
175458,2,1
71375,2,2
209208,0,2
309029,2,2
246776,2,2
249874,2,2
327537,2,2
300038,2,2
84481,2,0
86146,0,0
210949,1,1
28267,0,2
117725,0,0
141921,0,0
99466,2,2
269653,1,1
98853,2,2
246844,0,0
222475,0,2
405338,1,1
346751,0,2
270966,0,2
9732,0,2
324028,2,2
304156,1,2
145471,0,0
367353,2,2
278928,0,1
235039,1,1
279646,2,2
366466,0,0
267941,2,2
404520,2,2
323533,0,2
16537,2,2
78705,2,2
341086,2,1
40136,2,2
93555,2,2
187484,0,1
63572,0,2
85334,2,2
393924,2,2
176250,2,2
159810,0,2
336457,0,1
201276,0,0
301914,2,2
23302,2,1
204488,2,2
196950,2,2
255681,1,1
167249,0,1
59141,0,1
96877,2,2
174741,2,2
216437,0,1
137699,0,2
384590,1,1
164985,0,1
73625,0,2
308611,2,1
266299,2,2
162673,2,2
294638,0,0
28553,0,2
381003,0,2
312430,0,0
392235,0,0
24648,0,1
38045,2,2
79928,0,2
329286,1,1
72766,1,0
98381,2,2
356525,2,2
277835,1,1
147437,0,0
374919,0,2
168886,2,1
204600,0,1
333919,0,0
21551,0,0
334548,1,1
383045,0,0
41007,2,2
36505,2,1
377701,1,1
398456,2,2
177948,1,1
102149,2,2
223936,0,2
259495,2,1
162977,1,1
101453,0,2
325481,0,0
364100,2,2
64683,0,2
273319,2,2
356683,2,0
115610,0,1
156201,0,2
39360,2,0
42888,0,2
52465,2,2
35001,2,2
363706,1,1
137527,0,2
377093,0,0
135214,0,2
137265,0,0
134663,1,0
86345,2,2
392909,2,2
33391,1,1
227797,2,2
400195,1,1
367863,2,2
244416,1,1
95361,0,0
97133,1,1
178575,0,2
374141,0,1
140633,0,2
126349,0,1
7804,0,0
185480,1,1
148064,0,2
303136,2,2
145128,2,2
297530,0,2
53783,2,2
347620,0,1
130451,0,0
109706,2,2
222758,0,0
139175,2,2
347770,0,1
284918,2,1
202699,2,2
150479,2,2
297728,2,2
8857,1,1
59907,1,1
406039,0,0
215056,0,2
213200,2,2
134336,2,2
277066,1,2
289176,0,2
66528,1,1
383137,1,1
267214,2,2
117591,2,1
297737,2,2
178449,2,2
18751,0,2
9538,2,2
307268,0,0
390156,2,2
140861,2,2
219414,2,2
5785,2,2
332558,2,2
98751,0,0
58461,2,2
251878,2,2
81949,0,0
193936,1,1
177567,0,1
109818,2,2
32844,2,2
49210,0,2
392880,1,1
340987,2,2
134220,2,2
267340,1,1
260332,2,2
262160,0,2
68319,2,0
194559,2,2
229202,2,2
239308,2,2
127047,0,0
352801,1,1
229915,0,2
45228,1,1
402137,0,0
395573,2,2
151566,1,1
66651,2,2
128271,2,2
401305,1,1
224667,2,2
382173,2,1
800,2,0
371095,0,1
21130,2,2
306263,1,1
104067,0,1
81958,2,2
132289,1,1
82221,0,2
315537,0,2
319790,1,0
352424,0,0
391390,2,2
261449,1,1
258318,0,2
232790,2,2
2736,2,2
343489,2,2
113386,0,1
164391,2,2
400747,2,1
392467,2,2
380216,0,2
152780,2,2
11462,2,2
126407,2,1
130448,1,1
274664,2,0
338667,0,0
343193,1,1
59232,2,2
393919,0,2
396845,1,1
71046,2,2
355672,0,2
128988,0,0
105005,2,2
257615,2,2
356727,1,1
249067,0,1
221116,2,2
98608,2,0
73082,1,1
233461,2,1
284701,2,1
374310,2,2
111706,1,1
288159,0,0
159772,0,2
378210,0,2
236617,2,2
178390,2,1
220446,2,2
352637,2,2
307427,0,2
397261,1,1
329043,0,2
199515,2,1
211620,2,2
328978,1,1
337458,0,1
316973,2,2
347964,2,2
228731,2,2
109300,2,2
22207,2,2
179639,1,1
48044,2,2
303169,0,2
241140,2,2
339707,1,1
196233,2,0
191221,0,2
226767,2,2
234162,1,1
132869,0,0
384986,0,2
329712,2,2
279359,2,2
242288,0,0
168497,2,2
219199,2,1
162059,0,2
102483,2,2
157942,0,1
267989,0,0
225819,2,2
395075,2,1
392304,1,1
140265,2,2
341444,0,2
32271,1,1
214200,2,2
257739,2,2
142889,1,1
361835,0,1
142636,0,2
269553,2,2
204108,2,2
20749,0,0
317478,2,2
65905,2,2
212524,2,2
206141,2,2
126096,2,2
250614,2,2
83175,2,2
261711,1,1
163745,0,1
9679,2,2
168006,2,2
199478,1,1
79066,2,1
49064,1,1
111850,1,2
302711,2,2
206830,2,2
377117,2,2
231045,0,2
137979,0,0
131014,0,0
227278,1,1
168217,2,2
285452,2,1
287386,2,2
397046,2,2
226450,2,2
203092,2,2
31055,0,2
344162,2,2
78651,0,0
61295,2,2
295471,0,1
72896,2,2
207385,1,1
344790,2,2
84158,2,2
81553,2,2
279355,0,1
59390,2,2
307909,2,2
42450,1,1
181228,0,2
398076,2,2
348140,0,1
275100,2,2
316391,0,2
88346,1,1
281278,1,1
67208,1,1
181187,1,1
77531,2,1
92584,0,1
354642,0,0
15243,0,1
7814,0,2
183247,2,2
88674,2,2
113385,1,1
389358,2,1
223969,0,0
269317,2,1
341390,2,2
133543,2,2
246990,2,2
796,0,2
283076,2,2
321186,0,1
189532,0,1
45499,2,2
366187,2,2
22958,2,1
2478,2,2
256462,0,0
295296,0,1
220851,0,1
277663,2,2
293349,2,2
211475,1,1
45653,2,1
362327,2,2
266355,2,2
304619,0,2
139579,2,2
225210,1,1
377671,2,1
178641,1,1
29647,0,0
295035,0,2
49197,1,1
390863,2,2
107784,2,2
244681,0,2
15799,0,0
306991,2,2
6798,1,1
405049,1,1
295000,2,2
102178,1,1
27772,0,2
203457,0,0
339359,0,0
42061,2,2
66074,2,2
318541,2,2
234953,0,0
230648,2,2
289119,2,2
342031,0,0
205600,1,1
147907,2,2
3435,0,2
335463,1,1
122457,2,2
48475,2,2
311674,2,2
116055,0,2
10081,2,2
167775,2,2
344905,2,2
265475,0,2
203943,2,2
99645,2,2
17067,0,0
75651,2,1
7375,0,2
19356,2,2
208382,2,2
301026,1,0
188585,1,1
330298,1,1
186636,2,2
113134,0,2
135150,2,2
357442,2,2
246648,0,1
307945,2,1
160459,2,2
14137,1,1
225182,2,2
12231,2,2
400280,1,1
94459,2,2
132504,0,2
234438,2,2
352826,2,0
393666,2,2
104030,0,2
94586,2,1
88906,2,1
212515,0,0
297937,2,1
128088,2,2
21137,2,2
129555,0,0
195722,1,1
201188,0,0
288074,0,2
111885,2,2
196468,1,1
162471,0,2
45772,2,2
6723,2,1
176700,0,2
333652,0,2
220088,0,2
205608,2,2
686,0,1
259558,0,1
144883,0,0
205199,1,1
207646,0,1
29482,0,0
198973,0,2
390582,0,2
234910,0,1
151869,2,2
37828,2,2
3788,2,2
293913,1,0
264716,0,2
364239,0,0
40652,1,1
305536,0,0
287282,0,0
18284,0,1
187254,0,1
19295,2,2
261458,1,1
186810,2,2
126633,2,2
297609,2,2
103537,2,0
305051,2,2
69391,0,0
130845,1,1
240662,0,2
375059,0,0
67359,0,2
347382,2,2
132878,0,1
159758,2,2
185275,2,2
381252,0,1
312538,0,1
224102,0,0
217680,2,1
361713,2,2
392567,0,1
151870,0,1
288388,2,1
385592,2,2
71878,1,1
256248,1,1
239597,2,2
229907,1,1
352047,2,2
163926,2,2
249342,0,0
319526,0,2
399562,0,0
22002,0,0
131774,1,1
43786,1,1
390177,0,0
50786,2,2
130613,2,2
205302,0,2
346213,2,2
49861,2,1
52002,0,1
258702,1,1
356475,1,1
82287,2,1
321873,2,2
98109,2,2
45101,0,1
30041,0,1
175348,2,2
126406,0,2
69699,2,2
270865,1,1
294872,2,2
128007,2,1
157419,0,2
308225,0,0
181274,0,1
145717,2,1
210080,1,0
240077,0,1
85330,1,1
229414,0,1
373344,2,1
97226,0,2
215432,1,1
40328,0,0
179884,1,1
224189,0,1
322855,0,1
9212,2,2
230363,2,2
223373,2,2
78964,1,1
378758,2,0
392597,0,2
195551,2,0
315122,2,2
150386,2,2
355993,2,2
326949,2,2
328280,0,0
158433,2,2
366493,1,2
855,0,0
73120,2,2
321296,1,1
376309,0,0
358733,0,0
261473,1,1
328775,2,2
323248,0,0
352152,1,1
112136,2,1
16635,0,0
25080,2,2
317814,0,2
8592,1,1
118620,2,2
203552,2,2
306353,2,2
132200,2,2
394458,2,2
379762,2,2
44908,0,1
10339,2,2
314096,1,1
193901,2,2
119190,0,0
267218,1,1
92494,2,2
227031,2,2
365582,0,1
390491,1,1
329926,0,2
140874,2,2
324272,0,0
53684,2,2
141986,0,1
261315,1,1
138152,0,0
180965,1,1
38139,2,2
285754,2,2
164547,0,0
139333,0,2
385891,0,0
51793,2,2
371392,0,2
324517,0,2
114852,2,2
211163,0,1
2976,0,2
261215,2,2
119702,2,0
368057,2,2
289015,0,1
125728,0,0
95043,0,2
15919,1,1
258406,0,0
231014,2,2
127791,2,2
283639,2,2
122641,2,2
396382,2,1
350198,2,2
94866,2,2
296857,2,1
353505,2,2
228723,0,1
183219,0,1
146566,0,1
69841,0,2
359034,0,2
14578,2,2
96914,1,1
245211,1,1
344639,1,1
390307,2,1
224459,2,2
178550,2,0
365122,2,1
336509,0,2
292397,2,2
284867,2,1
256123,1,1
103038,0,2
245919,0,0
350121,1,1
202497,2,2
398048,0,2
36161,0,0
65419,0,2
350091,0,1
296058,0,2
92954,0,2
159957,0,0
283947,2,1
120058,0,0
235665,1,2
72669,2,2
339657,0,0
270125,1,1
360121,2,1
357687,2,2
129099,1,1
121172,1,1
45853,0,2
390125,1,2
394890,1,1
312901,1,1
379566,0,0
188707,2,2
118355,0,0
100507,2,2
146050,0,2
335977,2,2
129450,0,0
266069,2,2
139410,2,2
365664,0,1
367541,2,2
225855,0,0
12628,1,1
203586,2,2
51865,2,2
210365,0,0
285006,0,2
375759,0,2
254849,1,1
62820,0,0
189500,2,2
323222,0,2
155303,0,2
61764,0,0
231044,0,2
208772,0,1
23036,0,0
123797,2,2
163803,0,0
216533,2,1
318731,2,2
287185,2,2
366122,1,1
141564,2,2
37938,1,1
283932,2,2
380834,0,1
144994,0,0
153032,0,2
182796,0,2
197406,2,2
390574,2,2
210027,2,2
135251,0,0
208182,2,2
252045,1,1
336093,2,2
240563,0,2
2790,0,2
45123,2,2
270774,0,2
200404,2,2
152489,0,0
57944,1,1
162816,0,2
113990,0,2
34574,2,2
148877,0,1
39611,2,2
80751,0,2
94263,1,1
132016,0,0
197723,0,1
134058,2,2
50621,2,2
165738,2,2
107356,2,2
146064,0,0
351854,0,2
357997,2,2
24453,0,2
325792,0,2
265278,0,1
115251,2,2
41360,1,1
260262,0,2
340684,0,1
137477,2,2
388124,0,2
216695,2,2
25446,2,2
381528,0,1
296877,2,1
365316,2,2
326350,2,2
43321,0,1
129072,1,1
129770,0,1
43532,0,0
320415,2,2
45211,0,2
292483,0,1
72133,2,2
64083,2,0
277826,2,2
342805,2,2
20165,0,0
242002,2,2
73891,0,0
353416,0,2
90115,0,1
176788,0,0
102857,1,1
158159,0,2
192101,0,1
50541,2,2
129098,2,1
247655,2,2
243921,2,1
212565,2,2
199212,1,1
169524,1,1
390073,2,1
151787,2,1
199872,2,2
183856,1,2
120019,1,1
61609,0,2
180166,2,2
170675,2,2
245272,1,1
243243,2,2
224971,1,1
258644,0,2
221049,1,1
50760,0,0
231993,0,1
278738,1,1
377531,1,1
137298,0,2
235872,2,2
191438,2,2
262987,1,2
197082,0,2
228327,2,0
97987,0,2
187926,2,2
312149,1,1
285834,2,2
313275,2,2
384387,0,2
97401,2,2
198032,0,0
400586,2,2
389154,2,2
106678,0,2
248216,2,1
162936,2,2
402067,0,1
303522,0,0
286672,2,1
118582,2,2
27836,2,2
380762,2,1
153110,0,1
115131,2,2
278549,0,2
201364,2,2
192787,1,1
162298,2,2
130750,0,2
127769,1,1
42982,2,2
344662,1,2
34952,0,1
144408,0,2
325963,2,2
60739,2,2
278240,0,1
261654,2,2
149616,1,1
215990,1,1
397600,1,1
113562,0,0
358986,0,2
294670,2,2
11788,2,2
393464,0,1
231668,2,2
71776,0,2
142060,0,0
95446,0,2
131322,2,1
169036,2,2
14707,0,0
390394,2,1
291314,1,1
137405,2,2
220117,0,1
125388,2,2
103054,0,2
170557,2,2
68692,2,2
224325,2,1
273011,0,1
228511,0,2
40416,2,1
32270,0,2
26024,0,2
390370,0,1
297656,0,1
365013,0,0
207381,2,2
389545,0,1
184571,2,2
331793,0,2
306909,0,0
132210,2,2
286773,2,0
293855,0,2
88691,0,0
145682,0,2
275008,2,1
178663,0,0
262773,2,2
4871,0,0
139121,1,1
347980,2,2
140100,2,2
140591,2,2
115967,2,2
245633,2,1
22610,0,1
199039,2,2
316252,0,2
114397,2,2
339872,2,2
315508,2,1
160229,2,1
274178,0,0
4486,1,1
365438,0,1
367106,2,0
169734,2,2
157009,2,2
321633,2,2
325896,1,1
221255,2,2
190983,0,1
94818,1,2
370232,2,2
121439,2,2
222052,2,2
245301,0,0
149937,0,2
206270,1,1
373553,2,1
163930,0,2
193050,2,2
14728,2,2
65539,0,0
64884,2,2
305748,2,2
137072,1,2
138124,0,2
104966,2,2
267161,0,0
157306,1,1
55370,0,0
314009,0,0
247979,2,2
403505,2,2
146919,1,1
165619,2,1
50003,1,1
368445,0,2
312144,2,2
255059,2,2
132485,0,0
202243,0,0
92377,2,2
65615,0,0
92845,0,0
400,0,0
33946,2,2
52413,0,1
53525,1,1
352877,2,1
224483,2,1
138389,2,2
88172,0,0
106346,0,2
6283,2,2
392072,0,0
165879,2,2
61071,2,2
81376,2,1
155150,1,2
374962,1,1
242109,2,2
357506,0,0
373976,2,2
218433,0,2
365133,2,2
184401,0,1
384792,2,2
122267,2,2
283751,0,0
288945,1,1
20543,0,2
355258,0,1
142869,0,2
155042,2,1
14903,0,2
307197,1,1
77502,2,2
287016,2,2
175922,0,1
114172,1,1
274769,2,2
54281,0,2
195387,2,1
404658,0,2
392156,0,2
383164,0,0
345207,0,1
98981,1,2
7322,0,2
375057,0,1
234718,0,0
142749,2,1
84263,2,2
256073,0,2
338047,0,2
264240,2,1
238818,0,2
106847,2,1
113771,2,1
238116,0,2
106697,2,1
340032,0,2
197306,0,1
87279,0,1
84847,1,1
127837,2,2
179802,0,2
387501,2,2
176431,2,1
157550,2,1
281732,2,1
327049,0,2
12554,0,2
251460,2,1
149862,0,2
189110,1,1
352089,2,2
370362,2,2
200929,0,0
248189,1,1
70690,2,2
18766,1,1
332829,1,1
20991,2,1
246651,0,1
387928,0,0
153201,1,0
173364,2,2
32845,0,0
72862,2,2
65455,1,1
282738,1,1
366760,0,2
38366,2,2
12435,0,2
324268,2,1
86711,0,2
223146,0,2
342666,2,2
197889,2,1
119811,1,0
48198,0,2
396924,1,1
345701,0,0
95907,2,2
175998,2,2
21412,0,0
209716,0,1
386196,2,2
84072,1,1
198867,1,1
15956,2,2
71417,2,2
5474,2,2
45518,0,2
383931,1,1
221429,2,2
187964,2,2
369196,0,0
330705,2,0
53284,0,2
204942,2,2
40948,1,1
297602,2,2
177146,2,2
280123,0,0
263172,2,1
167145,2,2
286561,2,2
328382,0,2
1699,0,2
106352,0,2
307463,2,2
253973,2,2
127903,2,2
367335,2,0
69679,0,0
241840,0,0
251339,2,2
309619,2,2
207692,2,0
376455,0,2
290701,2,2
361066,1,1
3237,2,2
357210,0,1
202969,0,0
370302,1,1
330651,2,1
56635,2,2
391789,2,2
81560,1,1
186602,2,1
94277,2,2
312950,0,2
5322,2,2
252525,1,1
354418,0,1
6105,2,2
33633,2,2
202965,2,2
22327,2,2
306039,0,1
240962,2,2
288203,0,1
216311,0,2
341776,0,1
2497,2,2
219288,0,2
263297,0,1
175450,1,1
69429,2,2
133823,0,2
97331,1,1
323860,1,1
89185,0,2
28970,0,2
25705,2,2
187454,2,2
188610,0,1
335194,2,2
186107,2,0
12712,2,2
132032,2,2
95258,2,2
167014,2,2
88153,1,1
246423,2,2
111270,0,0
23496,2,2
166679,2,2
284426,2,2
239638,0,0
385800,0,2
69115,0,2
24399,0,2
337528,1,1
9894,0,2
291933,2,2
46837,2,1
185593,0,2
150121,2,2
134632,2,2
299481,0,1
66106,0,1
108306,0,0
206226,1,1
172323,0,0
41983,0,0
232957,0,2
314360,2,1
348870,0,2
110930,1,1
98966,0,2
240174,2,2
250106,0,2
79003,2,1
271049,2,2
153931,2,2
254716,2,2
41551,0,0
131542,2,2
192390,0,0
356656,1,1
200173,2,2
207775,2,2
31285,1,1
354289,2,2
395896,2,1
89953,0,2
402480,1,1
100154,0,0
283738,0,1
277914,1,1
283367,0,2
112169,2,2
395059,1,1
240245,0,2
391652,0,2
202044,0,1
47901,0,1
115453,2,2
380091,2,1
288848,2,1
200454,2,2
287712,1,1
111211,2,2
359888,0,1
34816,2,2
121550,0,1
22064,0,1
117126,2,0
349228,1,1
157311,0,2
340051,2,2
52405,0,2
100452,2,1
176486,0,2
308139,2,2
87193,2,2
323839,1,1
9366,0,2
325064,2,2
291125,2,2
33838,0,2
100818,0,0
295927,2,2
176352,1,1
319165,0,2
294120,0,2
134732,0,1
113153,2,2
79091,1,1
225860,1,1
297857,2,2
328261,1,0
269532,2,2
74420,1,1
78330,2,2
235443,0,0
64042,2,2
66380,2,2
37737,2,2
349948,1,2
1945,1,1
355111,0,2
377377,2,2
216231,2,2
198381,1,1
284358,1,1
337010,2,2
35584,2,2
221759,0,2
113953,0,1
4370,0,1
342393,2,2
14295,0,1
228369,0,2
20013,0,1
293535,2,2
339970,2,2
350892,2,2
148049,2,2
132144,1,1
117012,2,2
194172,0,0
250341,0,2
312746,2,2
325965,1,1
281382,1,1
75257,2,2
169596,2,2
9499,0,1
93671,2,2
17244,2,2
174629,0,2
316980,0,2
101664,2,2
194563,2,2
136704,2,2
194781,0,2
261285,2,2
119744,2,0
331232,1,1
106996,2,2
116152,2,0
343338,0,1
366931,1,1
258717,2,2
373682,2,2
17568,1,1
51688,0,2
320431,1,1
42088,0,0
84143,2,2
328310,2,1
295449,2,2
183586,0,2
156586,2,2
265842,2,2
198849,1,1
320354,2,2
220489,2,1
312372,1,1
373387,2,1
145072,2,2
217175,2,2
395974,2,2
207264,2,2
364383,0,1
166344,0,0
175070,0,0
213348,0,2
18138,2,1
13645,0,2
249831,0,0
41797,0,1
241531,2,1
253962,2,2
121406,2,2
62006,0,2
224087,2,2
357713,1,1
51505,2,1
394979,2,2
380584,2,2
376228,0,1
269769,2,2
58159,1,2
58107,1,1
268637,1,1
401529,2,2
32637,0,2
311513,2,2
220127,0,1
165347,0,2
288805,0,2
288772,1,1
130335,0,2
145273,2,2
85951,1,2
79528,0,1
170588,2,2
213929,0,2
37699,2,2
386518,2,1
138210,0,2
232943,2,2
267676,0,0
225154,0,2
22432,0,1
78543,0,2
346026,2,2
179177,2,1
68814,2,2
122379,2,2
312992,2,2
190658,0,2
217496,2,2
107715,0,2
373158,2,2
96280,1,1
204144,2,1
41375,0,0
274532,0,0
19024,2,2
304247,2,2
230008,0,2
93680,0,0
166378,2,1
111399,0,2
379706,0,1
245458,2,2
371706,1,1
231303,0,0
329792,1,1
23439,2,1
325593,2,2
18998,2,2
162678,0,0
103414,2,1
306933,1,2
326825,2,2
267417,0,2
160674,2,2
295155,1,1
18603,0,2
152170,1,1
153698,2,2
375818,0,1
168389,0,1
17479,2,1
61521,2,2
247104,2,2
134447,0,0
188207,2,2
293073,0,0
235865,0,0
282477,2,1
225874,0,2
59042,2,2
400546,0,1
71652,1,1
92945,2,2
171366,1,1
25550,2,2
280148,0,0
386563,2,2
322983,0,0
355972,0,0
45203,1,1
269163,2,2
292563,1,1
31036,0,2
64976,0,1
18390,0,0
330707,0,2
297740,0,2
73549,0,2
152189,0,2
253687,2,1
241821,0,0
105046,2,2
144932,0,1
331690,0,2
398069,0,0
300647,0,2
173682,2,2
15401,2,2
248375,2,1
173456,0,2
138668,2,1
376690,2,2
252075,0,1
284265,2,2
180342,0,0
167569,0,1
273367,2,2
221842,2,2
289517,2,2
17311,0,0
223649,2,2
249458,0,1
296494,0,2
230602,0,2
133177,0,2
94348,2,2
25603,2,1
66279,2,2
48576,1,1
334666,2,0
234424,2,2
20077,2,2
255748,0,2
166312,0,0
389970,0,2
151289,0,0
1405,2,2
90382,2,0
126474,2,2
105693,2,0
178930,2,2
159249,2,1
387313,2,0
132628,2,2
77572,0,1
360918,2,2
81706,2,2
315963,2,2
266586,2,2
197118,2,2
100625,0,0
250234,2,2
300740,2,2
334234,2,0
358904,0,1
243178,2,0
170372,0,1
221073,0,2
25519,2,1
136832,2,2
222517,0,0
72037,0,0
76147,0,0
124345,2,1
5026,0,1
58401,2,1
330382,0,0
390148,2,2
19725,0,2
80220,2,2
223438,2,1
120986,0,2
19147,2,2
238585,0,2
352196,0,1
327924,0,2
227695,2,2
33222,0,2
293852,0,2
146266,2,2
139828,0,0
72602,2,2
306840,2,2
87851,2,2
405995,2,2
327703,1,1
232448,2,2
403398,0,0
366079,0,1
335867,0,1
213755,0,0
404410,0,2
137418,0,2
65771,2,2
391288,0,2
132064,2,1
328100,1,1
94991,2,2
43080,2,2
11765,2,2
242584,0,2
401213,2,2
69708,1,2
124661,1,1
153357,2,2
142423,1,1
246197,2,2
6557,0,1
338666,0,2
290019,0,2
252844,1,1
184533,0,0
15421,0,1
218929,2,2
116522,2,2
225293,0,2
397063,2,2
176268,1,1
7146,0,0
367556,1,1
341618,1,1
250691,2,2
717,2,1
133189,0,2
43618,2,2
274930,0,2
303886,0,1
268850,1,1
281966,2,2
27863,2,2
295195,1,1
274027,2,2
51944,2,2
328740,2,2
66435,0,2
110286,1,1
345698,2,2
215861,2,2
347442,1,1
121604,0,2
152697,0,0
172829,2,2
316864,2,2
268660,1,1
374057,1,1
232001,2,2
81039,2,0
157316,2,2
317059,2,2
364455,2,2
89418,1,1
596,0,1
175872,2,2
295630,1,2
274150,2,2
384043,2,2
243319,0,2
290800,0,1
208841,2,2
172248,0,2
147998,0,2
360104,1,1
104732,2,2
282953,1,2
1516,1,1
182617,1,1
363342,2,2
92221,0,2
131015,0,0
369132,2,2
372791,0,0
157961,1,1
200954,2,2
249779,1,1
102856,2,2
345625,0,0
84453,2,2
378410,2,2
217899,2,1
178628,0,2
38502,1,1
138356,2,1
324784,1,1
393170,2,0
376376,2,2
322921,2,2
234954,2,2
263826,0,1
54344,0,1
278470,2,2
201672,0,0
275395,2,2
198743,0,0
9856,2,2
110212,0,1
85425,1,1
171655,0,0
104567,2,1
5104,0,0
329355,0,0
295304,1,1
259024,2,2
355190,0,0
279966,0,2
50937,2,2
68238,2,1
239895,0,2
234233,1,1
364245,2,2
316381,0,1
99942,2,2
88732,1,0
187268,0,0
146086,2,2
314396,0,2
116553,0,0
228177,0,2
360560,2,2
18620,0,1
384161,2,2
287999,2,2
78285,2,1
266148,0,0
183976,2,2
313066,0,2
325572,2,1
263251,0,1
54355,0,0
100301,1,1
186621,0,1
273775,0,1
236773,2,1
20354,0,1
348358,2,2
1472,0,2
220535,2,2
103600,2,2
377407,2,1
244401,0,0
272539,1,1
41261,2,2
9771,0,2
81860,2,1
30923,0,0
326630,2,2
183396,2,2
43800,2,2
68777,0,1
141150,2,1
96637,2,2
45715,1,1
115279,2,2
209643,2,2
130919,0,2
76756,2,2
99952,2,2
215252,1,1
91333,2,2
84260,2,2
9950,0,0
394637,0,0
329986,0,2
172773,1,1
96626,1,1
143722,2,2
145932,0,2
303983,0,2
175473,2,1
50588,0,2
322304,1,1
349915,0,2
73058,0,0
227607,1,1
186064,0,2
316082,0,1
152911,1,0
17249,2,1
92306,0,0
174940,2,2
404650,1,1
142586,0,2
291994,2,0
55837,2,1
185763,0,0
160474,2,2
300520,0,2
91490,0,2
242146,2,2
85138,2,2
171320,0,0
285124,0,2
347589,2,0
263769,0,0
48275,2,2
187956,1,2
311058,2,2
316234,1,1
257633,1,1
131469,2,2
125985,2,2
192140,0,2
110824,0,0
351878,0,1
207538,2,2
190634,0,1
191364,0,0
162380,2,2
22239,0,2
41052,1,1
279579,2,2
18599,0,2
150130,2,2
11041,1,1
321862,0,1
213201,1,1
207680,0,0
356132,2,2
17711,0,1
343978,2,2
1543,2,2
183518,0,2
343956,2,2
65029,2,2
197917,0,0
391005,1,1
65506,2,2
44774,1,0
378152,2,2
242435,0,1
61936,1,1
103310,2,1
294404,0,2
369004,2,0
103082,2,0
88437,1,1
337867,2,2
154252,2,2
406166,0,1
97618,2,2
18920,0,2
404083,0,0
220827,1,1
55060,0,2
234254,0,0
216225,2,1
87234,0,2
402881,0,1
47619,2,2
91945,1,1
123427,2,1
120231,0,0
123542,0,2
146994,1,1
258275,0,2
56661,2,2
238502,0,0
343962,2,2
254935,2,2
178895,0,2
377414,0,0
220038,2,2
234510,0,2
187857,2,0
336921,0,2
333540,2,2
170937,0,1
156160,2,1
358620,2,1
17351,0,1
339877,0,1
137423,0,2
304361,2,2
200094,2,2
135787,2,2
163555,2,2
59094,1,1
17026,2,2
97410,2,2
394205,2,1
389286,0,0
299316,1,1
317911,2,1
334944,2,2
305306,1,1
202165,0,0
404318,0,0
363514,2,1
194411,0,2
55488,0,2
178873,2,1
297920,2,1
319286,0,0
211229,2,2
246090,1,1
16772,2,2
185499,0,0
320818,1,1
29258,0,2
150,0,1
316323,1,1
196028,0,2
293758,0,0
387979,0,1
389661,0,0
366172,2,2
305493,2,2
258993,1,1
236440,0,0
324889,2,2
327680,2,2
396609,1,1
24002,2,2
89768,2,2
272752,2,2
57501,2,2
187824,2,1
325566,2,2
237709,2,2
274753,1,1
397712,1,1
335464,2,1
227311,2,2
302133,1,1
238127,2,2
378602,1,1
248350,2,2
270546,0,0
300235,2,2
262712,0,2
251083,1,1
125602,2,1
207812,1,1
304729,0,2
360770,1,1
276324,2,2
80229,0,2
9335,1,1
180304,0,0
211039,1,1
280172,0,1
113705,0,0
388337,0,2
162431,0,2
371594,1,1
110527,1,1
144121,0,2
60223,2,2
337942,1,1
133795,0,0
301281,2,2
20561,2,2
7713,2,2
360624,2,2
147222,2,2
63176,2,2
270892,0,1
401989,0,0
696,2,2
8860,0,2
61910,0,0
261838,2,2
336428,1,1
257122,0,2
339329,2,2
109635,0,1
23010,0,2
287162,2,2
232826,0,1
320012,0,0
247465,0,1
262641,0,2
264555,2,2
202932,0,2
241972,0,0
165377,0,1
350118,0,2
105314,0,2
266712,0,2
35235,0,1
10469,2,2
379924,2,2
109441,2,2
260558,0,1
86769,2,2
6171,2,2
294887,0,2
58577,1,1
71268,2,2
38156,1,1
93085,2,2
220026,0,2
153809,2,2
192563,0,1
376280,0,2
272788,2,2
384456,2,2
335840,0,1
90733,2,2
367424,1,1
54804,2,1
151920,1,1
403350,2,2
400824,2,2
34011,0,0
145847,0,0
36468,0,1
336211,0,0
178468,0,1
114173,1,1
331357,2,2
80298,0,2
351298,0,2
287092,0,0
205532,0,2
69785,1,1
350879,2,1
273537,2,2
73945,0,0
76537,2,2
82721,2,2
302445,2,2
403864,0,0
126283,0,0
343844,0,0
87053,0,2
371485,2,2
153350,1,1
123971,2,1
330388,2,1
294694,2,2
385484,0,0
358145,0,0
131140,0,2
370737,1,1
272370,0,2
362769,0,1
299577,2,2
186157,0,2
176985,0,2
124420,1,1
265383,2,2
159031,1,1
240862,0,0
200273,2,1
180243,1,1
28726,0,2
297569,2,2
91577,1,1
299752,2,2
325168,2,2
153524,1,1
78970,0,0
200697,0,1
355653,2,2
52195,1,1
198713,2,1
63162,2,2
369739,1,1
181205,0,0
118835,2,2
164737,2,1
61546,2,2
19931,0,1
82193,2,2
134980,0,2
122949,1,1
129108,1,1
10778,2,2
160092,0,2
65695,2,2
95702,2,1
369176,1,1
246492,2,2
357868,0,1
370725,0,2
107983,2,0
238147,1,1
313389,2,2
109625,0,2
339600,2,1
196717,2,1
98228,2,0
144631,2,2
88363,0,0
267138,1,1
378871,0,2
241358,0,2
226365,1,1
110210,2,2
201235,0,2
324801,2,2
1184,0,2
297894,2,2
126268,2,1
15014,0,2
126087,1,1
1339,1,1
263249,2,2
4150,2,2
274997,1,1
103285,0,1
153844,0,1
368595,2,2
155634,2,2
388909,0,1
4864,1,1
140402,0,2
318492,0,2
51197,2,2
24975,1,1
116414,1,1
277571,0,1
211133,2,1
43224,2,2
16365,2,1
377025,0,0
50554,2,2
128778,0,1
212860,0,1
166755,0,0
375060,2,2
245783,2,2
382333,0,0
153390,1,1
218852,2,2
378751,2,2
198510,2,2
144618,2,2
116865,2,2
201394,2,2
138606,0,0
281422,0,0
368874,1,1
292844,0,2
32176,1,1
2890,0,2
329710,0,2
230746,2,2
204343,2,1
23248,0,0
24456,2,2
383132,1,2
208396,0,2
1458,0,0
131524,0,1
283148,2,2
300516,2,2
101634,2,2
176638,0,2
40305,1,1
95424,2,2
388223,2,2
131653,0,1
323272,1,1
343072,1,2
14573,2,2
312822,2,2
74302,0,2
292497,1,1
83566,0,2
340745,0,1
172308,2,2
345556,2,2
378888,1,1
279204,0,2
155689,2,2
6809,2,2
138318,2,2
243672,0,0
297514,2,2
270254,1,1
123209,2,2
34222,2,0
255994,2,1
222627,2,2
232856,0,1
174424,2,2
387377,2,2
367533,0,2
201084,0,0
81175,2,2
384003,2,2
219558,0,2
310075,1,1
174873,0,2
154370,0,2
251162,2,2
185058,1,1
125474,2,2
378777,2,2
95301,2,2
210570,2,2
260327,2,1
387654,0,2
163051,0,0
334282,2,2
238390,2,1
90960,0,1
282078,0,1
72263,2,2
195857,0,0
132730,2,2
184878,0,2
308907,0,2
303517,2,2
376205,2,2
200075,0,2
152944,2,2
50843,0,2
89414,1,0
120423,0,2
135614,0,1
321898,2,2
331144,2,2
10078,0,1
240371,0,0
102646,1,0
377657,0,2
221310,2,2
396270,2,2
301437,2,1
382144,2,2
283873,2,2
23979,0,1
12424,0,0
172406,0,0
223677,2,2
302971,0,1
130804,2,2
273864,0,1
247589,0,0
106891,0,2
75265,1,1
5981,0,1
309687,0,0
301608,0,1
127442,1,1
334263,0,2
400412,2,2
95255,0,2
235797,2,2
109697,2,2
29576,2,2
342003,0,0
5657,1,1
377558,0,1
362564,2,2
325511,2,2
143356,0,0
44659,0,2
350293,0,1
299936,0,0
135670,0,2
45431,0,2
138451,2,1
304759,2,2
398593,0,1
225668,0,0
52563,0,1
155922,2,2
115577,0,1
138188,0,2
173928,1,2
108151,0,0
248915,0,1
100230,2,2
341022,2,2
167287,0,0
357060,2,2
69415,2,2
175230,1,1
216278,1,1
381839,2,2
15185,0,0
187522,2,2
254348,0,1
237830,2,2
250577,1,1
53983,0,2
698,0,0
296167,2,2
356103,1,1
98324,2,2
335575,0,2
347881,2,2
15621,2,1
86858,2,2
337316,0,2
248822,2,1
305770,0,2
232823,2,2
179211,0,1
214436,2,2
29086,2,2
149191,2,1
208327,1,2
1509,0,1
46772,2,2
200945,1,1
268092,2,2
154204,2,2
143134,2,1
379455,2,2
115784,2,2
106673,2,1
121564,0,2
154985,2,2
187015,2,2
82436,0,1
161720,1,1
139373,1,1
388651,0,0
126117,0,0
298345,0,1
85718,2,2
231817,2,2
102265,0,2
364262,0,2
17858,0,2
214268,0,2
66921,0,2
250257,2,2
388008,0,0
64756,2,1
249356,2,2
287711,0,0
71786,0,2
367489,1,1
92607,0,0
16632,2,2
35493,0,0
400542,2,1
50275,1,1
204243,0,0
70659,2,2
341808,0,2
186999,2,2
72041,0,2
375501,2,2
264764,0,2
288482,0,0
204872,2,2
267712,0,2
42005,2,1
208853,2,1
194632,0,1
92415,1,1
276600,1,1
376101,0,0
41183,1,1
281479,0,0
391073,2,2
308491,2,1
75628,1,1
59130,0,0
337600,2,2
158520,2,2
324587,0,2
100200,1,1
291608,0,2
72116,0,2
203528,0,0
355221,1,1
280948,0,1
39892,0,2
4043,0,2
167106,0,0
143771,0,1
195728,2,2
29591,0,2
179261,2,2
242870,0,2
140152,0,2
3782,0,1
332502,0,1
176880,1,1
192161,1,1
306866,0,0
222689,2,2
38268,0,0
112626,2,2
387852,0,0
112805,2,2
113844,1,1
86426,0,1
330131,0,0
247139,0,2
74261,0,2
85152,0,1
210577,1,1
154182,1,1
390984,0,2
163026,1,1
205468,0,0
49070,2,2
119689,0,2
395307,2,2
138329,1,1
174245,1,1
310620,2,2
266101,0,2
84687,1,1
169271,2,2
319916,2,2
175325,2,2
2993,2,2
310383,0,0
270644,0,2
258030,2,2
8872,2,1
289810,2,2
274114,2,2
197375,0,2
252019,0,2
34047,0,2
323158,1,2
269351,2,2
296639,1,1
401227,2,2
61875,0,2
147151,2,2
354058,0,2
297020,2,2
2971,2,2
318511,2,2
404988,0,0
367363,2,2
196897,1,1
232348,2,0
41265,2,2
387423,2,2
139980,2,2
273201,2,2
309979,1,1
314384,2,2
35805,2,0
224800,0,0
212840,0,0
145040,2,2
292641,2,2
212208,2,2
327522,0,1
146478,0,0
375443,0,2
314965,0,2
123161,0,2
353654,2,2
67914,0,1
342275,0,1
374079,2,2
173343,1,1
64821,0,2
215140,2,2
201470,2,2
36661,2,2
298885,2,2
839,2,1
126008,2,1
359027,0,2
124641,2,2
370111,2,2
272770,2,2
56886,0,0
203347,0,2
302765,2,2
118530,1,1
108439,2,2
113484,0,0
184830,0,0
163240,2,2
102449,0,2
292034,0,0
162159,2,2
367824,0,1
44966,2,2
16265,0,2
259815,2,1
373054,2,2
26651,2,1
343202,0,1
378431,2,2
271979,2,2
106434,2,2
66670,2,2
370528,2,2
348748,0,2
115959,0,0
73538,2,2
56985,2,2
311368,0,1
96175,1,1
74800,2,2
199448,2,1
169582,2,0
261510,2,2
144913,2,2
284667,2,1
377281,2,2
303129,2,2
78386,2,2
335904,1,1
332811,0,2
196125,1,1
196255,0,1
176390,2,2
364014,1,1
398369,0,2
190300,1,1
316942,2,2
256673,0,0
245162,2,2
182165,0,2
265785,2,1
139695,2,2
226356,2,1
112838,2,1
241580,1,1
4235,2,2
105986,0,1
280391,1,1
330277,2,2
59681,0,2
160302,1,1
324199,1,1
214632,0,0
276206,1,2
103193,2,2
249386,2,2
286290,0,1
321712,0,1
183693,0,0
307745,1,1
91897,2,2
135240,2,2
131387,2,2
359648,2,2
280278,0,1
40909,2,2
396919,1,1
193681,2,2
37122,2,2
50525,1,1
184842,0,0
122639,1,1
313556,2,2
268864,2,2
305319,1,1
387422,2,1
3400,2,2
24091,1,1
140526,2,2
146851,0,2
186090,2,2
219301,2,2
102504,0,1
193379,0,1
369159,2,2
226172,0,1
254671,0,1
43357,2,2
385219,2,2
396798,0,0
64467,0,2
275028,2,2
380598,2,1
329900,0,0
308628,2,2
388495,1,1
252799,2,2
257915,0,2
350095,0,2
186391,1,1
173535,2,1
29805,0,2
117235,2,2
252915,0,2
143084,2,2
393999,2,2
248616,0,2
205007,0,0
71886,2,2
328061,0,2
347905,2,2
303663,2,2
399974,1,2
242191,2,2
197309,2,1
327071,1,1
305840,0,2
230516,2,2
154585,2,2
233641,0,1
338207,0,0
26497,0,2
187370,1,1
77356,1,1
114179,0,2
342927,1,1
365755,2,2
194778,1,1
290522,2,2
120779,0,1
354988,2,2
114618,0,2
165596,0,2
358994,2,2
146049,0,1
151037,2,2
276624,0,0
383304,0,1
362786,0,0
348091,1,1
229787,0,2
106662,1,1
23737,2,2
397614,2,1
111182,2,2
75354,2,2
307245,2,0
163040,2,2
44453,2,2
5152,2,2
181654,2,2
366565,2,2
112954,2,2
368522,2,1
237315,0,1
191538,2,2
397418,1,1
219785,0,0
284998,2,2
35933,1,1
86842,0,1
28150,0,0
5526,2,1
310206,0,2
26598,2,2
265142,1,1
113507,2,2
376681,2,2
78194,2,2
87364,2,2
172684,2,2
179743,2,2
299478,1,1
311690,0,0
281276,2,1
248230,2,2
142905,2,2
17604,2,2
195455,0,2
211376,2,2
380173,1,1
162554,2,2
97306,2,1
100000,0,2
137913,0,2
324742,0,2
236293,2,0
264528,0,1
209238,2,0
50764,2,2
355704,0,0
153018,2,2
188268,0,2
252028,2,2
173734,0,1
200176,1,1
267405,0,0
118166,0,0
182777,2,2
114300,0,0
361870,1,1
84163,0,1
185756,0,0
228518,1,1
79002,2,2
321848,2,2
283894,0,2
343162,0,2
47811,0,2
288277,1,1
39798,0,1
58718,1,1
157388,2,2
171791,0,2
49097,2,1
109726,0,1
238417,0,0
372647,2,1
357759,2,2
343145,0,2
259710,2,2
362457,1,2
66467,0,2
167743,0,1
293388,1,1
220087,2,2
174363,0,1
293507,1,1
124307,0,2
185331,0,2
49436,1,1
167338,0,0
39861,1,1
130624,1,1
20875,0,2
52442,0,1
311457,1,1
262589,2,2
135126,0,2
373498,2,2
288261,0,2
174418,2,1
146856,1,1
326349,2,2
250180,0,1
296607,2,2
307421,0,2
340135,2,2
74872,2,1
12807,2,1
333476,0,2
43865,2,2
191167,0,2
396428,2,2
108881,2,2
16832,2,1
116074,0,2
76328,0,2
149212,0,2
202284,2,2
149753,1,1
369259,1,1
331087,0,0
205860,2,1
348084,1,1
15415,0,0
240686,0,1
384679,2,0
327593,0,2
369184,0,2
129789,0,0
307942,0,2
201488,0,1
48773,2,1
263852,2,2
63000,2,2
390251,0,1
230117,0,1
13448,0,1
275139,2,2
261571,1,1
389781,2,2
293649,0,0
311782,0,0
235259,1,1
255977,2,1
229631,2,1
298202,2,1
5630,0,2
220142,0,0
322720,0,2
195187,2,2
358585,2,0
1494,0,1
283023,2,2
391829,2,2
211340,2,1
89817,2,0
386758,1,1
308784,0,0
271270,0,2
932,0,0
400549,2,2
398560,0,1
300903,2,2
394443,0,2
237285,2,2
185226,2,2
400997,2,2
245384,1,1
57636,0,1
102079,0,1
41587,2,1
395518,0,2
324461,2,2
60330,2,2
151489,0,2
311053,0,2
14771,1,1
162193,0,2
253834,2,2
402969,0,1
342942,0,0
4577,0,2
67410,2,1
102250,2,1
21675,0,0
238164,2,2
23357,2,2
33903,1,1
331402,2,2
63256,1,1
244279,0,2
292781,1,1
136573,0,1
383338,1,2
133036,2,2
208312,0,2
288874,2,2
214481,1,1
198626,2,2
355269,2,1
375771,1,1
378444,1,1
263687,0,2
201669,2,2
391235,2,2
351817,0,0
78249,2,2
385859,2,2
239711,2,2
66057,0,2
318982,1,1
80133,2,2
94147,2,0
4555,2,2
327629,2,2
299823,2,1
304010,0,1
177705,0,0
60280,0,0
110687,0,2
342644,0,1
287183,2,0
189242,2,2
125411,1,1
157673,2,2
243979,1,1
45022,0,2
35421,2,2
144224,0,2
297305,2,1
341139,2,2
404348,0,1
379197,2,1
155613,2,2
296194,2,2
186202,2,2
72378,0,0
379314,2,2
268839,1,1
240190,2,2
286218,2,2
355702,0,0
259000,0,0
317129,2,2
26546,2,2
243948,0,1
382205,1,1
135877,1,1
123285,2,1
284806,0,2
272266,0,1
151139,1,1
227714,0,1
349431,1,1
107165,0,0
357431,1,2
186302,2,1
280555,1,1
288544,0,0
67781,2,2
229576,0,2
157376,1,2
378840,2,2
91911,1,1
140408,2,2
349127,2,1
86665,2,1
157268,2,2
27095,2,2
154160,0,2
390448,2,1
2828,2,2
93691,2,2
283582,2,2
69216,2,2
6667,2,2
81772,2,2
198395,1,2
61689,2,2
246135,0,1
250586,0,2
100135,1,0
68531,2,2
358860,2,2
335603,0,0
156754,1,1
69388,2,2
225803,1,1
208609,2,2
259314,2,2
270208,1,1
13181,2,2
44029,2,2
7769,0,2
116481,0,1
290068,0,2
326543,2,2
376230,0,0
331109,0,0
181965,2,1
252698,2,2
316900,0,0
287798,2,2
108711,1,1
142386,0,0
379445,0,1
267952,0,1
366548,0,2
146387,2,2
43194,1,1
390674,0,0
205131,0,0
396844,2,2
10987,2,2
100453,2,2
157490,2,1
109845,2,1
97266,2,1
392233,1,1
135463,2,2
237865,1,1
280136,0,0
141352,2,2
319124,1,1
226043,0,2
94037,1,1
260005,2,2
400238,0,2
287321,2,0
54872,2,2
66032,2,2
193713,2,2
3737,0,2
260969,2,2
187509,2,2
10147,2,2
48720,2,2
181520,1,1
25282,0,1
50113,2,1
311435,2,2
298430,2,1
25956,0,0
170673,0,2
199341,1,1
333711,1,1
238509,0,2
176679,2,2
97561,0,0
10502,1,1
369646,1,1
69449,1,1
80397,0,1
109065,0,2
70133,0,2
371741,2,2
36618,2,2
299780,2,2
172444,2,2
115757,1,1
240764,0,0
160326,1,1
323668,0,0
673,2,2
38384,2,2
374795,2,2
153229,0,0
37569,2,2
289549,0,1
124787,2,1
19797,0,1
370383,0,1
103205,0,0
189827,0,0
264211,2,0
115863,1,1
137065,2,2
51935,0,2
191153,2,2
83628,2,2
397381,1,1
293884,1,1
72149,2,2
285430,1,1
284940,2,2
23724,2,2
58052,2,2
298159,1,1
97513,2,0
341227,1,1
31847,2,2
263947,1,1
338940,2,2
188757,1,1
172274,1,2
82555,1,1
279354,2,2
140952,1,1
1758,0,2
319053,2,1
386807,0,2
63384,0,2
231422,2,2
111023,2,2
130821,2,2
230136,2,1
267313,0,2
92115,1,1
124218,2,2
118935,0,1
246,0,1
313811,1,1
32319,2,1
379095,2,2
353773,0,1
137710,2,0
196727,0,2
230666,2,1
32930,0,0
276534,0,2
201493,0,0
245723,1,1
277757,2,2
4573,2,2
162117,0,0
149304,2,2
11050,2,1
41487,2,2
221581,0,2
123965,2,1
183121,2,2
200899,0,1
34843,0,2
285052,0,1
221510,0,2
93103,0,0
175634,0,0
267970,2,2
399158,2,0
47381,0,2
378353,2,2
214961,0,0
60397,2,2
327933,2,2
166104,1,1
352281,0,2
274262,0,2
18754,0,0
159245,0,1
191389,0,2
58320,0,1
195343,2,1
291341,0,2
161486,0,1
124576,2,2
56825,0,0
300866,2,1
245281,2,2
278098,2,2
212921,0,1
152715,2,2
206794,0,0
386305,0,0
170955,2,2
175157,2,1
316772,2,2
381534,2,2
129253,0,2
45270,1,1
381653,2,1
183697,2,2
31658,0,2
130766,1,1
200082,2,2
347252,1,1
243070,0,0
230003,0,0
69197,0,0
375393,1,2
106997,2,2
247115,2,2
177768,0,0
22927,2,2
170079,1,1
373904,0,1
107384,0,0
127585,1,1
113858,0,2
291452,0,0
71535,0,2
124112,1,1
158017,0,0
208974,2,2
141623,1,1
26189,1,1
223332,1,1
109824,0,1
73693,1,1
22448,0,0
313464,2,2
354852,2,2
329840,0,1
116520,1,1
257402,2,1
342722,2,2
364685,1,1
352092,1,1
214664,2,2
126987,2,2
103078,2,2
147491,2,2
329223,1,1
282859,2,1
220665,0,1
101121,1,1
189528,2,2
236496,2,0
85457,2,2
385341,0,1
341964,0,2
106545,2,1
324230,0,1
256278,1,1
203609,2,2
404298,0,1
335478,0,2
60857,0,0
190947,2,2
260047,2,2
298301,2,2
125689,1,1
388534,0,2
133493,0,0
204501,2,2
202478,0,0
344562,2,2
264060,2,2
253070,0,2
64281,0,2
389540,2,2
151247,0,0
227823,2,2
230576,1,1
250754,2,0
106429,2,2
86069,2,1
213953,0,2
165474,2,2
374583,2,2
4264,1,1
405124,0,1
16013,0,2
239372,0,2
184035,2,2
45482,0,1
399499,0,0
108133,2,2
21022,0,1
328125,2,2
381233,2,2
106866,0,0
34851,1,1
296057,0,2
298658,0,2
299793,2,2
294061,1,1
397768,0,0
402573,1,1
350297,1,1
3526,2,2
186770,2,2
151353,2,2
211333,1,1
339916,2,2
124280,0,0
75067,0,1
350317,2,2
235937,1,1
334034,1,1
315149,2,2
23868,1,2
97446,0,2
405567,0,0
253072,0,2
291216,0,2
240989,2,1
22737,2,2
177477,0,1
2512,2,2
388271,2,2
98631,2,2
290017,2,2
234790,0,2
388553,2,2
341996,0,0
273033,2,2
319221,2,1
401932,0,0
357675,2,2
69681,1,1
274450,0,1
270482,2,1
161463,0,2
249472,2,2
172707,2,1
342020,1,1
201133,1,2
122460,0,1
279765,2,2
115941,1,2
340728,0,2
190452,0,1
155176,2,2
114882,2,1
6264,2,2
264439,1,1
360223,2,0
152722,0,0
77770,2,2
108106,0,0
185196,0,1
145622,2,2
150708,2,2
131613,0,0
65069,0,0
127248,2,1
91847,2,1
64043,0,1
338983,2,2
41042,0,1
215709,1,1
19798,1,1
263773,0,0
384846,0,1
177164,2,2
151689,2,2
114152,1,1
287684,0,2
110460,0,0
275555,0,1
405900,2,2
310332,1,1
274592,2,2
130391,0,1
7932,0,0
317631,0,1
276966,0,2
128116,2,2
219524,1,1
161641,0,1
404308,2,2
10150,2,1
215304,0,0
146113,1,1
383397,1,1
376622,1,1
351913,1,1
210537,2,2
166094,2,2
385504,2,1
406258,2,0
212181,1,1
313142,0,2
323778,2,2
301958,2,2
287762,0,0
110797,2,2
198471,2,2
141600,0,0
44245,2,1
131075,0,0
98912,2,1
314224,0,0
226152,1,1
218931,0,2
341335,1,1
286180,0,0
210477,0,0
265058,0,2
149458,2,1
89017,2,2
25277,0,1
151471,1,1
66487,2,2
73231,0,2
217943,1,1
305367,2,0
161108,0,0
173285,0,1
132025,2,2
163756,2,2
37048,2,2
42413,2,1
215267,0,0
17556,2,2
28152,0,1
223573,0,2
13568,1,1
54757,1,1
84973,0,0
386860,2,2
141307,0,1
227509,0,2
138091,0,1
329077,1,1
344163,1,1
219739,1,1
186154,2,2
357460,0,2
227535,2,1
210536,2,2
392292,1,1
124308,0,0
63917,0,0
224069,0,2
234175,0,1
79740,0,1
216021,0,0
275563,0,2
100641,1,1
319192,2,2
58085,0,0
163876,0,1
188738,2,1
109870,2,2
173160,2,2
161629,0,0
308749,0,2
36284,0,0
21101,1,1
361181,1,1
326453,1,1
24084,1,1
347414,1,2
139736,2,2
242692,2,2
338461,2,2
272346,0,2
316090,0,1
245118,0,1
193959,2,2
258950,0,1
106405,0,0
256484,2,1
235820,2,2
358548,2,2
176324,2,2
282592,1,1
132089,0,0
5258,1,1
259580,1,1
393516,0,0
42047,0,2
210414,0,2
238137,0,2
78450,2,2
191029,2,2
63777,1,1
28715,1,1
165004,1,1
86317,2,2
282242,0,1
115528,2,1
322996,2,2
102233,2,2
208948,2,2
267391,2,2
94249,0,2
285512,2,2
185006,0,0
318955,2,1
300477,1,1
333463,1,1
289537,0,2
332588,2,2
68848,1,1
11748,2,2
201980,2,2
68609,0,0
197965,2,2
193990,2,2
142290,2,2
57853,2,2
128161,2,2
351720,2,2
166830,2,2
221326,2,2
99459,2,2
400596,0,0
210981,0,0
69365,2,2
75196,0,1
9191,2,2
6335,0,2
61659,2,2
249798,2,2
203725,2,2
359353,2,0
70678,0,0
18271,2,2
131493,2,2
230710,2,2
182341,0,1
187397,2,2
59305,0,0
245298,2,1
338780,2,2
291233,0,0
108265,0,0
368897,2,2
271742,0,1
318581,2,2
43420,0,2
284705,0,2
162105,1,1
327996,2,2
274342,2,2
331115,2,2
114783,2,2
382943,1,1
370180,0,2
95428,2,2
177407,2,2
314846,1,1
381348,2,2
273276,2,2
195088,2,1
173306,0,0
348955,2,2
24347,2,1
123809,2,0
72999,2,2
21849,2,1
342024,2,2
369977,0,1
113687,2,2
348313,1,1
94581,2,2
325598,2,1
81751,0,1
351929,0,0
76602,0,0
104762,2,2
125491,0,0
264742,2,2
220141,0,0
224389,0,0
316078,0,1
376452,0,0
40169,0,2
303754,2,2
141070,0,0
123299,2,1
56197,2,2
240279,1,1
92192,0,2
130792,2,2
335209,0,1
101374,2,1
350746,0,2
63111,2,1
128091,2,2
278689,0,1
59573,0,0
99247,2,2
290646,1,1
138744,2,1
275432,1,1
49616,1,1
35243,0,2
328057,2,2
78351,2,1
367207,1,1
1457,2,2
364593,1,1
43016,2,2
381634,0,2
20838,2,2
39252,2,2
94636,0,2
290093,2,2
312634,2,1
19929,2,2
302246,0,0
348312,0,1
8678,2,2
242738,0,2
369561,2,2
231186,2,2
221144,2,2
251716,2,2
263206,0,2
245737,2,2
249070,1,1
376203,0,2
287760,0,2
110125,1,1
14437,0,1
91365,0,2
357595,2,0
216796,0,0
392236,2,2
350158,2,2
166975,1,1
167055,2,2
167961,2,2
140381,1,1
129581,2,2
27447,2,2
326489,0,2
271277,0,1
218081,2,2
367963,2,2
264795,0,1
262594,2,2
43247,2,0
330099,0,0
102237,0,1
123673,2,2
36261,2,2
89294,2,2
23290,2,2
25755,2,2
296880,2,2
36944,0,1
203213,0,2
320255,2,1
29539,2,0
13325,2,1
176404,2,2
361567,2,1
333604,2,1
167456,2,2
75344,1,1
351217,1,1
163946,0,2
172069,1,1
66182,0,2
235283,2,2
34080,2,2
370349,2,2
135528,0,0
210351,1,1
32497,1,2
92616,2,2
320641,2,2
315272,1,1
259711,2,2
104144,2,2
17750,0,0
116314,0,2
109833,0,0
248280,2,2
46406,2,2
327969,0,1
156621,1,1
151735,2,2
324121,0,1
260138,2,2
188001,0,2
102401,2,2
106375,0,1
264651,2,2
264614,1,1
325636,2,2
346746,2,0
257361,0,0
171883,2,1
351249,2,1
224037,1,1
340614,0,2
321567,2,2
360040,2,2
315491,0,2
126769,1,0
77302,0,1
127668,0,1
51324,2,2
136674,2,2
276017,2,2
191605,2,2
103042,2,1
281397,2,2
226065,2,2
106790,0,2
119643,2,2
343351,2,2
66062,0,2
305678,2,1
156891,0,2
154943,2,2
231152,2,2
135850,0,0
254183,0,2
315928,2,2
323256,2,1
37924,0,1
6748,1,1
145235,2,1
166139,2,1
289953,2,0
298167,0,2
210550,1,1
392794,2,2
389089,1,1
362396,2,2
202457,2,0
213823,2,2
352220,2,1
184232,2,1
253995,0,0
394559,1,1
86924,2,2
354165,2,2
320505,1,1
171012,2,2
326580,1,0
75587,2,2
175465,0,1
293910,2,2
122164,2,2
97181,0,1
198014,0,1
226804,2,0
357393,0,2
122724,0,0
30096,2,2
401149,0,0
247197,2,2
194899,2,2
178750,1,0
315162,2,2
389078,0,0
251883,2,1
255831,0,2
14150,2,2
87905,2,2
316073,0,1
64670,1,1
16787,2,2
108246,0,2
174762,0,2
105176,2,2
328242,0,0
27893,0,1
209743,0,1
257448,2,2
95744,2,2
363142,0,2
406045,2,0
58402,1,1
155660,2,2
354659,2,2
342920,0,0
307807,2,2
260506,1,1
35027,0,0
354754,2,1
379984,0,1
391657,1,1
23814,2,2
79979,2,2
332754,2,2
216923,0,0
208020,2,2
197899,0,2
79157,2,2
268395,2,1
98461,2,2
343776,0,1
327681,2,2
335684,1,1
315749,0,0
359618,0,0
24656,0,0
228832,1,1
76746,0,0
295801,0,0
4901,1,1
248707,2,1
237411,0,0
328389,0,1
101674,0,0
273437,1,1
358150,2,2
127141,0,2
343226,2,2
218917,0,0
377979,2,2
381939,2,0
400981,1,2
30103,0,0
91771,0,2
1894,0,0
32549,0,2
140776,0,2
288533,0,2
279774,1,1
305292,2,1
6248,0,2
306491,0,0
349872,2,2
88752,2,1
308714,2,1
200516,2,2
74484,0,0
66410,2,2
392509,2,2
345205,2,2
28658,0,2
7347,0,2
3262,0,2
26389,2,2
134398,0,0
297640,2,2
336891,2,2
52990,0,2
152822,1,1
92936,2,2
290016,2,2
282827,0,0
373188,2,2
255814,2,2
159267,0,1
236862,2,2
157838,0,0
277947,2,0
72152,2,1
358865,1,2
2808,0,1
145553,0,2
154668,0,2
36633,0,2
155575,0,2
214170,1,1
62269,2,2
257624,1,1
179483,0,2
383169,0,2
132057,1,1
207562,2,2
209807,0,0
33198,0,1
152152,2,2
381117,0,1
173762,1,1
18742,2,1
338523,0,2
373713,2,2
143921,2,2
153090,2,2
322113,2,1
403952,1,1
386627,0,0
263140,2,2
158732,1,1
364729,1,1
247142,1,1
169713,1,1
137610,1,1
201181,0,2
276252,2,2
6218,1,1
289177,0,0
75521,0,0
204550,1,1
386062,2,2
196157,0,1
228320,2,2
223015,2,2
107741,0,0
356654,0,0
404856,2,2
43868,2,2
294780,0,2
255687,0,2
48002,2,2
294317,2,1
171804,2,2
5997,2,2
395326,2,2
137472,0,0
333322,0,2
362771,1,1
394210,2,2
199951,2,2
271607,2,2
256539,1,1
47188,1,1
24742,0,1
3885,0,1
345861,2,1
33927,1,1
270994,2,2
269920,0,2
175971,1,1
237288,2,2
44380,2,2
88730,0,2
40260,0,1
165495,0,0
342697,0,1
73321,1,1
377203,0,0
399318,2,2
293272,1,1
241681,2,1
112593,1,1
176494,2,2
246394,2,2
307695,2,2
301112,0,0
287030,2,1
396817,2,2
87953,0,0
39014,2,2
14262,1,1
220973,2,2
387220,2,2
251117,2,2
191822,0,1
24953,2,1
38484,2,2
269950,0,2
106624,2,2
330242,1,1
135891,0,0
114514,1,1
365371,1,1
376219,2,2
83387,0,2
402206,2,0
320274,0,2
147906,0,1
40957,1,1
160860,0,0
258629,0,1
161379,0,2
309063,1,1
1160,1,1
197253,2,1
371765,0,2
321787,0,1
301524,0,1
54244,0,1
266942,2,2
69081,1,1
56560,2,2
244455,1,1
227446,2,2
138985,1,1
330716,1,1
66602,2,2
381669,2,2
208016,2,2
35260,0,0
235104,0,2
400647,2,2
226112,0,2
183043,1,2
254406,2,1
88173,2,2
159532,0,1
178299,1,1
399503,0,1
380378,2,2
176482,1,1
250284,2,2
359154,0,1
107044,2,2
286089,2,2
70353,0,2
108937,1,1
402933,1,1
299260,0,2
395027,2,2
382920,2,1
125051,0,0
114425,1,1
369772,2,2
125502,1,2
390754,2,2
56565,0,0
260865,2,2
319379,2,0
44816,1,1
354063,0,0
180209,1,1
46350,2,2
112968,2,2
190341,0,0
64827,0,1
265048,0,0
354813,1,1
354336,0,2
185223,0,2
75737,0,1
93061,2,1
152054,2,2
139748,2,2
118297,2,2
153595,0,0
95564,2,0
51454,1,1
339098,0,0
199409,0,0
316166,2,0
202094,0,2
347088,0,2
241195,2,2
297280,0,0
256986,0,2
233643,2,2
103192,2,2
259907,1,1
357648,2,1
346297,2,2
378926,2,2
329971,2,2
48685,0,0
245371,2,2
278235,2,2
369390,2,0
185010,2,2
51337,2,2
391814,2,2
126500,0,1
140424,2,2
70583,1,2
354872,2,1
244872,0,0
315088,0,1
371739,0,2
122160,0,1
367980,0,1
156924,0,0
400331,2,0
53720,0,2
45971,1,1
34704,0,1
139657,2,2
73446,1,1
304588,0,0
330637,0,1
141508,0,2
82705,0,2
102904,2,2
53181,1,1
382196,2,2
263893,2,2
10589,0,2
174267,2,1
295081,2,2
5126,2,2
215835,0,1
166486,0,2
43549,2,2
55752,2,2
41812,2,1
189861,2,1
371016,1,1
49224,1,1
242610,2,1
124565,1,1
25872,0,2
56987,0,1
131719,2,2
359631,0,1
251258,2,1
204434,0,0
8406,0,2
268688,0,0
113548,0,0
64624,1,1
122233,0,0
186904,2,2
367170,0,2
351207,1,1
295573,2,2
268310,0,2
261137,0,1
341233,0,2
224973,2,2
101522,2,2
169552,0,2
148834,2,2
90206,2,2
371524,2,0
19152,0,2
40105,0,0
392442,0,1
65105,0,2
301144,2,2
5073,0,1
6928,0,2
383694,1,1
194551,2,2
206713,2,2
50699,2,1
274671,1,1
85529,0,1
47964,2,0
75134,2,2
248159,2,2
56275,0,1
390086,0,1
51011,2,2
166407,0,1
146966,2,1
299898,0,1
361549,1,1
153805,2,0
376252,0,2
46166,0,0
307477,2,2
70131,1,1
40636,2,2
286065,0,2
172676,2,2
103026,1,1
38846,0,2
16561,0,2
299815,1,1
104167,2,2
392044,0,1
197874,2,2
99198,2,2
195681,0,0
380570,2,2
265283,2,2
366451,0,2
290911,2,2
23343,0,2
27930,0,2
270779,2,2
200351,2,2
237097,1,1
104348,1,1
327407,1,1
139379,2,2
253792,0,0
218067,0,2
72018,2,2
111011,2,2
254134,2,2
349966,2,2
274140,0,2
26866,1,2
181172,0,2
398650,2,1
327621,2,2
214103,2,2
162256,1,1
115966,2,2
398825,0,1
378578,2,0
38742,0,2
230079,2,0
354412,2,2
287483,2,2
339501,1,1
298880,2,2
130993,2,2
403590,2,2
152704,2,2
49815,1,2
299079,0,1
176777,0,2
267635,0,1
174206,0,2
22541,0,0
243743,2,2
219418,2,2
106312,1,1
144813,0,0
403404,1,1
185142,0,0
170469,2,0
87229,0,2
327634,0,0
83478,1,1
386272,2,1
92099,2,2
282473,2,1
393610,2,1
241762,0,1
364865,2,2
319258,2,2
378021,2,2
106065,0,2
380498,0,1
50835,2,2
271600,0,0
91005,2,2
215893,2,2
39456,0,2
67353,2,0
274423,0,2
51876,2,2
218192,2,2
391000,2,0
53277,1,1
300717,2,2
298217,0,2
393661,2,2
27809,1,1
276347,2,2
157824,2,2
183707,0,2
66407,0,2
106047,2,2
182409,0,2
375745,1,1
246190,2,1
134793,2,2
267364,0,1
381549,1,1
361073,0,2
364702,2,1
252945,2,2
317620,0,1
202602,0,2
95467,0,1
43907,2,1
84334,1,1
317023,0,0
24564,1,2
403437,2,2
173470,2,1
328403,0,0
182267,0,2
374216,1,1
146014,0,1
304377,2,2
33645,0,0
117881,0,1
353229,2,2
18812,2,0
42291,2,2
130901,1,1
169181,0,2
373174,2,2
116359,2,2
29058,2,2
285817,2,2
52984,2,2
92581,2,0
267000,2,2
263713,2,1
268727,0,2
257706,2,2
329685,2,2
227663,0,1
122701,2,2
59291,1,1
381567,2,1
112932,0,2
279378,1,2
319132,1,1
314788,0,0
31301,2,2
11980,0,2
169636,1,1
222499,0,1
85026,0,0
231945,2,2
101542,0,1
325272,0,1
86002,2,2
2335,0,1
73433,0,0
51664,2,2
400420,0,2
367998,1,1
285307,2,2
27256,0,0
138563,2,2
101632,1,1
316054,2,1
63577,2,2
219374,1,1
133780,1,1
299952,1,1
265162,1,1
293331,0,2
365503,0,2
51390,2,2
276392,2,1
127396,2,2
404720,2,2
283173,2,1
67363,2,2
352616,1,1
17595,2,2
217805,0,0
158389,0,0
374526,2,1
50254,0,0
384540,0,2
58575,2,2
110786,0,0
121442,2,1
35619,2,0
102105,2,2
8230,0,2
27700,0,2
241726,2,2
267273,0,2
131264,2,2
358285,2,2
354500,0,1
172418,2,2
261368,0,0
70933,0,0
91498,2,2
399899,1,1
373493,0,1
22558,0,1
125369,2,2
381362,2,2
9267,0,0
104606,0,0
311894,0,1
181714,2,2
256040,0,0
210757,2,2
147227,0,2
171294,2,0
358480,2,1
45441,0,2
218270,2,2
45247,0,2
211884,0,1
40046,0,2
143032,0,0
109047,2,2
152641,2,2
83577,2,1
338867,2,2
213924,1,1
188413,0,2
804,0,2
262600,2,2
218760,2,2
230321,2,2
130746,0,1
70983,1,1
144628,2,2
160847,2,2
378676,2,2
345938,0,1
220138,0,2
78678,2,2
173314,2,2
235845,2,2
210925,2,2
205937,2,2
288474,2,2
221447,2,2
37434,2,2
316267,0,2
290367,0,2
129455,0,0
218202,1,1
79793,0,1
52019,0,0
115932,1,2
229956,0,2
287724,2,2
175196,0,2
41948,1,1
34678,0,0
211584,2,2
79736,2,0
156027,1,1
134260,0,2
170481,0,1
325257,0,2
247824,2,0
298260,1,1
97356,2,1
343877,2,0
22013,2,2
392577,1,0
102961,2,2
241880,0,2
299543,1,1
71350,0,2
246078,1,1
126839,2,2
251677,1,1
87630,0,0
351702,0,0
358486,0,2
217263,0,1
149882,0,2
129442,2,2
254727,0,1
224178,2,2
102168,1,1
308694,2,2
399581,2,1
109872,0,2
367637,1,2
291135,2,2
339206,0,2
345934,2,2
118476,2,0
394530,1,1
262433,1,1
32021,2,2
229643,2,2
226611,0,2
398834,0,0
162873,1,1
12638,0,1
260615,0,2
65428,2,1
345700,2,1
204341,2,2
125902,0,1
42292,0,2
268318,0,2
294308,2,2
370407,2,2
245808,1,1
95675,2,1
58101,2,2
265338,2,2
188518,1,1
326818,0,2
183077,2,2
119730,2,1
31706,1,1
239080,1,1
97597,2,1
191148,2,2
383594,1,1
399073,0,0
232762,1,1
55729,0,1
403659,2,2
234906,0,1
65321,2,2
4778,2,0
42254,0,2
398601,0,0
227531,0,2
394231,0,0
350501,2,2
215176,2,2
401847,2,2
330487,0,1
187765,2,2
199197,2,2
144575,2,2
168426,0,0
381167,1,1
121777,1,1
80385,0,2
395979,0,2
181653,2,2
212355,2,0
120509,2,1
373490,2,1
341284,0,1
59892,1,1
20334,2,2
111330,0,2
279700,0,0
94027,0,2
352009,2,2
35721,2,2
388232,0,0
400905,0,0
34059,2,2
6316,2,2
34919,2,2
405553,0,1
231048,0,0
348039,0,2
178121,2,0
129579,1,2
168689,2,2
38476,2,2
400471,1,1
153706,0,0
265426,0,1
314542,2,1
37210,2,2
178734,1,1
76695,2,2
11327,2,2
292914,0,1
372473,1,1
208165,1,1
358686,2,2
228090,0,1
345161,1,0
160716,0,2
100365,2,2
207736,2,1
273486,0,0
358487,2,2
7776,2,1
106413,0,2
111314,2,2
260624,2,2
173715,1,1
345634,0,2
354508,0,2
376150,1,1
160508,1,1
361634,1,1
319832,0,1
384530,0,1
310144,0,0
309131,2,2
29506,2,2
313698,0,1
290351,2,2
16084,2,2
150302,2,2
286588,2,2
391774,2,2
196234,0,1
90871,2,2
141869,0,1
7172,0,0
83538,0,2
51422,0,0
138339,1,1
370065,2,2
33448,2,2
193199,0,1
276608,0,0
70835,0,0
202183,2,2
242582,0,1
157791,0,2
118161,0,2
109145,2,1
308833,0,0
373176,1,1
49930,0,2
309408,2,2
169525,2,2
224423,2,2
365925,2,2
114102,0,2
152531,0,2
72249,2,0
223569,0,2
42346,1,1
87930,2,1
79206,2,1
380686,1,1
362609,2,2
182802,0,1
391654,2,0
115111,2,2
179923,2,1
11531,1,1
25602,0,0
39536,1,1
361886,0,0
282995,2,2
158294,1,1
74618,2,2
30673,0,0
259028,0,2
239042,1,1
22863,2,2
102254,0,2
15174,0,1
294661,1,1
96883,0,2
85314,2,2
117751,0,2
15868,2,0
300008,0,0
104307,2,2
146312,1,1
177332,0,2
174953,1,1
86060,1,1
126567,1,1
70937,2,2
336965,2,1
378936,2,2
30927,2,1
120853,0,2
1403,0,0
289726,1,1
89274,2,1
299902,2,2
67301,2,2
92188,2,2
282129,0,0
309843,2,2
10087,2,0
382841,2,1
9406,2,2
292531,0,0
398648,0,1
61973,0,0
59341,0,0
60343,0,2
16387,2,2
405418,1,1
346826,1,1
32576,0,2
188223,2,1
348226,0,2
405790,2,2
44582,1,1
171747,0,0
389365,1,1
382911,2,2
277010,0,0
202430,2,1
380376,0,0
64812,0,2
217729,0,0
92743,1,1
275254,0,0
296255,0,2
147803,2,2
56616,2,2
7466,0,2
251298,0,1
383507,2,0
36219,2,2
44869,0,2
159052,2,2
154868,2,2
395816,0,2
172009,2,2
164979,2,2
341080,2,0
381595,1,1
180462,2,2
304786,0,1
26133,2,1
137417,0,1
9678,2,2
300871,1,1
172234,0,0
256333,2,1
267588,0,1
333258,0,0
187197,0,1
60605,2,2
92335,2,2
49557,2,2
70134,2,2
224263,0,1
336236,2,2
356934,2,2
173422,2,2
390423,1,1
204834,0,2
9375,2,1
401526,2,2
381591,0,2
246387,1,2
26999,0,2
343456,2,2
378133,0,2
176527,0,1
340914,2,2
244525,2,2
25141,1,1
337540,0,1
189776,1,1
51486,2,1
116402,0,1
156523,0,0
121509,2,1
174240,1,1
55402,2,2
131025,2,2
350897,2,2
359480,0,1
104258,2,2
14623,2,2
66042,2,2
190525,2,2
278179,1,1
379012,2,2
119925,2,2
264976,0,0
288473,1,1
286849,1,1
251620,1,1
131017,0,2
202111,0,0
189076,2,2
73668,2,2
37099,1,1
311171,0,2
370176,0,1
340943,2,2
130962,0,2
29716,0,1
272086,2,1
160196,0,2
344485,2,2
171262,2,2
259822,1,1
216124,1,2
19129,0,1
208160,0,0
338353,1,1
378787,2,2
333521,2,2
404442,0,0
160765,0,2
270687,2,2
73855,0,0
57697,0,2
244131,0,2
370529,2,2
298876,1,1
146126,0,2
34367,2,1
304285,0,0
70807,0,2
345020,1,1
361619,0,2
313014,2,2
197760,0,0
274683,0,2
1391,2,2
61512,0,1
323343,1,1
136596,0,0
396732,2,2
344262,0,2
288258,0,2
182870,2,2
263864,0,0
135960,0,2
85596,1,2
177071,0,2
286472,2,2
164819,1,1
229737,2,2
190632,2,2
323456,2,1
263974,2,2
195048,2,1
233076,0,2
1833,2,2
90557,2,2
228289,2,2
379524,2,2
76810,1,2
116008,2,2
213514,0,0
363704,2,2
125992,2,2
34559,0,2
269461,2,2
315740,2,1
358594,2,1
344974,2,2
402746,1,1
27842,2,0
44589,0,2
213821,2,2
284641,0,2
366350,1,1
279425,1,1
385331,0,2
239653,0,2
228470,0,2
396716,2,2
32495,2,2
238950,0,0
379471,0,2
137815,2,2
105525,0,1
344986,1,1
14735,0,2
179132,2,2
184483,2,2
140385,0,2
304980,2,2
322365,2,2
384390,1,1
404171,0,2
94537,2,1
307600,1,1
293948,2,2
212986,1,1
210385,2,2
293743,2,2
68897,0,1
296958,1,1
189705,2,2
275004,0,2
225124,2,2
204564,2,1
38007,0,2
68298,0,1
90294,2,2
76974,2,2
55130,2,2
390393,2,2
80084,0,0
127345,2,1
253114,2,2
152737,2,2
34873,0,0
52533,0,0
340013,0,0
7258,1,1
50868,1,1
267456,0,0
339823,1,1
12369,0,2
6307,2,2
225785,0,1
83982,2,2
372668,0,1
140267,0,2
289642,1,1
267612,2,2
325678,2,2
11390,2,2
195038,0,2
306601,0,2
67863,2,2
359498,0,2
38564,1,1
213942,0,0
188952,0,0
94168,2,2
18461,2,2
291873,2,2
80275,2,2
290818,1,1
92432,0,2
41727,0,2
103725,0,0
114589,2,1
299701,2,2
302113,2,1
324139,1,1
256848,1,1
340711,0,0
326114,0,0
155882,2,1
225041,1,1
62959,2,2
101961,1,1
17423,2,2
165466,2,2
55584,0,1
140141,0,2
391670,0,0
381569,0,0
353662,2,2
326935,2,1
115382,0,0
298375,2,2
63745,0,1
374168,1,1
148125,0,1
104601,0,0
44261,2,1
190870,2,2
13207,2,2
143374,2,2
166513,0,0
110154,0,0
102345,0,1
335118,2,2
155622,2,2
114881,0,2
263003,2,1
130934,0,0
356976,0,0
233530,2,2
216457,0,0
238551,2,2
219429,2,2
161001,2,2
71576,2,2
230872,2,2
250977,1,1
244060,2,1
247903,0,0
162866,1,2
14961,0,0
342299,0,0
989,0,2
231132,2,2
284150,2,2
381163,0,2
91125,2,2
391585,0,2
327162,2,2
202678,0,2
338568,1,1
321894,1,2
121385,1,1
167634,2,2
220015,2,1
31555,1,1
238854,2,2
254447,0,1
304023,1,1
94090,0,0
147421,2,2
6085,2,1
344095,1,1
292283,1,2
8206,0,0
184155,1,1
275541,2,2
228341,2,0
316346,0,2
372169,1,1
341285,0,2
298362,2,2
53477,2,1
52957,0,2
284855,2,2
322627,2,2
104781,2,2
152973,2,2
201013,2,2
122354,2,2
245562,2,2
211577,2,0
2091,0,2
135799,2,1
22342,0,1
368284,2,1
262874,2,2
341710,0,0
159655,1,1
153492,0,2
265732,0,0
378942,0,0
378822,2,0
96261,2,2
325777,2,1
388502,2,2
28192,0,1
318447,2,2
227768,0,1
65034,2,1
61418,2,2
389980,0,1
33854,0,0
159743,1,1
319043,2,0
200664,2,1
78019,2,2
172081,2,2
132806,2,2
366155,1,1
348192,2,2
248579,2,2
30548,0,1
43366,2,2
147741,1,1
255155,2,2
111514,2,2
252783,2,2
214695,1,2
401620,2,1
374673,2,2
143355,1,2
71257,0,2
196144,1,1
152465,1,1
314678,0,0
403092,1,1
90978,2,2
355352,0,2
239149,0,2
176946,2,2
11115,2,2
370657,2,2
105896,2,2
322556,0,0
232773,2,2
151161,0,1
304225,2,2
349289,1,1
206983,0,2
33568,2,2
45722,0,0
75232,1,1
391849,2,2
27202,2,1
309475,2,2
395174,0,2
9334,2,2
1289,2,2
335114,1,1
327919,2,1
294518,1,1
296936,1,0
148272,2,1
107770,1,1
149310,2,1
178962,2,2
381598,1,1
171846,0,2
152288,2,2
253355,0,2
263043,2,2
325656,0,1
311620,2,2
30884,0,2
354365,0,0
239994,0,2
168632,0,0
93692,1,1
97154,0,2
344645,1,0
262474,0,1
230494,0,2
251866,0,0
354688,1,1
237513,2,1
274520,0,0
305175,0,0
345133,1,1
180542,1,1
354821,0,2
137069,0,2
312468,0,1
340264,0,2
17029,2,1
341219,1,1
165039,0,0
40747,0,0
114327,0,0
266310,0,0
26161,2,2
77339,0,0
274595,2,1
362145,2,2
180738,0,0
197126,0,2
42816,2,2
91566,2,2
158044,2,2
216472,0,0
263385,2,2
378126,2,2
219465,2,2
81453,2,1
46124,2,2
309873,0,0
32318,2,2
106245,0,1
348815,2,1
155789,2,2
241654,0,2
100112,0,0
107732,0,2
124708,0,1
203599,2,2
194245,0,0
164583,2,2
277961,0,2
143705,2,2
167336,2,2
281043,0,2
164797,2,2
322560,1,1
149440,1,1
9148,2,2
339865,2,2
276765,0,1
376561,0,2
239387,2,1
300058,1,1
243675,0,1
213499,2,2
237256,0,2
401080,2,2
337433,0,2
105204,2,2
207146,0,0
171526,2,2
7092,2,2
6119,1,1
337984,2,2
292479,1,1
234425,1,1
141806,1,1
200854,2,2
100716,2,2
3309,2,2
209362,0,0
110537,2,2
19776,0,1
81047,1,1
180477,0,2
137517,0,1
99267,2,2
223118,2,2
234458,0,2
347092,1,1
123429,2,2
134935,0,2
27630,2,2
16984,0,0
404031,2,1
396349,1,1
173101,0,0
118949,1,1
238540,2,1
21658,1,1
284348,0,2
119121,2,2
276365,2,2
331233,0,0
174358,2,2
243014,2,2
234240,1,1
269700,1,1
286189,0,0
285289,2,2
124392,1,1
71679,0,2
50318,0,2
290707,2,2
106462,2,2
109876,2,1
287037,2,1
81550,2,2
189922,0,2
129317,0,0
56101,0,2
371203,2,1
43650,0,2
108112,2,2
42470,2,0
169602,0,2
188096,0,0
385197,0,1
321404,2,2
373373,2,2
157295,2,2
250012,1,2
258567,0,2
382581,1,1
273038,2,0
395193,2,2
271426,2,1
326284,1,2
394251,2,2
33748,0,2
364202,0,1
209999,1,1
382562,0,0
348062,0,2
45660,2,1
249802,0,2
174140,0,2
246452,0,0
48307,2,2
351129,0,0
47862,0,0
55581,2,2
350457,0,0
324069,0,0
39135,0,2
362546,2,1
312199,2,2
7988,1,1
132582,2,2
3010,0,2
403047,2,2
206731,2,1
395862,2,2
298639,2,0
263459,2,2
108110,2,1
138595,2,2
120068,0,0
104587,2,2
42459,1,1
256054,2,2
305045,0,2
285308,2,2
110813,2,2
105641,2,2
100047,0,1
94164,0,2
56056,0,1
355384,0,2
368719,0,2
319348,2,2
276024,2,2
159106,1,1
262924,2,1
48340,0,0
285622,2,0
287014,0,2
244326,0,2
79274,2,2
195325,0,0
209365,2,1
361437,2,2
53955,0,2
254862,2,2
54789,2,2
113085,1,1
240926,2,1
364809,0,0
178532,1,1
223590,2,1
181105,2,2
28109,0,1
356034,2,2
278426,2,2
204997,2,2
95291,0,0
210947,2,2
187583,0,2
305246,2,1
249778,1,1
170014,1,1
23865,2,2
241425,1,1
108397,0,2
17816,1,1
195713,2,2
211780,2,1
343684,0,2
197819,0,0
137486,2,2
303877,0,0
134579,0,2
269428,2,2
230614,0,0
239745,0,1
326940,2,2
59712,0,0
333185,2,2
325695,0,1
34138,2,2
263375,0,0
310542,2,2
73617,0,2
133106,2,1
251269,2,2
374845,2,1
303683,0,0
237855,2,2
208520,2,2
163665,2,2
202230,2,2
92298,2,0
256318,0,0
319675,0,0
307526,0,2
299018,1,2
283233,0,2
122171,0,2
357939,2,2
236445,2,1
399957,0,2
208514,2,2
10520,2,2
387751,1,0
41383,2,0
400388,1,1
302654,0,0
138006,2,2
56164,2,2
84494,1,1
218862,2,2
258332,0,1
336696,0,0
215625,2,2
141588,0,0
341378,2,1
152134,0,1
141663,1,1
343306,2,2
143592,2,2
292078,2,2
352122,2,2
253822,2,2
320339,2,2
139141,0,0
340441,2,2
258311,0,1
343090,1,1
49215,1,1
243438,2,2
2403,0,2
306793,1,1
53886,0,2
222869,0,1
186227,2,2
359757,0,0
199818,2,2
231191,0,2
207698,2,2
266642,2,2
110588,2,2
388426,2,2
336438,0,0
386206,0,0
237272,0,1
245145,0,0
62279,0,0
10517,0,0
37939,2,1
362071,2,2
50830,1,1
149273,2,2
185391,2,2
73241,2,2
175831,0,2
220380,2,2
267678,0,2
266670,2,2
386537,2,2
336164,0,0
66815,2,0
312968,2,2
276102,0,0
373700,2,2
387806,2,2
189718,1,1
264135,2,2
153236,2,2
356207,2,2
263559,2,2
286247,0,0
210627,2,2
71678,0,2
390628,0,0
363082,2,0
317495,2,2
66579,2,1
187859,0,0
113072,2,2
24859,2,2
304512,2,2
376310,1,1
120101,2,0
176591,0,0
322803,0,2
336295,0,0
65942,2,1
74713,2,1
61735,1,2
249184,2,2
385813,1,1
361663,1,1
252893,0,1
256016,0,0
347570,0,0
67572,2,2
316959,1,2
136356,2,2
110129,2,0
86713,0,0
90794,0,0
138391,2,2
289415,1,1
135586,2,2
145632,2,2
237954,2,2
340846,0,0
136599,0,2
69050,1,1
243502,0,2
90849,1,1
190763,0,2
300229,0,2
129979,1,1
123079,1,1
101774,1,1
230996,2,2
318680,1,1
225801,2,2
14595,2,2
371688,2,2
132073,1,1
61611,0,1
386819,2,2
399725,0,2
243794,1,1
224055,2,2
2672,2,2
91579,2,2
22442,1,1
276930,2,2
364138,2,2
147418,2,2
339774,1,1
133317,0,2
180254,2,2
310317,1,1
373577,2,2
99086,1,1
192698,2,2
70793,2,0
255747,2,2
31436,0,0
17570,1,1
392128,0,0
238246,1,1
183684,2,2
167892,0,0
128357,0,1
33187,0,1
300892,2,2
334147,1,0
402011,1,1
44641,0,2
191593,1,1
217562,2,2
236607,0,1
73347,0,2
34614,0,0
100595,0,2
51318,2,2
70706,0,1
303947,2,1
13323,1,2
63939,2,2
393832,1,1
168745,2,2
85830,0,1
307563,1,1
371766,2,2
304126,0,0
248604,1,1
126251,1,2
377418,0,2
140379,2,2
284496,0,2
220037,2,2
372537,2,1
128906,0,0
398905,0,1
137052,2,2
65009,2,2
262537,0,0
326756,1,1
141650,2,2
189638,0,1
340139,1,1
161214,2,1
62808,2,1
404248,0,2
12770,0,0
92811,0,2
329722,0,0
191278,2,2
192523,2,1
33945,2,2
250497,2,2
102665,0,1
402498,0,2
257983,0,2
378099,2,2
132183,0,0
331840,1,1
72007,2,2
367404,0,1
9589,0,0
245583,0,0
239328,2,2
105356,2,2
305057,2,2
347532,0,0
208778,0,2
118099,1,1
168119,0,2
324948,2,2
34429,2,1
318297,2,1
151844,0,1
226620,2,2
48504,0,1
69005,0,2
57998,0,2
189120,2,2
103134,0,0
383136,1,1
340502,2,2
386245,0,2
8346,0,1
282379,1,1
198812,0,1
380414,0,0
141913,1,1
27906,0,2
291313,1,1
258824,1,1
324993,2,2
366582,2,2
328623,2,2
199846,1,1
399213,0,0
280116,0,2
346417,0,0
387837,0,2
330127,0,2
8471,0,2
268154,2,2
97173,1,1
58233,0,0
359229,1,1
331126,2,2
293689,0,1
394913,2,2
377980,2,2
396116,0,1
72019,0,0
228042,0,2
369549,0,2
280379,0,0
302276,1,1
284833,0,2
267196,2,2
255180,2,1
17551,2,2
356010,2,2
297257,1,1
313726,2,2
245201,0,2
283925,0,2
280611,1,1
113209,0,2
311774,0,1
332001,2,2
37267,2,2
340509,0,0
103822,2,0
316788,1,1
82581,2,1
329391,2,2
301939,0,2
212533,2,2
273913,2,2
149038,0,1
44893,0,1
249372,2,2
35088,2,2
138750,2,2
206425,1,1
21795,2,2
271576,0,1
254320,0,0
4125,1,1
179401,2,2
109211,0,2
346202,0,2
104037,0,0
169517,2,2
23633,2,2
295625,2,2
298457,0,2
86080,2,2
233903,2,2
58259,2,2
387703,0,2
135579,2,2
98123,2,1
298609,1,1
124720,2,2
20691,1,1
299541,2,2
329418,2,2
404863,2,2
315093,2,2
87751,2,2
116758,0,1
207998,1,1
289420,1,1
53421,2,2
161966,0,2
378533,2,1
403745,0,0
32066,1,1
365143,2,2
165648,0,2
9420,0,2
201916,0,2
342529,0,0
403504,0,2
269780,2,2
245402,1,1
240687,2,2
364897,2,2
320066,2,2
3017,0,2
57131,2,2
157499,0,0
112500,0,0
208713,2,2
631,0,2
382093,0,0
183026,0,0
137433,2,2
345163,2,1
351099,0,2
115767,1,1
377026,2,2
112710,2,2
135208,2,2
174293,2,1
229504,2,2
358482,2,2
88010,0,0
400306,1,1
334950,2,2
42460,2,2
56035,2,2
257623,0,2
293581,2,2
310880,0,2
309883,0,2
87305,2,2
152447,0,2
47408,2,2
184737,2,2
301139,2,2
267641,0,0
319974,1,1
94227,2,1
176414,1,1
17227,0,0
399389,0,1
109304,0,1
205672,2,2
222550,0,0
281119,2,2
31013,1,1
342021,1,2
229379,0,2
13282,0,2
258307,0,0
31274,2,2
115937,2,2
103774,2,1
154963,2,2
78216,2,2
110425,0,0
172531,2,2
143686,2,2
133841,0,1
305613,2,2
293332,2,2
53045,1,1
69520,2,2
187105,0,2
314898,2,1
357081,0,2
120351,0,1
62499,1,2
382948,2,1
89325,2,2
360241,2,2
211981,2,2
170847,0,1
227913,2,2
210395,1,1
404596,2,1
30082,2,2
131214,2,2
92367,2,2
285497,0,1
314927,2,1
75584,1,1
183375,0,2
167135,0,1
182374,0,1
402726,2,1
29643,1,1
184811,0,2
399978,0,2
119537,2,2
220799,0,2
202034,0,2
66939,1,1
143668,0,0
88676,1,2
250428,0,0
34027,2,2
136661,1,1
296547,0,2
220121,2,2
31387,0,1
169026,2,1
319446,2,2
261827,2,2
225680,0,0
229352,2,2
661,2,2
230401,0,2
87332,0,0
169326,2,2
190532,0,0
11496,2,2
39691,0,2
123017,0,0
68068,2,2
16096,2,1
232418,0,0
223877,2,2
212067,0,1
353660,2,1
313789,2,2
199374,1,1
41425,1,1
6194,2,2
345239,0,0
375181,0,2
370635,0,2
31661,1,1
301225,0,0
80095,1,1
266603,0,1
57276,2,2
150966,1,2
346140,2,1
380160,2,2
96765,0,2
343143,2,2
43278,0,1
149763,1,1
393564,0,0
193148,1,1
356430,2,2
222823,0,0
345011,1,1
132079,2,2
273596,0,2
239088,2,1
130376,1,1
3810,0,2
30262,0,2
119870,0,2
32752,0,0
388806,2,2
134051,0,2
12617,1,1
399703,2,1
337880,0,2
70502,2,2
39073,2,1
126616,1,1
316823,1,1
394123,0,0
316198,2,2
377105,2,2
245935,2,2
102026,2,1
176635,0,1
182166,1,1
183433,0,0
107899,1,1
82771,2,2
278411,0,2
102956,2,2
27592,2,2
15648,1,1
261202,2,2
69165,2,1
349360,2,2
253930,0,0
145463,0,2
150670,2,1
23522,2,2
15837,0,0
217243,0,1
136445,2,2
247147,2,1
63361,0,2
143371,2,2
28061,0,0
321273,0,2
393274,2,2
147310,0,0
93076,1,1
190374,1,1
222273,0,2
173879,0,2
186885,2,1
51282,0,2
395550,2,2
114712,0,1
295590,0,2
196935,2,2
142741,0,2
41435,1,1
335653,2,2
326753,2,2
118020,2,2
302999,0,2
54061,0,0
48770,1,1
382262,1,1
180037,2,1
186649,1,1
135407,0,0
346570,2,2
81298,2,2
16234,0,2
397403,2,2
248875,1,1
175935,2,2
91801,0,1
77793,0,2
400911,1,1
281513,2,2
7063,2,2
367609,2,2
239439,0,0
212985,1,2
353865,2,2
262692,1,1
99629,2,1
107678,0,0
290478,2,2
224122,1,2
92964,1,1
210892,0,0
181476,1,0
395972,0,1
279491,2,2
108011,2,2
249624,0,1
218211,0,2
239375,0,0
294315,2,2
133776,0,2
199969,0,2
405257,2,2
38941,0,0
364464,2,2
157798,2,1
385522,1,1
360515,2,2
72316,2,2
198819,0,1
148018,0,1
231165,2,2
379379,2,2
41888,0,2
60798,2,1
130079,0,0
250708,0,2
140119,0,2
326308,0,2
203226,0,0
326156,0,2
35499,2,2
340679,0,2
368269,2,2
66000,0,0
318414,0,1
103513,0,0
332053,2,2
13326,2,2
74861,2,1
117595,0,2
304385,2,1
232944,2,2
307538,2,2
117660,2,2
317893,2,2
311712,0,2
252364,1,1
122666,0,2
194070,0,1
321483,1,1
6899,0,0
359132,2,2
294096,2,2
215366,0,2
53414,1,1
317401,2,2
49045,0,1
323477,2,1
375958,2,2
339562,0,2
68,0,0
178875,2,2
254198,1,1
371804,2,2
82659,2,2
160192,2,2
56865,0,2
19854,2,2
189617,2,2
136008,2,2
361518,2,1
228705,0,0
43056,1,1
248864,0,1
8343,0,2
221574,1,1
360483,2,2
295673,0,1
137478,0,0
151342,2,1
372508,2,2
347142,0,2
282285,0,2
39744,2,2
86973,2,1
336897,0,0
401754,2,2
191820,2,2
133958,0,2
18443,2,2
398480,2,0
402917,2,2
33121,2,2
314705,2,2
9923,2,0
114808,2,2
219613,0,0
20012,1,1
22827,2,2
51639,2,1
229664,0,1
343547,2,2
181233,0,2
137340,1,1
96912,1,1
21523,2,2
251359,1,1
273466,0,0
78768,1,1
232511,0,0
15215,2,1
371304,2,2
7755,2,1
373031,0,2
299697,2,2
386217,2,2
127632,0,1
272645,0,0
383886,0,2
183808,0,0
334160,0,0
169820,2,2
184954,0,2
124839,0,0
151852,2,2
283818,0,2
323461,2,2
383306,1,2
251008,2,2
99152,0,2
68330,0,0
153582,0,2
57255,0,0
198441,0,2
242306,2,2
215725,0,2
113411,2,2
17074,0,2
374412,1,1
292174,0,0
293127,2,2
272432,2,1
59199,0,2
348409,0,1
306638,0,0
290727,2,2
74514,2,2
119984,0,2
103128,0,0
150105,2,2
364718,0,0
96273,0,2
386320,0,2
171416,2,2
145497,2,2
180023,2,0
127096,1,1
147759,2,2
328487,2,2
394303,2,1
89319,0,0
84217,2,2
312127,0,1
404849,2,2
114948,0,0
40312,1,1
399367,0,2
253710,2,2
400589,0,1
212573,0,1
7924,1,1
198798,2,0
313952,0,2
150638,0,2
55529,1,1
388228,2,2
22489,0,2
206632,2,2
101882,2,2
373799,0,1
334536,2,1
272329,1,1
333417,0,0
72089,0,1
83998,2,2
321333,0,2
90604,2,2
3493,0,2
199789,1,0
290668,0,2
76768,2,2
368467,1,1
47000,2,2
307699,0,0
342940,0,1
313012,0,2
82738,0,2
175982,2,2
131556,1,1
6267,2,2
356620,0,0
57784,2,2
289325,0,1
53374,2,2
218616,0,2
79450,1,1
277848,1,1
138327,0,1
163219,1,1
278414,2,2
330750,0,1
110669,2,2
293474,2,2
399473,2,1
89157,0,0
404368,2,0
196261,1,1
244800,2,2
94702,2,2
192917,0,0
342995,1,1
404954,2,2
35742,0,2
291545,0,2
260309,0,0
159903,1,1
144160,1,1
103616,2,2
86314,2,2
14559,2,2
295660,0,1
23216,1,1
72554,0,2
286809,2,1
319345,0,2
309865,0,2
382859,1,1
194078,2,2
402039,2,1
206424,0,2
296119,2,1
33237,0,1
200458,2,2
216003,2,1
12893,0,2
51385,1,1
319399,0,0
230018,0,2
272270,0,0
248241,1,2
131552,2,2
313641,1,0
202819,2,2
200681,2,2
376292,1,1
299626,1,1
179652,0,2
97319,2,2
306424,2,2
27662,0,2
189806,2,2
116536,2,2
377083,0,1
156759,1,1
78792,2,1
277351,1,1
70176,2,2
361298,2,2
198038,2,1
261256,2,2
328544,1,0
377661,0,2
199025,0,2
323968,2,2
398139,0,1
70895,2,2
338032,1,1
111735,0,1
369768,2,0
266181,0,1
301396,1,1
385585,2,2
179154,2,2
249544,1,1
106044,0,2
109110,0,2
326480,1,1
376730,2,2
88763,0,0
393079,0,0
81245,0,2
188255,2,2
271216,2,2
370699,2,1
29037,2,1
28878,1,1
223445,0,1
365544,0,1
402785,2,2
276082,2,2
160998,2,1
105672,2,2
67139,1,1
115284,1,1
81782,2,2
257514,2,2
180398,2,2
218491,0,2
235761,0,1
306926,0,1
202642,2,2
336524,2,0
328847,0,0
95650,2,2
135541,0,0
257235,0,2
356153,2,2
31592,2,2
162794,2,2
45463,2,1
23387,1,1
10494,0,0
378269,1,1
10317,1,1
13001,1,2
395673,2,2
245041,0,1
388865,1,1
209980,2,2
386616,2,2
331819,0,1
41201,2,2
339291,0,0
41190,2,1
340122,1,1
213483,2,0
275002,0,2
37341,0,1
223910,0,1
36292,2,2
29553,2,0
403306,2,2
264433,0,2
178798,2,2
98385,2,2
204613,0,1
163300,0,0
245417,1,1
97441,2,0
96212,0,0
387350,2,2
317876,0,1
135190,0,0
65146,1,1
386405,2,2
285752,1,2
263160,2,2
40632,2,0
360786,2,2
42412,0,1
397387,0,2
277601,0,2
19731,2,0
205723,0,2
74055,1,1
247090,2,2
29889,1,1
299405,0,0
173769,2,2
246484,2,2
204368,2,1
74408,0,2
13205,2,2
192418,0,0
249649,2,2
340818,0,2
228504,2,1
358109,2,2
249539,0,2
262306,0,0
58631,2,2
330825,2,2
380944,0,0
110333,1,1
313344,0,1
253160,2,2
18315,2,2
136970,0,0
289874,2,2
44140,2,2
343316,2,2
356927,0,1
202252,0,2
401329,2,1
116095,1,2
346480,0,1
124955,2,2
99920,0,1
183505,2,2
312880,0,0
166012,2,2
194471,2,2
82166,2,0
113677,0,1
53201,0,1
375644,1,2
138448,0,2
263394,2,2
378967,0,0
19022,1,1
177039,2,2
84416,2,2
318258,2,0
304435,2,2
256614,0,2
110294,0,2
51275,2,0
121529,1,1
10132,1,1
237751,2,2
185360,0,2
28097,0,2
223343,2,2
264495,2,2
17080,2,2
211968,0,2
267891,2,2
83743,1,2
9258,0,0
137701,2,1
292788,1,1
188538,0,1
262647,2,2
268139,2,2
226902,0,2
323950,0,0
19522,2,2
358764,2,2
205010,0,0
180802,0,2
255295,0,1
231149,0,2
180417,1,1
187468,2,2
288391,2,2
322767,1,0
282679,2,2
342327,0,1
159774,2,2
113121,1,2
145769,0,2
23736,0,0
321571,2,2
365457,1,1
250916,2,2
14902,2,2
270612,0,1
144088,1,1
101122,0,0
404039,2,2
182658,0,2
314782,0,2
305853,0,1
47829,2,2
281404,1,1
103362,0,0
122867,0,1
286267,2,2
217369,0,1
358027,2,2
300207,0,2
349493,0,0
31798,0,2
299598,1,1
179524,2,2
381701,2,0
291629,0,1
375308,1,1
248552,2,2
254378,2,2
377035,0,2
18128,0,2
204668,1,1
185821,0,0
289224,2,2
398209,0,2
43600,0,2
261855,2,1
147043,1,1
179066,0,0
53254,2,1
233053,0,0
117539,1,1
47666,0,1
46967,2,2
209520,2,2
224359,1,1
392036,2,1
399497,2,2
230449,2,2
3417,0,2
82631,2,2
164959,2,2
123117,0,0
157871,2,2
229085,1,1
340516,0,0
374890,0,0
117845,1,1
188178,0,1
255960,1,1
638,1,1
189952,2,2
129057,2,2
320402,0,2
200194,0,0
212938,1,1
205879,2,2
177713,0,2
185757,1,1
134626,0,1
36004,0,2
3194,0,0
131550,1,1
131350,0,2
38324,2,2
276592,2,1
24405,0,0
68065,2,2
337800,2,2
122069,0,0
75119,1,2
38083,2,0
342475,0,1
144986,2,1
382569,0,2
223370,0,0
32623,0,2
374132,2,2
317778,2,2
18121,0,1
178164,1,0
93395,2,2
306778,2,0
269992,1,1
367547,2,2
402897,2,2
99279,0,0
254601,2,2
181872,2,2
375184,2,2
174058,1,2
196127,0,0
26113,2,2
386186,0,1
181583,2,2
127910,2,1
225414,0,0
346645,0,0
156265,0,0
256633,2,2
332939,1,1
265658,2,0
349850,2,2
51984,1,1
16618,2,2
388270,1,1
249354,2,1
328767,2,1
361390,0,0
326611,1,1
89123,0,0
99206,2,1
49423,0,2
264453,0,2
175565,1,1
207412,2,1
206860,1,2
53312,2,1
347613,0,2
108728,1,2
234905,0,2
282348,2,2
400822,2,1
131926,1,1
19632,2,2
351728,2,2
31688,1,1
221208,1,1
236832,0,2
146323,2,0
399768,1,1
172584,0,0
266872,2,2
163148,2,2
179553,0,2
25129,2,2
28519,1,1
332534,0,1
219029,0,2
151912,0,0
364189,1,1
373580,0,0
56785,0,0
269904,2,1
271135,2,2
138710,2,2
147398,1,1
166831,2,2
104675,1,2
363407,0,0
67126,0,0
175011,2,2
107144,1,2
159081,2,2
50337,0,0
134274,0,2
17954,1,1
314510,2,2
275847,1,1
346245,0,0
26731,0,1
12747,0,1
274699,2,2
335909,2,2
205642,1,0
259287,0,0
322338,0,2
113597,2,0
170163,0,2
260835,1,1
370577,0,2
218995,0,0
360762,1,1
107557,1,1
131443,2,1
184326,2,2
247039,1,1
371559,1,1
110553,0,2
118973,0,0
279741,2,1
260791,0,1
66816,1,1
13559,1,1
172691,0,0
218288,2,2
369712,0,2
189056,2,2
351288,2,2
128708,2,2
68749,2,2
301453,1,1
71288,0,2
143844,2,0
269632,0,0
60730,1,1
254200,1,1
141953,1,1
115746,0,1
373127,2,2
9754,0,1
356440,0,1
149148,2,2
374209,0,0
15283,2,2
12821,0,0
367005,0,2
290599,0,0
323606,2,2
271565,2,1
225256,2,2
38687,1,1
385221,2,1
400058,2,0
140931,0,2
169148,0,0
329280,2,2
161794,2,1
124079,2,0
59188,2,2
17897,2,2
154800,0,0
115304,2,1
372585,2,0
179313,1,1
322755,2,2
368433,2,2
255261,1,1
205735,2,1
105144,2,2
325780,2,2
222464,2,2
8244,2,2
69786,0,1
155516,2,2
99438,2,1
87024,1,1
42329,2,2
169620,0,0
206844,0,0
191378,2,2
404629,1,1
81967,0,0
146430,0,2
34837,2,2
45056,1,1
17267,1,1
249181,0,2
137460,0,2
257695,2,2
155324,2,1
87265,1,2
51583,0,1
269735,2,2
83638,1,1
311897,1,1
63395,2,2
400598,0,2
211669,2,2
62611,2,2
117740,2,2
144720,0,1
278552,1,1
87864,0,2
134589,2,2
304104,1,2
175940,2,2
312511,0,1
108891,2,2
173677,0,2
404573,0,0
106263,2,2
36684,2,2
124680,0,2
165606,2,2
301727,0,2
307937,0,1
15143,2,2
199817,1,1
115170,2,2
95240,0,1
351709,0,2
832,2,2
15950,2,2
72396,2,2
148822,2,2
12656,2,2
37643,0,2
323870,1,0
299712,1,1
171690,0,2
31696,2,2
50908,0,2
9443,0,0
307299,1,1
396479,2,2
165932,0,0
39543,2,2
17904,0,2
95008,2,2
132214,2,2
339066,2,2
389261,2,2
149323,2,2
228252,1,1
376,2,2
314587,1,1
239546,2,1
165665,2,2
61313,2,2
160707,0,2
187164,2,2
101312,0,2
56403,0,0
173182,0,2
135269,1,1
60862,2,2
73375,2,1
312202,2,2
109477,2,1
289637,2,0
343500,2,2
206281,2,2
61196,0,0
247111,2,2
125433,0,1
160252,2,2
16422,2,2
147672,0,2
160453,0,0
164792,2,2
236853,2,2
398683,2,0
376922,1,1
279383,0,2
370526,2,1
197480,0,0
239344,0,0
279008,0,2
165406,2,2
118660,2,2
127226,2,2
214465,2,2
88862,2,2
395934,1,1
311577,1,1
93359,0,1
286629,0,0
100556,2,1
14028,2,2
346081,1,1
111176,2,1
352272,2,2
376342,1,0
23145,2,2
87248,1,1
225632,1,1
240839,0,0
338880,2,2
38935,0,0
18570,2,2
314221,2,2
397136,1,1
229196,0,2
52804,0,0
232993,0,0
89231,0,0
81077,2,2
160605,0,1
25035,2,2
33896,0,0
268763,0,1
28877,2,2
335171,2,1
236573,2,2
390720,2,2
220325,2,0
249398,2,2
343538,0,1
95861,2,2
143170,1,1
261825,0,2
153344,2,2
171070,2,2
392609,2,2
74421,2,2
129002,1,1
48638,0,2
97195,0,0
293911,0,0
280657,0,0
279898,2,1
260997,2,2
174539,1,1
171189,1,1
19348,0,2
16109,2,1
233613,0,2
232233,0,0
197050,2,2
371862,2,2
392186,2,2
78500,1,1
309767,2,2
304443,0,2
322651,2,0
40022,2,2
88435,0,0
48897,2,2
151660,2,2
75289,1,1
240852,0,1
57786,2,2
315572,1,1
166243,0,1
80205,0,2
218070,1,1
195075,2,1
134601,2,2
375058,2,2
297045,0,2
191095,2,1
303435,1,1
39324,2,2
386458,2,2
200431,2,2
369876,1,2
10265,0,2
201745,0,0
30697,2,2
143194,0,0
236420,2,2
205207,0,2
20635,2,2
169011,0,0
403968,0,0
115142,1,1
178357,2,0
405081,1,1
307560,1,1
328297,2,2
362459,0,1
162509,2,0
324876,1,1
217277,0,1
167032,2,2
122948,1,1
27677,2,2
373367,0,0
330013,2,2
93377,2,2
321585,2,2
57933,0,0
321639,1,1
163798,0,2
142720,2,2
127866,2,2
303670,1,2
139565,0,1
220962,1,1
314029,2,2
202722,2,1
338459,0,2
142396,2,2
46192,1,1
378684,1,1
305253,0,0
301170,1,1
276379,0,2
132971,2,1
389751,2,2
192181,0,0
109464,0,2
314401,2,1
10898,2,2
389706,2,0
14713,2,1
378177,0,2
194908,2,0
276593,0,2
152618,2,1
285893,0,2
71654,2,2
156705,2,2
238588,0,2
281165,2,2
390835,0,0
105080,1,1
247892,1,1
323798,0,1
262038,2,2
15194,0,0
215092,0,2
226783,2,2
360201,2,2
245160,0,0
26636,0,1
23497,0,1
140607,2,1
363748,1,1
219368,1,1
275311,1,1
188904,0,0
227946,0,0
256974,2,2
100468,0,1
176828,0,2
347377,2,2
155633,1,0
248532,1,1
170798,1,1
273042,0,0
39680,2,2
166789,2,2
291179,2,1
220994,1,1
189688,0,2
68723,2,2
263857,0,2
7913,2,1
222638,0,1
130170,2,2
93257,2,2
383442,2,2
288252,2,2
87080,0,0
113220,2,2
339262,2,1
24328,0,2
384287,0,0
270170,0,2
270127,2,2
11884,2,2
318992,0,2
275268,2,1
216019,2,2
130516,2,2
174414,2,0
99711,2,1
364791,1,1
345378,0,1
298919,2,2
29075,2,2
29601,2,2
308521,0,1
394871,2,2
4731,1,1
159561,2,2
50459,0,2
50333,0,1
99731,2,2
37544,0,2
256330,2,2
45051,2,1
87474,0,2
166801,2,0
31019,0,2
399276,0,2
386830,0,1
141726,0,2
385232,2,2
123765,2,2
224770,2,1
326204,0,1
239297,0,0
311930,2,1
176627,0,0
215500,0,2
156157,1,1
256956,2,2
102566,0,1
360614,1,1
212127,2,2
190224,2,0
249311,2,2
18728,0,0
397699,0,0
329683,0,2
177739,0,0
338688,0,2
50949,2,2
364774,2,2
122984,0,2
124294,2,2
205765,2,2
241651,0,1
175861,1,1
388423,2,1
358702,2,1
88,2,2
186042,2,2
378009,1,1
375179,0,2
159441,0,0
38158,2,2
279259,1,1
1696,0,1
211273,2,2
124005,2,2
123466,2,2
297623,2,1
169749,2,1
282277,2,2
381723,0,0
276285,0,2
74115,1,1
8550,2,2
69980,0,2
288651,2,2
27509,0,1
386453,1,1
12137,2,2
159061,2,2
186988,0,1
23899,2,2
299796,2,2
243898,2,2
387796,0,0
401844,0,1
226468,0,0
219268,2,2
296261,2,2
356512,2,2
116281,0,2
37765,2,1
206722,1,1
637,1,2
63317,0,0
93131,2,1
209089,1,1
148239,0,0
98545,2,2
90719,2,2
50531,0,2
340348,2,0
305588,2,0
154326,1,1
120113,1,1
63094,2,1
144993,0,1
170490,2,2
152411,0,0
8575,2,2
181440,0,2
285010,0,2
364529,0,0
233542,0,0
200354,0,1
351229,0,0
273278,1,1
297450,1,1
265533,2,2
231241,0,2
215983,2,2
402420,0,0
134539,2,1
49150,1,1
24865,2,2
115044,0,0
26447,2,2
297760,0,0
56789,2,2
142848,0,1
360505,0,2
351565,1,1
376400,1,1
348507,0,1
142430,0,2
25914,2,2
44984,1,1
76754,0,1
76144,2,1
383615,2,2
180942,2,1
199187,0,0
134089,0,0
54723,0,0
349186,2,2
287076,0,2
330793,2,2
359283,0,0
382998,2,2
239206,2,2
342250,1,1
77174,0,2
320688,1,1
307817,2,2
260676,0,0
257562,2,2
27044,0,0
217124,1,1
62923,0,2
334704,0,1
200401,0,1
152865,2,0
226486,0,1
352301,2,2
353418,0,1
112415,2,2
114341,1,1
390580,2,2
232578,2,2
284664,0,0
305058,2,0
193353,0,1
261944,2,2
287117,0,2
292751,0,2
275385,0,0
323592,0,2
321836,2,2
371369,2,2
257516,2,2
155809,2,2
67173,2,2
223252,2,0
17500,2,1
403902,2,2
66139,1,1
386069,2,2
151476,0,2
373690,0,0
341206,0,1
312844,2,1
273490,2,2
190794,0,2
198411,1,1
227085,0,2
387137,2,2
79414,1,1
120582,0,2
50962,0,2
196380,1,1
316909,0,0
365270,0,2
7989,2,2
289185,2,2
380826,0,0
252575,2,1
10568,2,2
370552,0,1
23061,2,2
73825,1,2
124843,0,1
182047,1,1
318640,2,2
20291,1,1
338366,2,2
263331,2,2
87838,1,2
137098,0,0
259666,2,2
291299,0,0
335417,2,2
313971,0,0
16626,0,1
280261,2,2
179516,1,2
379270,2,0
97833,2,2
83417,2,2
301020,2,2
169689,1,1
232419,1,1
75477,2,2
321978,1,1
321264,1,1
363477,2,2
224802,0,2
63301,2,2
305757,0,0
249460,2,2
290797,0,2
18417,0,0
151088,1,2
2434,0,0
73776,1,1
377700,0,1
16736,1,1
382830,0,0
104300,0,1
120455,0,1
226277,1,1
376688,0,0
83165,1,1
245094,1,1
44383,2,2
52738,2,2
145000,2,2
262308,1,1
396147,0,2
2365,1,1
399822,2,2
293774,2,2
390069,0,1
372477,2,2
80156,1,1
398161,2,1
108256,1,1
124059,0,1
266015,1,1
94693,2,2
96922,2,2
106693,1,1
372745,0,1
331434,2,2
177183,2,2
66470,2,0
152631,0,0
255337,0,0
31993,1,1
304974,2,2
404966,1,1
127221,2,2
181006,2,1
273184,1,1
227429,2,1
254555,0,2
86101,2,1
56029,0,1
245375,0,0
213831,0,0
258680,0,0
338302,2,2
147045,1,1
1198,2,2
143965,1,1
404753,2,2
25952,2,2
314516,2,1
78475,2,2
83152,2,2
193667,0,1
56375,1,1
266119,0,2
263225,2,2
6794,2,2
210516,0,1
293068,0,2
405644,2,2
96410,0,2
351615,0,1
146158,2,2
192322,0,1
6576,0,1
41344,0,0
264494,2,2
373851,2,2
316276,2,2
381969,0,0
332114,0,2
20296,0,1
194105,0,1
368373,2,1
360955,0,2
102059,2,2
213460,2,2
241093,0,1
340815,2,2
222706,0,1
163402,0,1
100215,2,2
204878,2,2
118729,0,1
352935,2,2
78355,0,2
201462,0,2
200223,2,1
306065,2,2
287443,0,1
215026,2,2
317905,0,1
288131,2,2
233178,2,1
344941,2,2
290379,0,2
360081,0,2
49160,1,1
297513,0,1
378834,2,2
363390,0,0
301338,0,0
317782,2,1
134411,0,1
269622,0,2
25376,0,0
152216,2,2
205941,2,1
156672,1,1
75189,0,0
123480,1,2
370216,2,2
254653,0,2
181893,2,1
369104,1,1
395388,0,1
267807,2,2
155683,0,2
59638,0,0
5271,0,0
169168,0,2
293204,0,2
233876,0,0
178177,1,1
219730,0,0
110898,1,1
341055,2,1
246210,1,1
107852,1,1
378795,0,2
251787,1,1
174044,2,2
28626,2,2
11472,0,2
16780,2,2
243308,0,0
219772,2,2
38760,0,0
385770,0,1
170087,2,0
311339,0,2
383206,2,1
136655,2,2
80837,0,1
227453,0,0
77749,2,0
64107,0,2
111216,2,2
332605,2,2
353648,2,0
281372,2,2
184784,2,2
367739,0,0
362135,0,0
235308,0,0
255580,0,0
6053,2,2
252910,0,0
330275,2,2
48797,1,1
299965,0,1
299873,0,2
70472,0,2
87103,2,2
27120,0,2
317127,2,1
11113,0,0
223828,1,1
377136,2,2
317617,0,0
19360,0,0
267348,2,2
64840,0,2
375947,0,1
327232,2,2
305185,0,1
16023,0,0
235284,1,1
253239,2,2
326117,2,1
300023,0,0
284422,2,2
281203,2,2
390807,2,2
334854,0,2
146112,1,1
318132,0,0
191170,2,2
388968,0,2
54434,2,1
150212,2,0
366601,0,2
5849,0,2
203344,2,2
339940,2,2
332316,0,0
23715,0,0
137625,1,2
26741,2,2
107437,2,2
351032,2,2
116828,2,2
371816,2,1
311499,1,1
198478,1,1
114759,2,2
363907,2,2
356947,1,1
346395,0,1
229370,0,0
166745,2,2
101647,0,0
34426,2,1
90899,0,0
209212,1,1
154485,2,1
229902,2,2
215177,1,1
398457,2,2
154970,0,2
215452,0,2
293848,0,1
341772,0,2
56859,2,2
300959,0,0
299545,1,1
253471,1,2
359043,2,2
319735,1,1
102922,0,1
64771,1,1
220272,2,1
352446,2,0
168927,2,2
35683,0,2
208605,1,1
68310,0,0
96270,1,1
70778,2,2
392401,0,0
18777,1,1
362512,2,2
160174,0,2
276040,2,2
327829,2,2
342704,0,0
130587,1,1
392445,0,1
311297,0,2
262169,2,2
277458,1,1
208223,2,2
280072,1,1
351675,1,1
92558,0,1
315409,0,1
63436,0,2
133143,2,1
235335,0,0
260296,2,2
151022,0,0
400321,2,2
300232,2,2
62183,0,0
194882,0,2
730,0,2
255033,1,1
284981,0,0
288574,2,2
75072,2,2
219044,0,2
252507,2,1
259467,2,2
333667,2,2
366684,0,0
351290,2,1
156126,0,1
247490,2,0
123136,2,2
364835,2,2
5827,0,0
95704,2,2
142043,2,2
79290,0,2
38875,1,1
10117,0,2
238250,0,0
290993,2,2
121798,0,2
312343,0,0
87296,2,2
252183,0,0
110883,2,2
199473,0,1
25890,0,2
88726,2,2
59899,2,1
390047,0,1
152499,2,2
77390,1,2
351103,0,2
61741,0,2
77307,2,2
338286,2,0
314405,2,2
242474,2,2
20851,1,1
290,0,0
381397,2,2
227488,0,0
203440,0,1
129645,2,2
100031,0,2
32370,0,0
368743,0,1
187028,0,2
116404,2,2
161792,1,1
240946,2,2
156226,2,2
250574,0,1
245432,1,1
183364,2,2
131824,0,0
186861,2,2
13265,2,2
111897,1,1
73345,1,1
105735,0,0
81155,2,0
172055,2,1
364076,2,2
230343,2,1
135213,0,2
175977,2,1
278949,2,2
284395,0,1
25882,2,2
399952,1,1
216939,0,1
382678,1,1
387690,2,1
103924,0,0
70846,0,0
341748,2,2
394767,2,2
67927,0,0
19898,2,2
164000,1,1
29837,0,0
205594,0,2
85093,2,2
320748,0,0
242973,2,2
343508,0,0
100305,1,1
403909,1,1
347667,2,2
286594,2,1
267123,2,2
71727,0,2
177626,2,1
29081,2,2
146415,2,2
268142,0,1
268885,1,1
200986,0,1
54567,0,0
377574,1,1
156354,2,2
394221,0,0
233770,0,1
318562,2,0
53760,2,2
268433,0,0
119071,0,0
405,2,2
344497,1,1
138789,2,2
259749,2,1
272781,1,1
164850,0,2
79308,2,2
286956,1,1
102310,1,1
373067,1,1
38264,2,2
151217,1,1
305712,1,1
143690,0,0
216542,2,2
95032,1,1
188800,2,2
229425,2,1
203903,0,1
58248,0,1
169417,0,2
357831,0,2
375109,2,2
2247,0,2
387404,2,2
397866,1,1
113804,0,0
145109,2,2
30465,0,2
210764,0,0
172790,0,0
390616,2,2
335683,2,2
119164,0,0
38181,2,1
200144,0,0
65655,0,2
278196,2,2
322260,2,2
39120,0,1
135474,2,2
53432,2,2
44160,2,2
114943,0,0
243995,1,1
301363,2,1
273524,2,2
326004,2,1
29284,2,2
73593,2,2
158456,0,0
311554,0,2
397470,0,0
259766,2,1
286541,2,2
189839,0,1
36978,0,1
401229,2,2
242015,2,1
372976,2,2
316628,2,2
24527,2,1
151544,2,2
204323,2,2
251802,0,1
269627,2,2
215695,2,2
281659,1,1
138546,1,1
285516,2,1
88539,2,2
375750,1,1
158466,0,2
114265,0,2
233454,2,2
166841,0,1
16148,2,2
209657,0,2
51541,2,2
105153,2,0
49912,2,2
238406,0,0
342573,2,2
331516,1,1
138181,0,2
292084,0,1
197174,2,2
76069,2,2
270805,0,0
251978,0,1
195701,2,2
249062,1,1
5291,1,2
353689,1,1
10952,0,0
7490,0,0
40344,1,2
312030,0,2
126806,1,1
53000,0,0
124507,2,1
11896,0,2
312899,2,2
313792,0,0
357707,1,1
111912,2,2
365849,2,2
26197,0,2
54145,2,2
67849,2,1
178379,2,2
107402,2,2
162001,0,0
19395,1,2
240084,1,1
154462,1,2
248358,2,2
151799,2,0
405376,2,2
174126,2,1
51916,0,2
112411,2,2
309896,0,2
144080,2,1
40164,0,0
177065,2,1
72365,0,1
301639,2,0
136784,2,2
57616,2,1
344067,2,2
391886,1,1
77620,0,0
114304,2,2
288715,0,2
141821,1,2
79770,2,1
152335,2,2
213170,2,2
147248,0,0
43411,2,2
357792,0,2
230993,0,1
304853,2,2
136502,0,2
157743,2,1
221858,1,2
333749,0,2
253559,2,2
47348,0,0
6012,2,1
268861,2,2
99522,1,1
73557,2,2
5469,2,0
269053,0,2
291959,1,1
293035,2,1
116202,1,1
236880,2,2
187079,2,1
335622,0,0
95863,1,1
365796,2,0
388128,2,1
106404,1,1
149694,0,2
308755,1,1
342128,0,2
250795,1,1
139549,1,1
265547,1,1
251306,1,1
52446,2,1
217553,0,2
125176,2,2
18008,0,2
289784,2,2
266190,0,1
13837,1,1
4218,2,2
264673,2,2
18951,0,0
211578,1,1
330887,0,2
311605,2,0
223648,0,0
1467,2,2
163047,2,2
59587,2,2
93069,2,2
6304,2,1
242087,2,2
120480,0,1
207510,1,1
391319,2,2
250429,2,1
134525,0,2
229417,0,2
208221,1,1
48277,0,1
189038,0,2
143403,0,2
244010,2,2
339559,0,0
52498,1,1
320260,0,2
210769,2,2
369896,2,2
373591,2,1
377789,2,2
32532,0,0
203755,1,1
251266,1,1
156564,2,2
359809,2,2
370153,2,2
237592,0,2
98709,0,1
375688,0,0
373456,2,2
90687,2,2
179866,2,1
984,1,1
397959,1,1
163572,2,2
330272,1,1
134060,2,2
1166,2,1
153436,2,1
220349,0,0
236976,2,1
156753,0,1
332063,0,2
394503,2,1
9374,2,2
339641,2,2
210517,2,2
332855,2,2
16825,2,1
51951,0,0
277533,0,0
315141,0,0
230848,0,1
260206,0,1
128358,1,2
262345,2,2
121964,1,1
349825,1,1
351909,2,2
265410,2,1
34730,0,2
100312,1,1
358092,1,1
64130,2,2
217192,2,1
340323,2,2
209324,0,0
383664,2,2
229667,1,0
157573,0,0
222266,2,1
136297,0,0
131675,2,2
66169,2,2
349662,2,2
370877,2,2
242058,0,2
39956,2,2
215556,0,2
18876,0,1
367823,2,1
300426,0,1
376724,0,1
305454,2,2
164254,2,2
374896,0,2
80082,2,0
207168,2,2
339838,1,0
213133,2,2
185849,2,2
77423,0,0
268435,1,1
133891,2,1
7325,1,1
248701,0,0
277121,1,1
392118,0,0
11104,2,1
210763,2,2
312666,2,2
291630,2,2
239736,1,2
299021,0,2
194733,2,1
156522,0,0
322341,2,1
132132,2,2
362817,0,0
233202,2,1
228186,2,2
399376,1,1
232101,2,2
239418,0,0
285039,0,2
291293,0,2
182219,0,0
169093,0,1
406123,0,2
120106,1,1
388187,0,2
164849,2,2
247574,2,2
167250,0,1
3466,2,2
336709,0,0
27734,0,2
43285,0,1
295962,2,2
248610,0,0
237306,1,1
322229,2,2
184644,0,2
241760,0,2
14055,2,2
231361,2,2
266907,0,0
249571,0,2
123702,2,1
298770,1,1
208796,2,2
106275,0,0
285048,0,1
25545,0,1
35158,0,0
178703,2,2
123739,2,1
110671,2,2
377085,2,1
233370,0,1
404357,1,1
105235,0,0
148091,2,2
400685,2,2
72160,2,2
385250,2,2
165442,0,1
39692,2,2
59947,2,2
257844,0,1
330970,1,1
69744,2,2
403692,1,1
255893,2,2
244490,2,2
314773,0,1
142101,2,2
226841,0,1
199880,0,1
165997,0,2
75613,1,1
35871,2,2
217360,1,1
19639,2,0
331642,0,2
6632,2,1
324438,2,2
65864,2,2
354866,0,2
74852,1,1
256890,0,1
3888,0,1
71596,0,2
54737,2,2
18207,2,2
173448,2,2
200227,1,1
70007,2,2
402151,2,2
187136,0,0
294512,0,0
116229,2,2
94400,2,0
275536,0,0
332105,1,1
317872,1,1
62821,2,2
70067,0,2
2566,2,2
238942,1,1
92040,0,1
250579,0,0
104177,2,2
220353,2,2
71802,2,2
229382,0,1
247844,2,2
53155,1,1
21195,0,2
105375,2,2
178509,0,2
336533,1,1
135716,0,1
286309,0,0
224125,0,2
193984,2,2
116026,2,2
185994,2,0
265711,0,1
20998,2,2
64343,2,2
166837,1,1
271556,1,1
103445,2,2
353118,0,2
70975,0,1
23644,0,0
171718,0,1
300002,0,2
289280,0,2
2366,2,2
29111,2,2
43854,0,2
220686,0,0
144655,2,2
403950,2,2
304635,2,1
128187,1,1
181178,1,1
384221,0,2
81699,2,1
273821,1,2
395742,2,1
185606,0,2
160417,2,2
402737,0,0
119701,0,1
79649,2,1
168482,1,0
341847,0,2
259718,1,1
106837,2,1
252351,0,1
255491,1,1
21614,1,1
140825,2,2
84437,2,2
9367,0,1
5384,0,2
367505,0,2
355586,0,2
123446,2,2
71650,2,2
396065,1,2
395632,2,2
194801,0,2
315255,2,2
17161,2,2
391178,0,2
393759,2,2
105648,2,2
64363,2,2
303842,0,0
5688,0,1
37856,1,1
116923,1,2
323833,0,1
98045,2,2
375729,2,1
231379,1,1
13385,0,0
327319,0,2
402920,2,2
310208,0,1
297483,2,2
79456,0,1
16679,2,2
43911,1,1
112072,1,1
118188,1,1
332176,0,2
245045,1,1
370107,2,2
99474,0,2
188647,2,2
92343,1,2
226951,2,1
72144,0,0
11069,2,2
40163,2,2
233459,2,2
4153,2,2
242466,2,2
281507,2,2
77342,2,2
320015,1,1
340430,0,2
300587,2,2
37192,0,1
229153,2,2
364221,2,2
284872,2,2
51782,2,2
294934,2,2
122302,0,2
267898,2,2
137372,0,1
165323,0,2
55697,2,2
276799,0,0
346354,2,2
104951,1,1
221454,0,1
165707,0,2
294668,2,2
97471,2,2
194234,0,0
175819,0,0
3286,2,2
232718,2,2
155886,1,1
59125,1,1
216210,2,0
396603,0,0
29758,0,1
139231,2,2
401785,1,1
170831,1,1
134380,0,2
52085,0,0
377595,0,0
241847,2,2
304012,0,2
212098,0,2
384392,2,2
56608,1,1
108378,0,2
402692,0,2
62891,2,2
33804,2,2
309980,0,2
398085,0,0
56755,1,1
239858,1,1
308558,2,2
114136,0,1
250251,2,2
376785,0,2
314616,0,1
250235,2,1
168827,0,2
160845,0,0
167222,2,2
186714,2,1
48327,0,2
289164,2,2
170583,2,2
121408,2,2
302783,1,1
7465,1,1
173083,2,2
311275,0,0
20999,0,2
12,0,2
250752,2,2
361005,2,2
231819,2,2
101572,2,2
224354,0,2
241884,1,1
167994,0,2
273924,2,2
38621,2,2
249304,1,1
88320,0,2
92620,0,2
188088,0,0
343603,1,1
305921,2,1
327577,0,2
59974,1,1
379935,0,0
168522,2,2
23332,2,2
92283,1,1
9963,2,2
62411,0,2
216123,2,2
365156,2,1
277539,0,0
314802,0,0
266244,0,2
376394,0,0
48677,0,0
49718,2,2
391339,0,1
177962,2,2
31731,1,2
384712,2,0
170838,2,2
129260,2,0
80825,2,2
335892,2,2
76099,2,1
178181,2,2
52717,1,1
270748,1,1
280824,2,2
374127,0,0
210494,0,2
287246,0,2
210700,2,2
165756,2,2
140044,0,0
162647,2,2
312206,2,2
15517,0,0
215525,2,2
382495,2,0
264304,0,0
176226,2,1
152653,2,2
17006,1,2
376329,2,0
237292,2,2
70890,2,2
19230,2,2
114748,2,2
233732,0,0
163483,0,0
160311,2,2
380408,0,2
94111,2,2
191953,0,1
367632,1,1
14913,0,2
61709,2,2
19990,2,2
224878,2,1
302136,0,1
352449,1,1
353432,1,2
114094,0,0
154295,0,2
89396,0,1
159127,1,1
275846,1,1
300657,1,1
68991,2,2
235281,2,0
209300,2,2
13535,1,1
975,0,2
389368,1,1
363150,2,1
62263,2,1
396111,2,1
11595,2,2
241783,0,1
18896,0,0
281273,1,1
54815,2,0
63814,2,2
119397,2,1
185563,0,2
341067,1,1
53283,2,2
355571,2,2
331979,0,2
103081,2,2
24083,0,2
400858,2,2
256728,2,2
72675,2,1
149399,2,2
312945,2,0
44417,2,2
44110,2,1
256619,2,2
404256,2,2
272258,1,1
176879,2,2
129031,1,1
130709,2,2
33632,2,2
191479,2,2
279102,0,0
347186,1,1
211259,0,2
307189,0,1
328618,0,2
48823,0,2
219178,2,2
3545,2,2
353858,1,1
291307,2,2
330668,2,0
61073,1,1
154525,0,0
340786,2,2
5397,1,1
64440,2,1
271055,0,0
164141,0,2
191106,2,2
312766,2,1
285925,2,2
250066,2,2
67137,0,0
230923,0,2
22630,2,2
93168,0,0
132229,2,1
381780,0,2
6766,2,2
138425,2,2
257856,2,2
219878,0,1
20674,0,1
21336,2,2
84779,2,2
389728,2,2
291166,1,1
254018,2,2
69996,2,1
372153,0,0
322645,0,1
36603,2,2
40761,0,2
380030,2,2
335572,2,2
109025,2,2
139174,0,1
225871,0,2
250383,2,2
10648,0,2
331202,2,2
165179,2,2
387906,2,2
277788,2,2
317194,0,1
343101,2,2
173255,2,1
19203,0,0
196152,2,2
202731,0,1
270726,0,0
313186,0,1
41841,0,2
81325,0,0
21556,1,1
351417,2,2
119423,1,1
218563,2,2
89805,1,1
193974,0,1
51880,2,2
317616,2,1
316215,2,2
371057,1,1
199887,0,1
342946,0,0
144247,0,1
371790,0,1
357479,1,2
148474,2,2
177054,0,0
129626,0,1
215494,1,1
102557,2,2
277263,0,0
1641,2,2
231397,0,2
7418,1,1
87419,1,1
177811,0,0
2966,0,2
67135,0,2
244360,1,1
2998,0,2
220196,2,1
396425,2,2
371825,0,0
316809,2,0
34334,1,1
247985,0,2
365983,2,2
138914,2,2
390498,2,2
53239,0,0
100410,2,1
133919,2,1
26215,1,2
273378,2,2
273082,2,2
365740,2,2
298343,2,2
368644,0,0
314765,0,1
165741,0,1
261616,0,2
350609,2,2
231339,2,2
2102,2,2
150855,0,0
149097,2,2
350245,1,1
126558,2,2
176710,2,1
28215,1,1
388562,2,2
177312,0,0
403328,2,2
374496,0,0
126441,1,1
245991,1,1
70906,0,2
310593,2,2
110831,0,0
375924,2,2
326929,2,2
47285,2,0
211519,1,1
36487,2,2
215061,2,2
100377,2,1
160900,2,2
368756,2,2
74378,2,2
211655,0,2
396507,2,1
280184,0,0
95343,0,1
17525,1,1
204275,2,1
395339,1,1
73253,2,2
55916,2,2
37386,2,1
194363,0,2
367193,2,1
142199,2,1
98187,2,2
55545,2,2
283371,1,0
238720,1,0
228799,2,2
305137,2,0
157288,2,1
373332,2,2
88234,2,2
374234,2,1
899,2,2
174672,2,2
221845,1,1
49114,0,2
59155,1,1
208055,2,2
200093,2,2
62940,1,1
112787,2,1
22586,0,2
61352,2,2
191546,0,0
163399,2,2
155913,1,1
272733,0,1
271281,2,1
25005,0,1
83201,1,1
207374,2,2
65845,0,2
121223,2,2
345961,0,0
308035,0,2
111610,2,2
225597,0,1
392751,1,1
81881,0,1
4924,2,2
67600,2,0
26267,2,2
106058,0,1
177795,0,2
45433,0,0
255926,0,2
398789,0,2
96308,2,1
209533,2,2
316901,1,1
186211,2,2
69898,2,2
45922,1,1
365174,1,1
140906,1,1
200052,0,0
389410,1,1
241467,2,2
249054,1,2
127714,0,2
156750,0,2
387191,2,2
172652,0,0
216624,1,1
56439,2,2
8580,0,0
337477,0,2
214795,0,2
82615,2,2
327128,2,2
256715,1,1
216471,2,2
96963,2,2
378682,1,1
93864,2,2
221502,0,1
68931,2,2
277955,2,2
168652,0,2
278853,2,2
35230,1,1
225689,0,2
104304,2,2
364224,2,2
196024,0,1
195470,0,2
45763,2,2
63504,2,2
43069,2,2
213723,0,1
37339,0,0
345788,1,1
186730,2,2
195853,1,1
4841,0,2
280355,0,0
105048,0,0
51741,0,0
361357,1,1
305296,1,1
159732,0,0
12915,2,0
378727,1,1
170188,2,2
370018,2,2
152220,2,2
181445,0,1
212150,2,2
273572,0,1
37632,0,0
370480,0,1
215181,0,2
266349,2,2
140494,2,2
115714,0,0
6116,2,1
281470,2,2
378647,2,2
183750,2,2
228402,2,1
280816,2,0
153564,2,1
298177,0,0
388519,1,1
113221,2,1
248212,2,0
385806,0,1
167125,2,2
37991,0,0
21915,0,0
283156,0,1
199072,2,2
379905,1,1
362768,2,2
76975,0,2
37741,0,2
72937,0,0
98291,0,2
175834,1,1
405405,0,0
252765,0,2
396309,0,2
299145,1,1
292068,0,2
65717,1,1
121471,0,0
95633,2,1
403746,2,2
74399,2,2
204391,0,2
364010,0,2
265846,2,2
131307,1,1
375390,2,2
273093,1,0
292615,2,2
259041,1,2
196679,0,2
82642,2,2
258724,2,2
98439,2,2
268537,2,2
297926,0,2
13332,2,2
284584,1,1
362911,2,2
135768,2,2
192905,2,2
211332,0,2
348969,0,0
288403,0,2
380192,0,2
44888,0,1
301789,0,0
13916,0,1
367834,1,1
104391,0,2
165570,2,2
164128,0,0
202764,1,1
225286,2,2
293811,2,2
20112,2,2
379974,2,2
397031,0,2
320732,0,2
56645,0,1
276114,0,0
314831,1,1
54474,2,2
106668,0,0
293000,2,2
386002,2,2
132301,0,1
146157,1,1
197670,2,2
78308,2,1
48265,2,2
307134,2,2
47879,0,2
95593,2,2
144476,0,2
294933,0,1
124997,1,0
98479,2,2
8717,0,1
297918,0,2
65946,0,2
85866,0,0
265317,1,1
121516,1,1
312852,2,2
227829,0,2
213579,2,2
331303,0,1
217712,0,2
341370,1,0
200346,0,2
124106,0,1
281589,2,1
17101,2,2
17258,0,2
251668,0,2
288307,2,2
1622,2,2
329902,2,2
19715,0,1
98827,2,2
319684,2,2
398318,2,2
220428,0,0
305495,2,2
179257,1,1
175785,1,1
387642,1,1
306970,2,2
277427,2,2
139564,2,2
219795,0,1
228714,2,2
52653,2,2
108098,1,1
114200,0,0
352148,0,0
83879,2,2
88192,2,2
241067,2,1
13522,0,0
15080,0,0
114607,2,2
255700,2,2
247116,1,1
179183,2,2
277097,2,2
170696,0,2
84725,2,2
85691,1,2
39465,1,1
2109,2,0
189959,2,2
165736,0,0
287461,0,2
78545,2,1
245312,1,1
238312,2,2
377921,1,1
142383,2,2
3347,2,2
225781,1,1
259895,2,2
329883,2,2
174977,2,2
111341,0,2
158805,0,0
231716,2,1
24971,0,2
267935,2,2
5193,1,1
204374,2,2
247327,2,2
184854,2,2
404220,2,2
198548,2,2
138168,2,1
72374,2,2
327054,0,2
76423,2,1
341150,2,2
40819,2,2
237348,0,2
229090,0,0
260238,0,2
105134,2,2
372367,0,1
290253,0,1
135679,0,0
107081,0,2
82562,2,1
16703,2,2
232433,0,2
178419,2,2
313882,0,2
192776,1,1
395069,0,2
324499,2,2
70859,2,2
325290,1,1
209443,1,1
129195,2,0
180165,2,2
180068,0,0
177390,1,1
57039,2,2
195884,2,1
171785,0,2
315950,0,0
239089,0,0
249555,0,2
217730,1,1
224435,1,1
336663,2,2
143159,2,2
10849,1,1
15098,2,2
220648,2,2
354635,0,0
353158,2,1
344850,0,0
338884,2,2
261527,0,0
399349,1,1
36203,2,1
258799,0,0
377207,0,1
247797,0,2
201332,2,2
333300,2,2
161006,2,2
380882,2,2
156359,2,2
78923,2,1
355943,0,0
226686,2,2
127361,0,2
231631,2,2
63981,2,2
284417,2,2
365183,2,2
181915,2,2
387646,1,1
118240,2,2
402063,2,1
386571,2,1
287581,2,2
325590,0,0
172709,0,1
98128,1,1
386503,0,1
227018,0,2
232354,0,2
244474,0,2
320956,2,2
398656,2,2
258880,1,1
295869,0,2
296148,2,2
187903,0,2
103014,1,1
82058,1,1
307034,0,1
404387,0,2
405976,2,2
81683,2,2
258408,2,1
167527,2,2
14661,2,2
266158,1,1
73938,1,1
280501,1,1
304401,2,2
101388,0,1
178098,1,1
55585,1,1
332082,1,1
368572,0,2
234039,0,0
238705,0,0
314064,0,1
198090,0,2
162173,2,2
50380,1,1
207340,2,2
65991,1,1
8003,2,2
292713,2,2
88769,2,2
17573,0,1
179796,2,2
379639,0,2
181732,0,1
29091,2,2
375772,2,2
68870,2,0
274834,2,2
161656,2,2
371863,0,1
252669,0,2
14923,1,1
179949,2,2
251766,0,0
3268,1,1
339277,1,1
37451,2,2
83709,1,1
222521,0,0
175552,1,1
319226,1,1
225853,2,2
402779,0,2
353254,2,2
202710,0,1
184716,0,2
103784,2,2
318432,0,1
138615,2,2
47214,0,1
50778,2,2
68408,0,1
325839,2,1
206238,0,0
66202,2,2
67894,0,2
22725,2,2
305526,0,2
39411,2,2
85232,2,2
296430,0,0
198322,2,2
25583,2,1
358727,1,1
82703,2,2
315400,2,2
309829,0,0
67889,0,2
237176,0,1
18311,2,1
153142,2,2
111172,0,0
390126,0,2
74440,0,0
246538,0,0
40473,1,1
37841,2,2
405621,0,1
372188,2,2
308946,2,2
65828,2,1
251414,2,2
373232,2,2
271884,0,0
297785,1,1
84346,1,1
88951,2,2
168299,0,0
335484,2,2
70471,0,1
395941,1,1
388903,0,0
226305,2,2
369701,1,1
278445,2,2
215331,0,2
270064,1,1
26098,0,1
223696,2,2
53326,1,1
275344,1,1
106731,0,0
37201,2,2
395871,0,2
324141,2,0
178076,2,2
344288,2,1
265150,0,0
179116,2,2
307102,0,2
258133,2,2
56182,2,2
369541,0,1
254015,2,2
335063,2,2
96829,2,2
325646,0,1
105262,1,1
214818,0,0
190006,1,1
215594,2,2
300131,0,2
329301,0,0
323002,2,2
149071,2,2
115256,2,2
268996,0,1
299549,0,1
154626,2,2
143400,2,2
162062,1,1
178092,0,0
253538,0,1
245864,0,2
216946,2,2
101497,2,1
122529,2,0
400712,2,2
25414,0,0
254012,2,2
86953,1,1
337449,0,0
94442,2,2
201943,0,1
180142,0,0
388783,2,2
248874,2,2
266662,0,0
180115,0,1
196703,0,1
87210,0,2
154186,0,0
183924,0,0
18078,0,1
311225,0,2
150028,2,2
114371,1,1
193787,2,2
214069,1,1
201658,1,1
295565,0,0
38978,2,2
97901,0,2
399134,2,2
43817,2,1
214266,2,2
153286,2,1
267476,2,2
259316,0,2
69855,1,1
299756,1,1
158847,0,1
90289,2,2
52168,1,1
191162,0,0
32820,0,1
348670,2,2
203920,0,1
90507,2,2
32679,0,1
376989,0,2
72056,1,1
403652,0,1
80738,0,1
58165,0,1
394442,2,2
393066,0,0
122937,0,0
379090,2,2
122327,2,2
184446,1,1
347438,0,2
40976,0,0
1135,0,0
375325,1,1
24352,2,2
305029,2,1
214452,2,2
97599,2,1
239361,0,2
39538,0,0
243695,1,1
134787,2,2
306108,2,1
55813,0,1
375066,2,2
207839,0,1
209244,1,2
360570,1,1
352044,0,2
358131,0,2
253663,2,1
313390,0,2
90273,1,2
289682,1,1
189860,0,1
185456,1,1
328766,0,0
17349,2,0
382052,0,0
256509,2,2
127743,0,2
257755,0,2
142261,2,1
288387,2,1
237404,0,2
367162,0,0
200757,0,2
251805,0,0
39383,0,2
283964,2,2
369697,0,2
360462,2,2
331619,2,2
319694,2,1
394749,1,1
305915,2,2
107950,2,2
362399,0,0
266773,2,0
292678,2,2
133353,1,1
253881,2,2
179043,2,2
360822,1,1
1532,2,2
19317,0,2
402530,1,1
256546,1,1
147942,2,2
36856,2,1
263994,2,2
136230,2,2
49244,0,2
153258,2,2
399104,1,1
55590,1,1
101255,0,0
113888,2,2
318518,0,2
258383,0,1
103862,2,1
80239,0,0
362190,0,2
251058,2,2
222338,0,2
257879,2,2
246291,1,1
342964,0,2
88933,2,2
388039,2,2
242097,2,2
345139,0,1
163558,1,1
375694,2,0
248244,0,0
110928,2,2
86921,2,2
205100,0,0
192956,0,1
212077,1,1
345318,2,2
173635,2,2
158002,1,1
66397,2,2
16283,0,1
362046,0,0
342420,2,2
248937,0,2
262265,1,1
123698,2,2
399979,2,2
318685,0,0
299749,2,1
351047,0,1
191223,0,0
83496,2,2
184342,2,1
20067,0,0
337782,0,0
152585,1,1
182657,0,2
21211,1,1
233226,1,1
31684,2,1
339938,2,2
252300,0,2
288944,2,1
71345,2,2
145794,2,2
191089,2,2
340494,0,2
16135,2,2
126553,2,2
357777,0,2
197717,2,2
360756,0,0
81496,0,0
53248,2,2
95611,2,2
326243,2,2
351868,0,1
205713,2,1
53923,2,2
265456,0,2
230967,2,2
238742,0,1
104441,2,2
296803,1,1
245496,0,2
56706,2,2
89318,1,1
212763,0,1
119640,2,2
337612,2,1
291128,2,2
385205,2,2
391126,0,1
139118,1,1
42821,0,2
288770,2,2
101673,2,2
353192,2,2
271946,1,1
200420,2,1
155797,2,2
309283,2,2
187720,0,1
292767,0,0
133178,2,2
103223,2,2
376895,0,1
93191,0,2
28716,2,1
41017,1,1
381912,2,2
272229,2,2
174075,0,0
293200,1,1
228140,2,2
120071,1,1
113897,1,1
221508,1,1
332553,2,2
257497,0,1
79083,1,1
90413,0,2
5684,2,1
144732,2,2
266021,1,1
228680,2,2
93779,2,2
327207,0,0
10782,2,0
264942,2,2
356842,2,2
153139,0,1
7321,2,1
69424,2,2
57801,1,1
387828,2,2
355145,1,1
245134,2,2
111215,2,2
217494,0,0
270760,2,2
248799,0,2
214702,0,2
219911,2,0
72623,2,2
46807,0,2
85209,0,1
319447,2,2
346255,0,2
22375,0,0
4256,0,2
249638,2,2
92927,0,0
57962,0,0
89754,2,2
244930,1,1
273759,0,0
301575,0,1
34580,0,1
152992,2,1
146332,0,2
181888,0,2
365714,2,2
63904,0,0
267766,0,2
62678,1,1
47215,2,1
16400,0,1
104255,0,2
150689,0,0
99325,1,1
37901,2,2
369169,2,1
134546,0,0
215572,2,1
348503,0,0
313083,0,0
301262,0,1
192446,0,2
290387,0,1
128532,0,0
21432,0,2
175681,0,0
98271,0,0
404457,2,2
190291,2,2
36008,1,1
61918,0,0
387662,0,2
167226,2,2
53416,0,2
104918,2,2
102721,2,2
95156,0,1
383476,2,2
25357,2,1
187837,0,2
163409,2,2
138252,2,2
296961,2,2
367146,2,2
200948,2,2
317760,0,0
35419,0,2
168781,0,0
96382,2,2
156766,2,2
286404,2,2
101162,0,0
396997,2,2
185430,1,1
121630,0,0
182236,2,2
48968,0,0
319209,2,2
288150,2,2
65765,2,1
55036,2,1
181930,0,0
7074,0,2
336170,1,1
172539,1,1
179141,2,2
176552,0,1
78466,2,2
405173,0,0
168312,2,2
119038,1,1
25647,1,1
196253,2,1
151391,0,2
215133,2,2
349160,0,2
355568,0,1
48462,2,0
151813,1,2
144841,2,2
185704,2,2
175060,1,1
389940,2,2
154599,2,2
119186,0,1
111596,2,2
178453,2,1
51856,0,2
360427,0,1
297540,0,2
122890,0,0
86120,0,1
374490,0,1
115187,1,1
396894,2,2
43049,2,2
233230,2,2
20126,2,2
210793,0,0
357984,1,1
72652,0,0
207162,1,1
347338,2,0
223133,2,2
10617,0,1
110672,0,1
215854,2,2
358410,0,1
258823,2,2
89573,0,2
115978,0,2
30357,0,2
204506,0,0
201455,1,1
150062,0,0
211134,0,2
102375,2,2
36810,0,2
157228,1,1
9804,2,2
359267,1,1
1432,2,1
23085,0,1
257794,0,2
71074,2,2
63895,0,2
113249,0,2
404416,2,1
197283,2,2
326264,0,0
312184,2,1
338618,0,2
268080,2,2
160044,0,0
366022,2,2
91634,1,1
41856,2,2
212488,2,2
111495,2,1
20470,0,2
343150,1,1
193120,0,0
330569,0,2
104086,2,2
216960,2,1
5243,2,2
313716,2,2
129478,2,2
251067,0,0
237868,2,1
242946,2,2
281086,2,2
273996,2,2
226739,2,2
28693,0,0
184240,1,1
99220,2,2
118033,2,2
140803,1,1
137720,2,2
27705,2,2
206022,0,2
2047,0,0
86274,2,1
228122,2,2
221567,0,1
268053,2,1
155847,2,2
94995,2,2
405884,0,2
164239,2,2
348739,2,2
388950,0,2
191636,2,0
72589,2,2
330819,2,2
89695,2,2
105591,2,2
33941,2,2
183303,1,1
139595,0,1
256178,0,1
233949,0,2
135587,0,2
366115,1,1
318238,2,2
395343,2,2
369986,1,1
147447,0,1
73604,2,1
314718,2,2
180705,0,2
189600,0,1
150683,2,2
319013,2,1
169790,2,2
126221,2,0
403610,2,2
338930,0,1
392550,2,2
40815,2,2
88217,2,0
190029,2,1
271280,0,0
172617,1,1
129044,2,2
320388,0,0
10131,0,2
299343,0,2
10096,0,0
44296,0,2
189428,2,1
212240,2,2
272358,0,1
277582,2,2
134761,0,0
66988,0,1
256382,1,2
390010,0,1
310413,1,1
69821,2,2
168383,2,0
341110,2,2
154727,2,2
210613,0,2
331574,2,2
101503,0,2
146461,0,1
397545,0,2
321661,0,1
396302,0,0
129407,0,0
164982,1,1
117561,2,2
149691,2,2
212952,0,2
123055,0,1
78677,1,1
210089,0,2
114972,2,2
40429,2,2
256011,2,1
46944,2,2
262104,0,1
354089,2,2
236900,0,2
157256,2,2
336501,0,1
145547,1,1
372469,2,1
111148,2,2
128528,2,2
392856,2,2
244869,0,2
131964,2,2
234806,2,2
252124,0,2
95937,0,0
140975,2,2
179040,2,2
62292,2,2
104894,2,2
36432,2,0
330020,0,2
260421,0,0
211617,2,1
297783,1,1
294725,0,2
193894,0,1
44738,0,2
371888,2,1
167945,0,0
265059,2,2
55298,0,1
331785,0,2
258364,0,0
295769,0,0
123216,2,2
43025,0,2
110754,2,2
226604,1,1
338026,1,1
200508,0,1
331142,1,1
233590,0,2
201742,2,2
290817,1,1
279249,0,2
386222,2,2
237588,0,1
169039,2,2
33392,0,0
200719,2,2
149671,2,2
234874,1,1
29406,0,2
368997,0,0
335945,2,2
75864,2,1
273488,1,1
195395,2,2
57683,0,2
165193,2,2
32540,2,2
258280,0,0
76261,2,0
232704,2,2
384780,0,2
405828,0,2
103492,0,2
341161,1,1
148191,2,2
131168,0,0
368280,2,2
90151,2,2
232302,2,2
52542,0,0
112451,0,1
383516,0,2
24961,2,0
90636,0,2
131008,2,2
277559,1,1
4870,0,1
362322,2,2
188139,1,1
182466,0,0
153440,0,1
226022,1,1
39373,2,2
282698,0,0
405834,0,2
303082,0,2
270107,0,2
313506,0,2
278546,2,1
346325,0,0
115143,1,1
353193,1,1
306041,2,1
264954,0,2
334740,2,1
217658,0,1
257953,2,2
97854,0,1
391709,2,2
253196,0,0
202515,0,1
7410,2,2
44850,0,1
119042,2,1
155971,1,1
311229,2,2
309398,2,1
380164,0,0
316591,2,2
121315,0,0
300435,2,2
127640,1,1
38772,2,2
212929,2,2
129786,0,0
335776,2,2
222865,1,1
264777,0,2
91994,2,2
266067,0,0
76442,0,2
24194,0,2
242618,0,0
293232,0,0
65644,2,2
199727,0,1
136488,1,1
207117,2,2
312541,0,1
139103,2,2
286695,0,1
387053,0,2
8472,0,1
388331,2,1
142606,1,1
267059,2,1
305170,2,2
344218,2,2
355872,2,2
389526,2,2
281306,0,2
111510,0,0
376944,2,2
233615,2,2
80772,2,0
249560,2,2
49963,2,2
296894,0,0
220742,0,0
246337,2,2
152174,0,2
258087,0,1
127857,0,1
234975,2,2
168474,2,1
204840,2,2
79819,2,2
240794,2,1
369395,2,2
9765,1,1
170101,1,1
234315,0,1
182299,1,1
34625,0,2
47234,0,1
48320,0,2
235381,1,1
79758,2,2
14666,2,2
280754,1,1
24153,2,2
129704,1,1
40926,0,2
63725,1,1
1539,2,2
369174,2,2
400774,2,2
88729,2,2
379826,0,2
313121,2,1
398795,2,2
355341,1,1
389068,1,1
272945,2,2
257253,1,1
221276,1,1
45655,2,2
351296,0,0
265818,0,1
332089,2,2
147709,2,2
382494,2,0
243407,2,2
384188,0,2
231170,1,1
23972,0,0
352077,0,1
297793,0,1
4611,2,2
300319,0,0
154372,1,1
56861,2,2
87221,0,1
134583,0,0
305052,1,1
311900,0,2
232223,1,1
176019,0,0
61340,2,1
155313,0,0
132693,2,1
238142,0,2
126264,0,2
231692,0,1
10261,2,2
110526,1,2
6741,2,1
384675,0,0
252578,2,2
209199,0,2
372287,0,0
154779,0,0
94405,1,1
151768,1,0
89981,0,2
286819,0,0
78600,0,1
220677,0,0
21345,0,0
120230,2,2
30350,0,1
176532,2,2
370726,2,2
326502,2,1
290805,2,2
67726,0,0
32006,2,2
80608,1,0
387455,0,2
333799,0,0
32880,2,0
235663,2,1
207811,0,0
181647,0,1
88908,0,0
36498,2,1
21818,1,1
132950,0,2
60522,0,2
327376,0,1
266329,0,0
13382,2,1
252397,2,0
193497,2,2
250919,2,2
297115,1,1
122805,1,1
359256,2,2
374716,0,1
295984,2,2
367993,1,1
356143,2,2
302061,2,2
295712,0,1
390943,0,2
24474,2,2
387950,1,1
76313,0,0
405539,0,0
340437,2,0
33931,0,1
133018,2,0
91820,2,2
406006,1,1
128487,0,1
352207,2,1
140299,2,2
184616,0,2
12210,0,0
376924,2,2
275154,2,2
196229,0,0
326887,2,2
214627,0,1
245282,2,0
197033,2,1
154796,1,1
99443,2,2
314085,0,2
370333,1,1
182289,0,2
24476,0,1
345812,0,0
45647,0,0
87840,2,2
178515,1,1
55892,1,1
223561,1,1
3768,0,1
294111,1,1
382096,1,1
173315,2,2
56964,0,2
91353,2,2
310522,2,2
187193,0,2
377483,2,2
163596,2,1
83862,2,1
99185,2,1
93362,0,1
145558,2,2
118961,2,2
248983,2,2
292097,2,2
280050,0,1
20293,2,0
242633,0,2
92578,2,2
104005,0,2
7147,2,2
110522,2,2
249603,2,1
263615,2,2
264848,2,2
247639,0,0
60245,2,2
139603,2,2
138023,0,0
306505,2,2
9742,0,0
121113,0,0
74533,2,2
200566,1,2
135204,2,2
91824,0,1
281186,1,1
262536,2,1
205616,1,1
78300,0,2
205630,1,1
104539,2,1
222682,0,0
129721,2,2
177722,0,0
290967,1,1
7665,0,2
384741,2,2
381694,2,1
261514,0,0
288191,2,2
232009,0,0
86217,2,2
166981,0,0
71195,0,0
324459,0,1
154143,0,1
34358,2,2
217522,1,1
265975,2,2
4739,1,1
68607,0,2
215643,0,2
44210,0,2
5038,0,1
397550,2,1
62539,2,2
208954,2,2
200911,2,2
273334,2,2
201426,2,2
151346,2,2
261507,1,2
304601,0,1
383129,1,1
288114,0,0
331753,2,1
37754,2,2
197668,0,0
5449,0,1
208407,0,0
256161,1,2
107618,2,1
94538,2,2
267110,0,2
257512,2,2
151982,2,1
174356,2,2
325058,0,2
93678,0,2
298319,2,1
216081,0,2
224577,0,1
200485,0,2
402212,2,2
199176,0,1
263543,2,2
1033,2,2
321573,2,2
372799,0,0
307326,0,2
5237,0,0
23615,0,2
308243,2,2
207251,0,1
170568,0,0
202462,1,1
380480,2,2
299912,0,0
383296,0,0
182806,0,1
41461,2,2
145216,2,2
394532,0,2
200950,2,2
359722,2,2
106163,2,2
402571,1,2
262672,1,2
12911,1,1
277135,2,2
341024,1,1
391981,0,2
166603,2,2
397139,2,2
363853,2,2
204935,0,2
382684,0,0
358238,0,1
238694,2,2
4646,0,2
62688,2,2
379037,0,0
321721,0,2
308811,1,1
25022,0,0
9371,0,1
370494,0,2
21991,1,1
82250,0,2
166418,0,2
404835,2,2
47164,0,2
343842,2,2
124367,0,1
128222,0,0
349929,0,1
69609,2,2
155834,2,1
128348,0,1
201154,0,2
56363,2,2
48444,2,2
26816,1,1
292819,0,2
367522,2,1
154136,1,1
141609,0,0
230092,0,0
32369,0,2
378274,2,2
188287,2,2
244712,2,2
119025,0,2
112296,0,0
95992,0,1
135481,2,2
82832,2,2
163135,0,2
396793,0,0
391837,2,2
349128,0,0
41303,1,1
404484,0,2
301718,2,1
375462,0,2
96872,1,1
206672,2,2
367875,1,1
172844,0,0
289470,1,1
87756,1,1
390240,2,1
102150,2,2
113642,0,1
321707,0,0
211118,0,0
256861,1,1
272081,1,1
225596,2,2
148245,1,1
136409,2,2
40178,2,2
141283,2,1
335310,0,0
93964,2,2
251815,0,0
187212,1,1
67236,2,2
60002,2,1
233604,0,0
238610,0,0
88244,1,1
91459,0,2
391521,2,2
125857,2,1
60383,2,2
231924,0,2
216904,0,1
287812,0,1
19744,0,0
192957,0,0
237969,1,1
234494,0,0
43131,2,2
67059,2,2
188934,0,0
318445,0,0
121506,0,0
70794,2,2
65326,0,0
202651,2,2
224542,0,2
246111,0,1
193381,0,0
44968,0,0
209628,1,1
207617,1,1
207283,1,1
130083,0,2
146739,0,1
44352,0,0
322632,0,1
290581,0,2
309145,2,2
22675,0,1
26124,1,1
400922,1,1
73960,0,1
14330,1,1
214333,0,1
138478,0,2
307742,0,2
203628,0,0
40096,1,1
291883,2,2
352561,1,1
361317,2,2
29043,2,2
124850,0,1
287522,2,2
302847,0,2
116106,2,2
244054,0,0
162365,1,2
328830,0,1
42406,2,2
366261,0,2
29640,2,2
307847,1,1
211339,2,1
276913,0,2
326213,2,2
210957,0,0
404300,1,1
257705,1,1
379796,0,2
339294,2,2
274459,2,1
203618,2,1
309723,2,2
400138,1,1
76276,2,2
196409,2,2
148502,0,2
214910,0,2
1303,2,2
294718,1,1
302103,1,1
143749,0,0
79204,2,0
138134,2,2
77669,0,2
359885,2,2
83788,0,2
171571,0,2
312305,2,2
127876,1,1
260144,0,2
203406,0,2
348454,2,2
39464,2,1
236553,2,2
181763,0,1
288260,2,2
5911,2,2
285605,0,1
59468,0,2
270088,0,0
74785,2,1
105471,0,1
316775,0,2
125696,2,2
14441,1,2
208858,0,2
232874,2,2
355605,1,1
338482,2,2
7612,0,2
100461,0,1
92746,0,1
219135,2,2
389395,1,1
370901,0,2
130065,2,2
115316,0,2
43633,0,0
289618,0,0
356686,2,2
128141,2,2
299344,1,0
56501,2,2
45977,2,1
200666,1,1
135472,2,2
261949,1,1
301255,2,2
84026,0,0
66236,1,1
351165,0,1
396415,1,1
360573,2,2
148915,2,2
178521,2,2
125270,0,2
246840,2,2
319324,2,2
352863,1,1
97633,2,2
126287,2,2
283543,2,1
146459,2,2
210328,2,2
317513,0,1
35317,2,2
312395,0,2
382059,1,1
196797,1,1
363916,2,2
72402,2,2
309356,2,2
88063,0,2
389649,0,1
191940,0,2
29197,2,2
361806,1,1
45871,2,2
49319,1,1
319015,2,0
338089,1,1
234077,2,2
372975,2,2
114422,2,2
364929,2,1
398108,2,0
281257,2,2
377446,0,0
268183,0,0
77148,2,2
386187,1,1
94949,1,1
364598,0,0
201174,2,2
66537,0,0
71241,0,2
176569,0,2
173089,2,1
332183,2,2
239421,2,1
139927,2,1
128931,0,2
68417,0,2
308439,0,2
250719,1,1
177367,0,0
184955,1,1
103444,2,2
351993,0,2
398102,2,1
51319,2,1
197533,0,0
149872,0,2
171188,2,1
106003,2,2
49914,0,0
181295,1,1
157261,0,2
379910,0,2
195328,2,0
217908,0,1
64944,0,0
188519,0,0
224235,0,0
120715,0,2
318370,0,2
104455,1,1
49926,2,2
237711,2,2
298512,0,2
133758,0,0
3927,2,1
115334,0,1
326215,0,0
3947,1,1
200469,2,2
17680,2,2
390149,2,2
69026,0,1
406339,2,1
209889,2,2
266334,0,1
151717,0,1
189667,2,2
270331,0,1
63059,1,1
13294,2,2
365919,2,2
179286,1,2
99751,2,2
337326,1,1
109235,2,1
67721,2,1
17096,1,1
224773,0,1
390585,0,1
249680,0,2
148995,0,2
239812,1,1
125854,0,0
72699,2,2
401730,2,2
359464,0,2
98154,2,1
288928,0,0
68994,0,2
37308,2,2
176252,2,0
174512,2,2
195919,2,2
126017,2,2
321127,0,1
384220,0,2
332378,0,0
289331,0,0
40402,0,2
241053,2,2
353569,2,2
109718,2,2
377786,2,2
36861,0,2
35562,0,2
360006,2,2
193443,2,2
283788,2,1
20114,2,2
65986,2,2
316435,2,2
218458,2,2
50141,2,1
233308,2,2
14687,0,0
350808,1,1
233342,2,2
314914,2,2
352109,2,2
110076,0,0
238695,1,1
61701,1,2
401904,2,2
41152,0,0
2168,2,0
41258,0,1
126537,2,2
164333,0,1
167466,0,2
277860,1,1
69359,0,0
170314,2,2
220441,0,1
223207,2,2
57155,2,2
227307,2,2
15214,2,2
404058,2,2
70073,0,0
116709,2,2
148405,0,0
76901,1,1
302169,2,2
79720,2,1
98,2,2
129321,2,2
267179,0,0
48077,0,0
3277,2,2
294164,1,1
337465,2,1
69271,1,1
104001,0,0
68139,1,1
405645,0,2
348322,0,1
90522,2,2
139967,0,2
255922,2,2
53897,0,0
89014,0,1
312578,0,0
8261,2,2
250642,2,2
142478,1,1
34566,2,2
6556,2,2
118086,2,2
403351,2,2
132758,2,2
44246,2,2
126105,1,1
349083,0,2
63934,2,2
241487,1,1
123467,2,2
119140,1,1
48360,2,1
353972,0,2
327256,0,2
150693,2,2
50903,0,1
92692,2,0
382776,0,0
57423,1,1
365556,0,2
59922,0,2
370762,1,1
374986,2,2
185878,2,2
382015,0,2
135230,0,2
345010,0,2
8319,1,1
87231,0,0
191483,2,2
283468,2,2
249358,2,1
291215,2,2
261888,2,1
142224,0,2
305818,2,2
61668,0,0
292518,0,1
190231,2,0
195133,1,2
379399,2,2
205544,2,2
326745,1,2
255611,0,1
313980,2,2
365922,0,2
209820,0,0
382755,2,1
136033,2,2
369309,0,2
285891,2,2
263524,0,1
211846,2,2
151197,0,0
376840,2,2
252490,0,2
251830,0,0
362447,2,2
345547,1,0
120226,1,1
275945,2,2
79822,0,2
235402,1,1
155076,1,0
24770,0,1
93236,2,2
279760,2,0
280797,2,2
186764,0,0
126261,0,1
184317,2,2
219335,2,2
227106,0,1
31777,1,1
77562,0,1
239122,0,0
369877,2,1
372592,0,0
203045,0,1
76986,0,2
250596,0,0
214741,1,1
189400,2,1
375452,1,1
53132,2,2
269311,2,2
139630,0,1
221727,2,2
281485,2,1
80202,0,1
284101,2,1
19714,0,2
325218,1,1
343952,2,2
240818,0,2
161565,2,2
50980,2,2
235395,2,2
320564,2,2
322725,0,0
29171,2,2
46848,2,2
288818,0,2
255771,1,1
319999,2,2
8329,2,2
72026,1,1
101845,1,2
101755,2,2
55415,2,0
267250,0,1
33473,2,2
303305,2,2
153442,1,1
172209,2,2
329297,0,2
229219,2,2
118764,2,2
348642,0,2
347135,2,2
13683,2,1
25948,2,2
306889,2,0
281838,1,1
383177,0,1
189972,2,1
302790,1,1
21639,2,2
81390,2,2
350729,1,1
402945,2,2
278438,2,2
320919,2,2
97223,0,1
35129,1,1
281649,2,2
128611,2,2
203902,2,2
1869,2,2
269679,2,2
323019,1,1
390979,0,1
270368,2,1
62802,2,2
388570,2,2
156593,2,2
193357,2,2
301665,2,2
153172,2,2
118647,0,1
186630,2,1
235279,0,1
366909,0,0
41530,2,2
78568,0,0
26561,1,1
122019,2,2
25130,2,2
50096,1,1
244600,0,2
73630,2,2
237568,2,1
257881,0,1
20962,2,2
25034,0,0
147902,2,2
62704,0,0
23485,2,2
176559,2,1
35701,2,2
357517,0,1
144320,1,1
108695,0,0
197483,2,2
158437,0,2
362742,1,1
156711,2,2
180103,0,2
210405,0,2
186341,0,2
152592,0,1
362156,2,2
278122,2,2
126658,2,2
27251,0,2
236028,2,1
150077,0,2
27519,1,1
237824,2,1
291640,2,2
84147,2,1
118829,0,0
288686,0,1
89762,1,1
68727,2,0
38418,2,1
265567,0,1
17110,2,2
15105,0,0
142285,2,2
240579,1,1
41,0,1
44631,2,1
381706,1,1
77012,2,2
28195,0,2
183823,0,0
112442,2,2
84575,2,2
278149,2,2
311561,1,1
336548,1,1
263523,0,2
352358,2,2
115014,0,2
189192,1,1
362107,2,2
307331,0,2
45114,0,0
24789,0,2
270769,2,2
206609,0,2
381306,1,1
169302,0,2
180781,2,1
353031,2,2
134176,0,0
367636,2,2
111508,2,2
343878,2,2
311447,2,2
301623,0,0
171519,2,2
138229,2,0
286861,2,2
36486,0,0
128157,1,1
155429,2,2
328386,0,2
368117,1,1
273543,2,1
78269,2,2
162670,1,2
345597,2,2
62886,2,2
45919,0,2
170846,2,2
82071,0,0
74823,0,0
336057,2,2
251638,2,0
29012,1,1
371493,2,2
222960,1,1
347522,0,2
112033,1,1
354292,2,2
125387,2,2
343439,2,1
213234,2,2
183800,0,0
164449,0,2
116607,1,1
288860,2,2
233158,0,0
116726,2,2
357581,0,1
395157,2,2
267861,2,2
230180,0,2
160983,2,2
330305,0,1
84148,2,2
112486,0,0
303586,2,2
232612,0,2
164494,2,2
178376,2,1
155120,0,1
326138,0,2
317118,0,1
253473,2,2
4948,1,1
41870,0,2
113924,2,1
90281,2,2
401270,0,0
51946,2,1
318361,2,1
364924,0,2
27299,0,2
193441,0,1
119561,0,2
241261,0,1
51854,2,2
370005,0,0
332098,2,2
193685,2,2
253212,2,2
241478,0,1
252862,2,2
7653,0,2
82699,0,0
14767,0,2
13848,2,2
352830,0,1
364807,2,2
44336,2,2
353249,0,2
54560,0,1
358267,2,2
370959,2,2
45361,0,1
89932,0,2
176368,2,2
167270,1,1
313624,2,2
302153,0,1
401682,0,1
365180,2,2
211740,2,1
402533,1,1
147845,0,2
231637,2,2
24706,2,1
33057,1,1
121634,2,2
120468,2,2
235448,0,2
353379,2,2
135369,2,2
232125,0,2
263328,2,2
40505,1,1
251427,1,1
228868,2,2
350764,2,1
97084,0,0
310696,0,0
144623,0,1
324076,1,1
245913,2,2
17594,0,0
182468,2,2
310369,2,2
98053,0,0
88485,0,2
164742,2,0
202987,1,1
141569,0,0
289342,2,2
251197,2,2
32290,2,1
316729,2,2
50236,2,1
170180,2,2
63682,2,2
23069,2,2
160756,0,0
337985,2,2
34478,2,2
123143,2,2
114662,2,2
156833,2,2
272103,0,0
282552,0,1
373967,2,2
273034,0,2
105434,1,1
233141,0,2
212951,1,1
195350,2,2
346032,2,2
330326,1,0
27337,0,0
315038,0,2
279696,1,1
367240,1,1
23976,2,1
198645,2,2
69967,2,1
235927,2,1
284759,2,2
77380,2,2
119567,2,2
62392,0,2
64399,2,2
175991,2,2
110025,2,2
384468,0,2
19734,2,1
30298,0,0
405958,0,2
216709,1,1
341186,1,1
388048,2,2
60527,2,2
76386,2,2
293718,0,0
5305,2,1
160747,2,2
274440,2,2
211556,0,2
373267,0,2
183952,2,2
141247,2,1
392598,0,2
245136,2,2
233238,0,1
403569,0,2
47487,0,2
250372,1,1
168044,2,2
315618,0,2
223328,2,0
125842,2,2
320516,0,0
194839,1,1
77033,2,2
123787,0,0
315819,1,1
92109,1,1
240145,0,2
192334,0,1
279456,2,2
81145,0,2
111703,2,2
57516,2,2
257675,2,2
1546,0,2
283502,2,2
358146,2,1
222136,2,2
51432,0,2
259946,2,1
213797,2,2
215876,0,2
375108,0,0
305661,2,2
314157,2,2
291901,1,2
343713,0,2
394840,0,0
222351,1,2
320355,0,2
247007,2,1
157403,0,1
142024,0,2
307072,0,2
236501,0,0
216121,1,1
131366,0,0
319222,0,0
274168,2,2
347512,2,2
362248,0,0
25827,0,0
242379,0,0
359279,2,2
64310,2,2
6840,2,2
355268,2,2
375222,0,2
289189,2,2
349520,0,2
72687,2,2
145824,0,2
355238,0,0
345512,2,2
374048,0,2
375804,1,1
362628,0,2
250723,0,1
19736,0,0
55349,2,1
181406,2,2
352218,2,2
204049,2,2
127937,1,1
209339,0,2
76151,1,1
60173,0,2
320890,2,2
362647,1,1
50381,2,0
23354,2,2
281952,2,2
241432,2,2
223435,2,2
294022,2,2
114009,0,1
374494,1,1
226364,0,2
377838,0,0
220002,0,2
52700,2,2
287551,1,1
48171,0,0
304110,2,2
261365,1,1
366735,2,2
45878,2,2
8238,0,1
297285,0,2
322889,0,2
127712,2,2
13615,0,0
397529,1,1
394189,0,0
195255,2,1
117329,0,2
213048,2,2
252681,2,1
38409,2,1
310136,2,1
144876,2,2
91390,1,1
77509,0,2
6600,0,0
294627,0,0
288163,2,1
168809,2,2
240384,1,1
96154,2,2
315955,0,1
25908,2,1
349885,0,1
373100,0,1
249554,2,2
369477,0,2
296669,2,1
283529,0,0
24460,0,0
48768,2,2
214169,2,1
257936,2,2
315184,2,2
294600,2,1
65096,0,1
138500,2,1
338961,0,2
140595,0,2
20544,2,2
141117,2,2
121886,2,2
264273,2,2
319959,0,2
343674,2,2
237350,1,2
117659,1,1
109099,2,0
109221,2,2
354293,2,2
102683,1,1
178563,2,2
45026,0,0
401162,0,1
295847,2,2
94677,2,2
162168,1,1
302318,0,1
374018,2,0
15913,2,2
212495,2,2
264372,2,2
201336,2,2
308975,0,2
364612,0,2
208592,2,1
293904,0,2
99900,2,2
20621,2,1
107570,0,0
398779,2,1
93736,2,2
369912,0,2
231494,2,2
101179,2,2
255798,0,2
134345,2,2
263778,1,1
916,1,0
302056,0,0
171574,2,0
235940,0,2
141428,2,2
54345,2,2
105992,2,2
163033,2,1
335466,2,2
180507,1,1
205029,1,1
68581,1,1
72415,1,1
293816,0,1
404105,1,1
222380,0,2
148737,1,0
129292,2,2
273259,1,1
177171,0,0
365776,0,2
261613,2,2
67759,2,2
1408,1,1
77173,2,2
37139,0,2
403926,1,1
12539,2,2
111066,0,0
353400,2,2
232898,1,1
109731,2,2
24431,2,1
149116,2,2
101691,0,2
208844,1,1
230561,0,0
8752,1,1
283221,1,1
169520,0,1
148932,0,1
336353,0,2
368660,2,1
286146,2,2
333302,0,1
230624,2,2
232758,0,1
319231,1,0
130887,2,1
23044,2,2
393964,2,2
104997,0,0
279764,0,1
238326,2,2
365057,0,1
296762,0,1
51393,1,1
363693,2,1
130450,0,1
303555,0,0
151534,0,1
68925,2,2
219600,2,2
80213,1,1
290901,0,2
208879,2,0
95102,0,2
363179,0,2
347232,1,1
354279,2,2
50772,2,2
265508,2,2
192392,2,2
255794,1,1
101885,1,1
336184,0,2
66127,0,2
354997,2,2
310982,2,2
203887,1,1
52441,1,1
286421,1,1
325107,2,2
106396,2,2
205363,1,1
334789,0,0
177607,0,0
332331,2,1
85118,0,2
217501,0,2
265382,0,2
144891,0,0
404359,1,1
68568,1,1
60629,2,2
321080,2,2
142108,0,2
91093,2,2
89739,2,2
261182,2,2
252516,2,1
292347,0,0
47415,0,1
224855,2,2
126798,2,2
68762,2,2
388955,1,1
37931,1,1
360302,0,2
82851,2,1
195113,0,0
363481,1,2
243896,2,2
319768,0,0
215444,2,1
369164,0,1
92058,2,2
71127,2,2
300701,2,2
304988,0,2
139661,0,0
349279,2,2
310108,2,0
247647,2,2
208050,2,2
302962,2,2
225553,0,2
100384,2,2
21219,1,1
177445,2,2
405942,2,2
314845,2,2
251533,2,2
164932,0,2
322500,0,2
186328,0,0
163400,2,2
51985,2,2
103243,0,1
161574,1,1
371784,0,1
82215,2,0
305945,2,2
376658,2,2
157263,1,1
253566,0,0
404130,1,1
210585,2,2
211605,0,2
159186,2,1
154438,2,2
299874,0,2
174507,2,2
4244,1,1
119411,2,2
406233,1,1
86483,0,1
78074,2,2
9723,0,2
51545,0,1
404011,0,0
148849,0,2
29935,2,2
304025,2,1
172139,1,1
158415,0,0
331448,0,0
243585,1,1
116991,0,2
235,2,2
113543,2,2
130446,2,2
7397,1,1
1445,1,1
384734,2,0
215980,2,2
202181,2,2
234803,1,1
394716,0,2
224062,1,2
362969,2,2
246072,1,1
375531,0,2
253979,2,2
335698,1,1
139629,2,2
72333,2,1
175619,2,2
388625,1,1
30441,2,2
204978,2,2
85500,1,1
324794,1,0
22815,0,1
169010,2,2
338677,2,2
47422,2,2
246242,2,2
41621,0,0
280152,0,1
202798,0,1
344654,2,2
67124,2,2
146859,2,2
148122,1,0
21473,2,2
319462,1,1
25182,2,2
215470,0,2
287427,0,2
268697,2,2
264738,2,2
160504,1,1
129838,2,2
323432,0,0
242189,0,2
39525,0,1
246266,1,1
404027,0,2
81723,2,1
97424,0,2
103688,0,0
23228,1,1
333218,2,2
133773,2,2
90025,0,2
212222,0,1
65337,2,2
362539,2,2
342564,0,0
201147,1,1
339193,0,1
7004,0,1
285923,2,2
364392,2,2
73545,0,1
115965,0,1
335866,2,2
232828,2,1
14214,2,2
128284,2,0
40102,2,2
337053,1,1
212662,2,2
321337,2,1
333027,0,2
312525,1,1
67949,2,2
115460,2,2
346035,0,2
301746,0,2
157500,0,0
289967,2,2
77199,2,2
392349,1,2
295558,2,2
296472,2,2
361667,2,0
152268,2,2
381023,2,1
330151,0,0
382083,0,2
325341,2,2
109515,0,0
336606,2,2
229111,2,2
388396,2,2
93709,2,0
55406,1,1
144175,2,1
361782,1,1
185203,2,2
311801,2,0
155921,2,2
250724,0,2
38566,0,2
97276,0,1
52290,1,1
155463,2,2
282664,2,2
341281,0,1
393750,2,2
60409,2,2
314925,1,1
105196,2,2
210599,0,2
15554,0,1
276226,2,2
293555,2,1
328170,0,2
310643,2,2
294745,2,2
349974,1,1
288419,2,2
133105,2,2
327501,2,1
210233,0,0
303968,1,1
233574,2,2
117754,0,2
4406,2,2
201376,0,2
20200,0,0
269236,0,2
370845,2,2
42665,0,2
311092,0,1
316605,2,2
24972,0,2
18173,2,2
304220,2,2
214576,2,2
128205,0,1
130432,1,1
28891,0,2
374203,2,2
94196,0,0
67615,1,1
308626,0,2
363699,0,2
130664,0,1
1031,2,2
140419,1,1
398482,0,1
370426,1,1
260727,2,2
242456,2,0
372185,0,1
165464,0,2
344595,2,2
306652,2,1
295973,1,1
311951,2,1
225375,0,1
241428,0,2
12731,0,2
166393,2,0
375373,0,1
7218,1,1
340554,0,1
170050,2,2
199904,0,2
31908,0,2
256972,0,2
191967,0,2
304100,0,0
45324,0,1
31526,2,1
46010,0,2
225101,0,2
350852,0,0
195190,0,2
81849,1,1
327252,2,2
366895,1,1
320959,0,0
193126,2,2
84273,2,2
100792,2,0
42696,2,2
259672,2,2
251840,2,2
365579,0,0
288127,2,2
140959,1,1
235062,0,2
53514,1,1
329643,0,0
137177,2,2
308496,2,0
104933,2,2
160159,1,1
254301,2,2
80876,1,1
42435,2,2
32761,2,1
180102,2,2
342137,2,2
278410,2,1
285004,2,0
4227,2,2
271603,0,0
60498,2,1
61235,0,0
246666,0,2
13351,0,2
312778,0,2
390620,1,1
207029,1,1
55775,0,0
273521,2,2
81482,0,0
261617,2,2
25112,0,0
202543,2,2
262184,0,2
178723,2,2
182005,0,0
185249,0,2
282409,2,0
109137,1,1
120408,2,2
173394,0,1
291800,2,1
67070,0,0
516,2,0
139278,2,2
48034,0,1
250521,0,2
48851,1,1
380948,0,2
256051,1,1
47020,0,1
115004,2,2
15192,2,2
148024,0,1
149410,2,2
372321,2,2
63123,0,1
119415,0,1
99870,1,1
23539,2,2
157739,0,2
128054,2,2
282410,0,2
168331,0,0
403357,2,2
283729,2,2
55497,2,2
95076,0,2
351478,2,2
384985,2,1
94777,2,1
348958,2,2
55356,1,1
108703,0,1
126326,2,2
32915,0,2
41776,0,0
334731,0,2
152271,2,1
77571,0,2
84483,0,0
326596,0,1
55287,1,0
375574,2,2
28173,0,0
207892,2,2
309400,0,1
63949,2,2
375027,0,2
48412,0,1
214446,0,1
397555,0,2
358165,0,2
154059,2,2
291150,0,2
175020,1,1
229609,2,2
219918,2,2
182996,0,2
60049,0,2
250486,2,2
63192,2,2
270077,2,2
362565,2,2
70584,1,1
217264,2,0
198071,2,2
199678,2,2
188618,1,1
122142,0,0
359723,2,1
171609,2,1
173976,0,0
374387,2,2
121047,2,2
184892,2,2
226802,1,1
88442,0,2
295774,0,0
396226,1,1
186996,0,1
269445,0,0
159397,0,2
243503,1,1
357862,0,2
151039,0,1
109959,0,0
97872,2,1
147198,0,2
191313,0,1
243968,2,2
219077,2,2
288929,1,1
188567,2,2
353806,0,2
490,2,2
322173,0,1
142522,0,1
382846,2,1
194428,0,2
200856,0,2
289068,0,1
334241,0,0
386597,1,2
152954,2,2
23300,2,1
277023,1,1
397361,0,1
86940,2,2
235791,0,0
209450,2,2
145818,0,0
247479,2,2
91668,2,2
359354,0,0
255778,1,1
112170,2,2
367932,1,1
98984,0,2
289963,2,1
347422,1,1
286636,2,2
351200,1,1
67326,0,0
262864,2,2
51371,0,2
35596,0,0
405120,2,2
341559,0,2
206098,2,2
404018,2,2
247056,0,0
34261,2,2
79527,0,1
284504,2,1
135914,2,1
361034,0,2
100808,2,0
103484,2,2
112791,0,0
387161,2,2
348927,2,0
90715,2,1
346625,2,1
25027,0,1
242753,0,1
292957,2,2
326646,0,2
155941,0,2
147348,2,2
125567,2,2
80294,0,0
393447,1,1
404475,0,0
96561,2,2
384238,0,1
201254,2,2
258337,1,1
220359,2,2
278981,1,1
272213,2,2
115686,2,2
274536,1,1
204812,1,1
198365,0,2
318548,0,0
130984,2,0
64169,1,1
359751,1,1
175520,2,2
24756,2,2
385169,2,2
101358,2,2
397432,2,2
346980,0,1
369502,1,1
129563,0,2
297372,1,1
143736,0,0
198131,2,2
45833,2,2
399215,2,2
94960,0,1
147828,0,2
245731,0,0
102141,0,0
359073,0,1
350427,2,2
199704,0,1
386817,0,1
288832,2,2
387686,2,2
188910,2,2
274119,2,2
41074,2,2
60574,0,0
382036,0,0
256124,2,2
186775,0,1
5204,2,2
305009,0,0
340443,1,1
377192,0,2
61722,2,2
188966,2,2
272512,1,1
138506,2,2
229746,2,2
72878,2,1
230951,0,0
76283,0,2
275686,1,1
45049,0,2
62378,1,1
189802,1,1
112887,2,1
201073,2,2
34496,0,0
167662,2,1
399777,0,0
113852,2,2
41010,2,2
169755,0,2
2103,0,1
4049,0,2
208264,0,2
78930,2,1
127451,2,2
299866,1,1
196593,2,2
296099,0,0
36139,0,1
349893,2,2
37927,2,2
377711,0,1
348086,1,1
203987,2,1
362506,0,0
80974,1,1
195675,2,2
284639,2,2
392245,1,1
300940,2,2
131731,0,0
75644,1,1
256260,0,0
66188,2,2
225033,2,2
290180,1,1
167133,1,1
196643,0,2
2871,0,0
219061,1,1
143679,0,2
166642,2,2
351697,2,2
145132,0,1
47930,1,2
1256,1,1
240363,0,0
300097,2,1
378116,2,2
102138,2,2
5216,2,1
241060,1,1
130535,0,0
4291,0,1
366174,2,2
217640,2,2
149959,2,2
167337,2,0
211308,0,0
100086,2,1
378510,2,1
198112,1,1
331027,0,1
46649,0,2
111374,1,1
269645,2,1
227118,2,2
32459,0,2
125431,2,2
385313,2,2
214534,2,2
227929,1,1
47040,0,0
145433,2,0
276179,0,1
272858,0,0
22520,2,2
257198,2,0
205169,2,2
170870,1,1
163970,2,2
385162,0,2
271132,1,1
45972,0,0
359379,2,1
222040,1,1
213635,1,1
338124,2,1
352883,2,1
309232,1,1
180420,2,1
229958,2,1
376064,1,1
298861,2,1
65179,1,1
126459,1,1
356726,2,2
338175,1,1
233871,0,2
374171,2,1
151296,2,2
14419,0,1
363320,2,2
10287,2,2
176899,2,1
192830,0,2
339566,0,0
294533,2,2
99498,2,0
335952,1,1
214711,0,0
207064,2,2
142203,2,0
63471,2,2
86215,2,2
98747,2,1
47937,0,1
9436,2,2
404511,1,1
111138,2,2
248632,0,2
37126,1,1
114703,2,2
105705,1,1
388151,2,2
345892,2,1
174632,2,2
221467,2,2
16153,2,2
258081,0,2
57582,1,1
119452,0,0
292490,2,2
380548,2,2
363194,0,2
52432,1,1
23635,2,2
137207,1,2
151598,0,2
68764,0,1
59255,2,1
319913,0,2
96749,2,2
267517,0,0
50478,2,2
351179,2,2
385519,0,2
69089,0,2
45461,2,2
303890,1,1
269353,2,2
59477,0,1
76575,1,1
381967,1,1
293953,0,2
176720,0,2
301730,2,2
389325,0,0
193072,2,2
262638,1,1
283716,2,0
14276,0,0
248363,0,2
235742,2,2
81424,2,2
124583,0,2
174097,2,2
293543,0,1
900,1,1
211354,0,1
300690,0,2
47638,0,2
199617,1,1
82503,0,2
124148,2,2
268932,2,2
302844,2,2
63175,0,2
204154,0,0
117481,2,2
395890,0,2
21174,2,0
318601,2,2
158211,0,2
370202,0,2
7120,0,0
197166,1,1
147218,0,1
178933,1,1
235537,1,1
76202,0,0
387310,2,1
105342,0,2
240360,2,1
375831,1,1
177166,0,0
330953,1,0
190758,0,0
72648,0,1
136598,2,2
24814,0,2
160683,1,1
65085,0,1
79127,0,2
373403,1,1
202493,0,1
55787,0,2
78436,2,2
193654,2,0
138857,2,2
321559,0,2
232755,2,1
355251,2,2
5504,0,2
214461,2,2
275039,1,1
294231,0,1
162392,2,2
85597,0,1
262226,0,0
393723,1,1
208937,2,2
329257,0,2
365763,2,2
171051,0,1
17619,2,1
316241,0,1
99521,2,2
344834,0,2
193202,1,1
372128,2,2
167429,2,2
1939,1,1
146880,2,2
378536,1,2
59065,0,1
128125,2,2
293302,2,2
107902,2,2
367747,0,2
207526,2,2
202520,0,2
289023,2,2
61899,1,1
174139,2,2
18175,1,1
386007,1,1
56002,2,1
371129,2,2
21280,1,1
160768,2,2
84270,2,2
328671,0,0
127323,2,2
25840,2,2
345605,2,2
19476,1,1
343117,0,0
39869,2,2
88767,0,2
89339,2,2
300732,2,1
260640,0,2
256625,2,0
178776,2,2
107463,2,2
347336,0,0
202231,2,2
135291,2,2
253400,0,2
196208,0,0
1645,2,2
192344,0,1
171147,2,2
64542,2,2
208892,0,2
326089,0,1
145946,0,2
20078,2,2
352503,0,2
236148,1,1
22015,0,2
49509,0,2
16892,0,2
34360,2,2
196138,2,2
142731,0,2
133572,2,2
373021,2,2
77428,1,1
363138,2,1
292404,2,2
211071,0,0
150705,2,0
42938,2,0
262397,2,2
219690,2,1
381385,1,1
284762,2,1
309777,1,1
89314,0,1
369847,2,2
240066,2,1
184582,0,1
141907,2,2
21677,2,1
218291,1,1
30149,2,2
403217,0,2
77800,2,2
332748,1,1
53677,2,1
12502,2,2
14960,0,2
31567,0,1
311850,1,1
277931,0,0
228034,2,2
128129,0,0
337484,2,2
101929,2,2
13796,1,1
115428,1,1
254747,2,1
215364,0,2
395077,2,2
86164,2,2
225867,1,2
132600,0,2
355799,0,1
14667,0,2
313795,0,0
56900,2,2
144568,0,2
114705,2,2
401675,2,2
229256,0,1
160026,2,2
259857,0,1
297955,2,2
365756,0,0
13158,2,2
104081,1,1
319910,2,2
325669,2,2
255895,0,0
47270,2,2
31011,2,2
60204,0,0
308501,0,0
208651,2,2
173891,2,2
221307,0,2
148174,1,1
138908,1,1
18758,2,2
315428,0,1
83976,0,2
104823,2,2
27089,1,2
29259,0,1
343929,0,1
385366,2,1
155340,2,2
212916,0,2
379926,0,2
350895,0,2
56124,0,2
386858,2,1
278951,2,2
56912,0,0
329856,0,1
170547,2,0
219188,2,2
240076,2,2
88973,0,1
139897,0,0
16415,2,1
247029,0,2
212383,0,0
102110,0,2
16340,1,1
346607,2,2
259588,0,0
341779,2,2
209843,1,1
239732,2,2
134853,2,2
181662,0,2
150540,0,0
267357,2,2
58119,2,2
201925,2,2
72005,0,1
200811,2,2
139426,2,2
272830,0,2
353723,2,2
38357,2,2
63528,2,2
330224,0,0
369053,0,0
323167,0,0
13994,0,1
139520,0,2
236964,0,2
612,2,2
375668,0,0
38877,0,2
337513,1,1
11082,0,0
57148,0,0
202749,0,0
194296,2,2
273873,0,2
62020,0,0
316418,2,2
80740,1,1
209797,2,1
267812,0,1
31375,2,2
304856,2,2
20057,2,2
91001,2,2
39297,0,0
144553,1,1
98628,0,1
326970,2,2
181291,1,1
314118,0,1
203641,0,2
384428,0,0
347491,2,2
325992,1,1
316317,2,2
362349,2,1
58393,2,1
168976,0,0
133000,1,1
136277,1,1
385432,2,2
29315,2,1
32838,2,2
215413,0,1
376429,2,2
28228,2,2
173634,0,0
381835,1,1
263571,0,0
105259,1,1
287549,2,2
54783,2,2
350466,0,1
397456,0,0
276981,2,1
263518,2,1
92658,2,2
179626,2,0
385511,2,2
356002,0,2
202540,2,2
240394,0,1
185158,2,1
93789,2,2
352079,1,1
288070,0,0
72610,1,2
383839,0,2
304131,0,1
95206,1,1
111698,1,1
167268,1,1
282458,2,1
314283,0,2
77932,0,2
358331,1,1
41684,0,1
148481,1,1
164924,0,1
213787,2,2
114259,2,2
143367,2,2
42539,1,1
64293,2,2
94524,0,2
114920,0,2
387070,2,2
61989,0,1
229572,1,2
170251,0,1
274198,0,1
282168,1,1
252835,2,1
10455,2,1
129180,2,2
51775,1,1
324989,0,1
68050,0,1
277754,2,2
335299,2,2
234895,1,1
107528,0,1
81460,1,0
9727,2,0
325691,1,1
373515,2,2
9677,0,2
404029,2,1
391099,2,2
333426,0,2
246106,0,0
398817,2,1
400295,2,1
42839,2,2
253265,2,0
227059,2,2
259871,2,2
15377,0,2
224295,1,1
150254,2,2
230603,1,1
382908,0,2
282863,0,0
33621,0,1
124469,1,1
288517,2,1
136818,0,0
190805,2,1
11796,2,2
367801,0,1
292292,2,2
401868,2,2
352794,0,2
212103,2,2
405426,2,2
82670,1,1
399185,2,2
204329,2,1
201852,0,2
97531,0,0
106538,2,2
36464,0,2
246502,0,0
14029,0,0
107235,2,2
129421,1,2
284776,2,1
181553,2,1
253715,2,1
85459,0,1
100686,2,2
74652,1,2
380508,2,2
321980,2,2
136796,2,2
231746,0,0
141050,2,1
364357,0,2
92374,2,2
173137,2,2
212471,2,2
309537,2,2
41560,2,2
75145,2,2
14784,1,1
2995,2,2
302223,0,0
216603,2,2
41228,1,1
348979,2,2
112071,2,2
227420,0,2
285577,2,1
289310,0,1
269613,2,2
25377,0,2
362959,2,2
7959,0,0
321459,0,0
80672,1,1
150085,0,0
374930,1,1
92174,2,2
401217,2,2
62008,0,0
152824,2,1
197855,0,0
316552,2,1
61945,2,2
44302,2,2
77196,0,2
74540,0,0
384443,2,1
326797,1,1
295005,0,2
199134,2,2
153933,0,2
121582,2,1
375687,2,2
220416,0,2
269000,0,0
194693,0,2
389277,2,2
340067,0,0
18801,0,2
8877,2,2
242183,1,2
54215,0,0
97554,2,2
36627,2,0
32390,1,1
30969,1,1
301435,2,2
319283,0,2
4034,2,2
222366,2,2
386099,0,0
618,2,2
3599,0,2
97315,1,1
45411,0,1
368803,0,2
80906,1,1
132647,1,1
201918,2,2
328124,1,2
127664,2,1
171619,2,0
288400,2,2
401742,0,2
85343,1,1
11497,0,2
388216,0,0
281248,2,2
361096,0,1
249731,1,2
331912,2,1
279964,0,0
386198,2,2
87831,0,2
324785,1,2
182163,1,1
127997,2,2
15503,2,2
98588,0,1
142306,2,2
386364,0,1
120759,2,2
229593,1,1
264578,1,1
319419,2,2
17300,2,0
148747,2,2
316048,1,1
6223,2,1
181196,2,1
382165,1,1
44131,0,0
22,2,0
171847,2,2
6973,2,2
111259,0,2
8973,2,2
97656,2,1
319614,2,2
122203,1,1
124145,2,2
166786,2,1
175837,0,1
313828,0,2
50261,1,1
55931,0,2
268042,2,2
124422,0,2
65903,0,2
272649,1,1
265505,2,2
171478,1,1
398508,2,2
380370,1,1
397400,1,1
364814,2,2
97617,2,2
113989,2,1
60264,2,2
260956,0,2
247730,2,2
383007,0,1
322656,0,0
51990,2,2
298982,0,0
383726,0,0
377831,1,1
23108,0,1
115022,0,0
223240,1,1
251606,2,2
150534,2,2
312247,0,2
156313,2,2
404301,0,0
260130,1,1
339585,1,1
271279,0,0
97403,0,0
301034,0,2
380677,0,2
49032,0,2
124215,0,2
231715,1,1
376486,0,0
177475,0,1
79513,2,1
82780,2,1
226883,0,0
124775,2,1
107855,2,2
177310,0,2
128392,0,2
102260,0,0
391457,2,2
59033,0,0
285376,0,2
307118,1,1
141594,2,1
49495,0,0
4721,2,2
54083,0,0
293799,2,0
379840,1,1
114845,2,2
379545,0,1
269436,2,2
160950,0,1
317214,2,2
262396,1,1
333590,2,2
275405,2,2
181767,2,1
218950,0,0
326034,2,2
265535,1,1
368395,1,1
25517,2,2
340250,2,2
395141,2,1
117741,2,1
74168,2,2
244262,2,2
192548,1,1
111725,2,2
298984,0,0
189634,2,2
395703,2,2
314457,0,2
14845,0,1
334288,0,1
17291,2,2
387451,0,0
258750,0,0
214674,0,2
155594,0,0
353731,1,0
248324,0,2
346384,0,0
375895,0,0
60495,2,2
203493,2,1
193110,2,2
115712,2,2
144796,2,2
41038,2,1
350254,0,1
357148,0,2
309421,2,2
146129,2,2
31390,0,1
204131,0,1
205386,0,2
95276,2,0
192168,0,2
274549,0,2
198404,0,0
302645,2,2
368666,0,2
153160,0,2
391840,2,1
32236,2,2
35848,0,2
386321,0,1
139508,2,2
263537,2,2
157913,0,0
44395,0,1
45278,2,2
105563,0,0
211398,2,0
222215,2,1
63621,0,2
84069,1,1
260370,2,2
138504,0,2
60882,0,0
294346,1,1
293049,1,1
191711,2,2
154827,0,1
157047,0,1
314439,0,0
231771,2,0
343499,0,0
176558,0,0
326672,1,1
392724,0,2
315573,0,2
298303,0,0
118955,0,1
402438,1,1
117001,2,1
136823,0,1
371199,0,0
242595,1,1
402855,1,1
156279,2,2
255238,0,1
96649,2,2
39470,1,1
375061,2,2
126199,0,2
193738,2,2
345931,2,2
181976,2,1
310946,2,2
345927,1,1
111664,0,1
32413,0,2
339063,0,1
16616,2,2
194502,0,1
250153,1,1
72737,2,2
105081,2,2
137901,0,1
118897,2,2
52808,0,2
246022,1,1
88206,0,2
321900,2,1
88912,0,2
77304,1,1
229893,2,2
351945,0,0
282766,2,2
356940,0,2
114059,2,2
250854,2,1
15626,0,1
92052,2,0
252297,2,2
173740,0,1
200019,1,1
319892,0,0
193430,2,2
10618,0,2
149567,2,2
324623,2,2
296482,0,2
252700,2,1
47622,1,1
186310,2,1
109693,0,2
256950,2,2
379272,2,2
159531,2,2
14925,2,1
250431,2,1
248518,0,0
100879,2,2
106766,2,2
404960,2,2
241226,2,2
244805,0,1
136306,0,2
248533,2,2
357688,0,2
87818,2,2
365720,0,1
13422,1,1
333369,2,2
308944,2,2
254455,0,0
8233,2,2
82001,0,0
129507,0,1
60186,0,0
275998,1,1
383096,2,2
86907,0,0
253119,2,1
89827,2,2
385939,0,0
85081,2,2
213710,2,2
342152,2,1
362642,2,2
304407,2,2
217226,2,2
73099,1,1
7223,1,1
86518,2,2
222201,0,1
388066,2,2
337132,0,2
307947,2,2
245178,1,1
278353,2,2
78022,2,1
73258,2,2
306690,2,1
39643,2,0
39644,2,2
321716,1,1
268753,1,1
174124,0,2
85689,0,1
28348,2,2
152751,0,0
252007,2,2
18708,0,2
108783,0,2
236914,2,1
394215,2,0
149541,2,2
17666,2,2
234582,0,0
274282,2,2
318192,2,1
301270,1,1
393028,1,1
166356,2,2
246463,0,1
263976,0,2
361669,2,1
250108,2,1
303005,0,0
72201,0,2
221342,2,2
342815,1,1
179434,0,2
276989,2,2
23176,2,2
263731,0,1
62850,2,2
337901,0,0
305708,0,1
2950,0,2
316956,2,2
102441,0,0
214172,2,2
283520,2,1
20811,2,2
208773,2,2
112193,0,0
274840,0,0
58503,0,2
269869,0,0
49842,0,0
163283,0,2
87126,2,2
168554,0,2
52941,0,2
378026,2,2
25648,2,2
67505,2,1
186140,1,1
211825,1,1
258827,2,1
112733,2,2
80590,2,2
98539,1,1
99582,2,2
140251,0,0
104570,2,2
278924,2,2
167825,1,1
113432,2,2
255696,2,2
214580,0,2
121349,0,2
106564,0,0
405721,0,0
372586,0,2
394758,2,2
116392,2,2
21519,2,2
150504,2,2
323529,0,2
273562,2,1
21992,2,0
270652,0,2
74318,2,2
100767,2,2
258922,2,2
381611,0,2
102442,0,2
40071,2,2
270735,2,2
248007,2,0
370828,1,1
207971,0,0
107875,1,1
53742,1,1
287603,2,2
33210,0,1
259152,0,2
84967,2,2
248923,2,2
180626,1,1
4854,2,1
292884,1,1
121402,2,2
115542,0,2
51396,1,1
60036,2,2
403393,2,2
323720,1,1
160995,2,2
170770,0,0
185421,0,2
265490,2,2
230977,0,1
217486,0,1
329747,1,1
301356,0,1
373081,1,1
167780,2,2
300087,0,1
3273,0,1
9481,0,2
185308,2,2
256357,0,1
1426,2,2
156800,1,1
281318,2,2
74724,2,2
17370,0,0
245086,0,2
307626,0,0
243304,0,2
332524,0,1
130508,2,2
194158,2,2
315221,0,2
159283,1,1
332761,2,1
130519,2,2
9417,2,1
360607,0,0
17869,2,2
126699,0,2
6916,0,2
383308,2,2
130576,0,2
298751,2,1
300438,0,2
398334,2,2
4607,0,2
400212,2,2
209391,1,1
284929,1,1
227208,1,1
357962,1,1
184941,1,1
61959,2,1
50227,2,0
269149,0,1
379983,2,1
257798,2,0
129745,2,2
60606,2,2
189186,2,2
326927,1,1
401721,2,2
306269,1,1
204985,0,1
74118,0,0
103974,0,2
179794,0,2
70825,0,2
320496,2,2
394524,0,0
92745,0,2
111433,2,2
133326,2,2
173006,2,0
117521,0,0
139374,0,2
404066,0,2
311940,2,2
233609,2,2
357310,1,1
351441,0,2
79658,2,2
254235,2,1
403519,2,2
280772,2,2
203465,2,2
93504,0,2
171611,0,2
174830,0,2
293389,0,0
289892,2,2
301137,1,1
91781,1,1
262998,2,2
272591,0,2
78941,2,1
271716,0,0
231657,2,2
155954,2,2
401404,2,1
284082,2,2
261081,2,0
89570,2,2
115416,1,2
58440,0,0
262590,1,1
351654,2,1
344544,1,2
38966,2,2
311980,2,2
346263,0,0
377774,0,0
75691,2,2
105460,2,2
211428,0,1
91375,0,1
272987,0,1
94381,0,2
126775,2,2
346905,2,1
382508,0,2
48136,1,1
371407,2,1
145079,1,1
302548,0,2
390763,0,2
358261,0,2
52149,1,1
196339,1,1
77952,0,0
328361,2,2
387788,2,2
368441,2,2
21300,0,1
128035,2,2
225506,0,0
296654,2,2
19181,1,2
139414,2,2
116718,0,0
193774,0,1
283632,0,2
304960,2,2
203553,0,1
286524,1,2
375035,2,2
274618,2,0
403258,0,1
23829,2,2
116148,2,2
1253,2,2
111021,2,2
18840,1,1
214316,2,2
306744,2,2
98116,0,0
158668,2,1
340949,2,2
3600,2,2
209000,2,2
192170,2,2
258138,1,1
262587,2,1
284532,0,0
338706,0,2
216928,2,2
202407,0,1
35540,1,1
381603,2,2
140137,0,2
288785,1,1
6212,1,1
76989,1,1
61840,2,2
390522,0,0
86342,0,1
350232,0,2
217537,1,1
255454,0,0
304210,0,0
152041,2,2
97907,2,2
218065,0,2
55141,0,0
327663,2,2
26048,1,2
178691,2,1
378244,2,2
282869,1,1
149790,2,1
17218,0,1
381737,2,2
82371,0,2
88861,0,2
309906,0,2
348360,2,2
315251,2,2
182642,1,1
99020,1,1
3197,0,0
41071,2,1
181232,1,1
279678,0,0
102489,0,2
330409,1,1
304998,1,1
207106,2,2
157250,2,0
67660,1,1
327837,0,2
201665,0,0
347775,1,1
166904,1,1
77784,2,1
178957,2,1
122524,0,2
19705,0,2
167310,1,1
227324,2,2
262312,2,2
181638,2,2
384170,2,2
67553,2,2
88560,1,1
7712,2,2
137016,1,1
8158,2,1
292584,0,0
34916,1,1
154481,0,0
97838,1,1
198414,2,2
8827,0,1
379150,2,1
301468,2,2
341855,2,2
220844,2,2
65802,0,2
142540,2,2
349583,2,1
194577,2,2
32688,0,0
152891,0,2
333442,2,2
257598,2,2
106398,0,0
160593,1,1
65865,0,1
362259,0,0
205225,0,2
201504,0,2
22231,2,1
60569,2,2
337544,2,1
275153,2,2
296953,2,2
232587,2,2
294024,2,2
155846,0,1
54504,2,1
5503,0,2
297350,0,1
126733,0,2
121649,2,2
401977,2,2
71616,2,1
206756,2,0
99079,0,1
42271,2,2
369034,2,0
902,0,0
164883,2,2
372518,0,0
265719,2,1
293394,2,2
404603,2,1
273376,0,1
26772,0,2
202217,2,2
261755,2,2
401796,2,2
196571,1,1
53007,0,2
353410,0,2
247997,1,1
39466,0,1
95481,2,1
190028,0,0
272350,0,2
290874,2,2
45663,1,1
247808,1,1
237149,0,0
342853,1,1
314409,0,2
98501,1,1
30679,2,2
347826,2,2
224334,1,1
326224,2,2
325913,2,1
122246,2,2
246883,0,2
75840,0,2
291241,2,2
349338,2,2
367515,0,2
155467,2,2
226995,2,2
112754,1,1
402806,2,2
31651,2,1
135172,1,1
337937,2,2
33710,0,2
240447,2,1
131083,2,2
1495,0,1
352090,2,1
310882,1,1
73560,0,2
367761,0,2
121569,2,2
179010,2,2
111696,2,2
393018,2,2
168131,2,2
325263,2,2
343872,2,2
53890,0,0
97676,2,2
187907,0,2
195737,2,2
289349,2,1
342121,0,1
162578,2,2
304282,2,2
219539,1,1
261929,2,2
58342,1,1
231863,0,1
144251,0,0
143345,2,2
79250,0,1
365345,1,1
206483,2,1
178338,2,1
148351,1,0
30995,2,2
257117,0,2
211196,2,1
108509,0,2
14365,2,2
208951,2,2
339815,0,2
277095,2,2
25582,2,1
39723,0,2
29118,2,2
152319,2,2
32211,1,1
331224,1,1
124276,2,2
373294,0,1
358433,2,2
355684,0,0
224146,0,1
105400,2,1
62035,0,2
364595,0,0
245917,0,0
396264,2,2
61866,2,2
257312,0,1
115704,0,1
191912,0,2
131531,0,0
108336,2,0
366719,2,2
166657,1,1
147850,0,0
160838,1,1
128898,2,2
405519,2,2
107361,0,0
256499,2,1
30279,0,1
67756,0,2
81463,1,1
215714,2,2
293304,2,2
311884,0,1
156817,2,1
262285,2,2
305356,2,2
137924,0,2
209765,0,0
173430,1,1
21935,0,0
386192,1,1
189077,2,2
97138,2,2
72295,0,1
251400,0,0
255896,2,2
178102,0,2
203,2,2
162675,2,2
294224,2,2
268647,0,2
176888,0,2
40103,0,1
42040,0,2
241925,2,2
373592,0,0
182313,2,2
73420,0,1
400176,1,1
68421,1,1
287446,2,2
271699,0,0
3510,1,1
59509,1,1
277905,2,2
388997,2,2
90642,0,1
377032,0,2
268963,0,0
132829,2,2
171310,2,2
342537,2,1
323394,2,2
218744,0,0
85920,2,2
235605,0,0
378937,0,2
94480,0,2
236812,0,1
134503,2,2
263215,0,2
29767,1,1
234022,2,2
137722,2,2
165403,0,2
172666,2,2
303373,0,1
87439,2,2
151035,0,2
241074,2,2
316817,1,1
375450,2,2
28300,0,0
175793,2,2
39452,0,0
187012,0,2
122851,2,2
133398,0,0
347431,1,2
170573,0,2
59915,0,2
194970,2,2
56905,0,2
298397,2,2
104193,1,1
38119,1,1
202559,0,2
290864,2,2
230866,2,1
266800,2,2
52952,2,2
337423,2,2
258002,0,1
279915,2,2
337537,0,1
238292,1,1
146123,2,2
42469,2,1
373610,1,1
295501,0,2
339551,1,1
56212,0,0
4945,0,2
350190,2,0
365723,0,0
50226,0,2
219006,2,2
203224,0,2
261454,2,2
72996,2,1
130296,2,1
213971,2,1
240704,2,2
14621,0,2
140071,2,2
222174,1,1
109549,2,1
235011,0,1
160200,1,1
382630,2,2
356530,2,2
390043,0,2
273178,2,1
34286,2,2
227616,2,2
213734,2,1
236245,2,2
231210,2,1
24032,0,1
62476,2,2
85648,1,1
35183,0,1
222548,1,2
297854,2,2
137575,0,1
280879,0,1
227991,0,2
318698,1,1
272094,2,2
43232,1,1
197543,2,2
230004,2,2
302152,2,1
352258,2,1
207729,1,1
68524,0,2
238407,1,1
42234,0,2
360176,2,2
385435,2,1
112012,2,2
269741,2,2
268018,0,1
53926,2,2
142025,0,2
404047,0,2
203472,2,2
299646,0,0
94873,0,2
57514,2,2
179998,0,0
397824,0,2
328135,0,0
170295,2,2
28200,1,1
217771,2,1
12232,2,0
29900,1,1
392704,2,2
56872,0,2
258009,2,1
140411,2,1
236424,0,1
6465,1,0
119838,0,0
368765,0,2
106841,1,0
352137,2,2
214214,2,2
358283,0,0
173097,2,1
180374,2,2
391523,2,2
117908,2,1
291797,2,2
88670,0,0
47605,0,2
70450,2,1
39905,2,2
7163,1,1
144010,0,1
253373,2,1
241945,1,1
143213,0,0
52065,1,1
108631,2,2
115968,2,2
93187,2,2
334962,2,2
199201,2,2
373024,1,1
130102,0,0
208253,0,2
56425,2,1
350352,1,1
391660,2,2
217168,0,0
222218,1,1
31546,0,1
368996,1,2
194230,0,0
249696,0,2
182293,0,1
125135,2,2
190910,0,0
362720,2,1
364156,2,2
341493,2,1
166414,2,2
254889,2,2
395917,2,2
23499,2,2
243120,2,1
405669,0,0
40534,0,2
224996,1,1
167261,2,2
127093,2,2
95719,1,1
97843,0,0
221180,2,0
115826,2,2
154891,0,1
59318,2,2
264184,2,2
378260,0,1
288332,1,1
323358,2,0
149105,0,2
97730,1,1
216248,2,2
116707,2,2
391923,0,2
405628,0,2
33727,1,1
218793,0,1
11561,1,1
295979,2,1
38039,0,0
358001,0,2
371088,2,2
239209,2,1
371700,2,2
83383,1,1
249961,2,2
267268,1,1
204849,0,0
400751,2,2
140214,0,0
89194,1,1
6732,0,2
72223,0,0
363729,0,2
337374,1,1
78199,1,1
346775,2,2
195622,2,2
240436,2,2
190122,2,2
114358,2,2
302167,0,1
246019,0,0
272870,0,2
383531,0,1
62962,0,0
61541,2,2
199482,0,0
8616,2,2
13933,0,1
237112,0,2
130724,2,1
327960,2,2
112859,1,1
144119,2,2
405441,0,0
117592,2,2
14380,2,2
348221,1,1
204307,2,1
146438,2,2
310183,2,1
9933,2,2
103722,0,0
146417,0,0
254666,0,2
354598,1,1
263361,0,0
394148,2,2
365696,0,0
358189,2,2
549,2,1
365217,0,1
252534,2,1
322847,0,2
146634,0,2
27072,0,2
250156,0,1
299518,1,1
268204,0,2
54208,2,2
39886,2,2
185380,2,2
92799,0,1
310985,0,0
35615,0,0
394095,2,2
73182,1,1
258771,0,2
165873,0,0
309660,0,0
193613,0,1
99278,0,1
213339,0,0
117642,2,2
18741,0,0
62612,0,0
401565,0,2
186409,0,0
2424,0,2
168463,2,2
404662,2,2
311016,0,2
1698,0,1
350615,0,0
260685,2,0
400592,0,1
402786,1,1
69896,1,1
84854,0,2
281106,2,2
352894,2,2
210384,0,2
372049,2,1
278956,2,1
38902,0,2
30319,0,0
186101,1,1
160626,0,1
90147,0,1
12313,2,2
379817,1,1
65910,0,0
156074,2,0
224301,1,2
369894,2,2
398034,1,1
299861,2,2
357896,2,2
70151,1,1
265797,0,1
33319,1,1
57974,0,0
301936,0,2
161722,2,2
167637,0,2
95875,0,1
334064,1,1
116031,2,2
325925,0,0
251800,1,1
314901,1,1
397488,0,1
379733,2,2
223922,0,1
186720,1,1
380959,2,2
172845,1,1
324781,0,0
130605,2,2
345303,2,1
93087,1,2
71006,2,2
219907,2,2
266417,0,0
283880,1,1
367683,0,1
257301,2,2
317278,0,0
375006,0,0
336759,1,0
108898,0,2
244045,1,1
212621,2,0
19925,1,1
182433,1,1
358707,0,2
6526,2,1
236373,0,2
167567,0,2
401793,2,1
122374,0,1
119710,1,1
168992,2,0
94678,2,2
122316,0,2
181956,2,1
368452,0,0
166020,0,2
225000,1,1
297145,2,2
118195,1,2
106210,2,2
142820,1,1
340530,1,1
158601,2,0
371940,1,1
292924,0,0
10994,0,0
301937,1,1
126891,0,1
355110,0,1
37128,0,0
267999,2,2
248281,0,1
249293,2,2
20554,0,0
343344,2,2
182063,2,2
73777,1,1
66455,0,2
121867,2,2
50945,2,2
331373,1,1
73033,2,2
47397,2,2
343966,2,2
333453,2,2
93098,2,2
356280,2,2
370584,2,2
30603,2,2
288585,1,2
6277,0,2
153676,2,2
127882,0,2
207679,0,0
121098,2,2
296037,0,0
367622,2,2
375402,1,1
11628,0,0
279069,1,1
393313,2,1
84312,0,2
296924,1,1
30649,1,1
260531,2,2
380585,2,2
102898,1,1
404237,0,2
55724,2,2
4482,2,2
271354,2,2
157828,0,0
198564,0,0
152107,2,2
394066,2,2
109185,2,2
20918,1,1
318997,2,0
156722,2,2
68399,2,2
229916,2,2
5012,2,2
271772,2,2
113019,1,1
278592,2,2
156259,2,1
94409,1,1
305098,2,2
321525,0,0
273265,0,2
104561,1,1
404075,0,2
53029,0,0
42364,1,0
24076,0,0
394648,1,2
309960,2,2
42657,0,0
59778,0,1
52516,2,2
189546,1,1
349104,0,2
294903,2,2
25314,0,2
98502,0,0
221173,2,2
163014,2,1
239679,2,1
66316,2,2
27009,2,1
316062,0,0
145085,1,1
264195,0,0
246389,0,0
198281,2,0
77836,0,2
23810,2,2
48937,2,2
398498,2,2
59630,0,1
89383,0,0
368592,2,2
245411,2,2
205480,2,1
327754,1,1
166875,0,2
401690,2,0
340036,0,0
194358,1,1
303762,1,1
20897,2,2
103201,0,1
199146,2,2
243103,0,1
231274,2,2
350740,1,1
246328,0,2
226752,0,2
243854,1,1
39260,0,0
170391,2,2
180144,2,2
382779,2,2
19095,2,2
295805,2,2
358428,2,2
80173,2,2
128175,0,2
334,0,1
278916,0,0
213848,2,2
177624,1,1
9223,0,1
375161,0,0
178606,2,1
136334,0,2
380870,2,2
200533,1,1
211195,1,1
276142,0,2
252225,2,2
140583,2,2
14051,0,0
340433,2,2
307639,0,1
66912,1,1
122380,1,1
273206,0,1
181139,0,2
120833,2,2
242065,2,1
290287,2,2
120657,0,1
8153,0,2
226561,1,1
110204,0,2
73160,2,2
194846,2,2
347289,2,2
171769,0,2
150884,2,2
401063,2,1
160664,2,2
308556,0,0
244121,2,2
132272,2,2
81580,2,2
354878,2,2
11559,1,1
13520,2,2
45054,2,2
370625,1,1
403720,2,2
52205,0,0
70107,2,2
260792,0,0
315188,0,2
91877,2,1
205693,2,2
196975,2,2
225319,0,2
102991,1,1
345613,0,1
256256,1,1
147539,2,0
279624,2,2
89771,2,1
369208,1,1
55484,0,0
330147,1,1
77524,2,2
212830,2,1
380008,0,0
234313,2,0
147501,2,2
366892,2,2
111611,2,2
371837,0,2
224191,0,0
260037,0,1
140239,2,1
405198,0,0
214512,1,1
400706,2,2
161734,0,2
313573,0,1
233612,0,0
105421,1,1
160515,0,2
98474,0,0
79334,0,2
221283,2,0
330827,1,1
337291,0,1
283767,2,2
327906,2,2
386,1,1
5886,2,1
274263,0,0
317853,2,2
120118,0,1
386480,2,2
162656,0,1
32182,0,1
399173,2,2
160861,2,2
258049,0,2
196533,2,2
17776,2,1
378106,0,0
319533,0,1
150356,1,1
183768,1,1
264003,0,1
62632,1,1
235116,0,2
354458,0,2
373410,2,2
391375,2,2
286732,0,2
10698,2,2
104213,0,0
371738,0,2
137949,2,2
331862,1,1
330355,2,2
264680,2,2
298727,0,0
219343,0,0
397583,0,2
14243,0,2
309762,2,2
390385,0,0
46367,2,0
155701,0,0
89597,0,2
118211,2,2
350456,2,2
225662,2,2
59353,0,2
392945,0,1
355464,0,0
135920,2,2
185579,0,0
22012,0,2
300332,2,2
183732,1,2
238707,2,2
399947,2,1
154899,0,2
103030,2,1
136548,0,0
220803,2,1
301955,0,0
332672,0,0
364995,0,1
372559,1,1
77146,1,1
290140,2,2
224039,2,2
98563,2,1
145178,0,2
373325,2,2
191888,2,0
317123,0,2
83218,1,1
46623,0,2
370191,0,2
266254,1,1
142743,2,2
379667,0,2
279659,2,2
112288,0,2
83076,0,2
368192,2,2
246431,0,2
199440,2,1
362435,1,1
135357,1,1
72710,1,1
103219,2,2
246845,2,2
187639,2,2
277704,1,1
100914,1,1
310610,1,1
99231,0,1
265839,2,1
342831,0,2
351398,0,2
298607,2,2
301986,2,2
392659,1,1
58389,0,1
59446,1,1
114499,2,2
136993,2,2
144126,2,2
343457,2,2
304429,1,1
223031,2,2
323193,0,0
338037,2,2
163230,2,0
361498,2,2
215328,2,1
30433,2,0
387723,2,2
373934,0,1
401174,1,1
201022,2,1
162768,2,1
86033,2,2
83669,2,2
333559,2,2
366748,1,1
188093,0,0
395422,2,1
13320,2,2
376299,1,1
196953,1,1
25506,2,2
226009,1,1
378702,1,1
302688,2,2
99931,2,2
158355,2,2
100421,0,2
139332,1,1
77493,2,2
237137,2,1
202874,2,2
285664,1,1
202143,0,1
279142,0,2
225152,2,2
16339,2,2
202619,1,1
292890,2,2
147730,2,2
345158,2,2
73396,0,0
286295,2,2
215998,1,1
53564,2,0
227721,1,1
311459,2,2
260760,0,1
11583,2,2
370359,2,2
339492,0,0
13671,2,1
352544,0,2
372758,0,2
128683,0,1
267751,1,1
380326,0,2
146984,1,1
319589,0,2
349765,2,0
379428,0,1
239585,2,2
262634,0,2
116076,0,1
85329,2,2
208341,0,0
404919,2,1
98012,2,1
395511,0,2
260233,2,2
277769,0,0
152885,1,1
323959,1,1
379755,0,0
301464,2,2
307804,2,2
348355,0,2
111233,0,1
5288,0,2
334473,2,2
9133,2,2
128343,0,1
118806,1,2
282464,1,1
278545,0,0
390373,0,0
198073,1,1
406119,2,1
338466,2,2
116922,2,0
285941,0,2
280554,0,1
349828,1,1
57126,1,1
161709,2,2
56882,0,2
248133,2,2
83796,2,2
166310,1,1
232712,2,2
209585,0,2
388309,2,2
150861,0,0
101496,2,2
268724,2,2
304863,2,0
365953,1,1
308554,0,2
214183,1,1
276388,2,2
182269,2,2
235574,0,1
67292,2,2
203034,2,2
388668,0,1
17431,0,0
253654,1,2
123481,2,2
70316,2,2
8676,2,2
332390,2,2
43845,2,2
379231,0,1
346490,0,2
134922,0,2
132015,0,2
24229,2,0
222680,2,2
299787,2,2
103719,2,2
79911,1,1
397409,2,2
130973,2,2
384962,0,1
131724,2,1
199367,2,2
350960,2,2
304936,0,2
205397,0,0
60219,2,2
156172,2,2
404993,0,1
341564,2,2
1628,0,1
195365,0,2
284220,0,0
45342,0,2
354043,2,0
269633,1,1
278336,0,2
101495,2,2
361834,0,0
292691,2,2
345959,2,2
180282,0,1
38761,1,1
363422,0,0
153100,2,2
222229,2,2
79745,0,1
246817,2,1
294609,0,2
287384,2,2
333520,2,2
352246,0,0
356064,2,2
233917,0,2
179601,0,0
252076,2,2
154173,0,2
227862,2,2
324748,2,2
97137,1,1
271218,2,0
307043,2,2
50692,0,2
101835,0,2
257059,1,1
152042,2,2
131392,2,2
196592,2,2
188021,0,0
184456,2,2
271109,0,0
144471,2,2
234473,2,2
317225,2,1
304785,0,1
372645,0,2
306770,2,2
214457,0,1
346685,0,0
91035,0,2
108804,2,2
199613,0,1
90616,0,2
105947,0,0
10269,2,2
317694,0,0
210200,2,2
249381,2,2
40522,1,1
288627,2,2
55003,1,1
48138,0,2
212734,0,1
234369,2,2
217482,2,2
128021,2,2
187378,2,2
370939,0,2
157949,2,1
260245,0,2
132371,2,1
277453,0,2
203786,2,0
35827,1,1
200174,0,2
88879,1,1
164826,0,2
343436,2,2
251748,0,1
53885,2,1
68269,0,0
48876,0,0
114089,0,1
187496,2,2
147192,2,2
281861,0,0
115635,2,1
77566,2,1
329905,1,1
238662,1,1
79917,0,0
92898,1,1
339082,1,1
336582,1,1
115161,0,2
130237,2,2
335124,2,2
327026,0,1
290931,2,2
155951,1,1
246940,2,2
67981,2,2
89999,2,2
195083,1,1
305672,0,2
217512,1,1
198580,2,2
85703,2,2
311411,0,2
338384,2,2
25730,0,0
380541,2,2
301709,1,1
391193,2,2
235806,1,1
349725,1,1
296553,0,0
29656,1,1
401022,2,2
144362,0,2
19004,2,1
214730,0,2
258560,0,0
122610,1,2
140311,0,0
110570,2,2
393043,2,2
36109,0,2
56668,0,1
263476,0,2
216223,2,2
146293,0,0
140698,2,2
129849,1,1
313245,0,2
27192,2,2
127130,1,1
294267,2,2
246077,0,1
41320,2,1
146542,2,2
104564,2,2
153705,2,2
389742,0,2
362374,1,1
14074,1,1
156323,2,1
235785,1,1
96487,0,0
122902,2,1
263985,1,1
345045,2,2
385883,2,2
371205,2,2
87658,2,2
131875,2,1
203732,2,1
258303,2,2
260312,2,2
86758,2,2
308646,0,1
55766,0,0
101172,1,1
67434,2,2
189771,2,2
163673,0,1
186588,2,2
375020,0,1
344235,2,2
209251,2,2
77713,0,0
359215,0,2
78817,2,2
117565,0,2
169575,2,2
256761,2,2
91883,0,2
247853,0,0
153816,0,1
194971,2,1
109008,1,1
105088,2,1
218533,0,2
220515,0,0
222422,0,0
240567,0,2
269031,2,1
315285,0,1
243009,0,2
377232,2,2
325319,0,2
229019,0,0
15551,1,1
176047,1,1
200135,0,2
69842,2,2
348064,0,2
98344,0,0
224019,2,2
52790,1,1
382714,2,2
379277,0,0
279973,0,2
48092,0,2
43744,1,1
104729,2,2
62485,2,2
133468,0,2
115368,1,1
241120,1,1
172473,1,1
303075,2,1
111060,2,2
329457,1,1
336178,1,1
246285,2,0
264685,0,0
98173,2,2
291338,2,1
336790,0,0
131191,0,1
391826,2,2
19,2,2
161098,1,1
155421,2,1
378351,0,2
205230,0,2
289927,2,2
340187,2,2
131532,0,0
295743,1,1
114068,2,2
248500,2,2
273742,1,1
36749,1,1
180968,2,2
172073,0,2
163231,1,1
366233,2,2
211386,0,2
241567,2,1
60050,2,2
281088,0,2
333182,0,2
75392,0,2
334349,2,2
83182,2,2
193919,2,2
264365,0,1
385092,0,2
151033,0,0
172767,0,2
247087,0,2
327818,2,1
24053,2,2
131357,2,1
119948,0,0
216468,1,1
348344,1,1
265799,0,1
198074,1,1
326157,2,2
326275,0,0
7974,0,1
348974,0,2
185319,2,2
310783,0,1
186882,2,2
47318,1,1
66603,0,0
72457,2,2
292249,0,0
105788,1,2
143392,2,2
67784,2,2
145224,1,1
311512,2,2
281899,0,2
177807,2,2
198765,2,2
217872,2,2
106347,2,1
96342,1,1
372684,0,0
91296,2,2
241032,2,2
77160,2,2
289433,0,1
287006,0,0
63852,0,0
132815,0,1
457,0,1
292422,0,1
361638,2,2
71079,0,2
211320,0,0
326088,2,2
218494,2,2
203818,1,2
191040,0,2
339744,2,2
28554,2,2
198140,1,1
98983,0,0
162017,2,1
47364,2,2
100817,0,0
148994,2,2
219507,1,1
325589,2,0
141304,2,2
378548,2,1
91874,0,0
74786,0,1
380152,2,1
9720,2,2
305456,2,0
395263,0,1
403798,0,1
305162,2,2
51360,1,1
294632,1,1
156425,2,2
386829,2,2
118232,1,1
346307,2,2
244426,2,2
342739,0,1
318354,0,0
342058,2,2
185257,2,1
76733,2,1
353200,2,2
15921,1,1
360481,2,2
398547,2,2
51808,0,2
95307,2,2
59427,0,0
198005,0,2
114698,2,2
201531,1,1
368152,0,2
233060,0,0
123625,0,1
357510,0,1
324002,0,2
377417,2,2
223750,1,1
358578,0,2
184421,0,0
118814,2,2
186020,2,1
23128,0,0
298207,1,2
127738,2,2
377008,1,1
260523,2,2
16197,2,2
253011,1,1
333909,1,1
308612,2,2
399339,0,2
364463,1,2
106244,1,1
386514,0,1
257429,0,1
285338,0,0
208220,0,2
180572,0,1
334269,0,0
364459,0,1
255739,2,2
36927,0,2
337493,2,0
163041,0,0
272259,0,0
11309,2,2
52712,0,0
10519,0,1
393960,0,2
301784,0,2
125504,1,1
262503,1,1
89465,1,1
47353,2,2
216134,1,2
351144,2,2
190478,0,0
324606,1,0
339451,2,2
8981,0,2
143859,1,1
315992,2,2
193147,1,1
371988,2,2
116919,2,2
215634,2,2
120380,2,1
29873,1,1
28103,1,1
270973,0,2
18268,2,2
33401,2,2
259910,1,1
159141,1,1
356130,2,1
333770,1,1
196524,2,1
391629,2,2
26884,2,2
338628,0,2
145734,0,0
232274,1,1
321383,0,2
305631,2,2
394161,1,1
360125,2,1
276363,0,2
180175,0,1
356806,0,1
45739,0,0
50067,2,2
95557,0,0
324131,0,2
73199,2,2
358616,2,1
87129,2,0
261722,0,2
161033,0,2
303155,0,0
54782,0,2
274874,2,2
162655,0,0
102318,2,2
262678,0,2
227633,0,2
228708,2,2
10846,0,2
44511,2,2
338081,0,1
138479,0,0
304307,0,0
261596,2,2
77608,0,2
172302,0,1
195120,0,0
61627,2,2
23568,2,1
157049,0,1
192077,2,2
264192,2,2
169914,2,2
32475,0,2
291046,0,0
379847,2,2
133480,0,0
309799,0,1
279588,0,1
131715,2,2
67194,1,1
243545,2,2
199765,1,1
190976,1,1
357348,2,2
353134,2,2
330586,2,2
69852,2,2
1460,2,1
27085,2,1
62357,2,2
337868,2,2
63423,2,2
183059,0,2
229694,0,0
267285,1,1
9460,1,1
312957,2,2
86337,0,0
234157,0,1
283608,1,2
42082,2,2
328209,1,1
232434,0,0
380559,2,2
322295,1,1
93051,0,1
220746,1,1
357181,0,1
308753,1,1
222748,0,1
246159,2,2
224306,0,0
94098,2,1
370720,2,0
367342,0,0
213850,0,0
206508,0,1
220149,2,1
367122,0,0
63850,0,2
169683,0,2
23538,2,1
15736,2,0
168273,2,2
262472,2,2
384547,2,2
392780,2,2
116393,0,2
176539,0,2
8930,0,2
152300,1,1
355445,0,2
313467,0,1
47848,0,0
81345,2,2
64635,0,0
50290,1,2
186811,1,1
21187,0,2
203248,1,1
401064,1,0
248952,2,2
309472,0,1
161662,0,0
316038,2,2
395347,2,2
173186,2,2
371480,2,2
265534,2,2
364402,2,2
101745,2,1
158354,0,0
325552,2,2
37351,2,2
216363,2,1
336213,0,1
281744,0,0
199361,1,1
250046,0,0
27175,0,2
180476,0,2
354680,0,0
181694,0,1
97117,1,1
253143,0,0
225815,0,0
71367,0,0
372845,0,2
265021,0,2
160542,0,0
397370,2,2
193678,2,2
115035,2,2
275800,0,1
272803,2,2
246054,1,1
171872,0,2
25824,0,0
186827,0,1
376110,1,1
146390,0,2
346240,2,1
390523,0,1
275217,2,1
260964,2,0
175259,1,1
13980,0,2
223433,1,1
327166,2,2
66490,0,1
203338,0,0
83928,0,2
169348,0,1
171227,2,2
212191,2,2
13910,0,0
312559,0,2
178828,0,1
95949,0,1
340121,1,1
161958,0,0
124715,2,0
36174,1,1
70574,2,2
389058,2,2
403360,1,1
136834,0,0
164405,1,1
185643,0,1
368110,0,0
406206,1,1
125287,1,0
3666,2,2
124568,0,0
141827,2,2
18244,0,0
398537,1,1
266904,2,2
369572,1,1
10985,0,1
239272,1,1
384786,0,2
310778,0,0
382876,2,1
315816,0,2
121150,0,2
248497,2,2
74298,2,2
155973,2,2
306885,2,2
358067,0,0
364607,0,0
359212,0,2
32358,0,2
15072,2,1
270134,0,1
346335,2,2
242920,2,2
111392,0,0
352869,2,2
139543,2,2
186494,0,2
235026,2,2
73867,2,2
249889,2,2
22118,2,2
324883,2,2
225994,2,2
187866,2,2
220007,2,2
49272,1,2
6325,2,2
299699,0,2
29792,0,1
178138,1,0
311004,1,1
118080,0,0
108108,2,2
48557,2,2
204135,0,0
108595,0,0
108976,0,0
102021,0,1
171501,1,2
181838,0,0
335508,2,0
294737,0,1
370607,1,1
16269,2,2
284766,0,0
370279,0,0
131237,2,2
16900,2,2
388872,0,0
56070,0,1
342004,2,2
157184,1,1
71821,2,2
343601,2,2
82076,0,0
49619,0,0
70295,2,2
124941,2,1
162297,0,1
351980,2,0
326174,1,1
344100,0,0
140624,2,2
400801,1,1
115831,2,2
66165,0,0
315105,0,1
773,0,2
167629,0,0
388611,0,2
193057,2,2
274932,2,2
23942,2,2
249471,2,2
223117,1,1
74762,2,2
384300,1,1
17365,1,1
364714,2,2
110257,1,1
158547,2,2
367953,1,1
175934,2,2
178009,0,0
354381,1,1
331329,0,1
18405,0,2
234534,2,2
302108,0,0
244855,2,2
241290,0,0
331431,2,2
262243,0,2
404548,0,2
36943,2,2
397254,1,0
158708,0,2
241340,0,1
385655,2,2
305431,1,1
81794,2,2
375689,1,1
385300,2,2
403879,1,1
91310,2,2
158602,0,1
45214,2,0
10692,1,1
93861,2,2
191304,0,0
325035,1,1
367358,1,1
304353,0,1
380825,0,2
402701,1,1
358799,0,0
372403,0,0
102226,0,2
374600,0,0
103235,2,2
153246,2,0
243971,2,2
256692,2,2
49714,1,1
237641,0,2
11055,2,1
384721,0,0
223303,0,2
330713,0,1
337356,2,2
355518,0,0
371030,0,0
389524,2,0
99648,2,2
130297,0,1
49530,0,1
172757,1,1
231462,1,1
4930,2,2
319779,0,0
112043,2,2
96861,0,0
234528,0,2
8337,2,0
75712,2,2
351733,0,0
129924,0,2
271828,0,2
243135,2,2
394852,2,0
335567,2,2
12988,0,0
225530,2,2
179622,2,2
30060,0,1
37154,0,2
266370,1,2
151823,1,0
20182,0,2
24276,2,1
159014,0,1
212752,2,2
258264,2,0
71219,0,2
224915,2,2
382547,1,1
359619,2,2
79483,1,1
18776,2,2
312866,2,2
149409,2,2
290879,1,1
143936,0,2
362687,0,2
337833,1,1
82777,0,2
122212,0,0
206229,0,2
45938,0,2
102627,2,2
86302,2,2
385401,1,1
366359,2,2
272697,2,1
56160,2,2
193602,2,1
373994,0,0
67830,2,2
274733,0,0
3642,2,2
79357,1,1
252345,2,2
176112,2,2
261578,2,1
18950,1,0
164413,1,1
305093,0,0
204324,2,2
248931,2,2
103300,2,1
211676,0,1
280250,0,2
241833,2,2
42374,0,2
136825,0,0
94793,2,2
157893,0,1
350105,2,2
102006,2,2
276898,2,2
242967,1,1
365555,1,1
331583,0,2
59860,0,0
309986,0,0
48243,0,1
295309,2,2
323445,1,1
117629,2,2
78801,2,2
81610,2,2
89692,0,0
133192,0,2
351012,2,2
46794,0,0
68893,2,2
305499,0,0
215719,2,2
151583,0,2
279013,0,0
229558,0,0
253410,2,2
334128,0,0
394417,2,2
194352,0,2
354507,2,1
306614,0,0
110040,2,2
119742,2,2
315362,1,1
199604,2,2
390815,0,0
364782,2,0
219106,2,2
277929,2,2
241667,2,2
282457,0,1
365151,0,0
272241,2,2
17667,0,2
147585,2,2
268437,2,2
218477,1,1
319875,2,2
206545,2,2
47165,1,1
43802,2,0
74468,2,1
354622,2,1
148599,0,0
319579,0,1
123141,1,2
226061,2,1
197618,2,2
11868,0,0
28761,0,2
90505,0,1
75791,2,0
196031,0,1
157074,2,2
145212,0,0
221524,2,1
29274,2,0
301586,1,1
43667,1,0
60899,2,2
62777,0,2
20974,1,1
337199,0,0
333626,2,2
287038,0,1
102358,2,2
361769,1,1
299937,2,1
342050,2,2
235582,1,1
185610,2,2
376888,0,0
123744,0,0
135630,2,2
185636,0,2
14749,2,2
127555,2,0
244294,2,1
275163,0,1
280819,1,1
229183,2,0
122040,2,2
76450,2,2
171176,2,2
180440,0,1
56966,0,1
107616,2,0
363196,2,2
285690,2,1
238609,2,2
30257,0,1
210622,0,1
138147,0,0
361821,2,1
393867,0,2
32695,0,0
219270,1,2
70092,2,2
232667,2,2
354744,2,2
267082,2,2
343485,2,2
362801,1,1
310249,0,2
91405,0,0
143720,0,0
116840,2,1
229245,2,2
176981,2,2
375252,0,2
61508,2,2
215579,2,2
35826,2,2
111045,2,2
301488,2,2
82916,2,2
155319,1,1
251409,1,1
307093,2,2
182411,2,2
252936,1,1
57096,2,2
281000,1,1
347260,2,0
172892,1,1
399148,1,1
387116,1,1
232049,1,1
261076,2,2
122998,1,1
59219,1,1
398338,1,1
208625,2,2
112980,0,1
228507,0,0
37503,2,2
111727,1,1
194184,2,2
175067,2,2
181615,1,1
307859,0,0
327858,1,0
206291,0,2
103864,2,2
328567,0,0
262063,2,1
37401,0,2
180384,0,2
277339,2,2
213476,0,0
117084,2,0
122237,0,2
355094,2,1
131690,2,2
349456,2,2
373844,1,1
130702,0,2
402481,1,1
383801,2,2
176118,0,2
378689,2,1
170332,0,0
344272,0,2
377681,2,2
322074,0,0
332066,0,0
20864,0,2
343775,2,2
225881,2,1
217772,0,1
236761,0,2
357652,2,2
116578,2,2
280129,0,2
357516,0,0
37966,2,2
339266,0,1
197798,0,1
130553,2,2
237282,0,0
221000,0,2
317606,2,2
44604,1,1
375864,0,0
245872,2,1
290845,2,2
138083,0,0
309362,2,2
365038,2,2
279368,0,1
288985,2,2
374481,2,2
232257,0,1
63147,0,0
82200,2,2
1584,0,1
261061,2,2
181390,2,2
198677,0,0
101428,2,2
186558,1,1
207695,0,2
365450,2,2
252803,2,2
5029,0,0
362102,0,0
203967,0,0
274945,0,1
306500,0,1
357368,2,2
38807,2,2
333319,0,2
38417,2,2
16151,2,1
155926,1,1
334467,2,2
343850,2,2
22811,2,2
54263,1,1
242316,2,2
49691,2,2
182729,2,2
48303,2,1
132906,2,1
324518,2,2
290202,0,2
222146,1,2
80053,2,2
26726,2,1
154692,2,2
240192,2,2
89108,2,2
137808,1,1
404920,2,2
143888,1,1
212987,2,2
333674,0,0
63670,2,2
149833,2,2
405345,0,1
282615,1,1
308509,2,2
7012,2,2
101678,0,1
2187,0,1
99485,2,2
93686,0,0
20542,2,2
338850,1,1
394177,2,0
149940,0,2
153329,2,2
86563,2,2
156530,2,2
261695,0,0
141551,2,2
364319,2,2
159281,0,0
34877,2,2
50499,0,0
37483,0,2
57791,0,2
318771,0,1
316907,2,0
254589,2,1
333451,2,2
401571,0,0
69638,0,0
174945,2,2
214712,2,2
393287,0,0
140160,1,1
351476,2,2
28557,0,1
358795,2,2
351210,0,2
341259,1,1
263184,2,2
340748,0,2
182554,1,1
296370,0,2
256002,2,2
308926,0,0
146929,2,2
126611,2,2
288955,2,2
359582,2,2
110043,2,2
97210,2,2
206140,0,0
213290,1,1
108066,2,2
151314,2,2
309449,1,1
356645,2,2
99127,0,2
255254,0,1
344079,0,1
363860,2,2
309991,0,0
187608,0,2
19174,0,2
193968,1,2
343602,0,1
144147,0,2
352914,2,1
324146,1,1
232504,0,2
93600,2,1
284996,0,0
204161,0,2
173405,1,1
7844,2,2
94646,0,0
72218,2,2
344768,1,1
12481,1,1
275524,2,2
199650,0,2
170339,0,0
21754,0,2
100667,2,2
371080,0,1
305068,1,1
115303,0,2
270629,0,2
232351,2,2
156237,2,2
360729,0,0
401412,0,2
14101,0,0
183461,0,1
213417,2,2
58228,2,2
157973,1,1
238891,2,2
341474,0,2
321323,1,1
128568,2,2
395478,2,0
232193,0,1
218583,1,1
157018,2,2
365559,0,2
248322,2,2
194130,2,1
41043,2,2
45802,2,2
233601,0,0
43260,0,2
281113,2,1
268058,1,1
363413,2,1
48786,1,1
200997,0,1
215131,0,1
307359,0,2
240285,1,1
360383,2,2
52217,0,1
387838,2,1
203550,0,2
89755,2,1
359766,2,2
221218,2,2
353520,2,2
93544,0,1
110878,0,2
9635,0,1
242190,1,1
305787,2,2
34548,0,2
151929,0,0
193482,2,1
399287,2,2
306699,1,1
38304,1,2
135706,2,1
292665,2,2
104106,2,1
136878,0,0
50364,2,2
37559,0,2
86966,2,2
251096,2,2
45912,0,1
224623,1,1
327083,2,0
147961,2,2
81529,2,2
155806,0,0
116071,2,2
176424,2,1
171593,2,1
326881,1,1
378389,2,2
232902,0,0
225655,2,2
82580,2,2
22728,1,1
38531,2,2
355484,2,2
249600,2,1
388623,2,2
15409,0,0
130907,1,1
122541,0,2
223511,0,0
104435,2,1
59665,0,1
1210,0,0
151527,0,0
367960,2,1
20124,1,1
173909,2,2
170678,2,1
14117,2,2
226585,0,0
346057,2,0
40085,0,0
318254,1,1
359000,1,1
370505,0,0
332271,2,2
89742,1,1
297689,2,2
39590,1,1
298263,2,1
7037,2,2
144549,2,1
327306,2,1
178684,2,0
356428,2,2
385722,0,2
344293,2,2
227163,2,1
13654,1,2
325043,2,1
327731,0,2
15673,2,2
6421,0,2
196566,2,1
234198,2,2
192985,2,2
184319,2,2
401138,0,2
183545,1,1
103467,0,0
203934,2,0
266811,0,2
266533,0,2
405389,0,0
144350,2,2
40657,0,2
265981,1,1
120093,2,2
68129,2,2
258645,1,1
219473,2,2
167781,1,1
29534,0,1
301209,0,2
172734,0,0
375142,2,2
112623,2,1
126289,1,1
82949,0,2
264262,1,1
247368,0,0
150331,0,0
394529,2,2
57654,2,2
386581,2,2
99038,0,0
97707,2,2
102674,1,1
369128,2,2
368196,2,2
24897,2,2
138584,1,1
64376,2,2
94521,2,2
64208,1,1
264707,1,1
223215,2,2
170839,2,1
192835,2,2
385706,2,1
69112,1,1
88447,0,1
88930,0,0
90192,1,0
191948,2,2
331403,2,2
323139,2,2
370905,2,0
253746,2,2
14528,0,2
185806,0,0
301355,1,1
152945,2,2
345619,1,1
177985,2,2
103203,0,1
181978,1,1
242334,2,2
388030,2,2
35966,2,1
352735,0,0
373353,2,2
125454,0,2
327041,0,1
16633,2,2
404877,2,1
339427,2,1
218077,2,1
51817,2,2
366860,1,1
302651,2,1
152626,0,2
376753,2,2
303418,2,1
271250,1,1
232391,0,2
260616,2,2
105869,0,2
114221,0,2
145236,0,0
189687,0,0
325607,0,1
380536,1,1
197729,0,2
14984,1,1
15726,2,2
165075,2,2
136719,1,1
165511,2,2
32814,2,2
32890,0,0
97431,2,2
207779,1,1
35728,0,1
134077,2,0
255408,0,1
221781,0,1
234591,1,1
37353,1,1
210242,2,1
353727,1,1
120794,0,1
325569,0,2
179967,2,2
361312,1,1
276687,1,1
397182,0,2
186938,0,0
224184,2,2
186086,2,2
242325,2,1
98785,0,2
400019,1,1
83684,2,2
61818,2,2
401773,1,1
329930,2,1
69593,1,0
266330,0,1
257470,0,2
102283,1,1
13937,0,0
132373,0,0
96264,0,0
174366,1,2
395753,2,1
171803,2,2
198278,2,2
108954,0,1
262310,0,2
183369,0,2
280243,0,1
320590,2,2
319771,2,2
287677,0,0
72001,0,0
369405,2,2
181016,1,1
221521,1,1
235597,2,2
328703,1,1
166165,0,1
163205,0,2
316419,1,1
397294,2,1
98879,0,1
47657,2,0
99340,2,2
333062,1,1
265157,0,2
178443,1,1
149479,2,2
311543,2,1
383519,2,2
397885,2,2
200357,1,1
172633,2,2
41867,1,1
89698,2,0
87306,2,1
404454,1,1
134778,2,2
83134,0,0
184469,2,0
33626,0,2
185891,2,2
222258,2,2
289664,2,2
187514,1,1
64035,2,2
190772,2,2
316487,2,1
262431,2,1
329742,2,1
184069,2,1
353381,0,0
108677,0,2
246182,0,0
214884,2,0
235928,0,0
239334,2,2
390313,0,0
66555,0,1
34526,0,1
109174,2,2
110439,1,1
324181,2,2
297570,2,2
166827,1,1
226593,2,2
4696,0,2
146577,0,1
129381,2,1
224619,0,0
130282,2,2
399934,2,2
65186,0,2
228171,2,1
337909,2,0
166119,1,1
285666,2,2
326560,2,2
274710,0,1
400269,2,2
185053,1,1
284678,0,1
349930,2,2
19552,1,1
124398,2,2
268370,0,0
381965,2,1
105722,2,1
284498,0,0
171067,0,1
48977,1,1
277989,0,2
399494,2,2
236471,0,0
208562,0,2
232281,1,1
228077,0,2
169795,1,1
359254,2,2
260302,0,2
56630,0,0
127875,1,1
127699,0,1
8020,2,2
320679,2,2
321248,2,2
161352,0,1
285132,1,1
262286,0,1
361338,0,2
261515,0,2
199145,2,1
236596,0,2
80228,2,2
361945,0,0
110960,0,0
313997,2,1
346978,2,2
185584,0,1
175597,0,2
254742,2,1
111375,2,0
19987,0,2
363536,2,1
241973,1,1
5686,2,2
135311,0,2
25607,0,2
359142,0,0
340646,0,2
98535,2,2
48922,0,0
137733,2,0
24650,0,2
288674,2,2
243156,0,0
280280,2,2
312806,2,2
37463,0,0
226141,2,2
26358,1,1
332117,2,1
282575,0,0
222281,2,1
163582,0,0
71908,0,1
143422,2,2
276720,0,0
34908,0,1
165924,2,1
308226,0,0
352939,2,2
383913,0,2
13907,2,1
137261,2,2
372667,0,2
51447,2,2
212082,0,1
135066,1,1
113258,2,1
231985,1,1
354942,2,2
216820,1,1
289452,1,1
18835,0,1
149324,1,1
341910,0,0
234748,2,1
210655,1,1
253253,2,2
60324,0,2
354202,1,1
158475,2,2
236646,1,1
190653,2,1
254560,2,2
349519,0,1
74798,0,2
402797,2,2
374422,0,2
53633,2,0
187712,1,1
357720,2,2
177278,2,2
312610,0,1
290958,0,0
132676,2,2
224524,1,1
395192,2,0
350963,0,2
57527,0,2
224997,2,2
156268,0,0
260987,1,1
239099,0,2
370835,2,2
349675,0,2
19324,2,2
393155,2,2
329845,1,1
67406,1,1
12118,2,2
360528,0,2
222788,2,2
296661,2,2
3413,2,2
107578,2,2
219404,0,1
34241,2,2
128073,2,1
154918,2,2
92977,2,2
4489,2,1
280227,2,2
353534,0,0
35535,1,1
249916,2,2
358755,1,1
294852,0,0
309840,0,2
232803,0,0
255645,0,0
60379,0,1
76722,2,2
250561,2,2
37634,0,1
120664,1,1
241512,0,0
300228,0,0
224063,1,1
347010,2,2
314271,1,1
193811,0,2
367949,2,1
146004,0,2
197432,2,2
249589,2,2
305699,1,1
153077,0,0
374342,2,1
301357,2,2
85192,2,1
358637,1,1
220374,0,2
17822,0,2
93282,2,2
270762,2,2
55765,0,0
223444,0,0
234710,1,1
285408,0,1
268251,2,2
40664,2,2
358258,0,2
30349,1,1
201091,2,2
238143,2,2
121772,2,2
381417,2,2
358965,2,2
345418,2,2
329284,0,2
11244,0,0
173910,1,2
259852,0,0
39824,0,2
331137,1,1
201664,1,1
358018,0,2
2438,0,0
214449,1,1
257527,2,2
399908,1,1
205304,2,2
86851,2,1
283030,2,2
304022,2,2
71205,1,1
196902,2,0
34663,2,2
215630,2,2
166291,0,0
59404,2,2
80750,2,2
293050,0,0
342939,0,2
280550,2,1
11364,0,1
310308,2,1
370973,1,0
254892,2,2
96532,2,2
40566,0,0
103910,0,0
16093,2,2
247209,1,1
392717,0,2
291110,2,2
91250,2,2
160869,0,0
90476,2,2
316446,0,1
296383,2,2
95213,0,1
117177,2,1
266428,2,0
282767,2,1
365365,0,1
7944,1,1
89291,0,2
138534,0,0
193415,1,1
197494,2,2
321553,2,2
100103,2,2
354700,2,1
312940,2,2
168420,2,2
101246,1,1
217493,2,2
24288,2,2
239317,2,2
281843,1,1
377387,1,1
21531,0,2
305543,2,2
357632,0,0
365777,0,1
293582,0,0
31386,2,2
87572,0,1
287561,2,2
271944,2,2
132059,2,2
11236,0,2
90277,0,1
151394,2,2
33752,1,1
84142,0,1
272005,0,0
91931,2,1
23728,0,0
23881,2,2
50383,1,1
216168,0,2
296097,0,2
137306,0,2
29860,1,1
218299,0,0
342602,1,1
212849,2,2
70192,2,2
223056,0,0
396156,2,2
405154,2,2
214438,2,2
265064,1,1
171831,1,1
63184,2,2
329024,0,1
378736,1,1
49977,2,2
265720,2,1
287126,1,1
42368,1,1
247913,0,2
82603,1,0
286866,2,2
310774,2,1
401153,2,2
362737,2,2
322519,2,2
307976,2,2
181726,2,2
8194,2,2
168825,1,2
268572,0,2
266193,2,1
364592,2,2
130410,2,1
363923,1,1
283321,2,2
66785,2,2
106765,0,1
163630,0,0
377162,0,1
165455,2,2
334611,2,2
75229,0,2
157137,2,2
376465,2,2
63831,0,0
14988,2,2
249620,0,1
405892,0,2
179604,2,2
110325,0,0
174014,0,0
4738,1,1
166488,2,2
349716,2,2
396413,2,2
299628,2,2
305744,1,1
159062,2,2
357829,0,0
154543,0,0
7265,2,1
137084,0,2
390034,2,2
241492,0,0
360092,0,0
172297,2,2
105220,2,2
60589,0,2
216713,2,2
286192,2,2
170351,0,1
328936,2,2
129248,0,1
254580,0,1
11058,0,2
53438,0,0
308503,0,1
351841,0,2
300541,0,2
402998,2,2
114968,0,0
299219,2,1
145830,2,2
201717,2,2
360507,0,0
51087,0,2
258204,2,2
350579,1,1
1308,2,2
204379,2,1
314561,2,1
399912,2,2
228464,2,1
365601,2,2
29988,0,2
310710,2,2
268374,0,2
36628,1,1
141576,2,2
401314,0,0
269579,2,2
378580,2,2
88773,0,2
163819,0,0
259115,0,2
111601,2,2
15307,1,1
200388,2,2
92810,1,1
404259,2,2
91851,2,2
39293,2,2
116136,0,0
380349,1,1
263871,1,1
269744,1,1
129353,0,0
125402,0,2
227514,0,1
198401,2,2
138516,1,0
1652,2,2
41476,2,1
108952,2,2
115986,0,0
278677,2,1
163619,0,0
332752,2,1
121705,0,2
356881,1,1
191731,0,0
86401,2,2
97655,2,2
198201,2,2
105295,0,1
242391,2,2
83693,2,2
402904,1,1
31926,2,2
309308,0,0
202128,2,0
325118,2,2
220912,0,2
204991,2,2
324644,2,2
57342,0,2
274245,1,1
77127,2,1
120589,1,0
95024,1,1
308190,0,2
136131,2,0
351607,2,2
337774,2,2
8533,2,2
44414,1,1
68241,2,2
313532,1,1
387878,2,2
173761,1,1
267868,2,2
278067,0,0
369554,0,2
225108,0,1
314090,0,1
102855,2,2
244678,1,1
197542,1,1
73112,2,2
223408,0,2
77431,0,0
118418,2,1
241520,2,2
250551,0,0
149577,2,2
303181,2,2
171703,0,2
392045,0,2
128280,0,0
69655,0,0
287025,0,2
210418,1,1
318953,0,0
364998,0,1
222808,0,0
280801,1,1
186965,2,1
196847,0,2
83295,2,2
294964,2,2
356375,2,1
366268,2,2
320099,0,0
135558,2,2
338866,2,2
53921,2,2
262863,1,1
226173,0,0
155936,2,2
105078,2,2
216621,2,2
376449,1,1
189630,0,2
183309,0,0
133591,0,2
247219,1,2
150153,1,1
230523,2,2
120211,2,2
355663,2,2
13318,0,1
70309,2,2
113198,0,2
300567,1,1
89091,0,0
317970,2,2
234477,0,2
304691,2,1
135659,2,2
307322,1,1
188173,0,1
146781,0,0
174438,1,1
351281,2,2
242381,0,0
191385,0,1
55335,2,0
141929,1,1
78745,0,2
132640,0,2
327760,1,1
351450,2,2
62987,1,1
46605,0,2
80033,2,2
96408,0,2
358066,0,1
9764,2,2
75795,2,2
213444,0,0
226516,2,1
400198,1,1
237384,1,1
95997,0,1
143855,0,2
55516,2,2
128440,2,0
160457,2,1
15275,0,1
231582,2,2
244769,1,1
131404,2,2
124313,0,0
375116,2,2
116647,1,0
303918,0,1
227351,1,1
17062,2,1
136345,1,1
373101,0,2
5200,2,2
57997,2,1
328065,0,1
291663,0,0
339418,0,0
191030,0,2
382519,2,2
367192,0,1
245422,2,2
42437,0,0
130425,1,1
3090,2,2
276477,0,2
140209,0,2
380955,1,1
377532,0,1
105055,0,2
265448,2,2
107946,2,2
385304,1,1
330738,1,1
220171,0,0
90485,2,2
293823,0,1
280228,1,1
18747,0,1
103011,2,2
154359,1,2
385342,0,2
236561,2,2
239445,2,2
10216,2,2
282338,2,2
29361,2,2
111431,0,0
92554,2,0
246674,2,1
144966,0,2
163021,2,2
180273,0,0
312319,0,0
260108,0,0
21202,1,1
118641,1,1
328236,0,0
384150,2,2
208700,2,2
353168,2,2
7791,0,2
201016,0,0
119458,2,1
79225,2,2
40930,1,1
273519,0,0
325635,0,0
99557,2,2
207438,2,2
177109,1,1
317485,1,1
166692,2,2
251155,1,1
527,2,2
226446,0,1
54887,2,2
283804,1,1
178050,2,2
371748,2,2
87021,0,0
333889,1,1
323129,0,1
109427,2,1
16132,2,2
42876,1,1
168407,0,0
154425,2,1
377200,0,2
81129,2,0
315034,2,2
382803,2,2
142085,0,0
224285,2,2
156048,0,2
267338,2,2
111499,2,1
190730,0,0
42415,0,0
360580,2,2
193551,2,2
199547,0,1
116579,2,1
21021,0,1
218502,0,1
314504,2,2
70768,0,2
365335,0,2
145696,2,2
384162,1,1
370864,2,0
217270,1,1
288373,2,2
273152,0,0
101909,0,2
264473,1,1
21375,2,0
11672,2,2
45779,1,1
52157,2,2
188016,1,1
32238,2,2
121413,0,2
21846,1,2
214763,0,1
85649,2,1
96957,0,2
358214,2,2
193546,1,1
17615,2,2
405979,2,2
18949,2,2
210335,2,2
101631,2,1
405036,0,1
62022,0,1
4718,0,2
196716,2,2
59150,0,0
278216,2,2
402221,1,1
47339,0,2
380208,0,1
341380,1,2
328223,1,1
43152,2,2
372858,0,0
649,2,2
145942,2,1
211563,1,1
384608,2,1
258581,0,2
266143,0,2
320173,2,1
132840,0,2
124292,2,2
62109,2,1
256877,2,2
323460,2,2
220798,0,0
343544,2,2
211650,2,1
203514,2,2
270517,0,2
343571,2,1
114745,1,1
146183,2,1
107571,0,0
165577,1,1
95245,0,1
287077,0,1
346653,1,1
283307,1,1
387762,0,1
361082,1,1
372155,2,2
372795,2,1
320465,0,0
308703,2,2
194517,0,0
175984,2,0
360107,1,1
270018,2,2
144743,2,2
41377,2,2
60695,0,0
13319,1,1
193617,0,1
293856,2,2
71923,0,0
51303,0,1
153272,1,1
183137,0,0
88740,0,2
130865,0,0
228823,0,1
207472,2,2
137296,1,1
15733,2,2
152570,0,2
365489,0,2
239195,2,2
236165,2,0
257785,1,1
130337,1,1
279353,2,2
12810,2,2
3829,1,1
54572,0,2
152327,0,2
99274,0,1
378835,1,1
213365,0,0
135341,1,1
302360,2,2
378172,2,2
349033,2,2
352999,0,1
108329,0,0
369173,0,2
317958,0,0
54621,2,2
340549,0,0
135429,0,0
112863,1,1
94204,0,1
327956,0,0
236141,2,2
102461,2,2
327742,1,1
319312,2,2
33320,0,0
385281,1,1
174,0,2
279790,2,2
265434,2,2
362036,0,2
262813,2,1
135732,0,0
328273,1,1
14852,0,0
272810,0,0
252854,0,0
374964,1,1
189619,0,1
145014,2,2
212230,1,1
84503,2,2
254611,1,1
78700,0,1
360369,1,1
372199,2,2
233496,0,0
366335,0,2
402394,2,1
266694,1,1
340744,2,2
57820,2,2
53814,0,2
322860,1,1
177430,0,1
253692,0,0
10476,0,2
227727,0,1
25468,1,1
58333,1,1
68585,0,2
58498,2,2
33753,2,1
20342,2,2
29653,0,0
228768,2,2
313712,2,2
256045,0,1
263010,0,2
217340,1,1
328496,2,2
232946,1,1
247598,0,1
336718,0,2
1191,0,0
344812,0,2
152968,0,0
286036,0,2
365121,0,2
203004,0,2
132050,2,2
302331,2,2
368605,2,0
201051,2,2
93,2,2
17111,2,2
395652,1,1
17085,0,0
239518,0,1
332214,1,1
274344,2,2
61039,2,1
162725,0,2
175035,2,2
351015,1,1
203868,2,2
70815,2,2
387641,1,1
118553,0,2
266016,0,0
216323,0,0
132560,2,2
266764,2,2
140169,2,2
294249,2,2
48032,2,2
8716,0,2
352500,0,2
372728,1,1
102081,0,0
108122,1,1
199411,0,2
191936,0,2
333953,2,2
150476,0,1
236764,1,1
54453,0,0
192355,1,1
11315,0,2
312719,2,1
284980,2,1
121264,0,2
366657,1,1
215721,2,2
308725,2,2
94868,0,1
62909,1,1
144270,2,0
50916,2,2
386836,2,1
154594,2,2
48967,0,1
278688,2,2
208659,0,2
103789,2,2
403342,2,2
369501,0,2
24832,1,1
406320,0,2
205240,2,2
313849,1,1
31008,0,1
184925,2,2
153267,1,1
355338,0,0
320596,0,1
86115,0,2
8069,2,2
14136,2,2
375509,2,2
333768,2,2
358327,1,1
86578,0,0
86607,2,2
202103,2,1
225690,2,1
184380,2,1
237376,2,2
349842,2,2
278085,2,1
336148,0,2
341511,0,1
217602,2,1
108355,0,0
238679,2,2
81023,2,0
190743,0,2
371293,0,1
106467,1,1
196087,2,1
320742,2,2
405452,1,1
379006,2,2
222642,2,1
308594,2,2
20298,1,1
58077,2,2
153911,0,2
64615,1,1
96520,0,2
290700,0,0
324765,1,1
374706,2,0
14503,2,1
366061,2,1
307120,0,0
248225,2,1
132136,1,1
311811,0,2
233784,2,0
191904,2,1
212681,1,1
31513,1,1
320789,0,1
176901,1,1
97774,0,1
103225,1,1
369924,0,0
77179,1,2
51222,2,2
223363,2,2
140369,2,0
341800,0,2
275266,2,2
372884,2,1
28196,0,0
66549,0,1
209111,2,2
195242,0,0
287745,2,2
298526,2,2
359262,1,1
102902,0,2
1580,2,1
255092,1,1
281543,0,2
153599,2,2
172065,2,2
353754,2,2
244979,0,0
378466,2,2
166483,0,2
378462,1,1
383010,0,1
396335,2,0
56846,2,0
322985,0,0
330930,2,1
345820,0,2
316587,0,0
265419,0,0
220550,2,2
377355,2,1
13765,2,2
4527,2,2
89967,2,2
59949,0,0
93952,2,2
186349,2,2
349385,2,2
252348,2,2
373483,0,2
285203,2,2
383559,2,2
286808,2,2
54693,2,1
255811,2,1
166303,1,1
65917,2,2
202006,1,1
70809,2,2
374647,2,2
122033,0,0
327217,0,1
24605,0,2
91314,0,0
136978,0,2
246750,2,1
247425,2,2
314642,0,2
73918,1,1
338693,2,2
382183,0,1
107453,0,2
156224,0,1
296399,2,2
228505,2,0
44480,2,2
337975,1,1
82840,2,2
250445,0,2
126922,0,2
42790,2,2
301272,2,2
114988,2,2
11738,2,2
281431,2,2
300324,2,2
204753,1,0
273523,0,0
379085,1,1
96909,2,2
276403,2,2
116380,0,2
81093,0,1
140650,0,1
374994,0,2
296086,2,0
232534,1,1
394500,0,2
262470,2,2
7385,2,2
125435,2,0
352531,0,2
131825,1,1
368341,2,1
304958,0,1
211233,0,0
118532,1,1
293766,0,1
353399,0,2
136178,1,1
145897,2,2
92075,2,1
263885,1,1
279412,2,0
51264,2,1
96542,2,0
123814,2,2
301060,0,2
233376,2,1
370154,2,2
342840,0,2
169874,0,2
188291,1,1
395508,2,2
401041,2,2
19799,0,2
280715,2,2
71659,1,1
104830,2,2
348987,0,0
401354,2,2
128331,0,0
312658,0,2
168290,2,2
118757,1,1
295016,2,0
89970,0,0
19634,0,2
268412,0,2
356790,0,0
263850,2,2
191862,2,2
238837,2,2
220593,2,2
30396,0,2
36178,1,1
41121,1,1
319163,2,2
103044,2,2
282896,0,0
159104,0,2
313107,0,2
206088,2,2
35649,0,1
372241,0,0
212709,0,0
277137,1,1
280961,2,2
21660,1,1
186961,2,2
266927,2,2
71442,1,2
143215,0,2
204989,2,2
70455,2,2
234507,2,2
174865,0,0
128933,1,1
386599,0,0
346992,0,0
235567,0,1
358208,2,1
60350,0,0
174503,1,1
169034,0,1
379224,0,2
367597,0,2
358130,2,0
125932,1,1
183233,1,1
47709,1,1
339317,2,2
273627,2,2
288083,0,2
319472,1,1
257010,1,1
172413,0,0
170190,1,0
25176,2,2
331136,1,1
97269,0,0
343783,0,2
225945,2,2
212137,1,1
309683,0,2
401487,2,2
276911,1,1
224379,2,2
111971,2,2
368493,2,2
316511,2,2
180963,1,1
221792,0,2
224051,1,1
32033,0,1
379772,1,1
85624,1,1
132837,0,1
382038,1,1
271554,0,0
214881,2,1
225287,0,2
220861,1,1
19704,0,1
357352,1,1
227915,0,0
26344,0,0
40820,2,2
222276,1,1
140297,2,1
296049,2,2
45626,0,0
117241,0,1
301837,1,1
299934,0,2
36606,1,1
100958,1,1
75428,2,2
315787,2,2
24719,0,2
199934,0,0
333126,2,2
393054,1,1
267590,0,2
153631,0,2
148535,1,1
360061,1,1
295224,2,1
338140,1,1
293384,2,2
302071,0,1
36006,2,2
223083,2,1
42028,0,2
116189,0,0
126889,2,2
368782,2,2
241376,0,2
211860,2,2
99226,0,1
102244,2,2
120256,2,2
267329,0,1
11554,1,1
386984,0,2
127978,0,2
372043,2,1
48390,2,2
205182,2,0
151916,2,1
150400,2,1
129799,2,1
259863,0,0
196919,1,1
194698,2,2
62283,2,2
251198,2,2
213619,0,2
197146,2,2
200132,2,2
303578,2,2
304610,2,2
338534,2,2
131373,2,2
100753,2,2
217970,0,2
19594,2,1
212927,2,1
330327,1,2
222378,0,2
301213,0,0
77426,2,2
63129,2,2
295037,2,2
176667,2,2
157183,1,1
210023,1,2
112248,2,1
204629,2,0
39441,2,1
189637,0,0
299077,0,1
60736,2,2
190567,2,2
168852,0,1
242450,2,2
27816,0,2
179378,2,2
138625,2,2
362168,1,1
197435,0,0
283703,2,2
291687,2,2
404492,0,2
25892,0,2
335003,2,2
67377,0,2
89335,0,2
68388,1,2
23571,0,1
211135,0,0
395691,1,1
135400,0,2
262154,2,2
300460,0,0
64796,0,0
168140,0,0
275410,2,2
50051,0,0
248626,0,2
72465,2,2
265378,0,2
193185,0,1
186390,0,1
111207,1,1
309608,1,2
241384,2,2
287826,0,0
280826,0,0
131736,2,1
334783,2,2
272541,1,1
126860,2,1
190601,0,2
274628,0,2
176167,2,2
42805,0,2
384193,0,2
346572,0,0
207013,1,2
317744,1,1
50625,0,2
105521,2,0
127669,1,1
57252,2,2
68809,2,2
301971,1,1
221911,0,2
27316,0,2
11187,2,2
400574,1,1
127918,0,2
376610,0,0
26249,0,2
106941,2,2
333631,1,1
402671,1,1
111663,1,1
327914,1,1
280855,0,1
137142,1,1
100209,2,2
187685,0,2
359820,1,1
112306,1,1
308306,1,1
372733,2,2
272550,2,1
514,0,0
16856,1,1
139047,0,2
198306,2,2
342242,2,2
348839,0,2
143179,1,1
296011,1,1
363071,0,2
19432,0,1
222465,2,2
244635,2,1
240521,1,1
203730,0,0
302684,1,2
97158,0,2
246922,2,2
260884,0,1
140572,1,1
122799,2,1
248143,2,2
51300,0,1
307168,0,0
150097,0,0
153157,1,1
44212,2,2
73609,2,1
378488,1,1
303880,0,1
350946,1,1
279896,0,1
191901,0,2
224346,1,0
346352,2,2
235366,0,0
96670,2,2
348613,2,2
133032,0,1
376754,0,0
19428,0,1
369505,2,0
114237,0,2
35287,1,2
104753,0,2
327231,1,1
57401,0,0
261418,0,1
110065,0,2
232694,0,1
233336,2,2
222189,0,1
240995,0,0
182889,1,1
169370,2,2
53615,2,1
376316,2,2
13895,0,0
341017,2,2
91027,1,1
196730,0,1
160312,2,2
185772,1,1
365113,0,0
389590,1,1
203346,1,1
220226,0,0
114950,2,2
172649,2,2
233195,1,1
148054,2,2
211933,0,1
58658,0,1
203273,2,1
11046,2,0
160262,0,0
304087,2,2
229850,0,2
88762,2,1
15311,0,1
31520,0,2
40666,2,1
212422,0,0
201512,2,2
121479,2,2
378291,2,1
228450,0,2
296055,2,2
65280,0,2
162422,1,2
96361,2,0
309892,0,2
16940,2,1
49493,0,0
259933,0,2
212446,2,2
180129,0,2
321834,0,1
300700,0,1
394362,2,2
186951,2,2
62717,0,0
178681,0,1
27342,2,2
64755,2,2
376788,2,1
239803,2,2
402992,2,2
251793,1,1
9557,2,2
391987,2,2
174314,2,2
66868,1,1
356389,0,1
58404,2,1
128522,0,2
54711,0,1
146618,0,2
324825,0,2
124501,0,0
53703,0,0
178836,2,2
71588,0,2
133259,2,2
117779,2,2
376242,0,0
10054,2,2
100603,2,2
288515,0,0
352333,0,0
206323,2,2
68001,2,1
170512,0,2
35358,2,2
75683,1,1
377959,2,1
120214,2,2
232335,2,2
262528,2,2
50360,0,2
35610,1,1
215187,0,0
24065,0,2
18622,0,2
325171,2,2
256388,2,2
350296,2,2
117816,2,2
221958,0,0
236732,2,2
316992,2,2
76003,0,2
363230,1,1
101583,0,2
113529,0,0
155762,0,0
128530,2,2
90285,2,2
234480,1,1
341333,1,1
33850,1,1
337494,2,2
362232,0,0
50310,2,2
51735,2,1
144902,2,2
293594,0,2
53761,2,1
264948,0,1
198934,2,2
98522,2,2
22747,2,1
101331,2,2
131646,1,1
376927,1,1
222455,0,0
247154,1,1
265305,2,2
65930,0,1
27289,2,1
373485,1,1
59849,1,1
196299,2,1
11297,0,1
334850,2,2
127390,1,1
12448,2,2
247833,0,2
333195,0,1
3284,2,1
77378,0,0
230767,0,1
116060,2,2
375096,0,2
259969,2,2
392100,2,2
304465,1,1
218218,0,1
69792,2,1
20031,2,2
312180,2,1
366242,0,0
248066,0,0
398877,1,1
302155,0,0
91235,0,1
160114,0,0
216759,2,1
359084,2,1
43874,0,1
290201,0,0
39851,2,2
314357,0,1
212903,0,2
384555,2,2
267131,2,2
358662,2,1
315649,0,2
331605,0,0
193789,0,2
54612,1,1
202996,1,1
159891,2,2
199712,1,1
241276,2,1
149250,0,2
35607,0,1
202858,0,2
176076,0,0
11367,2,2
306538,2,2
400025,2,1
5105,0,2
126188,0,2
320290,2,2
390446,0,2
271949,0,1
236444,2,2
283383,1,1
372768,2,2
142021,2,2
319908,0,2
274374,2,2
324633,2,2
156506,2,2
294163,2,1
163695,0,2
377864,0,2
6940,2,2
257264,2,2
271520,2,2
364858,2,1
318987,2,2
41451,1,1
398483,2,2
333786,0,0
169140,0,1
138549,2,2
25493,2,2
55202,0,2
179959,0,2
305566,0,2
239015,2,2
167563,0,1
46840,2,2
201155,0,2
79545,2,2
365645,0,0
330821,1,1
55156,0,2
258382,2,1
293991,2,1
219959,0,0
226119,2,1
170488,0,0
348710,2,2
170961,0,2
246450,2,2
284648,2,2
200984,2,1
394926,1,1
367109,2,1
122682,2,2
346076,1,1
73171,0,0
379298,0,0
348150,0,2
185874,0,2
387366,0,2
305763,0,0
118979,0,0
337627,2,2
304841,1,1
102123,0,1
374574,0,1
40882,1,1
166618,1,1
39690,2,2
292302,2,2
100742,2,2
190128,2,2
314890,2,2
293451,1,1
5989,1,1
262741,2,1
201500,1,1
308165,0,2
351843,0,1
199006,2,1
222085,0,2
267848,1,1
271197,2,2
199884,2,2
297927,0,0
358335,0,1
349933,0,0
255662,2,2
258429,2,1
29897,2,1
170851,2,2
68819,2,2
196452,0,1
102209,2,2
237095,2,2
82376,0,2
30966,2,2
41410,0,2
68913,0,2
201741,2,1
18148,0,0
370437,2,2
234683,2,2
330266,2,2
40441,0,0
104112,0,2
89216,0,2
249988,0,2
318096,2,2
329857,0,0
5616,1,1
301961,2,2
150429,2,2
163347,0,2
309495,0,2
32276,0,0
147188,2,1
359029,0,0
158034,0,2
9013,2,2
326524,0,0
34962,2,2
164416,1,1
43233,2,2
84817,2,2
259695,2,2
120800,2,1
40704,0,1
159501,2,2
358446,0,0
320856,2,1
359250,1,1
228562,1,1
197073,2,0
371148,1,1
339236,2,2
20880,2,2
202580,2,2
330774,0,2
347480,1,1
26990,2,2
118371,0,1
93794,2,2
396011,0,2
357147,0,0
328274,0,2
70164,2,0
150475,2,2
230385,0,2
152674,2,2
378362,2,2
122915,2,1
118570,2,2
137547,0,0
94136,2,2
298228,0,0
242793,1,1
296620,1,1
323783,0,2
190821,0,2
35814,1,1
323638,1,1
282999,1,1
295239,0,0
375576,2,2
286148,2,1
149883,0,2
38434,0,2
39255,2,2
216465,2,1
306160,0,2
46262,0,2
200415,0,1
371466,2,2
396531,2,0
91031,2,1
87094,2,2
404038,2,2
73799,0,0
279058,2,2
136341,2,2
405189,1,1
226034,0,0
363736,0,0
143661,2,2
204463,2,1
327466,2,1
161472,0,2
269167,0,2
255561,2,2
351816,2,2
129318,2,1
64485,0,1
351091,1,1
62364,0,0
316070,1,0
144346,2,2
4831,2,2
268509,2,0
221001,1,1
95220,2,2
390812,0,1
344458,2,1
128263,0,1
220174,2,0
59875,2,1
46691,2,2
195347,2,2
111146,0,1
352891,2,2
406163,0,0
363710,2,2
396392,0,0
387192,0,0
249895,0,0
46025,2,2
329321,2,2
35283,1,1
105452,0,2
254994,2,2
288479,0,2
341124,0,2
383689,0,1
39499,1,1
403947,2,0
67276,2,2
282743,1,1
374367,2,1
111230,2,2
329841,1,1
100515,2,2
150931,0,0
150794,2,1
276301,0,2
166205,1,1
116009,1,1
146831,2,0
348389,0,2
367892,2,1
125673,2,2
291981,0,2
79862,0,0
232571,0,1
209892,2,2
71846,0,2
13525,2,2
234714,2,2
107728,0,2
258838,2,1
62416,1,1
272128,0,0
55864,0,2
231317,1,1
215596,0,0
350587,1,1
378623,0,0
193149,2,2
335868,2,2
229595,2,2
99769,0,0
33500,2,1
118140,0,1
349346,1,1
260172,0,0
305483,2,0
395928,0,0
164768,0,2
400320,2,2
343629,0,0
2604,0,0
145300,1,1
196849,2,1
70735,2,2
167647,0,1
258525,0,1
48891,0,1
98659,2,2
331545,0,0
320435,2,2
328208,2,2
85049,2,2
205309,2,2
361637,2,1
292818,2,2
354865,0,0
222949,0,0
321084,2,2
122229,2,2
340785,0,1
389723,0,0
130626,0,2
115410,2,2
179050,0,1
313559,0,1
268234,0,2
355009,1,1
401188,2,1
347122,0,1
107166,0,1
127139,1,2
307669,2,2
156146,2,2
390559,1,1
76303,1,1
89346,2,2
310488,1,1
340346,2,1
60767,0,1
182328,0,0
176735,0,0
274534,2,0
34242,1,1
81701,2,2
2007,2,0
371459,1,1
206027,0,2
5954,0,2
294013,0,2
207797,2,2
197626,0,2
231491,1,1
30185,2,1
376750,2,2
235086,1,1
272261,2,1
114701,0,0
130948,2,2
223984,2,2
132722,0,2
75106,2,2
35574,2,2
3597,0,0
291836,1,1
284313,2,1
163160,2,2
279597,0,0
178765,1,1
95932,0,1
199238,2,1
378693,2,2
303277,1,1
34335,2,0
21393,0,0
111761,0,0
201345,1,0
385858,2,2
345940,2,2
76913,0,0
341685,2,2
277195,0,2
261721,0,0
52923,1,1
357282,1,1
277654,1,0
75473,0,0
365638,2,2
243491,2,2
134132,2,2
266743,2,2
210237,0,0
126652,0,1
329999,1,1
313676,0,0
62073,0,0
146452,0,0
54327,2,2
83635,1,1
40403,0,2
54885,2,2
399677,1,1
56518,0,0
257932,0,1
140483,2,2
336846,2,2
302371,2,2
37395,0,0
181281,2,2
235087,2,2
26878,0,0
164515,0,1
63570,0,1
271981,0,1
326432,2,2
306037,2,1
196754,2,2
294706,2,2
206061,2,2
333544,2,2
24022,2,2
239619,2,2
132281,2,2
348356,1,1
135517,0,0
34825,2,1
16332,0,2
322633,0,0
369779,0,1
239644,1,1
263069,2,1
285051,2,0
232623,0,0
173527,2,2
328329,1,1
230237,2,2
138660,2,2
324921,2,2
129222,2,1
86789,0,0
345876,0,0
213206,0,2
136249,2,2
182622,2,2
143618,1,1
11918,2,2
229801,0,2
237476,1,1
133745,1,1
129165,1,1
293077,0,2
279768,2,2
175662,0,0
149450,2,1
77948,2,2
87163,2,2
390165,2,0
233521,1,1
149314,2,2
42585,1,1
175586,1,1
251252,1,1
333988,0,1
393402,1,1
395725,2,2
255517,1,1
285818,2,2
277722,0,2
199770,2,2
300542,0,2
252295,0,1
11826,0,2
335432,2,2
247599,2,2
164986,2,2
162470,2,2
239309,2,2
95836,2,0
169180,2,2
326787,2,2
390415,2,2
329756,1,1
241309,2,1
45512,0,0
249379,2,2
349847,0,0
404733,1,1
108493,2,1
331648,2,1
88287,2,2
272277,2,2
106418,0,2
41827,2,1
270759,0,2
116804,2,2
32903,1,1
19267,0,2
206358,2,1
55346,1,1
73010,0,2
21304,0,1
159645,2,0
350648,0,2
330058,2,2
273375,0,0
227315,0,0
319157,2,2
373496,0,0
331355,0,1
143906,2,2
223059,2,1
1393,0,1
110447,2,2
165601,2,2
71569,0,2
300264,1,2
27136,2,2
357192,2,2
15004,0,2
54420,0,1
214545,2,1
397138,0,1
377499,0,1
45138,0,1
211270,1,1
369026,2,1
144193,2,2
260716,0,1
79742,2,2
325327,0,2
44985,0,1
296368,0,2
275348,0,1
83603,1,1
204751,1,1
368040,2,2
84258,2,1
341784,0,0
242387,0,1
208946,1,1
186155,0,2
189569,0,0
48302,0,0
335668,2,2
320935,1,1
156946,2,1
366265,2,2
53593,2,2
113601,0,0
287040,2,2
340902,2,2
41868,1,1
156159,2,2
371223,2,2
394165,0,1
332234,2,1
338340,2,2
237606,1,1
258270,0,0
91010,0,1
61533,2,1
54619,0,1
323120,1,1
57361,1,1
196559,2,2
68608,1,2
121520,0,2
199073,2,2
179737,0,1
126236,2,2
61488,0,2
297243,2,2
121733,2,2
58810,2,2
307016,1,1
369125,1,1
357077,0,0
265521,0,2
306156,0,0
136837,0,1
83526,2,1
26216,0,2
255978,2,2
95783,0,0
279080,2,1
44865,2,2
59415,0,2
115916,2,2
174000,1,1
36524,0,0
125522,0,0
119455,0,2
245331,0,0
118433,2,1
171292,1,1
378200,2,1
341198,0,0
299088,0,2
379070,0,0
154074,2,1
39145,1,1
34765,2,2
98400,2,2
394425,2,2
318195,1,1
363339,1,1
51927,2,2
338073,0,2
57154,0,0
247185,1,1
7390,2,2
70410,0,0
270322,2,2
155756,2,2
274194,2,1
230010,0,0
371214,2,2
149590,0,2
217373,0,0
269069,1,1
243280,2,2
118159,1,1
295219,0,0
174336,0,0
14824,0,2
230134,2,2
245319,1,1
111507,1,1
218298,0,2
77795,0,2
300563,0,2
305096,2,2
289930,0,2
246499,0,0
281361,0,2
31325,2,2
218600,2,2
356884,0,2
28199,0,2
382003,0,1
126340,1,1
320628,2,0
348798,2,0
272216,0,0
133961,0,1
135386,1,2
120634,0,0
174690,1,1
352608,0,2
222333,1,1
288618,2,2
158722,2,1
14239,2,2
66291,2,2
163384,0,1
341162,1,1
352463,2,2
124304,0,1
25735,1,1
373607,1,1
112792,1,2
346448,2,1
332639,2,2
183346,0,2
236397,0,2
332943,0,1
387713,0,2
155844,0,0
277690,0,0
168276,2,2
71296,2,2
168499,2,1
37050,0,2
43968,2,1
66263,2,1
92262,0,0
140602,0,0
157122,0,0
2380,0,0
41724,2,2
360498,2,1
133006,1,1
229274,2,2
134554,0,1
228495,0,0
57330,1,2
46850,2,2
204383,2,2
299121,0,1
54733,0,0
264520,0,2
319860,2,2
17924,0,2
70805,0,0
302554,0,2
213910,2,2
59909,0,2
11652,1,1
226259,0,0
252284,2,2
249480,1,1
71468,2,2
46457,1,1
344965,0,2
192676,0,1
213861,1,1
312840,0,1
383197,0,2
180664,1,1
159111,2,2
287299,2,2
242085,2,2
268523,0,1
127826,2,1
197489,0,0
349401,1,1
237934,2,1
335028,1,2
356080,1,1
405697,2,2
54981,0,2
367476,2,2
63296,1,1
224753,2,2
89630,2,2
35773,2,2
90947,2,1
294956,1,1
370134,0,2
189100,2,1
119733,2,2
269108,0,1
30659,0,1
308487,2,2
206870,2,1
154724,2,2
301528,1,1
184017,2,2
136829,1,1
122871,2,2
111196,2,2
310471,0,2
148377,0,2
335649,2,2
339843,2,2
395469,1,1
340074,0,1
103715,2,1
47717,0,2
379392,2,0
348606,2,1
389996,2,2
301875,0,2
371161,0,2
176032,2,2
336071,2,0
207682,2,2
30695,1,1
187186,2,1
48366,0,2
262767,1,1
86844,0,2
389983,0,2
69827,1,1
59136,0,1
329485,1,1
246205,0,0
294072,1,1
161263,1,1
287423,2,2
5825,2,2
21587,0,2
26465,1,2
138458,0,2
256568,0,0
260257,2,2
12364,2,2
145495,0,1
365233,0,0
380051,1,2
285174,2,2
257190,2,2
122957,2,1
349126,0,0
103859,2,2
284984,2,1
290734,1,1
340882,1,1
281073,0,0
38615,2,1
236743,0,2
291637,1,1
133835,1,1
361025,2,2
320220,2,2
158625,1,1
114814,1,1
91655,0,1
343168,2,2
124181,1,1
39961,2,1
217541,2,2
57653,2,0
216935,0,2
255385,2,2
217869,1,0
40040,0,0
331964,0,2
323569,2,0
54838,2,2
327427,2,2
292648,2,1
263223,1,1
365775,2,1
45748,0,0
5461,2,2
66689,2,2
301656,2,2
215196,0,0
44358,0,2
37340,2,2
212741,2,2
261645,2,2
100702,2,2
220934,2,1
278979,2,2
205185,2,2
111731,2,1
36874,2,2
370071,2,2
228115,2,0
63337,2,2
195532,2,2
1110,2,2
20003,2,2
375130,2,2
393916,1,1
144205,2,2
184548,2,1
398173,0,2
281992,1,1
354584,2,1
143030,2,2
2149,0,2
131792,2,2
309573,0,2
30196,2,0
339587,2,2
173297,2,2
359355,2,2
382014,0,0
144862,0,0
396418,1,1
175503,2,2
40282,0,0
155471,2,1
401351,2,2
134209,2,2
359614,0,2
152390,0,2
182981,0,2
354100,0,0
255396,0,1
291036,2,1
146995,1,0
4900,2,0
5483,0,0
307100,1,1
104553,1,1
73710,0,2
13184,0,2
383885,1,1
167269,0,0
139588,0,0
95496,0,2
347709,2,2
369815,0,2
343245,0,0
141281,2,2
128645,0,0
124867,2,2
66978,2,2
247228,0,2
183778,2,2
25390,2,2
123931,1,0
104859,0,2
184391,2,2
222606,2,1
310837,0,1
148661,0,1
62558,1,1
175267,2,2
216008,0,0
247735,2,2
112083,0,0
32333,2,2
77222,2,2
277448,0,1
149915,2,2
311559,2,2
15524,0,2
113720,2,2
114120,0,2
350160,2,1
326236,0,0
349855,2,2
330822,0,0
387665,2,1
308934,2,2
15510,0,0
63262,0,0
196097,0,0
114533,2,2
46505,0,1
312120,0,0
317747,2,2
352715,1,1
269539,0,0
385621,2,2
345872,2,2
214829,0,2
397002,0,1
403175,2,2
266398,0,0
218370,0,2
277369,2,2
316162,2,2
115447,1,1
149059,0,0
224431,2,2
89193,1,1
383412,2,2
12548,2,2
28774,1,1
185602,2,2
384827,2,2
311021,0,1
327660,0,1
36660,0,1
128990,2,1
217518,2,2
256818,0,2
218651,0,2
124027,1,1
342546,2,2
36959,2,2
134096,0,0
220155,2,2
55785,0,2
310480,1,1
20168,1,1
96938,0,2
33652,2,2
259335,2,2
315929,1,1
194472,2,2
302959,1,1
385600,0,1
99205,2,2
35550,1,1
261419,2,2
273057,2,1
159600,0,2
355402,2,2
256342,2,2
108005,0,0
203811,2,2
136828,2,2
9455,0,0
351224,0,0
8598,0,1
116500,0,2
108532,1,1
39922,0,2
372419,0,2
90394,0,0
105378,2,2
340942,2,2
340507,0,0
8269,2,2
295891,0,0
251986,2,2
108605,2,2
209632,1,1
115021,0,1
383939,0,2
342389,1,1
131276,0,0
229521,1,1
194002,0,0
396898,0,1
57871,2,2
144262,1,1
55126,0,0
285301,2,2
109974,2,2
265755,2,2
283213,2,2
230337,2,2
7927,1,1
267670,2,2
304910,1,1
171224,1,1
156880,1,1
229331,1,1
182254,0,0
18366,0,1
312611,0,0
203019,1,1
382382,2,2
342490,2,2
236874,2,2
176796,0,1
334862,0,2
367584,1,1
213137,2,2
39333,2,1
283686,0,2
20921,2,2
291592,1,1
49251,0,2
59933,2,2
341337,2,1
92112,2,2
249902,0,0
169522,2,2
267170,0,0
168909,2,0
214433,0,1
225036,0,1
216330,0,0
89264,2,2
363115,2,1
371558,2,2
301540,2,2
48267,2,1
59424,0,2
120092,2,2
248161,2,2
326170,0,0
38236,2,2
7424,0,2
9407,2,2
328716,0,2
35354,2,2
285292,0,1
175590,0,0
317268,2,2
35980,0,2
260469,2,2
85634,2,1
210098,2,2
256922,2,1
52503,2,2
260661,1,1
134439,0,2
328874,0,1
361047,2,2
52844,2,2
367219,0,2
224003,1,1
92693,0,2
320973,2,1
225675,0,0
63999,0,1
49797,2,2
377917,0,0
362972,2,0
131234,1,2
69672,2,2
107559,2,2
342351,2,1
255134,2,0
195241,2,2
177819,2,2
289026,2,2
194304,2,2
41996,2,2
45208,2,2
116361,2,1
246107,2,2
111035,2,2
338438,1,1
308136,2,2
22982,2,2
111632,0,2
236308,1,1
62038,0,0
292631,2,2
312019,1,1
86492,2,2
312623,2,2
92018,0,0
185097,2,2
62018,1,1
177718,0,1
155953,0,2
258557,0,2
115578,2,2
478,1,1
14140,1,1
72120,2,2
324493,0,2
301407,0,0
247134,0,2
61454,0,1
134471,1,1
54358,2,2
164754,0,1
211939,1,1
324358,2,2
116206,0,2
157168,2,2
297558,1,1
125919,2,2
308925,1,1
381008,2,2
389701,2,2
271286,2,2
219814,2,2
284895,2,2
72194,0,2
373314,2,2
288555,0,2
30412,0,0
204703,2,2
326870,0,0
142738,2,2
312071,0,2
55222,0,2
137369,2,2
98261,0,0
272986,0,1
187511,2,2
329467,0,0
84528,2,2
313836,2,2
277182,0,2
109542,1,1
189325,1,2
397073,2,2
361673,2,2
50366,2,2
352211,2,2
88161,2,1
116895,2,2
10720,0,2
173569,2,2
258802,1,1
164444,1,1
164351,0,2
134219,2,0
138681,2,2
223235,0,0
298764,0,0
53224,1,1
125188,1,1
43899,0,0
348702,2,2
112310,0,1
110724,1,1
68362,2,2
269916,0,1
68599,2,2
118050,2,0
47019,2,2
394301,2,2
309347,2,2
48630,0,0
158260,0,2
394845,0,2
107110,1,1
222486,1,1
298411,1,1
270144,0,2
56919,0,2
177132,2,2
397185,2,2
174107,2,2
13066,1,1
73328,2,2
209567,2,2
44051,0,1
81362,2,2
133314,2,2
313657,2,2
45738,0,0
103160,2,2
371024,0,0
88472,2,2
81359,0,0
227560,2,2
334583,2,2
347376,2,1
382751,0,0
247040,2,2
281358,0,0
60010,2,2
16388,2,2
147979,2,2
324322,1,1
104560,2,1
396477,2,2
5529,0,2
63719,2,2
295866,2,2
228,0,1
73216,0,0
233576,1,1
133625,1,1
99675,2,1
155994,0,2
238128,0,0
2707,0,1
128179,0,2
204112,2,2
392837,1,1
307893,2,2
124023,2,2
112313,1,1
20698,0,2
200,0,1
380123,0,0
135029,1,1
72500,2,1
220745,2,1
349288,2,2
30314,0,0
179987,2,2
385226,0,0
280240,2,2
98726,2,2
88303,1,1
57934,0,2
232210,2,2
226471,2,2
364232,1,1
153202,0,0
265913,2,2
73086,0,2
38672,0,1
209937,0,1
369124,2,2
27833,1,1
105289,2,2
12047,0,0
151829,0,2
73152,2,2
293313,0,0
187544,2,2
332884,0,0
304756,2,2
355167,2,2
17084,2,2
248950,0,1
398901,2,2
376261,0,2
13834,0,2
115491,2,1
27632,2,2
9984,1,1
114448,2,0
150317,0,2
90010,0,2
59945,0,1
367018,1,1
97373,1,1
137703,1,1
224105,0,1
348459,0,2
56268,2,1
187932,0,1
163354,2,2
12658,0,2
122331,2,2
262940,0,2
151530,2,2
133913,0,1
283425,0,0
387054,2,2
240301,2,2
263975,0,2
49346,2,1
374201,2,2
298452,0,2
399208,2,2
233008,0,0
65872,1,1
69631,2,2
286766,0,1
396068,0,0
237069,2,2
372085,0,0
134811,2,1
105898,0,0
398533,1,1
62606,2,2
318418,0,0
375931,1,1
378749,2,2
41759,2,1
18107,1,2
387250,1,1
125688,2,2
401050,0,2
265356,2,2
4367,2,2
11705,2,2
368103,2,2
76560,0,2
272609,0,0
357973,1,1
171472,2,2
66887,0,1
101002,2,0
392757,0,0
280691,2,2
270526,1,1
160292,0,0
212878,0,1
242567,0,0
325728,0,2
405185,2,1
281868,0,2
100268,1,1
293484,1,2
206866,2,2
175177,2,1
252610,2,2
383357,2,2
206048,2,2
41562,2,2
264689,2,2
160022,2,2
37131,2,1
305212,2,2
159105,2,1
152743,0,0
103474,0,0
66636,0,2
336381,0,2
236370,0,0
45014,2,2
307178,2,1
151300,2,2
179747,1,1
124906,2,2
284378,0,2
259897,1,1
113142,2,2
163821,0,0
39346,1,1
159468,1,1
40193,0,1
380841,2,2
271953,2,2
6553,0,0
218416,2,0
194996,0,0
156999,2,2
344114,0,0
237485,2,2
49365,0,2
263187,2,0
378161,0,1
26149,2,0
126754,2,2
392017,2,1
67158,0,1
36848,2,0
133570,2,2
338548,1,1
93495,2,2
239026,2,2
337173,1,1
31260,2,2
370650,2,2
165285,2,2
247378,0,1
372899,2,2
175744,0,2
260213,2,2
302019,2,2
87493,2,2
375189,0,2
285976,2,2
280669,1,1
278533,2,2
10951,0,1
157128,2,2
341987,1,1
365603,1,1
139036,0,0
216359,1,1
396385,2,2
37433,2,2
84233,2,2
130531,1,1
3421,0,1
304500,2,2
129280,1,1
170210,0,1
319739,0,1
245135,1,1
172299,0,0
388322,1,1
373413,1,1
249863,0,1
220229,1,1
108856,2,2
79112,2,2
243875,0,2
266324,2,2
3951,2,2
95600,0,0
339777,2,2
377575,2,1
111231,0,1
265684,0,2
57113,2,2
19988,0,2
229060,2,1
142520,0,2
277634,0,1
366929,1,1
18167,2,0
138249,2,2
192289,0,1
294076,2,2
328013,0,1
13759,0,0
215645,0,0
93774,2,2
244701,1,1
25658,0,0
399155,2,2
18033,2,2
119964,0,0
339243,0,1
266154,0,2
169136,2,2
403168,1,1
118808,0,1
345519,0,0
313101,0,0
244467,2,2
211504,1,1
209127,0,0
316294,2,2
123664,2,2
41970,2,2
128746,0,2
398587,1,1
202012,0,0
339031,1,1
84425,2,1
82131,0,1
267871,2,2
396750,2,1
370253,2,2
398869,1,1
93363,2,2
224081,2,0
84244,1,2
347605,2,2
251213,0,1
127216,0,0
368296,0,2
302539,0,0
237033,0,1
21655,0,2
141529,0,0
296825,2,2
14351,2,2
292432,0,0
1105,0,0
65376,0,1
154007,1,1
6407,0,0
382054,0,2
273722,2,2
311829,0,0
236295,1,1
123977,0,1
288064,0,2
299641,0,0
46205,2,2
386447,1,2
404831,0,2
267825,0,2
190191,0,2
97698,2,0
167103,0,2
100955,0,1
350559,2,2
22981,1,1
266261,0,0
320455,2,2
308389,0,0
153869,2,0
266619,0,1
252667,0,1
339484,0,2
141686,2,1
153254,0,0
319183,0,1
56699,2,2
2882,0,2
320148,2,1
114079,1,1
311489,2,1
46294,0,0
402291,1,0
364475,2,2
46483,2,2
224294,0,0
343324,1,1
13761,1,1
387348,2,2
210776,2,2
53753,2,2
396013,2,1
323071,2,2
188453,2,2
119061,2,1
35065,0,0
198004,1,1
189480,0,2
279778,2,2
43322,2,2
190979,2,2
391077,1,1
172509,0,2
181798,1,1
169570,2,2
239489,2,2
244084,0,1
363589,2,2
109285,2,2
160927,2,2
338518,0,1
309497,0,0
101719,2,1
38272,1,1
170368,2,0
164159,0,1
330310,2,2
321256,2,1
29614,0,2
590,2,1
93517,1,1
7858,2,1
66610,1,1
242502,2,1
196700,0,0
168792,2,1
151114,2,2
139929,1,1
328410,0,2
399009,0,2
21255,2,2
175080,0,1
279502,0,2
135813,1,1
219654,2,2
9278,2,2
7106,0,0
383060,0,1
57643,2,2
122084,2,2
288525,0,1
91360,1,1
130990,2,2
50801,0,0
220053,0,0
213452,2,2
356769,2,1
319613,1,1
283100,2,2
247026,0,2
18288,0,1
363398,0,1
221647,2,2
211436,0,1
280787,0,0
67956,0,2
326706,0,0
385595,2,2
144068,2,2
83258,0,0
388576,2,2
127478,2,2
508,2,2
187535,1,2
251515,2,2
117322,2,2
339360,0,2
220483,2,2
133484,2,1
108957,0,2
354600,1,1
354474,0,2
80689,2,2
132176,0,1
13939,2,2
280458,0,1
369047,0,0
3981,0,2
80644,2,2
324573,2,2
197425,0,2
196478,0,2
337816,2,2
131107,0,0
168434,2,1
257736,2,2
190709,2,2
223079,2,1
208666,2,2
203158,2,2
263350,2,2
28431,0,0
522,2,2
154816,2,1
51995,0,0
60679,1,1
310055,2,2
99335,0,2
128721,0,1
307405,2,1
369844,2,2
125131,2,1
254537,2,2
42197,2,2
396546,1,1
3450,0,2
81229,0,1
67333,0,2
206214,0,1
230066,2,2
73051,2,2
242005,2,2
172512,0,0
197364,2,0
304804,2,2
395614,0,0
310650,1,1
224562,2,1
182450,2,2
270770,2,2
10931,2,2
52042,0,1
216852,1,1
211526,2,1
359866,0,0
363609,2,2
194763,1,1
43872,2,1
375067,0,0
252510,1,1
399604,2,2
156948,1,1
183301,0,0
106916,2,2
259086,2,2
76221,2,2
192619,0,2
107755,0,0
279110,0,2
142424,1,1
194560,2,2
213124,0,1
395996,0,2
276807,1,1
258257,0,0
127992,1,1
40972,2,2
262123,2,1
377426,1,1
289033,2,2
4347,2,2
266223,2,1
172044,2,2
146989,1,1
394384,0,0
124385,2,2
233086,2,1
114379,1,1
276216,1,1
223104,1,1
206297,0,0
317992,0,1
256379,0,1
330894,1,1
320383,2,2
318500,0,0
380972,0,0
209193,0,2
301109,0,1
78271,0,2
341438,0,1
369675,0,2
112475,0,1
268036,0,2
355122,0,0
230307,0,1
322669,0,2
262132,2,0
136148,2,2
121672,0,0
303511,2,2
163530,2,2
112247,2,2
378929,2,2
317795,0,0
284960,2,1
329497,2,2
367208,0,2
154617,0,2
356800,2,2
279148,0,0
94349,1,1
395552,2,2
118512,1,1
218825,0,0
93255,1,2
170623,2,1
239364,2,2
308843,0,2
181185,0,0
175244,0,2
224724,2,2
137908,2,2
111384,0,2
100090,1,1
101285,2,2
180467,0,0
405667,0,2
159291,2,1
221176,2,2
154297,0,0
26809,2,1
80089,2,2
213148,0,2
14265,2,2
275757,0,0
401220,0,0
175203,2,2
289562,2,0
232306,1,1
37970,1,1
350504,0,2
257349,2,2
192070,0,1
392830,2,2
334330,0,1
175961,1,1
304419,0,0
218548,1,1
1625,2,2
142373,2,2
137101,2,2
271357,0,0
372189,0,1
270067,2,2
206623,2,2
132487,0,0
169289,2,2
280735,0,2
8916,0,2
265397,2,1
14467,2,2
367340,2,2
288973,1,1
371599,1,2
309424,0,0
120186,0,0
233593,0,0
72712,2,2
74606,2,2
231801,2,2
310934,0,1
295371,1,1
268834,1,1
67004,0,2
326789,1,1
205322,0,2
376709,1,1
241626,2,2
301146,2,2
314573,2,2
54506,2,0
220626,0,2
240300,0,2
133409,2,2
256479,0,1
127450,0,1
79371,2,2
368747,2,2
197714,2,2
241902,2,2
250368,0,1
37568,2,2
79237,2,2
270533,0,0
58086,1,1
32223,1,1
405543,0,2
186646,2,1
211752,2,2
367381,0,2
311399,2,2
318428,2,1
28808,2,2
357564,1,1
38936,2,1
73458,2,2
264040,2,1
315666,2,1
202173,2,2
8282,2,2
170095,2,2
351465,2,2
354917,0,0
147217,2,2
29779,2,2
166977,0,2
365323,1,1
118518,2,1
36913,0,1
403959,2,2
202170,1,1
308614,0,0
77233,2,2
372350,2,2
86623,2,1
280656,2,1
211330,2,2
293357,0,0
279111,2,2
230784,2,2
324243,2,2
38082,1,1
368991,0,0
324394,2,2
325702,1,1
176741,0,2
329140,2,1
399916,0,1
316754,1,1
250,2,1
111793,0,1
141765,2,2
20029,0,1
69179,2,2
147771,0,1
12287,0,1
149267,2,2
227699,2,2
370179,2,2
142527,0,2
160466,2,2
56222,0,1
377739,2,2
173272,0,1
243509,2,2
15587,2,2
261809,0,0
120466,0,0
82829,0,2
365408,0,2
230205,1,1
201358,0,0
403184,1,0
244030,2,2
352663,0,2
148157,0,0
257089,0,2
133884,0,2
152574,0,2
188280,2,2
364095,1,1
370873,2,2
345727,0,1
220464,2,2
99561,1,1
191220,2,2
333550,2,2
195914,2,2
202375,0,0
181511,2,2
35430,2,1
304545,0,2
136322,2,2
22130,2,2
178707,2,2
199466,0,0
234450,2,2
160077,1,1
264725,2,1
328960,2,2
171729,0,1
142620,2,1
264913,2,2
349426,2,2
208530,0,1
342936,1,1
178055,0,1
5049,2,2
132584,2,2
56738,2,2
133671,2,0
50738,0,0
359603,0,0
226827,2,2
338721,1,1
361687,0,1
180121,2,2
220213,0,2
28572,2,2
121611,0,1
168758,0,0
364123,1,1
194268,0,0
315194,2,2
382135,2,2
150774,2,2
5433,2,2
165632,2,2
164217,0,2
177614,2,2
406328,0,1
350597,0,1
280848,2,2
215327,2,2
328134,1,1
388324,0,0
366729,1,1
294953,1,1
12004,1,1
99453,2,2
377947,2,2
256515,0,2
389040,2,0
118294,1,1
16729,2,0
373927,0,2
261224,0,2
356295,0,0
23066,2,2
308133,2,2
311238,0,2
6540,1,0
175598,2,2
216030,0,0
87095,0,2
381693,2,0
354822,1,1
402472,1,1
269264,1,1
322701,0,0
32906,2,2
386229,2,1
58459,2,2
138042,0,1
97834,1,1
87907,1,1
251784,0,2
296995,2,2
235389,0,0
12176,2,2
283959,1,1
356980,0,2
363386,0,0
4197,2,2
67232,2,2
214087,2,2
18131,1,1
207724,2,0
288884,0,0
250449,0,0
233616,2,1
294439,2,1
41409,1,1
289298,1,1
143651,1,0
96384,2,2
5723,1,1
62651,0,1
46161,2,2
180432,1,1
305407,1,1
322015,0,1
160817,2,1
165225,0,0
294568,2,2
259342,1,1
216436,1,1
285735,2,2
307993,0,0
82573,2,1
41234,1,1
59235,2,2
272500,0,2
231689,1,2
187596,0,0
156742,2,2
213662,1,1
279885,1,1
57766,0,2
307442,2,2
114398,2,2
241090,0,1
162157,2,2
357048,0,2
377887,2,1
156871,2,2
24220,2,2
181968,2,1
377473,0,1
172619,2,2
96611,2,2
340308,0,1
332243,1,1
332950,0,2
21653,0,0
201557,0,1
56769,2,2
395376,0,1
195483,2,2
4440,1,1
58490,2,2
189387,1,1
345699,0,1
131952,0,1
298697,2,2
389418,1,2
210971,2,2
349393,2,2
299261,0,0
29891,2,2
346464,2,2
348690,2,2
139193,2,2
332321,2,2
376397,2,2
32431,0,2
31634,0,2
247514,0,2
203383,0,0
334237,0,2
138314,0,0
206437,2,2
204750,1,1
194376,0,2
231299,2,2
389080,2,2
149769,1,1
76325,2,2
92892,0,2
55089,0,2
183431,0,0
285328,0,2
283074,0,1
351214,2,2
147275,0,2
404581,2,2
327943,2,1
190969,0,2
351049,2,1
109219,0,0
26406,1,1
50963,0,1
59169,0,0
60733,2,2
251675,0,2
136568,1,1
201094,2,2
47533,0,2
348959,2,0
393412,0,2
299859,2,2
301151,2,2
265092,0,2
19916,0,0
138414,2,2
87496,2,1
272532,2,2
375104,1,1
338969,0,0
325135,2,2
241676,2,2
336758,0,2
232845,2,1
139323,2,1
47077,1,1
318,0,2
184848,0,1
345233,2,2
293159,1,1
222416,2,2
55260,2,2
35236,0,2
312344,1,1
104905,0,1
161869,1,1
49669,0,2
103501,0,0
71932,2,2
93219,0,0
156957,2,2
361256,2,2
380624,0,1
179427,0,2
69686,2,2
237512,2,1
159050,2,2
331379,1,1
175983,0,2
318234,1,1
157948,0,1
277311,1,1
260895,1,1
74965,2,2
116100,0,1
382118,2,1
281657,0,1
253345,2,2
116224,0,0
107418,2,1
102724,0,0
79101,0,2
39888,2,2
106324,2,1
263637,0,2
225804,2,2
67772,1,1
347792,0,1
160498,2,0
76065,0,1
155158,2,2
98399,0,0
244207,1,1
221699,0,2
89799,0,0
246638,2,0
264314,0,2
263323,0,1
170967,0,0
35169,0,0
22133,1,2
57424,0,0
63652,2,2
274347,2,0
392479,0,2
373050,1,1
142649,2,1
193729,0,0
360213,2,2
246842,1,1
227384,2,2
271411,2,2
164017,0,0
329213,2,1
179530,2,2
114560,2,2
115749,2,1
229626,0,0
57540,0,0
358608,0,1
122804,1,1
67273,2,2
216619,2,1
36100,0,1
201373,0,0
175518,1,1
37642,2,2
236586,0,1
109202,1,1
362535,2,2
166293,1,1
162820,2,2
28763,2,1
309006,2,2
271940,2,1
259877,0,2
263295,2,2
8327,1,1
297545,2,2
381134,0,2
270780,0,1
134532,1,1
106302,2,1
387050,1,1
279706,2,2
37715,2,2
95196,0,1
290389,2,2
211580,0,1
299214,0,2
294126,2,2
406324,0,2
152552,2,2
130016,1,1
83525,0,2
254931,0,2
399471,2,2
34453,2,2
66405,0,1
112700,1,1
28997,0,0
39947,2,2
105110,1,2
349954,1,1
3602,1,1
221352,1,1
81687,2,2
209463,0,2
31626,2,2
328635,2,2
404524,2,2
68400,0,2
26966,0,0
96683,2,2
55228,2,2
107547,2,2
329676,0,2
351966,0,2
395416,1,1
118081,0,2
356174,0,2
93532,0,0
95988,2,2
233985,2,2
209782,0,2
65855,1,1
114837,0,1
84959,2,1
378390,2,2
48899,2,2
326774,2,0
205622,2,2
248488,0,2
356558,2,1
28669,2,2
394483,2,1
224366,1,2
82271,0,0
177875,2,2
404356,2,1
154439,0,2
249836,1,1
49132,0,0
67217,0,2
283685,0,2
172425,2,0
40516,0,0
269865,2,2
292106,2,2
263729,0,0
236451,2,2
89598,1,1
272607,2,2
70256,2,2
133511,1,1
27017,0,2
286336,0,2
341396,0,1
242517,1,1
376148,1,1
236938,0,0
66203,2,2
8306,2,2
216881,0,0
5287,0,2
387951,2,2
131780,0,0
369751,2,2
117512,0,0
389551,1,1
104061,1,1
98727,0,2
121508,0,2
378504,0,1
178288,2,0
315094,2,2
257147,2,1
366918,0,2
306597,0,0
4151,1,1
323014,2,1
332246,2,2
357721,1,1
231548,0,2
196638,0,0
295314,1,1
376125,2,0
336144,0,1
399937,0,2
50646,2,0
350487,0,1
52967,0,0
385214,2,1
13327,2,1
57932,0,2
185831,0,0
70765,2,1
166178,0,1
196568,2,2
206166,0,2
76001,0,1
398345,2,2
394631,2,2
223418,2,2
329306,0,2
379099,2,2
294514,0,0
304766,2,2
137042,2,2
349478,2,2
78215,2,2
293120,0,1
178590,0,2
99884,2,2
239734,2,1
337265,2,2
10741,1,1
343825,2,1
229575,2,1
155359,0,2
268226,2,2
235058,2,2
128558,2,1
363928,2,2
136260,0,0
335159,0,2
143209,0,1
89117,2,2
224123,2,1
400298,1,1
200677,0,1
167550,2,2
288993,0,0
359989,2,0
169277,0,2
327324,2,2
59700,0,0
45380,1,1
81928,0,0
41511,0,1
122240,1,1
170069,0,1
147415,2,2
202973,2,2
311001,1,1
286096,1,2
300135,0,2
188884,0,0
166469,2,2
27736,2,2
4511,0,2
160704,0,1
395536,0,0
162984,2,2
32783,2,2
48324,0,2
38950,0,2
375696,0,1
273995,0,0
262313,2,1
219699,1,1
57491,2,2
162277,0,2
311247,1,1
364479,0,1
236464,0,2
317451,2,1
389866,1,1
154005,2,2
48535,0,0
28444,2,2
104958,1,1
93101,1,1
275706,1,1
216579,0,1
213455,2,1
236431,2,2
100181,1,1
312162,2,1
109532,2,2
213162,2,2
6008,1,1
110670,1,1
166073,2,2
212113,1,1
276022,1,1
290708,2,1
235719,2,2
147002,1,1
24188,0,1
244414,0,2
23755,2,1
220265,2,2
171683,0,1
198762,2,2
321036,2,2
340017,2,2
376884,0,2
310001,1,1
150321,2,2
343971,2,2
119945,0,2
317682,2,0
293626,0,2
22132,1,1
7374,2,2
6700,0,2
99714,2,2
346789,2,1
109143,2,2
232252,2,2
393007,2,2
192607,2,2
18190,0,1
294026,0,2
279625,0,1
337872,0,1
401890,1,1
211913,2,0
251340,0,1
369524,2,2
136159,0,0
375299,2,2
367723,1,1
378485,2,2
188463,0,1
122027,0,1
120319,0,1
251983,2,2
294053,0,2
349239,2,1
2964,0,1
192568,2,2
212316,2,2
377915,2,2
239156,2,1
168465,2,2
77371,2,1
194427,1,1
260711,0,0
352497,2,2
255210,0,1
349958,2,2
96435,0,1
2456,0,0
380000,0,0
224865,0,1
154198,0,0
13166,0,1
126530,0,2
228551,2,2
326631,0,0
4960,2,2
282268,1,2
244632,1,1
187961,2,2
329990,2,2
348662,0,0
160095,2,2
117473,2,0
205180,2,1
300819,2,2
53520,1,1
367383,2,1
332314,0,0
41657,1,2
318582,2,2
197508,2,2
322575,0,2
51033,0,0
318892,2,2
168952,2,2
118558,2,2
346737,2,2
391642,0,1
213891,2,1
166052,0,2
244916,0,2
188575,0,2
83247,0,2
4460,2,0
73348,1,1
391698,2,2
230590,2,0
107133,2,2
319961,2,2
302490,1,1
83815,2,2
364890,1,1
320184,2,2
131740,2,2
140254,2,2
294915,1,1
25758,1,0
126694,2,2
47850,0,1
99161,0,2
38585,2,2
299953,0,1
30116,0,2
117584,2,2
236378,2,2
88935,2,1
83666,2,1
29485,0,1
293106,1,1
211958,2,1
159002,0,0
207604,1,1
144146,2,2
287514,0,2
299804,2,2
145801,0,2
160166,2,0
207691,2,2
1662,2,2
177282,1,1
399516,2,2
124161,0,0
372159,1,1
179882,0,0
36534,0,0
146956,2,2
196421,2,2
146364,1,2
195725,2,2
389875,1,1
379605,1,1
357605,1,1
71805,2,2
29585,2,0
143540,2,2
247801,1,1
392926,1,1
22985,2,2
358255,0,1
145990,2,2
371383,1,1
384275,2,1
84005,2,2
185840,0,2
61257,0,2
224090,0,2
313035,0,0
225146,2,2
356067,2,1
224815,0,0
73521,0,2
60100,2,2
11546,0,2
132295,2,1
21669,2,2
376629,2,0
199386,0,0
89028,2,2
70509,2,2
237642,1,1
142316,2,2
399942,2,2
402634,2,2
83238,1,1
374366,0,1
334727,2,2
279220,0,0
371248,0,2
248254,2,2
216998,0,2
46334,0,0
80300,2,2
84987,0,2
238460,2,2
131256,2,1
178362,0,2
154881,2,2
188650,0,0
381232,1,1
278300,0,0
335067,0,1
333487,2,1
137885,2,2
185408,1,1
351975,2,2
329600,1,1
348021,2,2
14424,0,0
165588,1,1
28662,0,2
235031,2,0
372426,2,2
13540,1,1
222480,2,2
175079,0,1
210852,2,1
161496,2,2
337786,2,1
55690,2,2
6300,2,2
192018,0,2
352679,0,1
366826,2,2
290349,1,1
295021,0,1
101518,0,0
90669,0,0
311396,0,2
392022,1,1
354814,1,1
282546,0,2
33205,2,2
201532,0,2
101777,0,0
267411,2,2
28654,0,1
401799,1,1
28287,2,2
388871,2,2
105875,2,2
374504,0,1
346346,2,2
344044,0,0
339909,2,2
17237,0,2
238037,1,1
67597,2,2
45299,1,1
290770,2,2
244392,2,2
88215,1,1
173014,0,0
228534,2,2
176040,1,1
125412,2,2
41236,0,2
349220,0,0
4054,2,2
348304,0,2
266616,2,2
194200,0,1
19328,0,0
150228,0,2
126126,2,1
65815,0,2
97121,0,2
157968,2,2
380528,1,2
65290,0,2
153509,2,2
324265,0,0
283390,0,1
342038,2,2
65758,0,2
211778,2,2
235052,2,2
215030,2,2
46083,2,2
269249,0,2
1326,2,2
326966,1,1
275626,0,0
165401,2,2
174440,0,0
76545,2,2
354469,1,1
319549,0,1
375409,0,1
271486,1,1
14840,0,1
177110,1,1
85433,0,0
229058,2,2
161691,1,1
361363,0,1
274381,0,2
134429,0,1
235987,0,0
203274,0,1
112547,2,2
376225,2,2
225042,1,1
89430,2,2
349077,2,2
315318,2,2
319406,1,1
325215,2,2
345837,0,2
157422,2,2
302381,0,2
44978,1,1
329216,1,1
38712,2,2
403374,0,0
334335,2,2
97766,2,2
45446,2,2
198851,2,2
288478,2,2
239483,2,2
66388,2,2
65391,0,0
149631,2,2
388116,2,2
143444,1,1
190592,0,2
386879,0,2
107765,2,2
137569,1,2
189368,2,1
14663,1,1
182672,1,1
369387,0,2
128149,2,2
139290,0,0
324504,0,0
34842,2,2
67148,1,1
17964,2,2
369499,0,0
74109,2,2
221462,2,1
119883,2,2
254111,2,0
349807,2,2
189449,0,2
25950,1,1
358059,0,0
65402,2,2
138058,2,2
53589,0,0
349022,0,2
297836,0,2
146687,2,2
130211,2,1
135184,2,2
311365,0,2
256686,2,2
274686,0,1
121690,1,1
71947,0,2
353568,2,1
328839,2,1
275796,0,0
49795,0,0
329120,2,2
392812,2,2
19723,0,2
224472,1,1
360194,0,2
376382,2,1
12087,2,2
145076,2,1
19592,1,1
365230,0,2
356774,0,2
233744,2,1
296735,0,2
264628,2,2
84971,2,2
330860,0,1
226252,0,2
166095,1,1
284659,2,2
284908,2,2
108327,2,2
262457,2,2
395371,2,2
64912,0,0
60496,0,2
206801,1,2
42998,2,2
146983,2,2
208565,0,2
209866,2,2
184623,0,1
229600,2,2
37935,2,2
29173,2,2
217668,0,1
254612,0,2
303432,2,2
296856,2,2
389874,0,0
127512,2,2
134560,1,1
36587,0,0
218003,1,1
326561,2,2
322612,0,2
36794,2,2
28883,0,2
100323,2,2
404542,0,0
331778,0,0
359756,1,1
298332,2,1
110642,0,0
30738,2,1
392511,2,2
326766,2,2
251975,0,2
244479,2,2
235817,1,1
27647,2,2
254487,2,2
21086,1,1
307000,0,0
252449,0,2
252718,2,2
321569,1,1
386203,0,2
103255,2,1
230573,2,2
221333,1,1
316783,2,2
38467,2,2
262336,2,2
361111,0,0
68332,0,2
326306,0,1
94814,1,1
106146,1,1
129396,2,2
141144,0,0
291210,2,2
348176,0,2
165424,2,2
104819,2,2
195085,1,1
327370,0,2
379906,2,1
282479,1,1
379781,2,2
216152,1,1
172076,0,2
125703,2,2
292423,0,2
140811,0,1
280603,2,1
14702,2,2
232336,0,2
97247,2,2
102470,2,2
205696,0,2
398424,2,1
385790,2,2
24316,0,0
282415,1,1
59234,2,2
403479,0,0
280831,0,1
367459,2,2
297485,2,2
213832,0,1
125266,0,1
200990,0,2
103496,2,2
83836,2,2
374810,0,2
367664,0,2
151209,0,1
343561,2,2
275750,2,2
222946,2,2
220417,0,2
95047,2,1
80941,0,0
308240,2,0
403194,2,2
166431,2,2
402858,0,2
44649,2,2
143453,0,1
117821,2,2
179897,0,2
53777,0,0
133035,2,2
1394,2,2
231468,0,0
215939,2,2
254721,2,2
341983,0,1
110854,0,0
169744,2,2
50603,0,1
152097,0,2
343748,0,2
199001,2,1
26515,2,2
49228,0,1
71158,0,0
236289,2,1
97053,2,2
163750,2,2
11690,2,1
100459,2,2
163668,1,0
274283,0,2
278100,2,2
263031,1,1
285808,2,2
188357,0,0
393482,0,1
35194,1,1
387296,2,0
43202,1,1
325311,0,2
309070,1,1
104484,2,2
259350,1,1
226041,0,1
12670,0,2
17842,0,0
49345,1,1
337590,2,2
276948,0,0
344369,1,1
19290,1,1
137770,2,2
61002,2,2
30399,1,1
92582,0,0
86264,2,2
150374,0,0
333335,1,1
237271,0,2
283876,2,2
392693,1,1
295078,2,2
161270,2,1
313636,1,1
377923,2,2
174699,1,1
226404,1,1
260335,0,2
39108,0,1
385171,2,2
285492,1,1
235652,0,2
278180,2,1
336337,1,1
60008,2,2
122532,0,2
32079,0,2
390920,2,2
377404,0,1
203773,2,2
31482,2,2
106187,2,2
78375,1,2
34862,2,2
381400,0,2
39858,2,1
316365,2,2
371221,1,1
86319,2,2
143497,2,2
328942,2,2
399976,0,1
283318,1,1
44458,2,2
287188,1,2
237326,2,2
271993,2,2
405842,1,1
317195,0,2
197631,0,0
334530,2,2
93125,1,1
198485,1,0
16318,2,2
254597,1,1
338948,2,2
76556,0,2
224990,2,2
178512,1,1
13817,2,2
325890,0,1
78843,2,1
306195,2,2
185455,2,2
162052,2,2
282573,2,0
190964,2,1
352352,0,1
158753,2,2
98642,0,2
301391,2,2
138778,2,2
344366,0,2
255503,0,2
337150,2,2
346236,2,2
66607,0,1
71038,0,1
183564,2,2
220601,0,1
391303,2,2
376738,2,2
375017,2,1
137704,0,1
44692,0,1
344624,2,1
40691,0,2
48818,2,1
145527,1,1
384978,1,1
219113,0,1
142249,0,1
286990,2,1
167178,1,1
182428,0,1
134537,2,1
93969,0,0
307092,0,2
305134,2,2
276659,0,0
154872,0,2
24628,0,2
52677,0,1
377436,0,2
44614,0,0
81911,0,1
201883,2,2
124813,2,2
210660,2,2
99881,2,2
158337,2,2
259762,2,2
61444,0,2
22915,1,1
370829,0,0
185155,0,2
136709,2,2
285359,0,0
193912,0,1
32343,1,1
149836,2,1
122365,2,2
204919,0,0
202565,2,2
68505,1,0
17383,2,2
330492,1,1
214140,1,1
343704,2,1
208681,2,2
86888,2,2
337038,2,2
86376,2,2
284335,2,2
313433,0,2
4300,2,2
168264,2,2
81756,2,2
66105,1,1
6861,2,2
351861,1,1
283601,2,2
227423,2,2
191112,0,0
154980,0,2
207032,2,1
153629,0,2
53798,2,2
106442,1,1
310080,0,2
234034,2,2
189953,0,0
56067,0,1
175278,0,2
186751,2,2
206880,2,2
74573,0,2
36418,1,1
287011,0,2
370769,0,0
331390,2,1
95478,0,1
233241,0,1
56939,1,2
95539,0,0
168284,2,2
362401,1,1
277988,0,1
159448,0,2
360152,2,2
365616,0,2
51557,0,0
393361,2,2
318920,2,2
255899,1,1
380812,1,1
223960,2,1
29749,2,2
364434,1,1
348916,2,2
297788,1,1
345051,0,0
187210,2,2
386615,1,1
326143,0,1
370876,2,2
304810,0,1
269474,1,1
390685,0,2
109431,0,2
313297,2,2
313755,1,1
301778,2,2
278493,2,2
389950,2,2
338258,0,0
246418,2,2
308532,2,1
348671,0,1
376720,0,1
152714,0,1
327599,2,2
307152,1,1
44460,0,2
33603,0,1
342367,2,2
8235,2,2
251761,2,1
163260,1,1
240916,1,1
214413,0,0
25010,1,1
258666,2,2
76111,0,2
72617,1,1
43150,2,2
237415,0,2
33010,1,1
292115,1,1
198138,1,1
367429,2,2
19583,0,0
388809,1,1
396635,2,2
120639,2,2
341513,0,1
78875,2,1
92682,2,2
394715,1,1
232739,2,1
346581,0,0
356009,2,2
95120,2,2
93895,2,2
201169,2,2
373941,2,1
122276,1,1
331643,0,2
66090,0,0
206617,2,2
272846,2,2
374980,1,1
240551,2,2
141277,1,1
138892,0,2
127171,0,2
179377,0,2
337090,0,2
241798,1,1
192777,2,2
368121,0,0
128765,2,2
3071,2,2
66433,0,2
269429,2,2
242998,2,2
36379,2,2
162326,2,2
404294,2,1
150664,1,1
169933,1,1
7194,0,0
48650,1,1
320268,0,1
19576,0,0
111515,2,2
332849,0,0
215076,2,2
165988,2,1
116851,0,2
405845,2,1
109083,0,0
332479,0,0
344228,2,2
45513,2,1
129247,0,2
46600,2,2
145205,0,0
51776,2,2
114604,0,1
168393,0,2
312958,1,1
386227,2,2
380967,2,1
384403,0,0
75167,0,2
353385,2,1
129511,0,0
144675,0,1
361487,2,2
199370,1,1
35714,2,2
109388,2,2
126913,2,2
267312,0,2
112265,0,2
384999,2,2
141056,0,0
337328,2,2
134730,1,1
328392,2,2
232676,2,1
348608,2,2
390982,2,2
399731,1,1
115324,2,2
79104,0,1
403851,0,0
303665,2,2
286079,0,1
173709,2,2
25249,0,2
403630,2,2
12523,2,2
385805,2,2
215162,2,2
11598,0,1
84734,2,2
69036,1,1
225485,0,2
347082,2,2
39140,2,0
318533,0,1
67661,0,0
333085,2,2
108534,0,1
23475,2,1
29631,2,2
59052,0,0
344918,0,2
354388,0,0
215372,2,2
253555,0,2
17411,2,2
289363,2,2
26046,1,1
188771,2,2
203752,2,2
224658,2,0
393008,2,2
358838,2,2
165530,0,1
202431,2,2
163703,1,1
193457,0,2
125157,1,1
146195,0,1
1802,1,1
310152,1,1
42780,2,0
270238,2,1
251088,2,2
212941,2,0
293003,0,2
8776,2,2
257884,2,1
301410,2,2
41766,1,0
184046,2,2
286731,2,2
263565,2,2
62562,1,1
334407,0,1
294612,0,1
140679,1,1
78714,2,0
65206,1,1
233102,2,1
154897,0,1
118715,2,2
12077,2,2
329117,2,1
190854,2,2
187473,2,1
122730,0,1
286642,0,2
280903,0,0
52484,2,1
381493,0,2
137577,1,1
51746,0,1
312400,1,1
209701,2,2
64365,2,1
120556,2,2
196160,2,2
364045,0,2
25630,2,2
236211,0,2
37647,0,2
50833,2,2
138164,2,0
178167,1,1
13969,0,0
192121,0,2
156688,2,2
82021,2,2
374304,0,1
72584,2,2
260668,2,2
100318,1,2
126636,1,2
253367,2,1
58964,0,1
260273,0,0
51151,0,0
257893,2,2
265697,2,2
162476,2,2
347058,2,2
144952,0,1
55747,0,1
255836,1,1
232242,0,1
324488,2,2
382305,0,2
287567,0,2
262181,1,1
360504,0,0
320982,2,2
65452,1,1
187395,0,0
233672,0,1
268017,0,0
238913,0,2
398286,2,2
56925,2,1
130349,1,2
219853,0,2
182263,2,2
47765,2,2
85482,2,2
197859,0,2
84613,2,2
203157,2,2
171270,0,2
58513,2,1
18363,0,2
276278,1,1
294584,2,1
233198,2,2
360452,0,1
97492,2,2
71376,2,2
215531,2,2
340899,2,2
311640,1,1
203414,0,0
155776,2,0
254230,2,2
254419,0,2
395914,0,1
41401,0,0
173729,0,2
71890,0,0
389749,2,2
179904,2,1
276880,0,0
288893,2,2
148598,1,1
219141,2,2
359738,2,1
138304,0,1
87583,0,0
277613,0,2
227917,0,2
259729,0,0
139005,0,0
76646,0,1
35492,0,1
22363,2,1
360038,0,0
261486,0,2
218275,0,2
305400,2,1
373932,2,2
127591,2,2
197220,2,2
179718,2,1
172329,0,0
45400,0,0
135131,2,2
276699,0,0
141059,0,1
403530,2,2
209066,2,2
15341,0,1
381099,1,1
218284,2,2
155430,0,2
175850,2,2
249189,1,1
19278,0,0
360838,2,2
154097,2,2
403658,0,0
124878,2,2
346734,2,2
322709,0,2
245385,0,0
79174,2,2
215701,1,1
267604,0,0
302474,0,0
24912,1,1
174400,2,1
354885,2,1
308702,2,1
179661,1,1
195973,2,2
37667,2,1
302088,1,2
182086,0,2
322469,2,1
26252,0,2
118484,1,1
388107,2,1
5861,1,1
9867,0,2
326241,2,1
396243,2,2
14552,0,1
87543,0,0
193802,2,2
380587,1,1
129737,0,0
39269,2,1
356717,0,0
347917,0,1
16835,2,2
308492,0,0
194489,0,2
60472,2,2
76627,2,1
231844,2,2
139538,0,2
53529,1,1
47296,2,1
321852,2,2
352484,1,1
89405,0,0
109482,2,2
247284,0,2
61799,2,2
89770,0,0
33008,1,1
351668,2,2
21898,1,1
197340,0,1
317056,2,2
145189,2,2
341156,1,1
325845,2,1
162697,0,2
220993,2,2
109892,2,2
176108,2,1
100308,1,1
169396,0,1
119085,2,2
236332,2,2
337830,2,1
246991,2,1
149193,1,1
331099,2,1
88380,0,1
223383,0,0
350463,2,2
32093,0,2
321172,0,2
136747,0,2
11942,0,2
47698,2,2
335268,1,1
330748,2,1
45102,2,2
108216,2,1
226551,1,1
282852,2,2
180271,0,2
158210,2,1
150392,2,2
186284,2,2
24686,2,0
383317,2,2
142106,2,2
10137,0,2
338862,2,2
193396,2,2
261104,2,2
263953,2,2
245234,2,2
213366,0,0
212313,0,0
312405,0,2
13865,2,2
281398,2,2
336461,2,2
267903,2,1
389779,0,0
371492,0,2
159920,1,1
295722,0,2
206307,2,2
286815,0,0
174792,2,2
391249,0,1
243734,1,1
230557,0,1
211952,2,2
246451,1,1
113814,0,0
70656,0,0
312191,0,1
266500,0,0
5060,0,2
74314,0,0
360352,1,1
44859,0,2
233112,0,2
185194,0,1
234779,0,0
376222,2,2
386361,2,2
329666,0,2
229583,0,0
106125,0,0
251200,2,2
341320,2,2
44099,0,1
259636,0,2
399326,0,2
391337,0,2
71991,0,1
288519,1,2
299165,0,0
191039,0,2
173389,2,1
395814,0,1
272297,2,2
326506,1,2
241049,2,2
395873,0,0
322993,0,0
254443,0,1
110283,0,1
160056,2,1
44538,0,0
39655,2,2
133866,0,2
141371,2,2
20403,0,0
128225,0,1
331331,0,2
314133,0,1
251397,0,0
141417,1,1
66500,0,1
128750,2,2
238755,1,1
46891,0,2
70213,0,2
43319,2,2
138404,0,1
189178,1,1
267962,2,2
384278,2,2
208171,2,2
385462,0,2
131770,2,2
362873,2,2
220126,0,1
87560,0,2
312863,0,2
60150,0,0
231800,1,1
111116,2,2
132547,2,1
106702,1,1
90072,2,2
85791,0,0
128808,0,0
260441,2,2
311730,0,2
304532,2,2
290030,0,2
162719,2,1
78884,2,2
320750,2,2
64512,0,1
346243,2,2
25324,2,1
124129,0,2
67732,2,2
290907,1,1
264349,0,1
12715,2,2
111291,0,2
167998,2,2
121446,0,1
351358,2,1
250512,2,0
243479,0,2
23481,2,2
142696,2,0
352761,2,2
231984,2,2
24873,0,2
362964,2,2
79,1,1
200902,2,1
339185,0,1
164509,0,2
154463,2,2
158720,2,2
184407,2,2
183290,0,2
350419,2,2
339337,2,2
112879,2,0
283958,0,1
178785,1,1
103628,0,2
269065,2,2
235565,2,2
216335,1,1
144979,0,2
153179,2,1
188592,2,2
200165,0,1
7455,2,2
57009,2,2
28516,0,1
189562,0,2
351790,0,1
372184,0,1
232073,2,2
33240,2,2
114720,2,1
161598,1,1
309170,0,2
275144,2,2
393910,1,1
214817,2,0
32043,0,1
189390,1,1
205410,0,2
352451,2,2
197339,1,1
33470,2,2
335128,0,1
346225,2,2
253934,2,2
236075,0,2
205862,0,2
311221,0,2
358465,0,1
82888,2,2
383069,2,2
43559,2,2
234739,1,1
192564,0,2
170477,0,2
167779,2,2
132688,2,2
374493,2,2
211854,1,1
76651,0,2
226719,2,1
248555,1,2
247285,2,2
339366,0,0
138559,0,2
362724,0,0
313454,0,2
152942,2,0
298615,0,0
106040,2,2
391320,2,1
56622,0,2
161239,0,2
339005,2,2
107350,2,1
339745,2,1
335416,1,1
181761,2,2
127552,2,2
365458,0,1
179008,2,1
298853,0,2
323714,1,1
62301,2,2
125822,0,2
121758,2,2
42267,2,2
153648,0,0
99368,2,2
337200,1,1
275467,0,0
249586,1,1
102699,2,2
401187,2,2
397113,0,0
379778,0,1
115561,0,0
115630,0,2
355830,0,1
214046,2,2
196567,2,2
130060,2,2
172522,0,2
357948,2,2
301046,0,0
247409,2,2
57029,0,0
288969,0,0
228335,0,0
33303,0,0
196958,2,2
28627,2,2
172529,2,0
90785,2,1
374184,1,1
211119,2,2
363389,2,2
59795,0,1
173499,2,2
303574,0,1
341521,1,1
2949,0,0
343697,2,2
202510,1,1
287952,2,2
44331,0,2
173985,2,2
221533,0,2
171868,1,1
183566,0,2
65166,1,0
255993,0,2
279392,2,1
201592,2,0
367114,0,2
339399,0,2
246735,0,0
177456,2,2
401862,2,2
105206,1,1
92234,0,2
22730,2,2
277007,2,2
143291,2,2
351576,0,1
111937,1,1
119836,0,1
271418,1,1
71191,2,2
7149,0,1
66118,0,0
206570,2,0
315005,0,0
12228,2,2
9879,1,1
327825,1,1
400427,2,2
138514,2,2
368215,1,1
291698,2,2
102825,2,1
305309,1,1
327040,1,1
10822,1,1
210551,2,2
166423,0,0
44382,0,2
323734,1,1
365672,2,1
253591,2,2
152748,2,2
370718,0,2
188892,1,1
266506,2,1
219883,0,0
111639,2,2
251593,2,2
27675,1,1
365552,0,0
5429,2,2
76773,0,1
61656,0,2
298572,2,2
6262,1,1
9770,0,0
194915,0,2
360049,0,2
399522,0,2
82788,0,1
86206,1,1
242841,0,2
41654,1,1
69990,0,1
105738,2,2
315747,2,2
289056,2,2
74932,0,0
267536,0,1
239495,2,2
236202,1,1
400345,0,0
301124,2,2
260851,1,1
231376,1,1
264883,1,1
91935,2,2
250732,0,0
262119,2,2
1889,1,1
132595,2,2
64868,2,2
333254,0,1
321740,0,1
114813,2,2
107205,1,1
230218,2,2
349292,1,1
68178,1,1
86613,2,2
397913,0,1
61375,0,0
9637,2,1
55239,2,2
76670,0,0
306104,2,2
133130,2,2
274829,2,1
281577,0,0
55965,0,2
356247,0,2
277864,1,1
173784,2,2
180758,1,1
84807,0,2
158253,0,0
953,0,2
12730,1,1
63871,1,1
335158,0,0
95133,0,1
144354,2,2
180520,0,0
179149,1,1
185556,1,1
382122,0,2
46305,0,1
301047,2,2
3633,1,1
367796,2,2
375587,0,2
302915,2,2
310104,2,2
257145,2,1
169162,2,2
353922,2,2
406174,0,0
61479,0,0
84466,2,2
293783,2,2
277011,0,2
377096,1,1
179566,2,2
355664,0,2
163274,1,2
35476,2,2
202739,2,2
357716,2,2
147549,2,2
290994,2,0
342833,0,0
287981,0,0
291132,0,2
204965,2,2
85069,0,2
90513,2,2
387493,0,2
25933,0,0
17683,0,0
62331,0,0
148097,2,2
382928,1,2
369940,0,0
139021,0,2
41934,0,2
197314,2,1
125709,2,2
143755,2,2
267400,2,2
180508,0,1
34109,2,1
290001,2,2
29303,0,2
252823,0,0
324650,1,1
48984,2,1
100967,0,0
79522,1,1
367252,2,2
52586,2,2
316893,0,0
62699,2,0
9508,0,2
360346,0,1
321456,2,1
226500,0,0
46211,0,0
382679,2,2
262867,0,2
14679,1,1
173479,0,0
273118,2,1
71239,2,2
69878,2,2
341833,2,2
25215,0,1
156336,2,2
127370,0,1
290975,1,1
268108,0,0
436,0,0
366000,2,1
301603,2,0
67758,1,1
281962,2,1
126655,0,0
235329,1,1
360713,2,2
214405,2,2
382700,2,2
61482,1,1
220539,2,2
339431,2,0
325733,2,2
213104,0,1
206905,0,1
198230,2,2
131036,2,2
247269,0,0
340896,0,2
243998,2,2
184693,0,1
78558,2,2
25147,0,2
20626,2,2
203529,2,2
256519,0,2
377562,0,0
206681,2,0
177058,1,1
388641,0,0
49974,2,2
106113,2,2
318491,1,1
92604,2,2
87672,1,1
106019,0,1
275827,2,0
80419,0,0
227252,1,1
332167,1,1
318094,0,1
111037,2,1
299909,1,1
287847,0,2
123843,2,2
141264,2,1
139521,2,2
170567,1,1
301400,2,2
27544,0,0
62730,0,1
293871,0,0
322570,0,0
172392,2,2
101346,1,1
162044,0,1
115467,2,2
249417,1,1
260021,0,2
159637,0,2
376076,2,2
395881,2,2
249026,1,1
69292,2,2
71643,0,2
288073,0,2
371513,1,1
48341,2,2
394423,2,1
64110,2,2
12244,0,0
23135,1,1
172494,2,1
58147,2,2
314958,2,2
338737,2,2
187192,2,2
39515,2,2
166222,1,1
264544,2,2
374918,0,2
253833,2,2
85214,2,2
165682,0,2
141015,1,0
397625,2,2
298914,0,1
205635,0,1
356057,2,2
273675,0,0
133887,0,1
124825,1,1
89076,0,2
153776,1,2
233220,2,2
194897,2,1
25267,2,1
111140,0,0
186043,2,2
110055,2,2
392302,2,1
320623,0,2
383634,0,0
323512,2,2
302948,2,2
52632,2,2
355560,2,2
129269,0,0
363308,2,2
396200,2,0
85366,2,2
16546,1,1
151795,1,1
265701,0,2
317334,1,1
31538,0,2
4728,0,1
160428,2,2
189025,1,1
370305,1,1
297161,1,1
243446,2,2
37141,2,2
107426,1,1
256017,2,2
10352,0,1
354146,0,2
314346,2,2
363416,1,1
254548,1,1
275583,0,2
39647,0,0
164113,1,1
104358,0,0
296321,2,2
230859,2,1
55013,0,2
229837,1,1
104522,2,1
191255,0,2
371881,2,2
119514,0,2
104085,2,2
393429,2,2
150398,2,2
304920,2,1
232728,2,2
145487,2,2
113278,0,2
27491,0,2
245080,0,2
184057,0,1
230600,2,2
86989,2,2
836,1,1
396700,0,2
376605,2,2
288943,1,1
44518,2,2
82339,2,1
394441,1,1
293951,1,1
271483,2,2
31217,1,1
29517,1,1
180455,2,2
184169,2,1
51499,1,1
261311,0,2
210008,2,2
82862,0,1
293638,2,1
30517,1,1
58891,2,2
66415,0,1
365370,2,2
403038,0,2
223468,2,1
16717,0,2
82808,0,0
259858,2,2
23566,0,0
364481,2,1
187776,1,1
120587,0,1
57483,2,2
241669,2,2
49363,2,2
39979,1,1
211396,2,2
42800,2,1
246753,0,1
85206,0,1
266555,2,2
33803,0,1
388941,2,2
66959,2,2
170162,1,1
225061,0,2
192852,1,1
381454,1,1
4077,2,2
382839,0,0
340123,0,1
244549,2,2
116617,1,1
111932,0,2
158289,2,2
20714,0,1
304852,2,2
152469,2,2
375192,0,2
250834,0,0
315884,2,0
339395,2,2
117155,2,2
357415,2,0
20649,1,1
163124,2,2
296398,1,1
222998,2,2
206680,2,1
187784,2,2
243344,2,2
225526,2,2
367818,0,1
189984,0,2
175789,2,2
292226,2,2
59935,2,1
249550,1,2
164594,2,2
371522,2,2
280909,2,2
88724,2,2
213641,0,0
253312,0,0
318655,2,2
139335,2,2
399532,1,1
270859,0,2
381142,0,2
122474,0,2
232509,0,0
136021,1,1
302721,2,2
348328,0,1
388482,1,1
328460,2,2
239175,2,1
75656,0,0
21902,2,2
26627,1,1
109717,2,2
94022,2,2
189383,0,0
363377,0,0
348577,0,2
216093,1,1
247317,2,2
331713,1,1
367414,1,1
54114,0,0
227700,0,0
302799,0,0
128578,1,1
245295,0,0
300337,1,1
347607,1,1
181238,0,0
235442,1,1
317415,2,2
341215,0,2
175682,2,2
296098,1,1
250767,2,0
216791,1,1
395821,2,2
176726,2,2
187354,2,0
299281,0,2
4281,0,0
54165,0,2
14302,0,2
384541,0,0
225288,2,0
182881,0,0
254773,0,2
238988,0,1
130866,2,2
362350,0,2
188311,1,2
156002,0,1
281809,2,2
401151,2,1
356150,0,2
315402,1,1
363155,2,1
283202,0,0
198091,1,1
142098,0,0
265309,2,2
157437,2,2
317222,2,1
87177,0,2
40763,0,2
70855,2,2
199512,2,0
177038,1,1
394255,1,1
183958,0,1
170068,2,2
110773,2,1
32461,2,2
257144,2,2
8657,2,2
248849,2,2
99034,2,2
368514,0,0
374089,0,2
255729,0,1
26408,0,0
148940,1,1
87743,2,2
24268,0,0
253429,2,2
89866,2,2
188674,0,0
341643,1,1
385137,0,0
142142,0,0
24908,2,2
11177,2,2
323127,2,2
244075,0,2
132099,2,2
20993,0,2
185884,0,2
337809,2,2
57397,0,0
262858,2,0
125359,1,0
71156,0,2
110408,2,2
176959,2,1
101230,2,2
48024,2,2
36120,0,0
277858,1,1
237757,2,2
251529,1,1
165491,1,1
91427,1,1
7504,2,0
245670,0,1
89298,0,0
950,0,2
131398,2,2
149303,2,2
268562,2,2
158531,2,2
80492,0,0
263406,2,2
358652,1,2
43405,2,2
382,0,2
184960,0,0
378641,0,1
15763,2,2
161889,1,0
177961,1,1
151876,1,1
89018,2,1
122077,2,1
402641,1,1
268111,0,0
39645,0,2
172570,0,2
109188,0,1
198629,2,2
103836,0,0
258365,0,2
388665,2,2
191430,2,2
214416,0,1
326411,2,2
208466,2,2
45976,0,2
286816,0,1
382284,1,1
353655,2,2
287537,1,2
34013,0,2
158701,1,1
150960,2,1
79423,0,1
257433,1,1
323853,2,2
146870,2,2
278813,2,2
328510,0,2
310963,2,2
310068,2,2
228375,0,2
345579,0,2
247641,0,1
60668,2,2
364226,1,1
98683,0,2
221959,0,2
95890,2,2
382010,0,0
153511,2,2
186083,0,0
157121,0,0
54117,1,1
102357,1,1
90981,2,2
37004,2,2
220320,2,2
243038,2,0
74595,0,0
15507,2,2
293806,2,2
6929,0,0
128788,0,2
271808,1,1
349169,0,2
245773,2,2
10215,2,2
354136,1,1
294264,2,2
79028,0,2
395679,0,2
360910,0,0
188124,0,2
11095,1,1
147619,2,1
24666,2,0
388251,0,1
275475,0,0
168257,0,0
244908,0,0
164618,2,2
31153,0,1
21716,0,1
89189,1,1
248359,1,1
265148,0,2
51214,1,1
199340,1,0
308666,2,1
293573,0,2
175658,1,2
252488,0,2
17090,0,1
288245,2,2
149512,1,1
384041,0,0
199711,2,2
258423,1,1
115956,0,1
320828,0,0
227676,2,1
10232,2,2
82620,2,1
54370,1,1
44824,0,0
106482,1,1
319541,1,1
386201,0,2
326475,0,2
295113,2,1
113878,0,0
203252,1,1
192837,1,1
91065,2,0
366805,2,2
20593,2,2
295440,0,1
94554,2,2
26388,1,1
201901,0,0
369745,0,2
243833,1,1
136935,0,0
177508,2,2
266267,2,2
382903,2,2
68788,2,2
286834,0,2
173197,2,2
69723,1,1
203006,2,2
133125,1,2
40396,0,1
224345,2,1
226343,0,2
93668,2,2
313309,0,0
131004,1,1
244867,1,2
366828,2,0
259821,2,2
226808,2,0
46587,0,1
133029,2,2
45212,2,2
116291,1,2
223288,0,2
256624,2,2
91617,0,1
258281,2,2
223022,0,0
281040,1,1
403544,1,1
293278,2,2
211853,0,1
164288,2,2
27735,0,2
198919,1,1
247190,0,2
18843,2,2
149741,1,1
33935,0,1
287431,2,2
33767,0,2
64181,1,1
224331,2,1
352390,0,1
72647,0,2
405104,2,2
185702,1,2
103400,2,2
84872,1,1
374477,0,1
319099,0,2
366682,0,0
70881,0,0
291071,2,2
228249,0,1
367903,0,2
290677,2,2
368925,2,1
396553,2,1
186552,2,2
401717,2,1
80705,0,1
124166,0,2
63440,0,0
346803,2,2
67851,2,1
230918,2,2
29377,2,2
322916,0,0
22559,0,2
175742,0,1
65779,2,2
307464,2,2
11346,2,2
268733,2,2
233458,2,2
280389,0,2
219307,2,2
94464,2,2
24369,2,2
364642,0,0
206416,0,0
236726,2,2
269107,0,2
403627,2,2
235111,0,0
255564,2,2
281656,0,1
100735,2,2
106440,0,2
33489,0,2
254359,0,0
297058,0,1
335944,2,2
65759,2,2
370847,2,2
212714,2,2
301745,1,1
178400,2,2
227069,1,1
313451,0,2
401881,1,1
291511,2,2
330002,1,1
1868,0,2
57025,2,2
17057,0,0
351911,2,2
53613,2,2
42052,2,2
182260,2,2
93863,0,1
346892,0,0
175129,2,1
330731,0,1
307262,1,1
117992,0,1
316544,2,1
365716,0,1
349043,0,2
352910,1,1
340631,0,1
240985,1,1
116806,2,1
280471,2,1
60657,2,2
356750,2,1
391124,2,2
23677,2,1
327127,0,0
129025,1,1
67706,2,1
346563,2,2
102395,2,2
323441,0,0
293284,0,0
87503,0,1
361682,0,1
390044,2,0
348523,0,0
384371,1,1
273268,1,1
163412,0,1
44003,2,2
263539,2,2
31561,1,1
93698,2,2
95743,0,2
253580,2,2
215903,2,2
298690,2,2
370840,0,1
223694,0,0
106094,2,2
357555,0,0
144523,2,2
38173,2,2
20212,2,1
149638,1,1
106732,0,2
166741,2,2
22413,1,0
321179,2,2
338806,2,2
169742,0,0
352655,2,2
102111,0,1
5070,0,2
128095,0,1
207610,0,0
60565,2,2
308157,2,2
405727,2,1
94705,2,2
65918,2,1
359390,1,1
124854,1,1
40879,0,1
309854,2,2
221658,2,2
376727,0,2
199333,0,2
92550,0,0
398851,0,0
303799,0,2
100287,2,2
98375,1,1
129932,0,0
344735,0,0
206330,1,1
149516,0,1
377514,2,2
306534,0,1
224976,1,1
311516,0,0
203379,2,2
35296,1,1
363382,0,2
652,1,1
184034,2,1
247543,2,2
3210,0,2
130568,1,1
25834,2,2
384348,0,1
312798,2,2
238262,2,2
1538,2,1
327299,2,2
274049,0,0
306542,2,2
331546,1,1
41086,0,2
218652,2,2
334354,2,0
12646,2,2
290362,2,2
294242,0,2
165158,0,0
54905,1,1
116280,2,2
222658,2,1
90157,0,0
76444,2,2
158,1,1
59054,0,2
300132,1,1
138723,0,2
51855,2,2
128309,0,1
170789,1,1
145746,0,0
164579,0,1
120098,0,2
211150,2,2
286565,0,2
306458,2,2
44745,2,1
291914,0,1
22146,2,2
393794,2,0
153377,1,1
278380,0,1
400415,2,1
15152,0,0
236942,2,2
69261,1,1
22710,0,2
132522,1,1
394,0,2
29087,1,1
380759,0,2
158891,2,2
59301,2,2
260329,1,1
132287,1,1
384029,2,1
154122,0,0
42328,0,2
242093,2,1
167399,2,2
155558,2,2
58883,1,1
330299,2,2
8137,2,2
217413,0,0
15620,0,2
182794,1,2
242382,1,1
376890,0,2
326549,0,2
21166,2,2
44718,0,2
340056,0,0
400768,2,2
227126,2,2
13899,2,2
161781,1,1
317274,2,2
281487,2,1
325389,0,0
339573,0,2
293570,0,2
99345,1,1
211883,2,2
281284,1,1
148025,2,1
21315,0,0
291379,0,1
146728,2,2
7905,1,1
299848,0,1
100694,0,0
62132,2,2
324804,2,2
289044,0,1
404143,2,0
210029,0,0
16741,2,2
109572,2,0
205436,2,2
24319,0,0
267640,2,2
405896,2,2
363237,2,2
304796,0,1
401804,2,2
52358,0,2
126883,0,2
61420,0,1
166385,0,2
263448,2,0
196271,2,2
241173,0,1
354846,2,2
325310,1,1
92057,2,2
356838,2,2
386072,2,2
72443,2,0
229599,2,2
54273,1,0
262147,2,2
295836,1,1
333067,2,2
243104,0,0
160497,2,2
308682,2,2
142588,2,2
247477,1,1
146066,1,1
172178,1,1
69956,2,2
8135,0,1
29794,2,0
33393,0,2
96194,2,2
122574,0,1
154934,1,1
348722,2,2
55457,0,0
62567,2,2
75727,0,0
188589,0,2
393134,2,2
147831,2,2
365569,2,2
150643,2,2
363817,2,1
400565,1,1
65844,1,2
189299,2,2
189923,2,2
41026,2,2
137863,0,2
121438,0,1
107886,2,2
64783,2,2
117204,2,2
24228,0,0
214279,0,2
318855,2,2
166707,0,0
94598,0,1
11226,2,2
302899,0,0
116533,1,1
236500,0,1
339084,0,0
254430,1,1
252271,0,1
334006,2,2
12140,2,2
381658,2,2
133331,2,2
19451,1,1
338608,2,2
280725,2,2
269446,1,1
193093,2,2
190419,0,1
64176,2,2
358278,2,2
382072,0,2
162674,0,2
82511,2,2
271341,2,2
24565,0,1
158492,0,0
222750,2,2
318154,0,1
4188,0,2
40607,1,1
203554,0,0
290353,0,0
103651,0,0
393898,0,0
182832,2,2
138309,0,1
221328,1,1
346292,1,1
137067,2,2
63409,2,2
190770,2,2
196996,2,2
330202,0,0
325222,0,2
49142,2,2
217833,0,2
165540,2,2
200532,0,0
254079,2,1
185759,0,1
280097,2,2
242693,2,2
224694,0,2
21170,1,1
361122,2,1
76308,0,2
195863,0,1
17828,2,2
231242,0,0
234553,0,2
242894,2,2
160578,2,2
144305,1,0
45555,2,2
328833,2,2
138762,0,1
9559,0,2
42105,1,1
245785,2,2
246446,2,2
11601,1,0
83981,0,2
35210,0,2
375858,0,1
198099,1,1
120083,2,2
219032,2,2
141655,2,2
387337,1,1
62724,0,0
106709,0,2
321238,0,1
352397,0,1
352978,0,0
39983,2,2
49274,1,1
43265,2,2
171839,2,2
24450,1,1
51196,0,0
261692,2,1
145472,2,2
18066,2,2
355120,0,0
336119,2,2
176028,2,2
153347,1,1
326187,0,0
36400,2,1
242817,2,2
74275,2,2
259414,0,2
387975,2,2
369428,2,2
139600,2,2
26426,0,0
129510,1,1
344097,0,2
95710,1,1
144911,1,1
46327,0,1
16201,2,1
402012,0,2
275941,0,2
160990,2,2
341431,2,2
81630,2,2
167477,0,0
4568,0,0
269822,0,1
267911,0,1
98627,2,2
220207,0,2
208607,2,2
123701,1,1
157180,2,1
309415,2,2
200686,0,0
141633,2,2
373518,0,0
315629,2,2
166610,2,2
290591,2,2
74756,2,2
269715,0,2
146902,2,2
274076,0,1
118521,0,0
304835,2,1
201889,2,0
324051,0,2
23276,2,2
153061,0,0
86425,2,2
109863,1,1
93243,2,2
321279,0,0
399322,0,0
60774,1,1
192623,1,1
110140,0,1
265568,1,1
242526,2,1
80313,0,2
87379,2,2
261997,0,2
58848,2,2
222752,2,2
100805,0,2
341228,1,1
95533,2,2
399002,0,1
279381,0,2
305091,2,2
92547,2,1
2610,1,1
352678,1,1
152457,2,2
397875,1,1
94073,1,1
199578,2,1
197701,1,1
46723,0,1
247318,0,0
247169,2,2
332869,0,2
157453,2,2
198080,2,2
193760,2,1
155857,2,1
72874,1,1
255578,0,0
100682,0,0
9651,0,2
178287,0,2
194700,2,1
293221,0,2
233009,2,2
191298,2,2
390091,2,2
122862,0,2
200806,0,1
374400,2,1
54150,2,2
182732,2,1
45292,0,1
115975,2,2
45812,2,2
227549,2,0
270525,1,2
151126,1,1
226430,2,2
80323,2,1
44353,2,2
236650,0,2
27429,2,2
283358,2,2
270021,2,2
33911,2,2
294998,1,1
397291,0,2
398123,0,1
117033,1,1
119725,2,2
15765,0,1
203430,0,2
152425,0,2
121533,2,2
42999,1,1
354610,2,2
107354,2,2
404241,1,1
225605,2,2
14455,0,2
294341,2,0
257618,2,2
202393,1,1
186796,0,2
133023,2,2
80307,2,2
287196,0,2
202413,2,0
225258,2,1
85484,2,2
382721,2,1
374025,0,0
201192,2,1
235320,0,0
51188,0,1
119745,2,2
263180,2,1
320779,1,1
259128,0,0
206582,2,2
142375,0,1
80680,2,1
224208,0,1
341372,0,2
338725,2,2
288155,0,2
44137,0,0
375079,0,0
347858,0,2
331609,0,0
396697,2,2
19978,0,2
202348,0,0
286759,0,2
174705,2,1
314507,0,0
239478,0,0
130935,0,2
183252,1,1
26271,1,1
304566,1,1
261242,1,1
290680,0,0
110235,0,1
36672,2,1
256902,2,2
157012,2,1
214078,2,2
360985,0,2
13932,2,2
91985,2,2
15359,2,2
204802,1,1
119657,0,2
297033,2,2
402773,0,2
106083,1,1
370722,0,0
386362,1,1
59008,0,2
167530,2,1
255842,2,2
353747,1,1
8908,2,2
55547,2,1
342459,1,1
206070,1,2
304927,2,1
338465,0,2
373292,0,2
109002,0,2
35925,1,1
222751,2,2
131738,1,1
197371,0,2
317741,2,2
207465,0,2
354021,1,1
400925,2,0
222887,0,1
198492,1,1
14125,2,1
254659,1,1
171859,2,2
114501,2,2
6712,0,2
223588,0,0
104006,1,2
184613,2,2
127853,0,1
231041,2,2
213878,0,2
184243,2,2
227150,1,2
214704,2,2
133749,1,1
24775,0,0
300640,1,1
165288,0,2
57076,2,1
298370,2,2
282063,0,1
400753,0,0
77743,0,2
371009,0,2
284944,2,2
152233,1,1
76618,2,2
170184,2,2
135626,0,1
151749,0,2
345145,0,2
60271,2,2
56068,0,1
14477,2,1
370326,0,1
185790,1,1
161115,1,1
55840,0,0
132591,0,0
400265,0,2
87201,2,2
239304,2,2
196296,2,2
189541,0,0
347705,1,1
20181,1,1
296757,2,1
324634,2,2
76791,1,1
206566,1,1
353259,2,0
274101,2,2
109844,0,2
192244,2,2
156013,0,0
403100,0,1
128463,0,2
69019,0,1
263641,1,1
164664,1,1
107398,0,1
76617,0,2
372957,0,2
98389,2,2
76626,2,2
272448,0,0
221145,0,1
65762,2,1
263315,2,1
302905,0,2
147376,2,2
388793,2,1
161154,2,2
304632,1,1
399250,2,2
227914,2,2
4113,2,2
326918,0,2
346678,0,2
158773,0,2
228096,0,1
378640,2,2
307554,2,2
389051,2,2
132282,2,1
146665,0,2
113352,0,0
96782,0,0
104196,0,1
358900,2,2
378259,1,1
219979,2,2
22696,1,1
121517,2,2
121908,1,1
114656,0,0
259722,0,1
89853,2,2
171061,2,2
334836,1,1
28177,2,2
194357,2,2
315982,1,1
349865,1,1
144496,2,2
52097,2,1
254083,2,2
173157,2,2
401307,1,1
192978,2,2
350533,2,2
350773,2,2
196365,0,2
379536,2,1
319218,0,0
216576,2,2
401258,0,2
198275,1,1
264176,2,2
401384,0,1
24804,1,1
150066,2,1
208855,0,2
159352,1,1
112427,0,0
112714,1,1
139098,0,0
160924,2,1
163774,0,1
320104,2,2
144797,0,2
355517,2,2
195998,1,1
292305,2,2
371703,1,1
88832,2,1
5017,1,2
312151,2,2
345030,2,2
230144,0,0
237867,0,2
13341,0,0
348055,0,0
194836,0,2
95193,2,2
173599,2,2
29417,0,0
115029,2,2
270447,2,2
17910,2,2
343863,0,2
165836,2,2
390147,0,0
12757,2,2
85432,0,2
205884,2,2
288031,2,2
506,0,0
403143,1,1
236486,1,2
269908,0,2
215991,2,2
325025,2,1
19759,0,0
268323,0,0
313895,0,2
249957,0,2
2634,0,0
80216,1,1
86827,2,2
377421,0,0
11505,2,2
126296,0,1
283462,0,2
78202,2,2
157701,1,1
162598,2,2
397821,0,2
216433,0,0
53957,1,1
59789,1,1
23388,1,1
127562,2,2
117311,2,2
290393,0,1
29411,0,0
59490,0,1
338425,0,2
48403,0,1
108672,0,1
150519,0,0
153056,2,2
14459,0,0
148060,0,0
259434,1,1
404156,2,2
381381,2,2
174907,2,2
388918,0,0
196366,2,1
142494,1,1
289730,0,0
53309,2,2
359811,2,2
195271,2,2
124239,0,2
163268,0,2
198493,0,0
215850,0,0
330899,2,2
149476,0,1
83293,2,2
325441,2,2
181426,2,2
338985,0,0
300001,0,1
349961,0,2
343651,2,2
200706,2,2
294289,2,0
263865,2,2
296418,0,1
208829,2,2
302002,2,1
169563,2,2
161737,2,2
47526,1,1
179128,2,2
393722,0,0
12685,0,0
113479,2,2
306305,2,2
253014,0,1
230830,2,2
340030,2,2
80236,0,0
177106,2,2
143881,0,0
371228,2,2
224018,0,0
83299,2,2
73218,0,2
93928,2,2
120672,2,1
237342,0,2
285696,2,2
330025,0,0
404535,2,2
94980,0,0
129720,2,1
260814,2,2
137091,1,1
63959,0,2
213328,2,2
139703,2,2
161776,1,1
221346,1,1
117444,1,1
116323,2,2
274974,0,0
383345,2,1
196698,2,2
238970,2,1
265812,2,2
121685,1,1
107978,0,0
289266,0,1
150071,2,1
236805,0,2
177647,2,2
354442,2,2
72962,0,0
360642,1,1
251672,0,1
143411,2,0
371649,2,1
264549,1,1
136886,2,2
176964,2,0
118354,2,0
25360,0,0
318901,0,0
353821,2,1
320719,0,0
31909,0,0
117353,2,2
87342,0,2
247233,0,2
259161,0,1
113811,0,1
30759,2,1
190704,2,0
137275,2,1
47311,2,1
81501,2,2
6109,2,2
398938,0,2
44095,2,2
76106,2,1
255340,1,1
115235,2,1
251819,2,2
79397,0,2
207195,0,0
48759,2,2
24191,1,1
12432,0,1
231961,2,1
161190,2,0
159943,2,2
393117,2,2
59513,2,2
83586,2,2
35856,2,1
362254,0,0
133425,0,0
44646,0,2
221672,2,1
299671,0,2
224291,0,0
177375,2,2
58827,1,1
402878,2,2
135370,0,0
243058,2,2
43235,0,1
237379,2,2
303055,0,0
315213,0,0
156006,1,1
34031,2,2
361432,0,0
67405,2,2
88578,2,1
89067,1,1
80049,2,2
93506,0,1
147651,2,2
312288,1,1
357290,0,2
86292,2,1
103060,0,0
57960,0,1
198229,0,0
132243,1,1
209580,0,2
106903,0,2
123291,0,2
125869,1,1
238153,2,2
355404,2,2
7851,1,1
11510,0,1
70662,2,2
236574,0,2
162492,2,2
11389,2,2
272177,0,1
74158,2,2
75599,0,0
330323,1,2
359337,2,2
350315,2,2
298828,2,2
378090,2,2
245025,2,2
288063,1,1
233674,2,2
318934,2,2
161000,0,1
335243,1,1
100843,1,1
313703,0,2
19025,2,2
106073,2,2
25095,2,1
68391,0,1
175851,0,2
303087,2,1
11000,0,0
146883,2,2
74876,2,1
46576,2,2
302267,0,1
114556,0,2
336997,1,1
161854,2,2
174647,2,0
69929,0,1
160441,2,2
210780,2,2
99104,2,2
317156,2,2
72286,0,2
110225,0,2
17217,0,2
51658,2,2
295223,1,1
192679,0,2
262232,0,1
282188,0,0
105287,1,1
361756,2,2
278214,2,2
86685,0,1
150642,0,2
252631,2,2
214797,0,0
161743,1,1
344851,0,2
345167,1,1
357844,2,2
391154,1,1
42788,2,2
146173,2,2
334203,2,2
61644,2,2
128539,0,2
197814,2,2
206373,0,2
235309,2,2
317474,0,2
326199,2,2
68900,2,2
355213,2,2
319422,0,0
363245,2,2
29557,2,2
238295,1,1
26068,2,2
156661,0,2
212416,0,2
246741,0,2
326904,0,2
103196,0,0
399283,0,0
374825,1,1
115710,0,1
389683,2,1
32681,2,1
90988,2,2
342599,1,1
179235,0,2
323401,2,2
81647,2,1
252238,0,0
118540,2,2
379055,2,2
379294,1,1
169280,0,0
131076,0,1
179201,2,2
389924,1,1
214553,1,0
351989,2,2
125936,0,2
260161,2,0
226544,2,2
223801,0,2
33200,0,2
389066,2,1
56503,0,0
123360,0,2
210346,1,0
216454,1,2
269888,0,2
341207,0,2
105874,2,2
106612,0,0
33248,2,2
29325,0,1
27014,1,1
170438,0,0
142567,2,2
47976,2,2
73624,2,2
275299,0,2
356667,2,2
31536,0,1
83390,0,2
121753,2,1
201972,1,1
85248,0,2
179247,1,1
376975,0,2
222805,2,2
101005,0,1
208483,0,0
199953,2,2
258506,2,2
106055,2,2
11507,1,1
370602,2,2
8536,0,2
76009,0,0
180853,0,1
254243,2,1
259057,2,2
68743,1,1
329318,0,1
163766,1,1
357194,0,1
403421,0,1
170492,0,1
130652,0,2
392161,2,2
162223,2,1
133996,0,0
287462,2,2
349671,0,0
190259,0,0
153903,2,2
20330,2,2
106780,2,0
177032,1,1
37499,2,2
246663,2,2
255967,0,2
224934,0,2
121039,2,2
68483,1,1
237820,0,2
78079,2,2
55421,2,2
292614,0,1
182785,0,0
10858,0,0
290301,0,0
242923,2,2
242917,2,1
288908,1,1
241846,1,1
184473,2,2
122204,1,1
215384,2,2
144100,2,2
255006,1,1
402974,2,2
78027,2,2
397525,0,0
43784,0,1
186616,2,2
107313,1,1
120617,2,2
389553,2,1
336349,2,2
352955,2,2
53827,2,2
282958,1,1
395088,0,2
237981,0,2
360183,1,1
258552,0,2
291106,2,2
400897,2,2
80359,1,1
131533,0,1
4599,2,2
77876,2,1
333684,0,0
378218,2,2
59621,2,2
285811,2,1
199348,1,1
130436,1,1
313016,2,2
42037,2,2
1935,1,1
143446,2,2
228199,2,2
106942,2,2
216993,0,0
154235,2,2
9226,2,2
233271,2,0
182106,2,2
333411,0,2
257513,0,0
195416,0,2
50719,2,2
394143,0,0
265813,2,1
71181,0,2
157533,2,2
52720,2,2
321627,1,1
318481,0,0
64378,0,1
64579,0,2
359546,1,1
234359,2,1
180547,2,1
323407,0,1
254453,0,0
285367,0,1
316030,0,2
282531,2,1
192821,0,2
398028,2,2
127250,2,2
237807,1,1
56381,0,2
352391,2,1
48103,2,2
20903,0,2
265557,2,1
107,2,2
171614,0,2
253642,1,1
338956,1,1
289173,0,0
299308,2,1
394878,0,2
300281,2,2
197752,2,1
229100,0,2
122152,2,1
2118,0,0
195409,2,2
375883,0,2
71844,0,2
392226,2,1
220098,1,2
22587,1,1
3294,2,2
143271,0,0
262718,0,1
76503,2,2
368005,0,1
203706,1,2
297721,0,2
139340,1,0
339651,2,2
265867,2,2
202142,0,2
15065,1,1
200202,2,2
364514,1,1
144819,1,1
307561,1,2
130340,0,2
175611,0,1
286923,2,2
108173,2,0
261821,0,0
396060,0,1
232349,2,2
264879,1,0
340176,2,2
31380,1,1
375768,2,0
363344,2,2
199937,0,0
365972,0,2
3646,0,1
82176,0,0
227023,2,2
231137,2,0
202278,2,2
292532,2,1
105310,2,2
35895,1,1
205101,2,2
286106,0,0
399432,0,2
310096,0,0
112019,0,1
70616,1,2
163623,0,0
326483,0,0
344479,0,2
10947,1,1
52329,2,2
124395,0,2
81547,2,2
222114,0,0
133598,2,1
17187,0,0
207182,0,1
75620,0,0
319414,2,2
288135,2,2
216407,1,1
232724,2,2
267031,2,2
388743,0,0
100455,0,2
224588,1,1
180743,2,2
31808,2,2
284328,0,1
103264,0,2
236006,2,0
111161,2,2
111145,1,1
343111,0,0
157547,1,1
328835,2,0
71895,2,1
353047,2,2
101345,0,1
355266,2,0
175379,2,2
348252,0,1
135076,1,1
193872,2,2
269494,0,0
288259,2,2
170149,1,1
306822,2,2
345552,2,2
368567,2,2
233678,0,0
39056,2,2
59118,2,2
310294,0,2
193116,1,1
41351,0,2
310731,2,2
282094,2,2
255613,1,1
374822,2,0
323696,0,1
267063,2,2
123390,2,2
132211,0,2
384857,0,1
209753,0,0
15512,1,1
361114,2,1
209014,1,1
53617,2,2
390419,2,2
270075,0,2
381955,2,2
60424,1,1
124489,0,0
368513,0,0
334679,2,2
246874,0,0
13787,2,2
59816,0,1
338120,0,0
365268,1,1
234794,2,2
51449,2,2
198220,0,0
58412,1,1
216555,2,2
187220,0,1
15287,1,1
399528,1,1
238586,0,1
195729,0,2
324566,0,0
142729,0,0
257839,2,2
15925,0,2
44072,2,2
191773,2,1
137850,2,1
287804,2,2
371051,0,2
232459,1,1
44669,0,1
190817,2,2
213094,0,1
175181,0,0
163616,2,2
396498,0,2
277353,0,2
81535,0,0
285241,0,0
85429,1,1
136123,0,1
126002,1,1
35328,0,0
67054,0,2
296234,2,2
195091,2,2
363331,0,1
20049,0,0
216540,0,1
147428,0,0
218161,2,2
277132,0,0
107860,0,2
264539,2,2
328228,0,1
68669,1,1
227178,0,0
257824,2,2
213108,2,2
34451,2,2
7608,0,0
245988,2,2
169916,2,2
320477,2,2
337743,2,2
369152,2,2
104288,0,0
21810,2,2
236512,0,2
248582,2,2
157102,0,1
119442,2,1
222683,1,1
61195,0,0
133716,0,0
196991,2,2
20909,0,2
73570,0,1
340041,2,2
295917,2,2
69477,2,2
67115,2,2
179677,2,2
383189,1,1
128614,0,2
241797,2,0
41882,2,2
228983,2,2
120183,0,0
139973,2,0
336994,2,1
143709,2,2
406077,1,1
348057,2,2
340578,0,2
314734,2,2
245976,0,2
91160,0,1
313598,2,2
284529,0,0
158613,2,2
345563,2,2
317422,2,2
9297,0,0
392024,2,2
325241,2,2
195076,0,0
219042,2,2
316549,2,2
397003,0,0
383758,2,2
237258,1,1
160243,0,0
229692,1,1
307069,2,2
23325,0,0
273899,1,1
324836,2,1
7015,0,0
360153,2,2
341591,0,0
231111,2,2
145876,2,2
46729,1,2
162574,2,1
26533,1,1
53008,0,2
48479,0,1
32661,2,2
151839,2,2
389473,2,2
31314,0,2
355399,1,1
324045,2,2
199101,0,2
77107,0,2
73704,0,2
188755,0,1
166727,1,1
111340,2,2
327254,2,2
25738,2,2
314999,2,2
197444,2,2
29380,2,2
272536,0,0
271179,2,2
336762,0,2
323551,2,2
74299,1,1
321863,2,1
86868,1,2
59311,0,2
179907,2,2
249659,2,2
66229,2,2
176204,0,0
259181,2,2
231350,0,2
265279,0,2
210117,2,2
115229,0,2
252596,2,0
236791,1,1
404609,2,2
169152,0,0
203918,0,0
220736,2,2
364207,0,2
112425,2,0
47149,0,1
355125,1,1
368635,0,1
315394,2,2
276824,1,1
287986,0,2
184118,2,2
375030,2,2
250822,1,1
22360,0,1
263335,0,2
209863,0,2
69073,2,2
263597,2,2
189404,1,1
192688,1,1
50664,0,2
29336,2,2
327848,1,1
285675,2,2
352479,0,1
294234,1,1
124942,0,2
66022,1,1
32446,2,1
263508,2,2
9113,0,2
211385,2,2
29677,2,2
99303,0,0
185890,2,1
69908,2,1
353203,1,1
179342,2,2
243127,2,2
296935,0,0
316174,0,2
167708,0,0
178166,0,2
24744,1,1
389372,0,0
52180,1,1
250274,0,1
219632,0,1
84638,1,1
144814,2,1
164170,0,0
29126,0,1
365236,0,0
238213,2,2
374675,2,1
164380,2,2
12822,0,1
141797,2,2
62759,1,1
60516,0,2
227002,2,2
274273,0,0
249531,2,1
391616,1,1
137273,1,1
16690,0,0
279304,2,1
67371,1,2
109345,0,0
379885,0,0
221526,2,2
109234,1,1
172755,2,2
10233,2,2
6158,2,1
190751,2,2
194638,0,2
402305,0,0
55471,1,1
198924,1,1
182462,2,0
289757,2,2
302957,2,1
96131,1,1
278189,0,1
131030,1,1
141265,2,2
311571,1,1
229465,2,2
315662,0,2
101202,0,1
344236,2,1
26663,2,1
224983,0,0
342607,2,0
153006,0,1
133710,2,1
215039,2,2
274955,2,2
280417,0,0
340226,0,0
184544,0,0
94077,0,0
190777,1,1
357222,2,1
50895,2,2
313465,0,2
246784,0,2
276946,0,2
213660,2,2
52605,0,2
377870,2,2
91912,2,1
365583,0,2
232716,0,2
227743,2,2
287132,2,2
100675,0,2
76348,1,1
226229,2,2
380983,0,2
10178,0,2
263340,0,0
175084,2,2
373228,1,1
278402,0,1
65643,0,1
297877,2,2
61911,0,0
33739,0,0
400177,2,2
22944,2,2
333432,2,2
400850,2,2
118980,2,2
123474,2,2
206165,2,2
135538,0,2
35998,2,1
202237,2,2
265488,0,2
127398,1,1
332786,2,2
312546,2,2
141164,1,1
112763,0,0
9054,0,1
252514,2,2
56071,2,2
298172,0,1
316795,2,2
324153,2,2
377354,0,2
367171,0,1
43246,0,0
330872,2,0
38578,0,1
134608,0,0
316887,2,2
24745,0,2
24627,0,2
343262,0,2
357367,0,0
4306,0,0
166563,2,2
112168,2,2
341160,1,1
3842,2,2
52670,1,1
210187,2,2
232777,2,2
209255,2,2
32208,1,2
251233,0,1
73740,0,2
8025,2,2
190365,2,2
203665,0,1
139452,1,1
192006,0,1
220111,2,1
391634,1,1
211256,2,1
53292,1,1
185708,2,2
262545,0,0
388041,0,0
186742,0,0
298181,0,0
213405,2,2
7985,0,0
146176,2,2
44548,0,1
6391,2,2
224139,2,1
365821,0,1
1275,0,2
1051,1,1
361095,0,0
186510,0,2
322712,2,2
342807,0,0
152264,1,1
80522,2,2
98597,1,1
254448,2,2
224040,0,0
131676,2,2
134280,0,1
201272,2,2
167468,0,0
98437,1,1
176175,2,2
274224,0,1
382918,2,2
365538,0,2
87192,0,0
53223,2,1
13835,1,1
233859,1,1
75909,0,2
366082,2,2
173298,1,1
275873,2,2
249107,0,2
41345,2,2
135804,0,1
314008,2,2
11285,2,2
248687,2,2
159514,1,1
331364,1,1
339307,2,2
116808,2,2
349004,1,1
302053,2,1
188060,0,0
394113,0,0
177750,2,2
393874,1,1
137774,0,1
142230,2,2
214773,0,2
34966,0,1
67311,2,2
233172,2,2
259408,1,1
285574,2,2
63122,2,2
154629,2,2
271560,0,2
252244,2,2
164355,0,0
102512,0,1
7300,2,1
53170,0,0
66071,2,2
372213,0,0
347102,2,1
390923,2,2
318456,0,2
100187,2,2
48006,2,2
113292,0,0
123329,0,2
193769,0,0
381702,0,2
405085,2,2
398553,2,2
244841,2,2
372186,0,0
2753,2,2
404006,0,1
320139,1,0
113818,2,2
251467,2,2
115765,0,0
288921,2,2
261517,0,0
388829,0,1
337818,0,2
321632,1,1
290422,2,2
299320,2,2
7506,2,2
396670,2,0
14994,2,2
283240,2,0
280944,2,2
266732,2,2
291387,2,0
317253,1,1
361055,2,2
325504,2,2
285375,2,2
165020,1,1
20365,2,2
363759,2,2
186658,0,1
385374,2,2
150787,0,2
356311,0,2
308514,2,2
187547,2,2
295738,2,2
347209,2,2
10307,2,2
230460,2,2
357153,0,2
234807,1,1
329838,0,1
163785,2,2
250438,0,2
108069,2,2
116591,2,2
173468,1,1
273964,0,1
176039,2,2
390705,2,2
226638,0,0
249457,2,1
29855,0,0
293709,1,1
215482,2,2
382064,0,2
245009,2,2
103731,0,2
49232,0,2
184853,0,1
25199,0,2
105720,0,2
300133,2,2
140712,0,0
34368,1,1
149217,1,1
172526,0,1
101398,1,1
216267,0,2
329901,2,2
158476,1,1
94058,2,2
314537,1,1
309322,1,1
313770,2,2
375073,1,1
299128,2,1
399766,0,2
285536,0,1
51127,2,2
24846,1,1
269623,2,2
317756,1,1
361072,0,1
166968,0,2
28337,0,1
379476,0,1
169951,2,2
293694,0,0
68537,0,2
353053,0,1
151940,0,0
357349,2,1
269309,2,2
230408,0,2
206904,2,2
219517,1,1
135672,2,2
305030,0,0
315451,2,2
182463,1,1
78764,0,0
246769,1,1
379061,0,2
145556,1,1
60056,1,1
315638,2,2
41120,2,2
305692,0,0
18589,1,1
126600,2,2
97708,2,2
97773,1,1
38014,2,1
56899,2,2
33061,1,1
189245,2,2
88166,0,2
174247,0,2
232425,1,1
327242,2,2
192088,2,0
2023,2,2
27758,1,1
294125,0,2
123878,2,2
388560,2,2
246884,2,2
229661,0,2
404395,2,2
282092,1,1
243837,0,0
302629,1,2
394754,0,1
130942,2,1
356275,1,1
38494,2,2
216768,0,1
176666,2,2
47476,2,2
5227,2,1
383966,0,0
155521,2,2
103268,2,2
66050,2,2
74643,1,1
360719,1,1
378815,0,1
318189,0,2
189636,0,1
293859,0,0
162849,0,2
132802,1,1
362965,0,0
110404,1,1
11371,0,1
394664,2,2
360565,0,0
22141,0,2
262512,2,2
40773,2,0
324239,1,1
48085,1,2
136880,0,0
163688,2,2
312702,0,2
180629,0,2
118326,0,0
272514,0,2
53999,2,1
230528,2,1
146947,2,2
184184,2,1
55475,2,2
391870,0,1
124034,0,2
392669,2,2
131372,0,2
326084,2,2
200166,2,2
313198,2,2
257945,0,0
5977,0,2
372963,2,2
392199,0,0
148517,0,1
344589,0,0
76732,0,0
7655,0,2
159134,0,0
289795,0,2
226055,0,2
233479,2,1
380740,2,2
397054,2,2
302059,0,2
230347,0,0
398307,2,2
309567,0,2
276377,0,1
319190,2,2
117721,2,2
337032,0,1
85260,0,1
191253,1,1
175248,2,2
311697,0,2
13190,2,1
358732,2,2
359854,2,2
273668,0,2
303739,0,1
106861,1,0
81988,2,2
256575,2,1
192215,2,2
136824,2,2
335078,0,2
210219,2,2
192822,2,2
80138,0,1
392758,2,2
6315,2,2
290852,0,2
151908,1,1
231815,1,1
240565,2,2
361396,0,2
152596,0,1
355701,2,1
103383,2,2
396094,0,1
317896,2,1
249677,0,0
189720,2,1
141441,0,1
153989,0,2
70718,2,1
184231,2,1
302062,0,1
117042,1,1
339875,1,1
330113,0,2
1182,0,2
221112,0,1
189985,0,2
251265,0,2
178542,0,1
108618,2,2
370467,0,2
384359,1,1
229194,1,1
248477,2,2
99262,0,2
61493,0,2
273582,0,0
299720,2,2
124853,0,0
395063,1,2
93302,0,2
249327,1,1
166395,2,2
136938,0,0
365708,2,2
23834,2,2
166111,2,1
55344,0,2
393392,2,2
24562,1,1
140926,2,2
368737,2,0
125637,0,0
266661,2,2
290138,1,1
133489,2,0
135802,2,2
276137,2,2
379749,0,1
33180,1,1
302649,0,2
274728,0,2
261508,0,0
133706,0,1
87418,0,2
12341,2,2
157005,1,1
30707,1,1
305419,0,2
141813,2,2
101996,2,2
150378,1,2
277924,2,1
381033,0,1
65676,0,0
347323,1,1
141733,2,1
202435,0,0
40722,1,1
334363,2,2
174027,0,2
80459,2,2
386956,0,0
367139,2,1
355561,2,2
58348,2,2
286631,0,1
362927,0,2
236876,2,2
82034,2,0
126009,0,2
184404,1,1
57469,2,2
383546,2,2
192131,2,2
328184,2,0
365239,2,2
82955,1,1
369763,1,2
278291,0,0
293950,0,0
387946,0,0
286508,2,2
101881,2,2
22865,0,1
173347,2,2
321461,0,0
148773,2,2
127348,1,1
123510,0,2
261357,2,2
251588,2,2
259598,1,1
27066,0,2
126055,0,0
137183,2,2
295026,1,1
230458,1,1
245618,2,2
105107,2,1
348138,0,0
285355,0,2
387146,0,2
280416,0,2
210736,2,2
327409,2,2
355325,2,1
58629,1,1
283176,1,1
367224,2,2
119962,2,2
101969,2,2
84604,2,1
5628,1,1
20966,2,1
209968,2,2
389926,2,1
14649,2,2
274314,2,1
172365,2,2
102545,0,0
96189,2,2
263058,1,1
350230,0,1
42632,2,1
96429,0,1
57094,1,1
198304,0,0
113446,2,2
320194,1,1
187152,2,2
160066,2,0
86929,0,0
851,0,0
298945,1,1
2134,1,1
134837,2,2
376935,2,0
345412,0,0
89617,2,2
179321,2,2
173903,2,2
287254,1,1
386109,0,1
300838,2,1
121002,0,2
215986,0,2
184695,0,2
17891,0,2
140019,0,2
271429,0,2
220708,0,1
381971,2,2
207823,0,0
242323,0,1
239678,2,2
169557,1,1
158098,0,2
39548,0,2
386233,2,2
39801,2,1
238698,0,1
164397,0,2
355619,2,0
308369,2,2
320217,2,1
129474,2,2
195772,0,1
315117,2,0
123230,2,2
159297,1,1
15887,0,1
213190,1,1
302545,2,2
228109,0,1
248297,0,2
145366,0,2
266516,0,2
311808,0,0
329090,2,2
230457,0,0
394026,2,2
322868,0,2
119955,0,1
268541,2,2
192618,0,0
116756,2,0
238666,2,2
26617,0,0
336299,0,0
249616,2,0
13724,0,2
4007,0,0
310182,0,2
353430,0,1
157897,2,2
313654,2,1
51304,2,2
322293,0,0
169712,1,1
177119,2,2
299250,0,2
22511,0,0
384001,0,2
325901,0,0
288015,2,2
307461,1,1
20363,2,2
387755,2,2
74410,2,2
137429,2,2
17294,0,2
197028,2,2
252992,2,1
127567,1,1
153196,2,2
380469,0,0
360470,2,2
49950,0,2
164107,1,1
131733,2,2
124149,2,1
341131,2,2
33524,2,2
375315,0,2
216840,2,2
219125,1,1
393283,2,1
341736,2,2
90442,2,1
184397,2,1
306485,0,2
242355,2,2
159312,0,0
277682,1,1
5815,0,0
203897,2,2
91493,0,0
117267,2,2
199589,0,1
178620,0,1
117968,2,0
119323,2,2
306400,0,2
178361,2,2
213216,2,1
17572,0,0
204,1,2
328185,2,2
116433,2,2
52752,0,1
249729,2,2
213473,0,1
378801,2,2
101351,2,2
75602,1,2
342448,2,1
330289,2,2
163968,0,2
287477,0,1
319962,2,2
263269,2,2
243157,2,2
317634,0,2
180915,0,0
317273,0,1
349723,0,0
180231,2,1
1928,0,1
118152,2,2
311597,2,2
229589,0,2
284049,0,2
389188,1,1
146935,1,1
57439,2,2
332640,1,1
117759,1,1
24554,0,1
91156,1,1
334534,0,1
111633,2,2
284103,2,2
286405,0,2
136752,2,1
95667,0,0
276234,2,2
125546,2,1
348079,0,1
350771,1,1
217285,2,2
347984,2,2
108538,0,1
66305,1,1
154824,2,2
153190,2,2
172313,2,2
158714,2,1
176702,2,2
169629,2,2
223687,0,2
226733,2,2
344800,2,2
159790,0,0
353202,1,0
115342,0,1
1202,2,1
352670,2,2
169301,0,2
92203,0,1
37756,1,1
263878,0,2
287520,0,2
163602,1,1
157959,1,1
21787,0,0
132391,2,1
17330,1,1
340686,0,0
354372,1,1
136734,2,2
165636,0,2
187095,1,1
200396,2,1
36190,2,2
82990,2,2
362967,0,2
35625,2,2
169589,2,2
78562,0,1
35381,2,2
23983,0,1
123638,0,0
372930,2,2
144682,2,2
141466,0,1
131692,0,2
4858,0,2
174061,0,0
50163,0,2
379336,0,2
367014,2,2
141138,2,0
103524,0,2
366315,0,0
191064,0,2
389837,0,1
309270,2,2
260503,2,1
329557,0,0
229205,2,1
109852,0,2
240652,1,1
21852,2,1
236132,0,2
120177,0,2
326252,2,2
82213,0,2
352102,2,2
258300,0,0
255514,0,1
256337,2,1
111000,2,2
267764,2,2
140004,0,2
168039,0,2
326913,0,2
16569,0,1
285965,0,2
81315,2,0
100825,0,2
216752,0,0
258182,2,2
262087,2,2
396470,0,2
356252,0,1
289296,2,0
260030,0,1
333936,2,2
56025,0,2
267441,0,2
240674,2,2
229103,2,2
237624,0,0
236960,0,0
1056,2,2
270172,2,2
14104,0,2
351368,2,2
35555,2,2
383394,2,2
371846,0,2
299875,2,2
276145,0,2
180263,1,1
157338,1,1
186183,2,2
209352,2,2
132816,0,2
40370,0,1
186859,2,2
155920,0,2
125276,0,2
72132,2,2
258144,2,1
388449,2,2
321545,0,0
234934,2,1
239471,2,2
380633,2,2
326105,2,2
18780,2,2
212459,2,2
29872,2,0
403438,2,0
394146,1,1
300538,1,1
228782,0,0
206091,2,1
355812,2,1
96763,0,0
120696,0,1
324511,2,2
357556,0,2
293768,1,2
200020,1,1
100201,2,2
12475,1,1
154611,0,2
233936,0,2
39852,2,1
192930,2,2
381001,0,2
200851,0,0
228619,0,2
98078,0,2
90200,2,2
294327,2,2
181698,2,2
136806,0,2
254429,1,1
37868,0,0
63892,2,2
296349,2,2
248992,1,1
143421,2,1
373686,1,1
113105,2,2
183696,0,2
191859,2,2
302282,0,1
86433,2,2
6713,0,2
194320,0,2
92121,0,0
139636,2,2
171283,0,1
260713,2,2
103602,0,2
360158,0,2
249210,2,2
218482,2,1
234190,2,2
392309,1,1
174534,2,2
262726,0,1
353682,2,2
166482,2,1
75206,2,2
195025,1,1
394759,2,2
259565,2,2
316516,2,2
183091,2,1
129633,0,2
78955,2,2
387943,2,2
123471,1,1
327490,0,2
250022,0,1
74799,2,2
326550,1,1
202487,0,0
393476,0,1
301309,1,1
65017,2,1
218770,1,2
257038,2,2
168205,2,1
277159,0,0
240747,0,1
319137,1,1
332719,0,0
347724,2,2
337559,1,1
170347,2,2
6320,2,2
335896,2,2
297445,2,2
268750,2,2
3800,0,0
333882,0,2
331414,1,1
169920,2,2
223162,1,1
28060,0,2
163752,1,1
67310,1,1
292150,0,1
152895,0,1
183587,1,1
61328,2,2
369163,1,1
114413,2,2
308109,2,2
248744,0,0
120465,1,1
316861,2,2
32710,1,2
17717,0,2
361822,0,2
263389,0,1
382664,0,1
346939,2,2
102077,1,0
15189,0,2
266638,2,0
212481,2,2
108023,2,2
326059,2,2
227952,2,2
356878,2,2
131422,0,0
304986,2,2
158814,2,2
366737,2,2
361417,2,2
309124,2,2
122651,2,2
203290,0,0
190015,1,0
385090,2,2
403268,0,2
168662,1,1
365314,2,2
313357,1,1
276398,2,2
259010,0,0
124837,2,2
158175,1,1
235409,2,2
20970,2,2
158740,2,1
107364,2,1
399959,2,2
370271,0,0
223562,0,0
393553,2,2
19511,1,1
300884,0,2
183704,0,0
171826,2,2
13417,0,0
282478,2,2
406204,1,1
124971,0,0
67890,0,1
236926,2,2
207768,0,1
200460,1,0
296416,0,0
322572,2,2
197638,0,2
195534,0,0
139763,0,2
54725,2,2
321019,1,1
249829,2,2
345040,2,2
360600,0,2
311660,2,1
15213,1,1
372587,1,1
159375,2,0
209929,0,1
93202,2,2
69016,2,2
269851,2,2
388687,1,1
375223,0,1
268563,2,2
389672,2,2
31648,2,2
133541,2,2
18610,0,1
299418,2,1
362324,2,2
273192,1,2
294904,0,0
116853,0,2
185454,2,1
55925,1,1
359211,0,2
333307,0,2
132298,0,2
37752,2,1
103168,2,0
402788,0,1
6494,2,2
98483,0,0
47340,1,1
387464,0,1
155235,2,2
114768,1,1
238261,2,2
149188,2,2
26914,0,1
183124,1,1
324236,0,1
277407,0,0
260978,2,2
194424,2,2
242248,2,1
327817,1,1
166045,2,2
68473,0,0
291938,1,2
587,0,2
325853,2,2
211730,0,1
67299,1,1
82904,2,1
103109,0,0
248855,1,1
285208,2,2
273517,2,2
116985,1,1
209438,1,2
177835,0,1
154787,2,2
377305,0,0
142727,2,2
144873,0,2
3124,0,1
15325,0,2
305670,2,2
186237,2,2
367040,1,1
243793,2,2
54176,0,2
296533,2,2
340281,2,2
268314,0,1
2869,0,2
18820,0,2
38364,0,2
356646,0,2
252932,0,2
254622,2,2
81485,2,2
248360,1,1
114575,0,1
127795,0,1
343176,2,2
215673,0,1
186982,1,1
191630,0,2
11094,2,2
297742,0,2
344895,0,2
376703,0,2
11737,1,1
39566,0,2
125540,2,2
320022,2,2
126884,2,1
27586,2,2
368168,2,0
172185,0,2
374532,2,2
274602,0,0
341000,2,0
277037,2,2
179071,2,2
148693,2,1
194544,1,1
143875,2,0
152422,2,2
144520,2,2
384254,0,2
100761,2,2
88565,1,1
260447,2,2
395973,2,2
247850,0,1
126223,0,0
17709,0,1
383946,0,2
211401,2,2
242653,2,2
189934,0,0
9059,0,2
134887,2,1
1840,2,2
10242,1,1
223580,2,2
20038,0,2
271587,0,0
254309,1,1
136508,0,1
75323,0,0
282990,0,1
87047,2,1
135510,0,2
114269,2,2
237778,0,0
386710,0,1
188819,2,2
396637,0,1
181433,0,1
226103,0,2
161950,0,2
277389,0,1
186242,0,1
158398,2,2
148463,0,1
13845,0,2
105759,2,2
231268,1,1
122176,2,0
158963,0,2
11903,2,1
390784,0,1
218088,2,1
302689,0,0
317669,0,1
397965,0,2
72800,2,0
135632,1,1
119929,2,2
130641,1,1
64056,0,1
173191,2,2
321205,2,2
321744,1,2
167265,1,1
62251,0,2
183019,2,2
150459,2,1
179683,0,0
237836,0,2
120675,2,0
389436,1,2
160954,2,2
181787,2,2
96341,0,1
135637,2,2
241684,2,2
62737,0,1
203476,0,1
156619,2,2
236226,0,0
165203,2,2
160607,0,0
239543,0,2
57352,2,2
246288,2,1
405724,0,0
265805,2,1
203096,0,1
362251,0,2
286902,2,2
311403,2,2
350889,2,2
107465,1,1
258272,2,1
357320,2,2
222479,0,1
328237,2,1
224033,1,1
318148,1,1
151280,0,2
221362,0,2
384995,1,1
282594,0,1
361997,1,1
380794,2,2
99090,0,1
33364,1,1
377790,2,2
257216,1,1
381974,2,2
110891,1,1
290891,1,1
283166,2,1
202374,2,2
212178,1,1
280157,2,2
300307,2,1
235214,2,2
186182,0,2
15865,1,1
347404,2,2
373728,0,2
362658,0,0
111169,2,2
248859,2,1
131461,2,2
57267,1,1
158484,2,2
398471,1,1
175342,2,2
302322,2,2
213387,0,2
345718,2,2
207639,1,1
233171,1,1
316141,2,2
340966,2,2
348993,2,1
294976,1,1
108713,2,2
338730,0,1
98054,2,2
264435,0,1
379815,2,2
26317,1,1
26157,0,2
69169,2,2
263062,2,0
210188,2,2
57596,2,2
78597,0,1
117682,2,2
128347,0,0
120284,2,1
208973,0,1
403230,0,2
388673,1,1
343080,0,0
137157,1,2
104513,0,0
330792,1,1
199424,0,0
223798,2,2
325826,2,2
274267,1,2
24155,0,1
319346,2,2
224560,0,0
388279,2,2
222309,2,1
394816,2,2
127206,2,2
149501,0,1
321589,0,1
300322,0,0
229384,2,2
352747,2,2
111545,2,1
291026,2,2
223880,2,2
372642,2,2
247452,2,2
357052,0,2
340292,1,1
368678,2,2
46610,0,0
330640,1,1
174338,2,2
112993,2,2
271063,0,2
171506,2,2
331194,2,2
323756,0,0
271420,0,2
74471,0,2
305042,0,2
359191,2,2
167903,2,1
7171,1,1
319471,0,2
154997,2,2
144452,2,1
304666,0,0
278478,0,0
4120,2,2
217913,0,0
19974,0,1
269056,2,2
154407,0,0
353910,2,2
342443,2,2
20277,2,2
380572,2,2
205915,0,0
355181,0,0
254139,0,0
137662,2,2
321816,1,1
66780,0,2
137283,1,2
1637,2,2
232429,0,0
99246,2,2
131708,1,1
257047,0,2
128419,0,1
375353,0,1
293611,0,2
245564,1,1
71982,0,0
346305,0,0
304275,0,2
139171,2,1
372710,2,2
151109,0,2
323819,2,1
112709,2,2
255434,2,2
45343,0,0
308055,0,0
332532,0,2
206974,2,2
66113,2,2
222722,2,2
187758,2,2
137113,2,2
335836,2,2
241950,0,2
176718,0,2
115255,0,2
118488,2,2
329992,0,0
60188,2,1
1041,2,2
64949,0,2
187695,0,0
100578,0,2
110633,1,1
272467,2,1
92679,2,1
362056,1,1
160210,2,1
361674,0,1
191918,0,2
401359,1,0
341860,2,2
169003,0,2
348418,2,2
294961,0,2
105161,0,1
25194,0,2
173363,0,2
200916,0,2
48743,2,2
96759,0,2
153506,2,1
79288,2,2
338292,0,0
165789,2,2
286140,2,2
205764,0,1
101431,2,2
284212,2,1
353504,2,2
17917,2,2
250037,0,0
120982,0,2
89158,2,2
209119,2,2
268400,2,2
142239,0,2
152199,2,2
261822,2,2
273650,2,0
343546,0,0
91670,0,2
51269,0,2
385270,0,0
394780,1,1
301613,2,2
251138,2,2
153553,2,2
351468,2,2
339915,1,1
353739,0,0
367127,1,1
112090,2,2
28826,0,2
347117,2,1
198425,2,2
2985,0,0
404209,2,2
373283,2,1
119230,2,1
373085,0,0
85697,0,1
96167,0,2
199135,1,1
111358,0,0
279936,2,1
163394,0,2
325089,2,2
278158,0,2
283256,2,2
270689,0,2
30512,0,0
325830,2,2
209132,2,2
159039,1,1
199778,2,2
264306,1,1
231535,0,2
366762,2,2
59422,0,1
192389,2,2
278816,0,1
103489,2,2
140077,2,2
111572,1,1
156576,2,2
314851,1,1
129186,0,0
62639,0,2
361690,1,1
230348,2,2
178133,1,1
21845,2,2
370733,2,2
348968,2,2
302045,2,2
64389,2,1
246305,2,2
29149,2,2
166289,0,2
196000,0,1
391977,2,1
348058,0,2
65670,2,2
264723,0,0
189281,1,2
332471,1,1
33662,0,0
347168,0,0
254798,2,2
101968,0,0
66745,2,2
68228,0,1
52403,2,2
134328,1,1
234439,2,2
335324,1,2
342685,0,2
22553,1,1
204256,2,1
196726,0,0
86161,2,2
300442,0,0
150223,2,2
66586,0,0
174797,0,2
263808,0,1
182262,1,2
155413,1,1
229892,0,1
301415,2,1
365636,0,2
53087,0,2
278708,2,2
179776,2,2
121332,0,2
270669,1,2
29733,1,1
136617,2,2
4585,1,1
249254,2,2
178196,0,1
391975,2,2
231547,0,0
373640,2,2
333583,0,0
11744,2,2
125697,2,1
392319,2,1
68016,0,0
94676,2,1
369421,1,1
179241,2,2
197565,2,2
292056,2,1
90308,2,2
300326,2,2
8021,2,2
74565,0,2
57090,1,1
25894,1,1
16501,2,1
316262,1,1
196148,2,2
172650,0,2
170737,2,2
97394,0,0
392285,0,2
164387,1,1
289481,2,2
374231,2,1
90213,2,1
105596,0,1
175847,0,2
106433,0,2
287310,0,0
248256,2,2
397589,2,2
198991,2,2
132255,0,1
334804,2,2
310166,0,2
118913,0,1
365196,2,2
20992,0,0
387063,1,1
185758,0,0
324622,0,2
141433,2,2
398940,0,1
38573,0,2
161507,0,2
159495,0,2
400300,2,2
26174,0,2
235591,1,1
328024,2,2
169769,0,0
34207,0,2
315420,0,2
191905,1,1
147104,0,1
130277,1,1
84388,0,2
96570,0,1
336176,0,1
402810,1,1
131818,0,0
180588,2,2
5639,1,1
26632,0,2
51978,2,2
35262,2,0
369408,2,2
285080,2,1
147389,0,2
29383,2,2
309962,2,2
32984,2,1
296963,1,1
24835,2,2
285982,2,2
111944,2,2
44935,0,1
362615,0,0
204041,2,1
353881,1,1
230130,2,2
94640,0,2
299520,0,1
257793,1,1
67497,0,2
269252,2,2
229598,2,2
328031,2,1
291847,2,2
225973,1,1
240182,1,2
331307,2,0
96150,2,1
107644,1,0
129913,2,1
128600,1,1
308388,0,1
104082,2,1
12930,2,2
68697,0,2
279488,2,2
124495,0,2
347774,2,2
1892,1,1
40535,1,1
344401,2,2
322205,0,2
174934,0,1
16244,2,2
204063,2,2
355305,0,1
67076,2,2
123000,2,2
63795,2,1
231318,1,1
26256,1,1
379307,2,0
337898,2,2
247204,2,1
292437,0,0
43234,2,2
17017,1,1
2994,2,1
365068,0,1
71539,2,2
312348,1,1
8293,2,1
60785,0,0
256381,0,0
232668,0,0
279669,2,2
397047,1,1
32045,0,2
243757,1,1
66059,0,1
127300,2,2
52331,2,2
242204,0,1
330308,2,2
357651,0,2
23195,2,2
59867,2,2
271601,0,0
327871,2,2
240844,0,2
55328,2,1
5180,0,1
139955,2,2
98996,0,0
241863,1,2
378225,0,1
11078,2,2
6442,2,2
397494,1,1
93461,1,1
268106,2,2
260359,2,1
95575,1,1
120564,2,2
231198,2,2
69457,0,2
371502,0,0
18647,1,1
116529,0,1
334035,1,1
106980,2,2
332341,2,2
334953,2,2
368391,1,1
59300,2,2
80255,0,2
46057,2,2
197275,0,2
267474,2,1
344266,0,2
322428,2,2
113862,0,0
223853,0,2
58693,2,2
197040,0,2
57129,0,1
42962,2,1
381345,0,2
330629,0,1
380672,2,2
204891,2,2
338554,0,0
139493,0,2
5448,0,1
20278,0,2
165585,2,2
24342,0,0
216287,2,2
200671,2,2
237248,0,1
75694,0,0
361477,2,2
223975,2,2
364625,2,2
130772,2,0
130953,0,0
15675,2,2
138111,2,1
313899,0,2
129249,0,0
336028,0,0
153602,2,1
386228,2,2
82229,2,2
318149,1,1
36736,0,2
262086,2,2
277871,2,2
357127,2,2
158890,2,2
160241,1,1
222544,2,0
134453,0,1
141230,0,2
8204,0,2
346551,1,1
328885,2,0
69108,0,2
262389,1,2
106233,2,1
256982,0,1
102336,2,2
209120,2,2
310271,2,2
245790,0,0
137960,0,2
64122,0,0
252450,2,2
311945,2,2
164324,2,2
189218,0,2
172794,1,1
379987,0,2
48416,0,1
139699,2,2
391630,0,1
59520,0,0
337073,0,1
182961,2,2
29795,0,2
18264,2,2
231475,1,1
391427,2,2
73492,2,2
333533,2,2
297347,1,1
175791,2,2
125155,2,0
30608,2,2
47613,0,2
176933,0,0
233328,0,1
66818,0,1
77439,0,2
247210,2,2
159123,0,2
261679,2,1
174550,2,2
252006,2,2
10075,0,0
55614,2,2
33541,1,2
389784,1,1
15250,2,2
182538,2,1
139706,0,2
76047,2,2
13888,0,1
99659,2,0
58977,2,2
253421,2,2
360745,2,1
320395,2,2
8615,2,2
185575,1,1
300816,0,2
388291,0,1
323620,2,2
46217,1,1
222901,0,0
11733,2,2
78772,2,0
254164,2,1
405505,2,0
380154,1,1
3909,0,0
244512,2,2
208676,2,2
294613,0,1
50050,2,2
126995,0,1
303542,0,2
246813,2,0
59308,0,2
158043,2,1
73697,2,2
146045,0,2
4545,2,0
343362,2,2
99100,1,1
16622,1,2
16610,1,0
76598,1,1
45330,0,0
46562,0,2
350469,2,2
253578,0,1
76675,1,2
5044,0,2
300152,0,0
346883,2,2
365940,2,2
23946,2,2
39372,0,0
132374,2,2
68967,0,2
9801,0,2
393376,1,1
39101,2,1
236786,2,1
258105,0,1
199494,0,2
129351,2,2
139177,0,0
326183,1,1
200102,0,2
35401,2,2
334148,0,2
277278,0,2
331281,0,2
30902,2,2
375867,2,2
203881,0,1
100548,1,1
308658,2,2
46247,0,1
247058,1,1
344289,2,2
89753,2,2
320600,2,2
363267,2,2
381713,2,2
13607,0,0
276641,1,1
334738,2,2
81354,0,2
292673,0,2
12035,2,2
72631,0,0
290110,2,2
24486,2,2
15267,2,2
356963,2,1
229759,0,2
37552,2,1
137074,0,0
292877,2,2
342262,2,1
402914,2,2
241750,2,2
132147,2,2
164192,0,0
153565,2,2
404721,1,1
77314,1,1
2429,0,2
4461,0,0
271844,0,2
383441,1,1
232408,0,2
235148,1,1
167606,2,1
172251,2,1
247463,2,2
247651,2,2
326872,2,2
44922,2,1
226245,2,2
127518,0,2
145154,2,1
148372,2,2
111250,1,1
377087,2,1
254896,2,2
66285,2,2
326267,1,1
392584,2,2
285589,2,2
162966,0,2
164029,1,1
195685,2,2
96505,2,2
218567,0,1
231697,0,0
241329,1,1
18214,2,2
128299,0,1
389110,2,2
27530,0,0
102528,1,1
153678,0,2
138859,1,1
267208,2,2
301921,0,2
148744,0,0
5888,2,1
212528,0,2
231679,2,1
193015,0,2
395159,0,2
51469,1,1
186547,2,2
316703,0,0
251685,2,2
379794,1,1
163245,2,2
207048,2,2
1792,2,2
186556,2,2
82483,2,2
257635,0,0
331960,2,2
174430,2,2
81236,2,2
395092,0,1
238209,0,2
284095,2,1
77077,2,2
41857,1,1
226953,2,2
212743,0,0
305112,0,0
345622,0,0
917,2,1
327930,2,2
31388,2,2
87720,0,1
260272,2,2
103653,0,2
388347,0,2
305544,2,2
145674,0,0
169357,0,1
307088,2,0
14230,2,2
93960,2,2
196046,2,2
180236,2,2
146282,0,2
13769,0,1
293501,2,2
372757,0,2
176546,2,2
389762,0,2
336865,1,1
20495,1,1
364047,0,0
398439,0,0
87883,1,1
336051,1,1
80197,2,1
244686,2,2
304016,2,2
252887,0,2
93496,0,2
238029,2,2
133466,1,1
198880,0,0
380423,2,0
133222,2,2
60485,2,2
248089,1,1
102974,1,1
232079,0,1
148521,1,1
380529,0,0
228149,2,1
242989,2,2
93475,0,0
137603,0,1
262568,2,2
124738,2,2
392050,0,2
48151,2,2
137123,0,2
259433,2,2
316631,2,2
37313,2,2
242376,0,1
182464,1,1
86981,2,2
281478,1,1
71292,0,0
373492,1,1
117752,0,2
163601,2,2
317584,2,0
274366,2,2
200254,2,2
246314,1,1
294043,1,1
113766,2,2
70147,0,0
85294,2,0
356763,0,2
11992,2,2
371265,0,1
211611,0,0
352118,0,2
230522,2,2
59458,0,2
185119,0,2
316704,0,2
228251,2,2
65120,2,2
401259,1,1
101846,0,2
97944,1,0
78170,2,2
173671,0,0
207002,0,0
263300,2,1
157952,0,0
15945,2,2
173058,2,2
324548,0,2
388738,1,1
74535,0,2
391352,2,2
300007,1,1
85819,2,2
314391,1,1
333378,0,0
49169,2,2
155014,2,2
288923,0,1
365094,2,1
262124,0,0
401951,1,1
121470,0,0
267916,0,2
361816,0,2
208941,2,2
368894,2,1
332110,1,2
42251,2,0
238023,2,2
114046,0,1
354263,0,0
86676,0,0
8067,2,1
295787,1,1
361899,1,1
13734,2,2
254551,1,1
378170,0,1
299159,1,1
213179,2,1
246962,2,2
7703,2,2
288652,1,1
170552,1,1
212973,2,2
85195,0,0
82592,0,1
278670,2,2
46626,2,2
237397,2,2
82440,0,1
153868,2,2
194032,1,0
367432,2,2
127457,2,0
248410,0,2
252128,2,2
295258,2,2
104848,1,2
160025,0,0
42290,2,2
227368,1,1
93589,1,1
369488,1,1
325204,0,2
225584,0,0
247075,2,1
51068,2,2
260596,2,2
349451,2,2
240107,1,1
299314,2,2
41521,2,2
121871,1,1
320538,1,1
159049,1,1
180885,2,0
112881,2,2
268916,0,2
104323,1,1
225772,0,1
264145,0,2
382226,0,0
234176,1,1
119125,2,2
5779,2,2
183102,1,1
103956,0,1
317335,0,2
218368,0,0
120945,2,1
279901,2,2
253576,2,2
341660,2,2
111345,1,1
336009,0,0
314647,1,1
83772,2,2
340688,2,2
150405,0,0
257313,0,0
33195,0,2
233811,2,2
123211,0,2
365328,0,1
381692,2,2
124527,2,2
304461,1,2
47525,1,1
29760,1,1
254843,2,1
152818,2,2
56663,2,2
254494,2,2
385301,0,2
133372,2,2
179034,2,2
187270,2,1
312350,0,0
116930,2,2
378970,0,1
192975,2,1
241431,1,1
265299,1,1
320566,2,2
232465,2,2
381063,1,1
238964,1,1
282824,0,2
385410,0,1
325450,0,1
133796,2,2
110341,2,1
8177,2,2
194325,0,0
193151,2,2
77993,2,2
122558,0,2
325060,2,1
147963,0,2
194504,0,0
395353,0,1
165343,2,2
13059,2,2
292633,0,0
50502,0,1
215829,2,2
219891,0,0
183561,2,2
30053,2,1
320404,2,2
400347,0,2
124612,0,2
212145,2,2
316937,2,2
372637,2,2
352559,0,0
235911,2,0
24477,2,2
300526,1,1
96027,0,2
182965,2,2
402286,1,0
321653,1,1
388985,2,1
295191,1,1
188366,2,2
213440,0,2
134824,2,1
207810,2,2
355982,0,0
137822,2,2
25778,0,2
375787,0,1
195012,2,2
351625,2,2
372995,0,0
179314,1,1
280370,1,1
102820,2,2
26417,2,2
85157,0,0
38919,2,2
276045,0,2
278638,1,2
130373,1,2
289514,1,1
317468,2,2
42817,2,2
364547,0,1
170943,0,1
323228,0,2
155681,2,2
236091,2,2
209024,0,2
92667,1,1
235312,0,0
77253,1,1
380883,2,1
84726,1,1
203539,2,1
297208,2,2
264907,2,2
275090,0,2
221724,1,1
155717,2,2
340102,1,1
301185,0,0
373428,2,1
256533,2,2
10501,2,2
247176,0,1
157792,1,1
309212,0,0
366982,2,2
384880,2,2
268264,2,2
110158,2,2
178583,0,0
63908,0,1
380040,0,0
244515,1,1
328855,0,2
17671,2,2
121003,2,2
117384,0,1
176992,2,2
97191,2,2
29909,2,2
19877,0,1
313166,2,2
37140,1,1
271975,1,1
338763,1,1
247456,2,2
159800,2,2
108708,1,1
305640,1,1
283041,1,1
324185,1,1
169300,2,2
366014,2,2
132830,0,2
68233,1,1
236556,2,1
312274,2,0
253632,1,1
137868,0,2
401774,2,2
293365,2,2
226829,2,1
363495,2,2
79015,2,1
297789,1,2
9962,0,2
97745,0,1
162944,2,2
390267,0,2
111289,2,2
290168,2,2
180325,2,2
144162,0,1
139535,1,1
28339,2,2
1612,0,1
218624,2,2
186774,0,2
104476,1,1
205094,2,2
108057,0,2
210232,0,2
54129,2,1
138379,1,1
277608,1,1
153821,2,2
41385,2,2
205055,2,0
325111,0,2
240106,1,1
295074,2,2
373813,2,1
106443,2,1
156361,0,0
260747,2,0
264869,2,2
352071,2,2
60154,0,0
379341,2,1
100890,1,1
387984,2,2
68761,0,2
17009,2,2
32224,2,2
282548,2,1
92924,1,2
252282,2,2
185949,0,2
366034,0,2
170792,2,2
341542,1,1
52530,1,2
297947,2,2
56141,2,1
27508,2,1
25806,0,0
287671,0,2
310351,2,2
224141,2,2
352818,1,1
317390,0,2
128630,1,2
223366,1,1
23379,2,2
44200,0,1
262325,0,1
286031,2,0
146044,0,2
406261,0,0
190579,0,1
340145,0,0
34385,2,2
120904,0,2
224225,0,2
167984,1,1
346189,1,1
131863,0,0
383714,2,1
169710,2,1
245252,1,1
382499,0,0
296809,2,2
284905,2,1
360123,2,1
37358,2,2
143922,1,2
281609,2,2
94306,0,2
66392,1,1
132173,1,1
399946,2,2
284019,0,1
137019,2,2
93318,1,1
84553,2,2
286915,2,2
150978,0,2
125648,1,2
108983,1,1
48287,2,2
164179,2,1
31534,2,1
45673,1,1
313443,1,1
158296,2,2
120651,2,2
273455,2,2
310734,1,1
2502,2,2
148770,0,2
100913,1,0
118358,0,2
343537,2,2
59785,1,1
90089,0,0
78344,2,2
155848,0,2
23958,0,0
105090,1,1
88309,0,0
227833,2,2
23580,2,2
208035,1,1
174586,2,1
95552,0,0
255499,2,2
46378,2,2
295601,2,2
45177,0,0
122336,0,2
28426,2,2
10671,2,2
139140,2,1
300404,1,1
316608,2,2
180914,0,0
194696,0,0
7515,2,2
220510,2,2
358769,0,1
274891,2,2
151596,0,0
214005,2,2
34724,0,2
26839,2,1
206202,2,1
249190,2,2
328541,2,2
383266,0,2
250387,0,2
166113,2,2
316359,2,2
300190,0,0
386743,1,1
56100,2,2
339248,2,0
333410,2,1
113857,2,2
172048,2,2
212006,2,2
94910,1,1
364438,1,1
268759,0,2
218356,2,2
182840,2,2
311416,2,2
326046,2,2
20442,2,1
374054,0,1
380070,0,2
155195,2,2
340024,0,2
172366,0,0
104013,2,2
283245,1,1
46584,2,1
295860,0,1
179973,0,2
94787,2,2
247206,0,2
48069,2,2
184318,0,1
401363,0,0
132168,2,2
80392,1,2
28704,2,2
315454,2,2
87796,0,2
9329,2,2
215082,2,2
285525,0,2
355048,0,0
86664,0,1
310481,0,0
116845,0,2
236601,2,2
74387,0,0
390163,1,1
144318,1,1
205077,0,0
350573,0,2
382474,2,1
251792,0,0
56915,0,1
185199,2,2
80913,0,1
25260,1,1
158322,2,2
119598,2,0
222360,0,1
34849,2,2
343672,2,0
276516,0,2
221330,0,2
388153,0,1
92436,1,1
252494,2,2
121110,0,0
85980,2,2
330026,2,2
394867,1,1
373670,0,1
263477,0,2
228654,0,2
144219,0,1
313450,0,2
332795,1,1
138423,2,1
190734,0,2
398303,2,2
14428,0,0
313753,2,2
8110,0,2
54354,0,2
277474,2,2
49094,2,1
217485,2,2
325985,2,2
274435,2,1
243548,0,1
75913,0,2
215201,2,2
312316,0,2
152951,0,1
321897,0,2
104580,0,1
258882,2,1
55719,0,2
42430,2,2
252350,2,2
368625,2,2
143447,2,2
178868,2,2
149747,1,1
393593,2,2
50891,0,1
266099,2,2
4296,2,2
89777,0,0
252195,2,1
400296,1,0
305555,1,1
292053,2,1
247748,2,1
269648,2,2
71213,2,1
202641,0,1
30292,2,2
243413,1,1
185877,1,2
104319,2,2
292501,0,1
159737,1,1
235538,0,1
42733,2,2
244849,2,2
355857,2,2
159908,0,1
160540,0,2
365550,0,0
102068,1,1
46579,0,2
175836,2,2
360286,2,2
161989,0,1
301259,1,1
384688,2,1
78715,2,2
332334,2,2
76827,2,2
186319,2,2
167246,2,2
379266,1,1
147769,2,2
89584,1,0
87899,2,2
277923,1,1
404971,1,1
99055,0,2
249746,0,0
208799,1,1
245578,0,0
350624,2,2
388976,2,2
353837,0,0
373788,0,2
230984,2,1
101045,2,2
353377,1,1
72004,2,2
88259,0,0
268020,2,2
74730,2,2
40611,2,2
83321,0,1
102643,2,2
99771,2,2
1619,2,2
202037,2,2
100886,2,2
36189,0,2
201950,1,1
326013,2,0
360172,2,2
38421,0,0
235419,2,2
180647,2,2
312951,2,0
44927,2,2
167009,2,2
200179,0,0
124428,0,0
120428,0,2
135954,2,1
159317,0,1
238339,2,2
218608,1,1
52786,1,1
173949,0,2
51722,2,1
269663,0,0
8956,2,2
28401,2,2
204918,0,2
33019,2,0
145761,1,1
368947,1,2
175743,2,2
374221,1,1
2944,2,2
123586,2,2
165021,0,1
287528,2,2
348543,2,2
356862,0,2
173334,2,2
333603,0,2
306201,0,0
49338,0,0
293803,0,1
192899,0,1
374318,0,2
127385,0,2
149234,2,2
2958,2,0
283107,2,2
320240,2,1
56184,1,1
332289,0,0
241617,2,2
405181,2,2
171183,1,1
81263,2,2
177431,2,2
258649,2,2
404833,0,2
336247,2,2
139998,2,1
278691,0,0
188215,2,2
347030,2,2
235085,2,1
17386,2,2
338199,0,1
165758,0,2
255074,0,2
384943,2,2
97116,2,2
11495,2,2
140327,1,0
363558,0,2
114250,1,1
298463,2,2
190588,2,2
256299,1,1
202535,2,1
337224,2,2
388227,2,0
292468,0,1
401746,0,1
138226,0,2
300380,2,2
62566,2,0
179563,2,2
3022,1,1
359372,0,1
125273,0,0
395608,2,2
273289,2,2
145325,2,2
198475,2,2
52278,0,0
380050,2,1
203953,2,2
18727,0,2
90737,2,2
143574,2,2
167372,1,1
307080,0,0
86133,2,2
126277,0,2
119406,0,1
342566,2,2
125126,0,0
289776,1,2
304541,1,1
236179,2,2
384883,2,2
271190,0,2
151601,0,2
90325,0,1
136510,2,2
94334,2,1
20290,2,2
93515,0,0
343109,2,1
7926,0,1
345585,1,1
379842,2,1
43168,2,2
164232,1,1
77636,0,0
9958,2,2
5877,1,1
391377,0,2
332380,0,2
233671,2,2
197967,0,1
396958,2,2
369821,0,2
103142,0,1
348681,0,2
379064,0,2
64814,2,2
307878,2,2
55511,2,2
239087,0,0
196277,1,1
368753,0,0
200638,0,0
2806,0,2
335821,2,2
371362,0,1
343197,0,0
309540,0,0
140234,0,2
171256,2,2
21487,1,1
312617,2,2
161602,2,1
178584,2,2
340269,2,2
359166,2,2
387023,1,1
112312,2,2
310259,0,1
314883,1,1
386061,2,2
19697,0,1
239426,1,1
77678,1,2
365164,0,2
352579,0,0
26159,0,1
33245,1,1
53702,2,2
252474,2,2
278035,2,0
25915,2,2
248885,1,1
112645,1,1
143650,0,2
137842,0,0
26145,2,2
262532,2,2
130397,1,1
391407,1,1
386942,1,1
52927,2,2
251429,1,1
113126,2,2
120438,0,0
150648,0,0
169499,2,2
83405,2,2
332604,2,2
169902,2,2
281197,0,2
343557,2,2
170019,2,1
350366,2,2
368711,2,2
13915,2,2
223154,1,1
56848,2,2
275256,2,2
121565,0,0
53929,0,2
132963,2,2
167621,2,1
213406,0,2
317553,0,2
62060,0,1
240529,2,1
243028,0,0
15149,2,2
211711,1,1
56869,2,2
349877,2,1
279878,2,2
160850,0,2
373486,0,0
394671,0,1
381499,0,2
90730,0,0
358893,0,2
156639,0,0
92227,2,0
84521,0,0
159203,0,2
217057,2,1
359741,2,2
255997,1,1
112885,2,1
186679,0,0
284474,2,2
365287,0,1
190931,2,2
81516,2,2
159681,2,2
111905,2,2
375465,2,1
310562,0,0
144742,0,2
153031,2,2
32957,2,2
305705,0,0
376260,0,1
48149,0,2
141140,0,0
322809,2,2
318343,2,2
36614,1,1
35588,2,2
263430,2,2
190520,2,2
291203,2,2
333441,2,2
196634,2,2
345295,0,1
277356,0,1
358935,2,2
336223,2,2
264066,0,2
287498,2,2
80603,0,0
221348,2,2
118740,2,2
211064,2,1
335796,0,2
386333,0,0
171541,2,2
69921,1,1
257809,0,2
165449,2,2
28709,1,1
112912,0,2
45438,2,2
197873,0,1
59843,0,2
69221,0,1
197659,0,1
163947,2,2
110013,2,2
276055,2,2
319977,2,2
54778,2,2
382877,2,2
35022,0,1
382450,2,1
201045,0,2
261217,2,2
344448,1,1
378058,0,1
83521,0,2
229293,2,2
215222,0,1
341245,0,2
328602,2,2
281893,1,1
160488,2,0
70456,2,0
206243,0,2
278357,2,2
232237,2,1
359781,2,2
317748,1,1
87036,0,2
236368,0,1
205922,0,0
103206,1,1
161584,2,2
185299,2,2
177683,2,2
207885,0,0
256251,2,2
380277,0,1
374253,2,2
22366,2,0
287350,0,2
265349,2,2
296155,0,0
5507,2,2
356388,2,2
95607,0,2
127500,2,2
90917,1,1
89975,2,2
354067,2,2
204359,0,2
32714,0,2
279469,0,0
83207,0,1
176099,2,2
157423,2,2
82075,2,2
195702,0,0
299339,2,1
224777,2,2
89577,2,2
264025,2,2
106196,1,1
302306,0,1
226996,0,2
116668,2,2
336087,2,2
259208,1,1
282455,2,2
364372,2,2
191682,0,1
182551,1,1
107472,1,1
46206,2,2
98217,2,0
268276,2,1
206536,1,1
89528,2,2
390470,2,1
276508,2,1
217380,0,2
375803,1,1
24018,2,0
27143,2,2
261851,2,2
15676,2,2
59080,1,1
345822,1,1
173398,0,2
258745,2,2
119321,2,2
371875,2,2
16166,2,1
233875,2,2
272182,0,2
323921,2,2
123755,2,2
352204,2,1
358280,0,2
382027,2,2
318564,2,2
82147,2,2
166570,0,0
117002,2,2
9625,0,2
90329,0,2
50323,2,2
262653,0,0
295034,2,2
360292,0,2
1007,2,2
132537,0,2
83306,2,2
23506,2,2
182381,1,1
119250,2,2
22283,1,1
310419,2,2
54828,1,1
9709,0,0
306513,1,1
160342,1,1
312291,1,1
359714,2,2
318170,2,2
112478,1,1
226792,0,2
397273,2,2
134482,2,0
23106,2,0
83357,1,1
89010,2,2
88803,0,0
306414,0,0
37547,1,1
6360,1,1
218319,0,0
342852,0,1
290943,0,2
192083,0,2
97296,0,2
195213,1,1
177111,1,1
266443,2,2
367526,2,2
330235,0,0
229028,2,2
279261,2,2
386318,0,1
117428,1,2
130167,1,1
160218,2,1
135075,1,1
209821,2,1
304134,2,2
143275,0,2
195649,1,2
246668,0,2
190688,2,2
123947,2,2
288693,1,2
333296,1,1
190937,2,2
205848,2,2
202206,2,1
158428,1,1
50385,0,2
173648,0,1
235943,2,2
21439,2,2
223310,0,2
96316,2,2
360298,0,0
140409,0,2
369709,1,1
134547,0,2
37332,0,1
262296,0,0
104243,0,2
357514,2,1
191269,2,2
204272,1,1
153133,2,0
217073,2,2
258615,1,1
51526,2,2
35679,0,0
67991,1,1
331036,2,2
258232,2,1
69760,0,1
236579,2,1
127337,1,1
172599,0,0
291754,0,1
386691,2,2
141109,0,1
394501,0,2
68445,0,0
213109,0,2
377811,2,1
260566,0,1
279986,0,0
30934,0,2
37367,1,1
247102,2,2
241823,2,1
337188,1,1
96808,2,2
137388,1,1
108522,2,2
15535,2,2
328252,1,1
371568,0,1
77193,2,2
236788,1,1
241442,0,0
37450,0,0
158425,2,2
261338,2,2
390274,0,0
77489,2,2
290549,2,2
193082,1,1
371787,1,1
196385,2,1
389074,0,1
262380,0,1
290621,2,2
359467,0,0
332126,2,2
2348,2,1
223683,2,2
98299,0,2
258305,1,1
91454,2,2
89434,0,1
311189,2,1
126476,1,1
91079,0,2
282284,0,2
329581,2,2
89676,0,2
301302,2,2
371567,2,2
125511,0,2
264821,0,2
52614,0,0
399878,0,0
262769,1,1
45854,0,0
303656,1,1
325271,2,2
267783,2,2
149019,2,2
166965,2,1
328900,1,1
46705,2,2
246926,2,2
93937,0,2
376174,2,2
72588,2,1
256384,2,2
56405,1,1
109645,2,2
30796,0,2
387318,2,2
17392,2,0
220081,2,2
360493,2,2
93276,0,0
336205,0,2
108365,1,0
225534,2,2
334571,2,2
285998,2,2
96780,2,1
113417,1,1
395671,2,2
116336,2,2
167843,1,1
250921,2,1
59013,2,0
24262,0,2
133648,0,0
219388,2,2
389417,0,2
201952,0,0
267850,1,1
135096,0,1
298160,0,0
335767,0,0
404469,2,2
70318,2,2
62405,1,1
345526,2,2
159447,2,1
392697,2,2
275421,1,1
19514,0,0
311263,0,0
94028,2,2
398966,1,1
182478,2,2
346561,2,2
328647,1,1
54449,0,0
234800,0,2
272405,0,0
55846,2,0
159604,0,2
188127,1,1
366465,0,2
380062,2,2
226872,2,2
61098,2,1
376084,0,1
171146,0,0
318186,2,2
360864,0,1
268725,1,1
341930,2,2
360451,0,1
275029,1,1
17537,0,2
327808,1,1
3738,0,0
242123,2,2
395782,2,2
307550,0,2
377871,1,1
72645,2,2
19848,0,0
267740,1,1
190100,2,2
185527,1,1
353766,0,0
299928,2,1
126179,1,1
337828,1,1
254789,2,2
386096,0,2
86633,2,1
334078,0,2
396043,0,0
99383,0,2
363606,1,2
48803,2,2
381527,2,2
308026,2,2
247432,1,1
275226,2,2
8460,2,2
346571,2,2
109360,1,1
294866,2,2
23850,0,1
280538,2,2
220248,2,2
14786,2,2
356953,0,0
228169,1,1
47399,2,2
10331,2,2
326892,2,1
357138,2,1
48470,2,2
243195,1,1
117638,0,1
274369,2,2
88128,1,1
68187,1,1
326939,1,1
388303,1,1
201319,1,1
398247,1,2
192321,1,1
9719,0,2
50464,2,2
311101,2,2
398086,0,1
2786,0,0
396943,2,2
231956,0,2
192436,0,0
89444,0,2
310437,2,1
87991,1,1
359365,0,0
178047,2,2
295242,1,1
189268,0,1
79687,0,2
130622,2,1
63506,2,2
50851,2,2
343807,2,2
328768,2,1
13214,2,2
51297,2,2
146743,2,2
323314,0,1
4169,2,2
132885,2,2
192091,0,1
123564,0,0
365049,2,0
324558,2,2
131831,2,2
39257,0,0
354138,2,2
332886,2,2
63265,0,1
297074,2,2
358340,2,2
380244,0,1
323478,0,1
155699,2,1
35977,0,2
156866,2,2
146565,0,1
255315,2,1
60509,0,0
22151,2,2
406215,2,2
113850,0,0
194859,0,2
327328,0,1
67917,0,2
1780,2,2
64361,0,0
333565,0,0
125304,2,2
330641,2,2
145108,2,2
351923,0,2
26675,2,2
329086,2,2
325334,1,1
375013,2,2
249177,1,1
109513,0,0
382419,1,1
332039,0,2
348727,2,2
80296,0,0
310082,2,2
54801,0,1
328690,2,1
146445,0,1
120314,1,1
363765,1,1
174928,0,2
145272,1,1
18040,2,2
248060,2,2
323438,0,2
390391,0,2
34435,0,1
399074,0,2
25580,2,2
388848,2,2
262832,1,1
159913,2,2
22661,0,2
78314,2,2
327759,1,1
373304,0,0
29462,0,1
347534,1,1
307539,0,0
239684,2,2
8974,0,2
91433,2,2
336258,2,2
360310,2,1
186126,2,1
249794,0,0
255170,2,2
158961,0,0
107609,2,2
60709,2,2
216871,2,1
349964,1,2
125750,1,2
119314,0,1
112293,2,2
235059,2,2
247672,0,1
72036,2,1
250458,0,0
10539,2,2
30229,1,0
131989,1,1
122785,2,1
276636,2,2
71100,2,0
255045,0,2
184202,1,1
9286,0,0
224234,0,1
47975,0,1
63299,1,1
228305,0,0
63121,0,0
282361,0,2
93046,0,0
239261,0,0
151185,2,1
120059,2,0
268641,2,1
81361,2,2
239183,2,2
346990,2,2
11460,1,1
220623,1,1
349219,0,2
53818,2,2
210715,2,2
361464,2,2
348732,0,1
294485,0,2
152817,2,2
379109,2,2
91930,1,1
357851,0,2
230632,0,2
42904,2,2
88505,2,2
200595,2,2
380177,0,0
14245,0,1
248183,0,2
320587,0,2
254566,1,1
325193,0,0
358925,2,2
296981,0,2
162194,0,1
95293,1,1
48117,2,1
328307,0,2
75238,0,0
317932,2,2
267377,1,1
37895,2,2
22373,1,2
210124,1,1
378368,2,2
73189,0,0
224786,0,0
225032,2,2
129807,2,2
239211,1,1
280904,0,2
186423,2,2
52412,0,1
13443,0,1
276401,2,0
186011,2,1
298483,2,2
258132,2,0
326987,2,2
35917,1,1
70481,0,0
358298,2,2
250482,2,0
62202,0,2
28116,0,2
234801,2,1
226994,1,1
138320,1,1
222483,1,1
220859,1,1
339168,1,1
364546,1,1
101140,2,1
23046,2,2
47325,0,0
45674,1,1
63802,1,2
55722,2,2
127818,1,1
54369,0,0
178493,2,2
181322,1,1
195209,0,1
394660,0,1
196521,2,2
264032,2,2
86242,0,1
126125,0,0
150126,2,2
227907,2,2
179664,1,2
251187,0,2
128425,2,2
275422,2,2
16875,2,2
319745,2,2
30291,0,2
131854,2,1
110613,2,2
91153,2,2
159451,0,2
155650,2,2
181369,0,0
150958,0,1
132792,0,1
351472,2,2
120863,0,0
103625,2,2
114166,2,1
290868,0,2
305277,2,2
238790,0,2
180838,0,2
266570,2,2
241257,2,1
66781,1,1
87454,0,0
186522,2,2
101596,2,2
228866,1,2
282365,0,0
192011,2,1
361015,0,2
339827,1,1
291878,2,2
3933,2,2
346868,0,2
8274,2,0
283226,0,1
242140,2,2
184807,2,2
163845,0,0
374801,0,1
296427,1,1
221492,0,2
33617,0,1
292373,0,1
257392,2,2
347427,1,2
228076,0,0
119769,2,2
132607,1,1
335714,2,2
59872,1,1
73981,0,0
358844,2,2
290544,0,1
352312,2,2
18192,2,2
317993,2,2
38743,0,0
104442,0,2
243370,2,2
279801,2,1
175792,2,2
117849,2,1
288795,0,1
227642,0,0
247481,0,2
257350,1,1
117919,2,2
164666,0,0
135094,1,1
232072,0,0
31781,1,1
4394,0,2
57570,0,0
389472,2,2
296625,2,2
153716,0,0
30617,0,0
181898,0,2
113043,1,1
236803,2,2
149242,0,0
117417,2,1
273330,2,2
338300,2,2
364336,1,1
139851,0,1
316242,1,1
243449,2,2
192454,0,0
220759,2,2
59384,0,0
10587,1,1
151723,0,2
294306,1,1
341347,2,2
189074,2,1
401626,0,2
129107,2,2
386762,0,1
160002,1,1
375487,0,0
206788,0,0
395479,2,2
334310,2,2
206984,1,1
110640,1,1
50090,2,2
284458,0,0
22493,2,0
182529,0,1
15222,2,0
94661,2,1
308469,0,2
232191,0,2
220607,1,1
101895,2,1
96492,2,2
282329,2,2
80539,0,1
343705,0,2
264490,2,2
24927,0,0
12819,0,1
331521,1,1
27855,2,2
395238,0,0
124995,0,1
195388,0,0
12565,2,2
372873,0,0
236637,2,2
387331,0,0
5192,1,1
381048,1,1
327827,0,2
53376,2,2
304724,0,2
252900,2,2
85630,2,0
294963,2,2
66686,1,1
330680,2,2
79655,0,0
334755,2,2
133987,2,0
42523,0,2
8105,0,0
233781,1,1
42006,2,0
174521,0,2
311520,2,2
334296,1,2
336900,2,0
336270,0,1
120263,2,2
398854,0,2
256572,0,1
229200,2,2
383143,0,0
248294,0,1
186133,0,1
318961,0,0
327154,2,2
329954,0,0
14481,0,2
133262,0,2
205501,2,2
180918,0,0
58089,2,2
222182,0,0
272567,2,2
220644,1,1
247577,0,0
187075,1,1
337699,1,1
171276,1,1
175608,0,2
9103,0,2
360192,2,2
298771,2,2
268649,0,2
51961,2,2
171290,2,2
137103,2,2
403472,2,2
30443,2,2
346096,0,1
6015,2,2
163950,1,1
344666,0,2
338432,0,2
308112,2,2
26729,1,1
375700,2,2
283682,2,2
264682,0,1
22487,2,2
181290,2,1
31841,0,0
64152,0,2
72949,0,0
345212,2,1
82294,2,2
128735,2,2
231460,0,1
75027,2,2
321966,0,0
232735,0,1
192581,0,0
61113,0,0
384824,0,1
342192,0,2
296065,0,0
180822,2,2
224210,2,2
221096,0,1
302489,2,2
404418,0,2
351137,2,2
210678,0,0
285862,2,2
161449,1,1
358293,2,2
164893,1,1
164480,2,2
68010,2,2
110721,0,1
385792,0,2
140772,2,2
231032,0,0
64874,0,2
211751,2,1
116077,1,1
211769,0,0
27140,0,0
247316,0,0
271831,0,2
100674,0,0
369348,0,1
107295,0,2
338209,1,1
70961,1,2
79900,1,0
236937,0,2
364760,0,0
200702,0,0
126872,0,0
273363,2,2
202925,2,2
396891,0,1
122946,2,1
28866,2,2
170783,1,1
268422,2,1
20229,2,2
325313,2,1
104387,0,0
114231,2,2
76008,1,0
11494,0,1
152125,2,2
232230,0,1
193000,1,2
25636,0,2
144310,0,2
262041,0,0
194579,1,1
106202,0,1
61820,1,1
56721,1,1
82274,0,2
335843,2,1
191846,1,1
303714,1,1
198943,2,2
371745,0,2
328621,2,2
44562,2,1
170820,2,2
30499,2,2
9929,0,0
176574,2,2
130808,2,2
259382,2,1
345659,0,1
88549,2,1
213775,2,2
359454,0,0
134823,2,2
317178,2,2
48474,2,2
76509,2,2
77419,2,2
290200,0,2
285627,0,0
278718,2,2
378235,0,2
136166,0,2
126010,0,2
6416,0,2
260756,0,2
317179,2,1
58146,1,1
100182,2,0
284157,1,1
160531,0,2
321886,2,2
179408,2,2
399586,0,2
173994,0,2
123154,2,2
178951,2,2
40026,0,2
248502,1,1
88296,0,2
80703,1,1
158116,2,2
142195,1,1
334276,1,1
43711,1,1
284484,2,2
248038,0,2
341535,1,1
79796,2,2
301689,2,1
383702,2,2
244797,2,2
151835,1,2
127214,0,2
258468,0,2
72353,0,2
166652,2,2
101707,2,2
281091,2,2
114937,2,2
369166,2,2
162723,2,1
175445,0,2
9888,0,1
57426,2,2
137329,2,2
152634,1,0
319669,0,2
295236,2,2
192286,2,2
385912,0,2
234767,0,0
107647,0,0
34497,2,2
28463,1,1
175614,0,1
391430,0,2
242875,2,2
208219,0,2
114477,2,1
115487,1,1
241263,0,2
10279,0,1
125482,0,1
379019,2,2
57756,1,1
294059,2,2
238223,0,0
254070,1,1
200884,0,0
74486,0,0
181399,1,1
386349,2,2
240771,2,1
31876,0,2
190403,1,1
154557,1,1
68092,0,1
165446,2,0
3212,0,2
382904,0,0
307342,2,2
325079,2,1
55301,0,2
291675,1,1
29162,2,2
20021,0,2
302233,2,2
1896,2,1
199364,2,2
34474,2,2
280758,2,2
141617,2,2
80784,0,1
363086,0,2
300251,0,0
281811,2,0
370547,0,2
40310,2,2
387037,0,0
34126,2,2
272725,1,1
273190,0,0
229481,1,1
162302,2,2
164752,2,2
202736,1,1
14407,2,2
294497,0,0
40887,0,0
228898,2,1
43346,0,0
36341,1,1
64578,0,2
165760,1,1
179175,0,2
266374,0,0
160525,0,2
57822,2,2
235236,2,2
55934,0,2
302557,1,1
18289,1,1
29863,0,2
69754,0,0
381439,2,2
352661,0,1
365256,0,0
13413,2,0
148970,2,2
9572,0,1
33902,0,0
13488,2,2
379535,0,2
265798,2,2
87179,2,1
2057,0,0
238841,0,2
81423,0,2
82313,1,1
367418,2,0
393197,1,1
282122,0,2
320479,2,2
268005,2,2
153481,1,1
373076,0,1
372560,0,0
162478,0,0
52924,1,1
160545,2,2
42970,0,0
88864,2,1
302390,1,1
311529,0,1
274171,1,1
85193,2,1
361719,0,2
21341,0,0
38392,2,1
102043,1,1
223565,0,0
98315,2,2
348653,1,1
2264,0,2
345361,2,2
124936,2,2
131305,0,0
316768,2,0
365733,1,1
181343,2,2
386779,2,2
176783,0,0
58969,1,1
268073,0,2
98287,2,2
109341,1,1
168957,0,1
311315,1,1
12734,1,1
186321,2,2
187882,2,1
402190,1,1
137956,2,2
92199,2,2
181563,0,0
201939,0,1
176840,0,2
170518,0,2
340693,0,0
281154,2,2
294342,1,1
173293,0,2
70721,0,0
87311,2,2
135836,2,2
390194,2,2
315124,1,1
56232,0,0
106649,2,2
390327,0,2
79421,1,1
300428,2,1
135990,1,1
389373,0,0
373243,0,2
311234,1,1
279561,2,2
20956,2,2
385691,0,2
132362,0,2
335362,0,0
104317,0,2
314175,0,2
357809,0,2
197294,2,1
197021,1,1
368638,0,1
260544,2,1
238568,1,1
225858,2,1
49534,1,1
62127,2,2
225614,2,2
1151,2,2
50798,2,2
146259,2,2
396968,2,1
391511,2,2
192658,0,0
282150,1,1
39790,2,2
253502,2,0
387247,0,0
183895,2,1
382313,1,1
305120,0,0
240316,0,1
170741,2,1
263918,1,1
149926,0,1
168882,2,0
22359,2,2
402342,2,2
62306,0,1
342462,2,2
135895,2,2
101287,0,0
237721,2,1
357886,1,1
107781,0,2
342516,2,0
100518,2,1
21959,0,1
366106,0,1
76628,1,1
362175,2,1
209093,0,0
115510,0,2
352600,0,0
369741,2,2
354087,2,2
240286,0,2
330571,2,2
159502,2,0
302184,1,1
268680,2,1
12484,0,0
121142,0,0
327530,2,2
176023,1,1
12905,0,2
254772,2,2
372466,2,1
386042,0,2
221951,0,2
322902,0,0
172925,0,1
398296,2,2
225625,2,2
7378,0,1
394261,2,2
266044,0,2
379398,2,2
125707,2,2
147490,0,0
63587,2,0
215395,1,2
356839,2,2
239645,2,2
335325,2,2
184534,1,1
129533,1,1
197451,2,1
264785,2,1
146302,2,2
301097,1,2
181841,2,1
11541,2,2
302375,0,0
29819,0,2
99137,1,1
225951,1,1
392059,0,0
132841,2,2
56220,1,1
341177,2,2
297671,1,1
350377,1,2
89819,2,2
45838,0,1
64862,0,0
86352,2,2
115262,1,1
238738,0,0
374569,0,2
261482,2,2
143317,0,2
79413,2,2
296835,2,1
51830,2,2
352798,1,1
262293,2,2
254427,0,0
223434,2,1
364927,0,2
11459,0,0
280675,1,1
363908,2,2
350493,2,2
236112,1,0
329275,0,0
17200,1,1
3573,2,2
113615,1,1
165445,0,1
139757,2,2
286441,1,1
40319,1,1
144660,1,1
259233,0,0
93976,2,2
367143,0,2
150825,0,2
46537,2,1
153419,0,2
338712,2,2
271773,2,2
207854,0,0
306412,2,2
377717,2,1
13827,0,2
195770,1,1
156001,2,2
367348,2,2
179024,2,2
16722,2,2
170614,2,2
261622,1,1
231732,0,0
323741,2,2
6440,2,2
192659,2,2
33825,2,1
405970,2,0
42008,2,2
221947,1,1
319765,2,2
192314,0,0
138633,1,1
92855,2,2
260253,2,2
249565,1,1
218441,0,2
233338,0,0
89442,2,2
109438,2,2
253996,0,1
313362,2,2
4908,2,2
314800,2,1
170914,0,1
56903,0,2
167515,1,1
147480,0,0
370275,0,1
23091,0,0
378688,2,2
372066,2,2
123210,2,2
69250,2,2
162696,0,2
284063,0,1
197319,1,1
13854,2,2
76907,2,2
235815,0,0
372060,1,1
25413,0,2
24718,0,0
204069,2,2
82948,0,2
80759,2,2
317120,1,1
4166,0,0
303945,1,1
10478,2,2
142850,0,2
386270,1,1
12997,2,1
118990,0,0
66038,0,2
149143,2,2
133324,0,0
289201,0,2
370940,2,1
146670,0,2
78877,0,1
32709,2,1
219746,2,2
352318,2,2
126240,1,0
185920,0,1
263171,2,2
201970,2,0
251502,2,1
166910,2,2
42152,2,2
11886,0,1
401369,2,2
258301,2,2
82296,2,2
59266,2,2
85188,2,0
22455,2,0
253044,0,2
191613,0,1
207379,1,2
287905,0,2
46836,2,2
95369,1,1
104119,1,1
270219,2,1
56484,0,1
176977,2,1
3328,2,1
383273,1,1
41877,0,1
314449,2,2
224446,0,1
163101,1,1
80868,2,2
73933,0,0
92776,0,2
62324,1,1
209087,2,2
240556,0,1
358535,2,2
401473,2,2
83613,2,2
52748,0,2
203454,0,0
282495,2,2
240139,0,1
220365,1,1
175358,0,2
178095,2,2
335345,2,2
274465,2,2
317533,0,2
360487,2,2
403876,0,1
26138,0,1
107945,0,2
313785,0,1
67770,0,0
77271,1,1
380175,0,2
267691,2,2
338201,1,1
113914,2,2
28393,2,2
139793,0,2
212271,0,0
274350,0,0
277570,2,2
243629,1,1
396836,0,2
255047,0,0
290080,2,1
54760,2,1
141591,2,1
363312,0,0
74532,2,2
375438,1,1
79971,0,2
86919,0,0
182515,0,0
38243,0,1
163909,2,2
62906,2,2
272345,0,2
173162,0,1
47820,2,2
373985,2,2
298380,1,1
338597,2,2
360431,0,1
316240,1,1
88045,2,2
110702,0,0
303658,2,2
274363,0,2
241785,2,2
140892,2,1
344860,1,1
400379,2,2
100192,2,1
301948,2,2
228624,0,1
33366,0,0
60890,0,1
175443,0,2
319260,0,0
225132,2,2
391567,2,2
16037,1,1
208677,2,2
368519,2,2
194082,0,1
317833,0,2
159220,1,1
16700,1,1
218207,2,2
59904,2,2
259121,2,1
2938,1,2
353248,1,1
381540,0,0
273507,0,0
82084,2,2
277172,2,0
64742,0,2
83451,2,2
351955,0,2
89963,2,0
299468,2,1
376904,2,1
78047,0,0
291929,0,2
139074,2,2
197395,2,2
274199,2,0
234444,0,0
227552,0,0
329125,1,2
72545,2,2
23695,0,1
74021,0,2
333493,0,0
130538,2,2
187832,0,1
182103,0,2
363168,2,2
225270,0,0
176238,2,2
126617,2,2
36982,2,2
75839,0,2
223716,2,2
223439,0,2
218640,0,0
387773,2,2
403048,2,1
305141,2,2
207468,1,2
195503,0,2
45108,2,2
386027,0,0
140281,2,2
389780,2,2
366500,1,1
244590,0,0
185180,1,2
16547,2,1
78398,0,2
189557,2,2
80342,2,1
104092,0,1
18087,2,2
327384,2,1
308296,0,1
368694,2,1
287953,0,1
401364,2,2
24012,2,2
377691,2,1
329593,0,2
74511,2,2
295612,1,1
132381,2,2
299361,0,0
321757,0,0
43756,2,2
335825,2,2
47816,2,2
245403,2,2
188793,0,1
396220,2,2
44965,2,2
322018,1,1
235724,1,1
146118,2,1
282482,2,2
394810,0,0
78151,2,1
84354,1,1
282737,1,1
103655,0,2
9577,2,2
174102,2,2
228457,2,2
153426,0,2
68059,1,1
99482,2,2
279325,2,2
102615,2,2
134828,0,2
347594,0,1
186677,2,1
148997,2,2
24043,0,2
46410,0,1
271223,0,2
291701,2,1
21695,0,1
305136,2,2
209500,0,0
366530,2,2
256687,0,1
332675,2,2
90674,1,1
351315,1,1
77855,0,2
25939,2,0
230146,2,2
208193,0,1
67589,2,2
86777,2,2
59486,0,1
162855,1,2
107977,0,2
196834,0,2
105038,1,1
80316,0,0
12842,0,2
392112,0,2
296433,0,2
345833,0,2
326523,1,1
193798,2,1
343468,0,2
326894,0,0
173803,2,2
342693,2,2
118225,1,1
167193,0,0
196529,0,1
257686,0,2
137498,0,2
31229,0,2
42072,0,1
350990,2,2
168958,0,1
68641,0,2
365606,0,0
334955,0,0
68339,2,2
342548,2,1
325015,2,0
330627,1,1
256561,0,0
360279,0,2
309419,1,1
249505,0,2
49323,0,1
218089,1,2
66107,0,1
237659,1,1
63159,1,1
403088,1,2
122997,0,2
67057,0,0
122807,1,0
149293,2,2
384642,0,2
34641,0,0
109013,2,2
61027,2,2
389295,2,2
106691,2,2
170832,0,0
223181,0,1
290217,0,2
205533,0,0
15743,2,2
96983,2,2
9612,1,1
299954,2,1
172461,0,2
257637,1,1
83027,1,1
75133,2,2
390302,2,2
226617,0,0
141284,0,2
33651,1,1
386440,0,2
237,1,1
199069,1,1
360028,2,1
329653,0,2
235709,1,1
400568,0,2
151249,1,1
310063,2,1
396804,0,0
43765,2,2
328144,2,2
46756,2,1
330142,1,2
182295,2,2
47958,2,2
72693,2,2
191042,0,0
290423,0,2
286499,0,0
253233,1,1
6186,1,1
338804,2,2
261880,2,0
120290,2,1
149475,2,1
240365,0,2
158309,0,1
91176,2,2
334313,2,1
166507,0,0
304682,2,0
383659,0,1
387293,2,2
76821,2,2
352519,2,1
72615,1,1
107257,0,0
296394,2,2
350801,1,1
127018,0,0
222757,2,2
394334,2,2
207715,0,2
154284,0,2
118014,2,2
51356,2,2
115685,2,2
69726,0,1
35324,0,2
286874,2,2
245569,0,0
92340,2,1
199591,0,1
208916,0,2
87059,1,1
139065,0,2
155851,2,2
257832,0,0
316563,0,0
350114,0,1
118066,0,0
207161,0,2
178225,0,2
12942,2,1
120752,1,1
232937,0,0
389431,2,2
289010,0,2
173851,0,0
193411,0,0
92437,1,1
137675,0,0
178458,0,2
297651,1,1
387389,0,1
147209,0,2
349166,2,2
248364,1,1
316603,0,0
335643,1,1
180619,2,2
313747,2,2
128689,2,2
228167,0,1
110984,0,1
316845,0,1
55433,0,1
86273,2,2
241186,1,1
261837,0,0
350314,0,0
349909,0,1
19655,0,2
78937,2,0
223923,0,2
329205,0,0
249566,1,1
99013,2,1
17636,0,2
339249,2,2
128313,2,2
165231,2,2
205437,0,1
380765,0,1
9531,0,2
164024,2,2
182753,2,2
52784,2,2
248067,0,2
240902,0,1
53614,0,0
95909,2,1
138419,2,2
165468,2,1
398714,2,2
320151,2,2
239065,1,1
332776,0,2
12796,0,0
372836,0,2
401711,1,1
241638,2,2
101759,1,1
124885,0,2
13363,2,2
97476,1,1
70546,0,1
184176,2,1
184977,0,2
354299,0,1
323444,0,2
191700,0,2
335167,1,1
157687,0,2
374362,0,1
365662,0,2
232992,0,2
325336,0,2
328290,2,1
216379,2,2
373172,2,2
171954,2,1
183959,2,2
114978,1,1
276402,0,2
346353,0,2
196132,1,1
40931,1,1
227160,0,2
54167,2,2
186508,2,2
34894,0,0
363571,2,2
300513,2,2
358907,2,2
387286,2,2
307352,0,2
9993,1,1
102733,2,2
267240,2,2
363584,0,2
125114,0,1
115168,2,0
138251,2,1
79388,1,1
390280,0,2
379203,0,2
249103,2,2
197427,2,2
133901,2,2
117055,2,2
141662,2,2
101856,2,2
358792,1,1
17021,0,1
51676,0,0
255026,0,2
225004,2,1
294997,0,2
396045,0,2
402575,2,2
18827,2,2
261649,2,2
299357,1,1
139158,2,2
58514,2,2
304189,0,0
61537,2,2
287395,2,2
369483,2,2
210126,2,1
384466,0,2
132113,2,2
184312,2,2
375589,2,2
170574,2,2
106746,1,1
225711,2,1
140216,2,2
286075,0,0
15586,2,2
329880,0,0
325587,2,2
80288,1,1
293291,0,1
301704,2,2
174312,2,2
366750,0,2
179753,2,2
287375,0,0
157873,0,1
393931,0,2
177704,0,0
292848,2,2
212899,2,1
340587,0,2
264279,0,2
325082,2,2
10364,2,1
395399,2,2
359913,2,2
179616,2,2
343633,0,0
386954,1,1
160667,2,2
382752,0,2
345682,0,2
298824,2,2
176978,2,2
121339,1,1
364408,0,0
135596,2,2
232368,2,2
33170,0,2
72772,2,2
36286,0,2
317588,2,2
121762,0,0
329848,1,2
387443,0,1
2144,2,2
372136,1,2
276048,2,1
248031,2,2
103095,2,2
368321,1,1
220638,0,0
161229,2,2
52725,0,2
58774,2,1
166907,0,0
15678,2,0
325619,2,2
46019,0,2
8120,0,0
273715,1,1
249066,0,0
101911,0,2
185535,2,1
303894,2,2
212810,0,1
134500,0,2
378683,2,2
89731,2,1
139972,0,2
310223,2,2
307247,0,0
178840,0,2
234672,2,2
391112,2,2
403391,1,1
46227,0,2
328429,0,0
247314,2,2
259601,2,2
52737,0,0
2593,2,2
151595,0,1
38385,2,2
3299,2,2
122306,1,1
226521,2,2
300576,2,2
293929,1,1
241613,1,1
29916,1,1
46981,2,2
116626,1,1
227870,2,2
85397,2,2
400770,0,0
101043,1,1
195182,2,2
213708,1,1
157272,2,0
65341,2,2
235362,0,0
177243,0,2
292589,0,0
182300,2,2
320670,2,2
281355,2,1
158257,2,1
39371,0,0
238017,0,0
119795,2,1
373169,1,1
74179,0,1
8668,0,0
184565,0,0
403710,1,1
174004,2,2
172428,1,1
346208,2,2
312041,2,1
270445,0,1
179769,0,1
305384,0,0
381987,1,1
329168,2,2
369613,0,0
291039,2,2
252716,2,2
32084,0,2
314492,0,2
155222,0,1
404944,1,0
226191,0,2
346887,0,0
290779,1,1
163413,0,2
204093,2,2
77029,1,1
334977,0,2
247539,2,2
269084,2,2
12659,0,2
387675,2,2
27600,2,1
14405,0,1
88281,2,2
10983,0,1
63651,0,1
272041,2,2
185141,0,0
12078,1,1
353704,0,2
195732,2,2
184975,2,1
29068,2,2
214456,2,2
213947,0,0
19640,0,0
107181,0,2
393345,1,1
22945,0,1
90845,0,2
225795,0,2
296028,0,0
188998,0,0
373893,0,2
173066,2,2
96493,2,2
338181,0,0
331738,0,0
23179,0,1
39442,2,2
46518,2,2
5144,0,2
31793,0,0
152332,2,1
124139,0,1
79829,2,2
210454,2,2
50973,0,0
163379,2,2
105121,1,2
59332,2,1
220370,0,2
130100,0,0
31340,1,1
34887,1,1
338480,2,2
218708,0,0
218154,2,2
187402,0,0
181442,0,2
137865,1,1
218129,2,1
312164,0,2
58920,2,2
235712,0,2
8628,0,2
290134,1,1
69302,2,2
25189,0,2
218928,2,2
109103,0,2
262534,2,2
303310,2,2
394949,2,1
331826,2,2
10157,0,1
70535,1,1
292198,2,2
216194,0,1
390615,2,2
298623,2,2
347818,2,2
136219,0,0
204200,2,1
158305,0,0
327245,2,2
384877,2,2
359517,2,0
366388,1,1
217389,0,2
267258,0,2
236885,2,2
322629,1,2
70965,1,1
55621,2,2
338254,0,2
139501,1,1
87708,2,1
129309,2,2
104619,0,0
242944,2,2
105506,1,2
188687,0,1
97280,2,2
216566,1,1
121200,2,2
139939,1,1
122289,1,1
240849,0,0
192641,2,2
4618,0,1
38991,2,2
114175,2,2
214410,1,1
165911,2,2
258540,2,2
223160,0,0
377824,0,2
379714,2,2
121154,0,2
346795,2,2
165253,2,1
390521,2,2
166640,1,1
310948,1,1
404221,1,1
379493,2,1
263135,2,1
26701,2,2
271850,2,2
177829,2,2
60301,2,2
249027,2,2
333642,0,2
90779,0,1
273314,2,2
236473,2,2
241926,0,2
272873,2,2
290430,0,2
139747,1,1
62680,2,2
155646,2,2
321150,1,1
62203,2,2
391131,2,2
251170,1,1
176587,0,2
155199,0,2
374950,0,1
244227,2,2
347543,0,0
356962,2,0
33204,2,2
371844,0,1
182394,2,2
328371,0,0
114293,0,1
391368,0,1
10548,0,1
293761,2,2
60726,0,1
216617,2,1
81682,2,2
82119,1,1
137233,2,2
359333,2,2
224064,2,1
359991,2,2
375111,1,1
371043,0,2
302336,0,0
298052,0,2
191262,2,2
51329,0,0
103544,2,1
403875,2,2
382549,2,2
226437,1,1
240016,0,2
349743,2,2
188799,2,2
1388,0,1
147824,2,2
55493,0,0
207750,1,1
214573,2,2
303085,1,1
96363,2,1
83242,2,2
167620,2,1
222868,2,2
359244,0,1
278491,0,0
239660,0,1
390531,1,1
305517,0,1
90040,0,1
203165,2,1
364530,2,0
136107,0,2
124595,2,2
350742,2,2
379548,2,0
142377,2,2
226949,2,0
124065,0,2
322621,1,2
181331,2,1
288242,2,2
104222,2,2
223014,0,0
100030,2,2
251557,0,0
269272,0,0
171517,0,0
26020,0,2
211454,0,2
376385,2,2
33238,1,1
399368,2,2
65244,2,2
27820,0,2
274226,1,1
362403,0,2
335531,2,2
288295,1,1
395582,0,2
166429,0,0
188295,1,1
339743,0,2
152313,2,2
223030,0,2
38030,2,2
20534,1,1
8859,2,2
340937,1,1
354556,2,2
67664,0,2
228521,1,1
181330,1,1
174883,0,2
225963,1,1
19661,2,2
316674,2,2
36803,0,2
385359,1,1
364299,2,1
47587,0,0
265515,2,2
297426,0,0
277206,1,1
38999,2,2
251913,2,2
103339,2,2
72657,2,2
57417,2,1
208198,0,2
347118,0,2
61064,2,2
317563,0,1
81657,2,1
301431,2,2
328723,2,1
372550,0,1
237999,0,0
376041,1,1
214882,1,1
69522,2,2
222975,0,1
345573,2,2
71580,1,1
372695,1,1
185698,0,0
45701,1,1
333092,1,1
37930,1,1
397554,0,2
110448,1,1
79637,1,1
384086,0,1
402771,0,0
3620,1,1
308223,0,1
243326,0,2
135045,2,1
202270,2,2
299267,1,1
313043,2,2
371722,0,1
58567,0,2
176443,2,2
234066,0,2
376851,1,1
152557,2,1
159301,1,1
199126,0,2
366853,0,0
291029,2,1
132524,2,2
212405,1,1
137734,0,1
98850,1,1
389647,0,0
240480,2,2
319843,0,1
49496,2,2
153366,2,2
349154,0,2
352473,0,0
64196,1,1
393602,0,2
189266,2,2
17410,1,1
288004,2,1
140980,0,1
18738,1,1
224778,2,0
153856,0,2
30389,2,2
263347,2,2
269404,1,1
54360,0,0
187710,2,2
175686,2,2
73140,1,1
64850,2,2
229940,2,2
144142,1,1
20408,2,2
264991,2,2
19946,2,2
259721,2,0
172032,2,1
15320,0,2
269989,2,1
381704,2,0
116101,2,2
405710,1,1
108386,1,1
360362,2,2
119392,0,2
158969,2,2
138325,2,2
232800,2,2
54615,1,1
216286,0,0
31516,1,1
295507,2,2
17102,2,1
405451,0,0
323257,2,2
179735,0,1
294481,2,2
163669,1,1
132903,0,2
401575,1,1
375344,2,2
396080,0,1
54278,2,1
31537,0,2
202131,2,2
207520,0,2
297471,0,2
379066,2,2
170375,0,2
379425,2,2
97935,0,2
380112,1,1
322213,2,2
136726,0,2
115543,2,2
227656,2,2
128191,0,0
219995,0,2
222469,0,1
149668,1,2
180858,0,0
146689,0,2
239177,0,2
367156,2,1
292920,2,2
331621,0,2
220857,0,2
377298,0,2
331914,0,0
167973,2,2
133342,2,2
44715,0,0
406007,0,1
73215,1,2
236189,0,0
369598,1,1
65275,2,2
374984,2,2
363476,2,2
72907,0,0
160657,1,0
104609,0,0
302728,2,2
259898,1,1
281494,0,0
103909,2,0
372444,0,2
333511,0,2
246467,0,0
250148,2,2
108472,0,0
399063,2,2
78007,0,1
108194,2,2
181840,2,1
90055,0,1
389055,0,1
283086,2,2
400655,2,2
84887,0,2
347657,2,2
298390,0,2
102756,0,1
76801,2,2
103180,2,2
91052,0,0
273808,1,1
32107,2,2
165452,1,1
221578,0,0
236149,0,0
175024,0,0
337454,1,2
213024,2,1
176812,2,2
395567,0,2
372187,1,1
129174,0,2
236949,0,1
326474,1,1
46721,2,2
322780,2,2
368980,2,2
117781,2,2
113374,1,1
204934,0,2
201809,0,1
334417,0,0
81422,1,1
235397,1,1
27970,2,2
383352,0,2
69907,1,1
339485,0,2
84506,2,2
248063,1,1
398881,0,2
261585,0,0
348908,2,2
306867,2,1
43974,2,2
395827,2,2
14303,2,2
9233,2,2
371666,0,0
122448,0,2
184969,1,1
40720,2,0
236961,2,2
194183,0,0
35557,2,2
21978,1,1
218878,1,1
159392,0,0
68073,1,1
27104,1,1
308322,0,0
10493,2,2
60241,2,2
272104,0,1
10820,0,0
3592,2,2
45813,2,2
353058,2,2
298359,2,2
131741,2,2
94010,0,1
320820,2,2
186953,0,1
239082,2,2
287396,0,0
33085,2,2
354329,2,2
67539,0,1
27245,0,2
356907,2,2
341694,1,1
101639,2,2
126076,2,2
235746,0,2
303885,1,1
346497,0,0
140132,0,2
399414,0,2
376237,0,0
344318,2,2
367513,0,2
210629,1,1
262993,1,2
352829,2,2
401921,0,2
316800,1,2
32328,0,2
47024,1,1
90793,2,2
85531,2,2
69378,1,1
120235,0,2
290302,0,2
264825,0,1
135583,2,2
62201,0,1
317455,1,1
400023,1,1
8545,0,0
362246,0,0
382179,2,2
43361,2,2
204019,2,2
372376,2,1
268479,0,2
245713,2,2
185694,0,1
96975,0,0
16848,1,1
82526,2,1
339385,2,2
201252,2,2
351196,2,2
300629,0,1
328958,0,1
210198,0,0
178528,2,2
183853,1,1
172447,2,2
284663,0,0
338562,2,2
382048,0,2
207939,2,2
351234,2,2
391588,1,1
211341,2,2
337525,2,2
73886,1,2
222668,0,0
366006,2,1
43933,0,2
22149,1,1
62377,0,1
290892,2,2
79619,2,2
389603,2,2
20159,0,0
140773,2,1
22184,0,2
31060,0,0
241712,0,0
208500,0,2
110564,0,1
61663,0,0
191653,0,1
367840,2,1
327023,2,2
119032,1,1
95829,2,2
154109,0,2
362356,2,2
224837,1,1
146218,1,1
167495,2,0
237447,2,2
328336,0,0
132161,0,2
371854,2,2
206906,0,2
69529,0,0
150980,1,1
156479,2,1
397237,2,2
734,0,1
316998,2,2
100387,2,2
282777,1,1
17454,2,2
112002,0,0
69174,2,2
67840,2,2
364720,0,1
191796,0,0
230115,1,1
212994,2,1
254942,1,1
12180,0,1
287556,1,1
357910,1,1
265617,2,2
216445,2,2
395788,2,2
65152,2,2
212223,0,2
316120,2,2
381838,2,2
377044,2,0
170496,0,2
61435,2,2
307737,2,2
88127,0,0
56278,0,2
165340,2,1
298313,0,0
265146,0,0
282730,2,2
157362,0,1
384088,0,2
206626,1,1
214689,0,0
293812,1,1
257758,0,1
33027,2,2
112586,0,0
402809,2,2
111223,2,2
391505,2,1
284713,1,1
284704,0,2
83301,1,1
6859,1,1
205208,2,0
303198,2,2
316091,0,1
366533,2,2
105765,2,1
405853,2,2
295668,2,2
122844,0,2
275265,1,1
264984,0,2
168438,2,2
91559,2,0
120963,0,1
273123,0,0
361976,2,2
22746,0,2
21450,0,1
178601,2,2
149292,1,1
137533,0,2
183127,2,2
57130,2,2
139000,0,1
239576,0,2
317153,2,2
382477,2,2
72391,0,1
354953,0,0
120550,0,2
105846,0,1
156278,2,2
81611,2,2
49586,2,2
147540,2,2
232180,2,2
195013,1,1
359300,2,2
30173,1,1
90167,1,1
108743,1,1
266958,0,2
21656,2,2
254655,0,0
174015,2,2
121254,2,2
112173,0,2
196169,0,0
88871,0,0
321473,2,2
265947,1,1
194421,2,2
338149,2,2
297843,0,1
11763,2,2
264434,0,2
79437,1,1
328959,0,0
184076,2,2
215205,2,2
148756,0,1
302098,0,0
343270,1,1
174620,0,2
168356,0,2
352146,1,1
134095,2,2
233323,0,0
117708,1,1
186678,0,0
390279,2,2
212227,0,0
45099,1,1
172887,0,1
284643,1,1
19246,2,2
79647,2,2
375952,2,2
284345,0,0
324432,0,0
101259,0,0
277013,2,2
254852,2,0
184686,0,0
302074,2,2
335763,0,1
165623,2,2
25345,2,2
317077,2,2
235231,2,2
61120,1,1
80653,2,2
38680,0,2
182673,2,1
190201,0,1
290773,1,1
335725,0,0
30678,0,1
356336,0,2
315503,2,2
347212,0,1
179992,2,2
38976,0,2
337129,2,2
143918,2,2
185112,2,1
200003,1,1
228007,0,0
223241,2,0
255347,0,0
317518,2,2
234730,0,0
143277,1,2
3867,1,1
8351,0,2
401877,0,2
295878,0,2
315459,1,1
149221,2,2
79401,2,2
128353,2,1
234579,2,2
16733,2,2
125216,2,2
48536,0,2
300345,0,2
220249,0,0
189444,2,2
62971,0,2
381852,2,2
173022,2,2
163918,0,2
134890,0,0
130507,1,1
52292,2,2
54093,1,1
11757,2,2
174740,2,2
293345,0,1
368729,2,2
335716,0,0
247685,2,2
51633,2,1
310214,0,0
155058,2,2
71780,1,1
24125,2,2
316122,0,2
273605,0,0
260989,2,2
59911,0,1
90379,2,2
237179,1,0
60079,0,0
394812,2,2
318220,2,2
31385,2,2
332077,2,0
305167,1,1
258656,0,2
97294,0,1
350416,2,2
147424,0,0
157852,1,1
29686,2,1
190948,2,2
265289,2,1
240593,0,1
290919,0,1
321718,2,0
267409,0,2
390902,2,2
79415,0,0
357034,0,0
144188,1,1
181152,0,0
241378,0,0
283393,0,2
395200,0,0
161228,2,2
313088,0,0
403372,0,2
177910,0,0
117432,0,2
117096,0,2
348446,2,2
212272,0,2
159745,0,0
83642,0,2
108893,0,2
179223,2,2
176188,0,2
288899,1,1
205200,0,2
224576,2,2
322299,1,1
290097,2,2
252774,2,1
230578,1,1
63830,2,0
62588,1,1
346921,2,0
391428,2,2
259424,0,0
155723,2,1
190404,0,0
353338,0,0
341631,2,2
396208,2,1
17219,1,1
108387,2,1
186617,2,2
230879,0,0
149052,0,1
121603,0,2
398697,2,2
397562,2,2
284192,0,2
134116,2,2
399650,1,1
228304,2,2
156859,0,0
298786,2,2
283753,0,0
185885,1,1
322363,2,2
169035,0,2
33290,0,1
65342,0,2
316623,2,2
279452,2,1
392552,1,2
255779,2,2
284292,1,1
243211,0,0
3202,2,1
361603,0,2
355969,1,1
357082,0,0
45479,1,1
191927,0,2
223384,2,2
356322,2,2
263349,0,0
50900,2,0
337033,1,1
86598,0,0
30551,0,2
106247,2,2
196130,1,1
52169,0,0
132982,0,0
230142,0,0
334985,0,0
1803,2,2
229534,0,0
244526,2,0
357929,0,2
304514,1,1
350119,2,1
254220,0,0
192896,2,2
16396,2,2
50004,0,1
37852,2,2
202122,0,0
73694,2,2
295952,0,2
300999,0,0
68959,2,1
203331,2,2
218390,2,0
345831,2,2
300048,1,0
85031,2,2
85816,2,2
25562,1,1
318006,1,1
95280,0,0
37702,1,1
332336,1,1
134597,2,1
307953,2,1
171308,2,2
203849,2,2
78707,2,2
207714,0,0
278166,2,1
56395,2,2
335756,0,2
303559,2,2
201579,2,2
275700,0,0
319188,1,1
204896,1,1
279773,2,2
12247,0,0
223627,1,1
178408,0,0
277564,0,0
325676,0,1
359566,2,2
16282,0,2
282866,0,2
338933,2,0
388707,0,1
63819,0,2
193229,2,2
392633,2,2
177815,2,1
374238,2,2
30771,2,2
104408,0,0
256665,0,1
34132,1,1
183854,2,1
4032,0,0
7054,2,2
286077,0,0
229009,2,2
231446,2,2
193212,0,1
61489,2,2
65381,2,2
201975,0,2
286453,2,2
30918,0,1
46228,2,2
10534,2,2
156815,0,2
381312,2,2
74621,2,2
184459,2,2
201521,2,2
82325,2,2
293634,2,2
404990,1,1
68105,1,2
253056,1,1
149239,2,2
299606,0,1
130655,0,1
122070,2,1
188009,2,2
296457,2,2
291055,0,2
311371,1,1
388527,1,1
43317,2,2
326749,1,2
249267,1,1
121892,2,1
297599,2,2
243339,2,1
243504,2,2
152515,1,1
372896,2,2
354682,2,2
64657,2,2
20331,2,2
284683,0,1
235929,1,1
274210,0,0
255271,1,1
226266,0,1
285320,2,1
333788,0,0
313072,0,0
374733,0,2
310085,2,2
351922,0,2
374103,1,1
329538,0,0
253242,2,1
15437,2,0
405288,2,2
222421,0,1
194665,2,2
227396,1,1
226162,0,0
283970,1,1
214948,0,2
71633,0,1
280999,0,1
102354,1,1
23577,2,2
383776,2,2
298911,1,1
217370,2,2
311018,1,1
330977,2,2
369162,2,2
241122,1,1
331368,0,2
298435,1,1
215969,2,2
149430,2,1
227810,0,2
161174,2,0
16554,2,1
189809,2,2
386173,0,1
138564,0,1
311179,0,1
35141,0,0
120,0,2
188630,2,2
78231,0,2
137620,2,1
64693,1,1
288718,0,0
125481,1,1
228302,0,1
402765,2,1
209114,0,1
166213,0,1
129178,2,2
21295,0,0
58282,2,2
325639,2,2
325266,0,2
129434,2,2
193036,0,1
339606,2,2
266950,0,1
293927,1,1
89317,0,0
285939,1,1
340977,0,1
295401,2,2
249287,1,1
69104,0,0
128527,0,2
146622,0,2
91838,0,0
312067,2,1
242761,2,2
228702,2,1
133209,0,1
278225,2,2
238815,2,2
233177,2,2
321734,2,2
399949,0,2
204230,0,0
369276,2,2
5621,2,1
147518,0,0
153663,2,2
244896,0,0
149740,1,1
114572,2,1
347987,0,1
336100,0,0
303148,2,2
374059,1,1
133632,2,2
389413,2,2
12099,2,2
186315,2,2
240345,2,2
261700,2,2
205810,2,2
250597,2,2
302823,2,2
95928,1,1
94352,2,0
406314,1,1
110468,2,2
81054,0,0
347032,2,2
64945,2,2
252255,2,0
123160,2,1
338178,2,2
126807,2,2
291514,2,0
97949,1,1
355148,0,1
133438,0,1
105440,0,2
61961,0,2
261440,0,2
175937,1,1
183289,0,2
23838,0,0
189055,0,2
172662,0,2
309715,2,2
209163,2,1
354569,1,1
74870,2,2
71172,0,0
390809,2,2
217578,1,1
62683,2,2
64982,2,1
6552,0,2
358809,2,2
65638,2,0
22394,0,2
343746,2,2
76685,0,0
354528,0,0
310925,1,1
209759,2,2
128163,2,2
219289,2,1
144691,0,2
53098,2,2
13693,2,2
151052,2,1
302144,0,2
74087,2,2
345983,0,1
339037,0,0
75928,1,1
27542,1,1
121703,2,1
75590,0,2
208738,0,0
391462,2,2
164058,0,2
114940,2,1
13152,2,2
135973,2,1
146357,2,1
231661,2,1
293899,1,1
144287,1,1
317048,1,1
91158,1,1
318357,1,1
271471,2,1
368252,0,2
68963,2,2
74493,2,2
124959,2,2
65047,2,2
31880,1,1
103198,2,1
299694,0,2
205257,0,0
175990,0,1
138030,2,2
93697,2,2
124156,2,2
218700,1,1
291619,2,2
368611,0,2
135828,0,1
225909,1,1
284305,1,1
226289,1,0
334848,2,2
91627,0,2
182916,0,2
82693,2,1
229711,0,2
262682,0,2
362682,0,0
309545,0,0
306040,0,0
265209,2,2
320799,2,2
208811,2,2
24158,0,1
138099,2,2
368597,0,1
259426,2,2
35247,0,0
286069,0,0
313293,2,2
401043,2,2
89979,2,2
397026,1,1
194331,0,0
9897,2,2
391625,0,1
184307,0,2
7953,0,2
311601,2,2
45571,2,2
114817,2,2
119855,2,2
195858,2,2
355574,1,2
100750,0,2
395046,0,2
381236,0,0
199307,1,1
31109,1,1
403218,0,0
284591,0,0
162479,0,2
151662,0,1
335380,0,1
133774,2,2
249896,1,1
41168,0,0
142228,1,1
351306,1,1
265379,0,0
65266,1,1
166525,1,1
31406,0,2
272167,2,0
288300,0,0
297495,1,1
328426,1,0
103868,2,1
106395,1,1
152843,0,0
401603,2,1
161878,0,2
179102,2,2
177909,2,2
370987,0,0
224575,2,2
29519,0,1
293029,0,1
368706,0,0
34626,1,1
325373,0,0
378341,2,2
248735,2,2
326941,0,0
234478,1,1
381589,2,1
291328,1,1
198642,0,0
340628,2,2
335784,0,2
308633,2,2
218019,0,2
14435,2,2
351802,0,2
299027,0,0
308639,2,0
39639,0,0
247294,0,1
361183,0,0
88334,0,0
256099,1,1
341031,0,0
322342,0,1
120162,0,2
30813,2,2
61118,2,1
217657,2,2
55087,1,1
180907,2,2
45353,2,2
180505,0,1
136357,0,2
82055,2,2
402486,0,0
321586,0,0
96783,2,2
232936,0,0
26633,1,1
32088,0,2
173004,0,1
148220,2,2
309276,0,2
281923,0,1
203351,0,2
35866,0,2
38864,2,0
189549,2,2
304211,1,2
154969,2,2
44185,0,0
129475,0,0
308457,2,2
338413,0,2
365132,0,1
196970,2,2
368137,2,2
360523,1,1
196377,2,1
133213,0,1
277944,2,2
210222,1,1
92176,0,1
338276,2,2
127986,1,1
358505,2,2
334445,0,0
366801,2,2
276006,2,2
121796,0,0
215062,1,1
250666,1,2
272588,2,2
110177,0,2
39425,0,1
116013,2,2
402005,2,2
243961,2,0
363795,0,2
182035,0,1
348492,2,2
277336,2,2
195779,2,2
85420,0,0
359155,2,2
316131,2,2
383279,1,1
173689,2,2
160779,2,2
6855,0,0
129738,0,0
291359,0,2
383130,2,2
297634,0,0
192535,0,2
161283,2,2
361305,2,1
366045,0,1
31773,0,0
184032,0,0
82695,1,1
367456,0,1
268138,2,2
265241,2,1
309976,2,2
172655,2,2
169511,2,2
217434,2,2
91297,1,1
374009,2,2
144724,0,0
25205,2,2
49060,2,2
303725,0,2
401232,2,0
167534,0,2
315532,2,2
26036,0,1
337183,2,2
141845,2,2
299183,2,1
97551,2,2
202016,0,1
121331,0,1
247694,2,1
306026,2,2
86053,2,2
372872,2,2
375781,0,1
266756,0,1
42877,0,2
251293,0,2
383980,1,1
71572,2,1
127543,0,2
124927,2,2
315101,2,2
288012,2,1
105042,0,2
17606,0,2
201824,2,2
305146,1,1
166978,0,1
155860,0,0
169272,2,2
89461,0,0
375676,2,2
218213,2,1
86081,0,2
280432,2,2
164978,1,1
97562,2,2
194377,1,1
196202,2,1
286013,0,2
265852,1,1
277318,2,2
300445,0,1
218107,2,2
136852,2,2
312967,2,2
107345,2,1
249686,2,2
254927,0,0
240302,2,2
317672,0,0
177623,0,0
185003,1,1
114971,2,2
150988,2,0
26083,1,1
331929,2,2
178585,2,2
56836,2,2
141978,0,1
274158,2,2
367659,1,1
57631,2,2
349512,1,1
274906,2,2
302015,0,1
163471,1,1
110528,0,1
251847,1,1
372741,2,1
195408,1,1
199715,2,2
367083,2,2
256119,1,1
322267,0,0
382405,0,2
306158,2,2
144402,2,2
281832,2,2
146792,0,2
134211,0,1
4821,2,2
301413,0,2
306090,0,1
58786,2,1
93636,2,2
352677,0,1
363640,0,2
223927,0,0
320712,0,1
361309,1,1
23487,2,2
291265,1,1
32348,2,2
272372,2,2
337864,0,2
250599,0,0
263229,1,2
225903,2,2
11923,0,2
66056,0,0
371754,2,2
126291,0,1
229630,2,2
245759,1,1
10628,0,0
286129,2,1
226195,0,0
161586,2,1
161919,0,0
259187,2,2
322320,2,1
53150,0,2
355443,0,2
67815,2,1
288298,1,1
14271,2,2
313429,2,2
48259,2,2
174411,2,2
243867,2,2
293651,0,2
159820,0,2
1946,2,0
375820,0,1
352256,0,0
37352,1,1
343996,2,2
213717,2,1
299097,0,1
317687,2,2
278793,0,2
56920,2,2
318733,0,1
238808,0,2
6111,2,2
387967,2,2
338082,0,1
364647,0,0
39459,2,2
42445,0,2
267280,1,1
83977,0,1
240241,2,0
256831,2,2
388250,0,0
199501,2,2
264830,2,2
125592,0,0
385294,2,2
373347,0,2
190865,0,1
256556,2,2
25018,2,2
400631,2,2
124960,2,2
307415,2,2
135153,0,2
267326,0,0
119624,0,2
362751,2,0
20256,2,2
256108,2,2
269568,2,2
325778,2,1
6515,1,1
99878,2,2
374637,0,2
389766,2,2
370088,2,2
41846,2,1
71070,2,1
316113,2,2
238900,2,1
188922,2,2
91988,0,1
238914,2,2
185018,0,0
67197,0,2
249804,2,2
190154,1,2
36918,2,1
115616,2,2
344548,2,1
52144,0,2
337945,1,1
35769,0,2
371197,2,2
146359,2,2
141096,2,2
160225,2,1
107692,0,2
137258,2,2
353394,2,2
401286,2,1
394024,1,2
278259,0,1
114199,2,2
60617,0,0
100783,0,0
111578,1,1
144449,2,1
281849,2,2
53446,2,2
179270,0,0
56486,0,1
267318,2,0
321366,2,1
256603,2,0
226507,2,1
263577,2,2
18086,2,2
102231,2,2
252522,1,1
250241,0,2
386516,0,2
150315,2,2
95864,0,0
151042,0,2
124553,2,2
225830,0,0
370854,0,0
67243,0,2
50706,0,0
354092,2,2
193459,2,2
254851,0,0
7493,0,0
335226,2,1
335032,2,2
304212,1,1
333714,2,2
281933,0,2
96128,1,1
112335,1,1
205018,2,1
160866,2,2
154041,0,1
276348,2,2
322899,0,2
61869,2,1
117358,1,1
182756,0,2
361573,0,2
239114,2,1
251857,2,2
375417,0,1
91047,1,1
81726,0,1
136125,2,2
55042,0,2
63456,1,1
257688,0,1
348918,1,1
304413,0,0
261689,2,2
244364,2,1
99997,0,1
331606,2,2
3310,0,2
108943,2,1
130260,2,2
197530,2,2
59262,0,0
187875,2,2
96203,1,1
326063,1,1
225387,2,2
140220,2,2
41817,1,1
1630,0,2
251958,0,2
72168,1,1
82225,2,2
320058,1,1
295654,2,2
4245,2,2
124458,2,2
305263,0,0
399347,0,0
89491,2,0
119325,2,1
303177,0,2
23003,2,2
266496,2,2
333360,2,2
227632,2,2
158659,0,0
135974,0,2
376411,1,1
100793,2,2
39935,1,1
334344,2,2
119482,0,0
400707,1,2
217352,2,1
47504,1,1
266787,2,2
110260,2,1
335960,2,2
40855,0,0
112490,0,0
69669,2,2
324195,0,2
331866,2,2
351313,0,0
171258,1,1
112589,1,1
226766,2,2
273896,2,2
120584,0,1
206104,0,0
391572,0,2
358350,2,2
138670,2,2
253043,1,1
324840,2,2
141956,2,1
256221,2,2
40817,1,1
75367,2,2
32878,2,2
339404,0,2
57143,2,2
81809,0,0
43741,2,2
227447,0,1
322822,2,2
380848,2,2
316228,2,2
380236,1,1
305905,2,1
187985,0,0
216264,2,2
282426,0,1
258857,0,2
385736,2,1
45201,0,1
197519,1,0
200910,2,1
190129,2,2
43215,2,2
182526,2,2
271308,0,0
169697,0,1
172776,2,2
152953,2,0
27981,0,2
151124,2,2
202832,0,2
369612,1,1
346336,2,1
302934,2,2
322533,2,1
196739,0,0
120051,0,0
214511,1,1
155884,2,1
155852,2,2
104623,0,2
10297,0,2
145051,0,1
3233,1,0
254258,2,2
56020,2,2
218514,2,2
286678,2,1
172513,0,2
23924,1,1
67316,0,0
383753,2,2
154112,2,2
213739,2,2
20979,2,2
192585,2,2
375731,0,1
43607,0,0
155149,2,2
381729,2,1
230386,2,2
38242,2,2
291404,1,1
141103,0,2
295150,1,1
341975,2,1
110271,2,2
233755,2,2
256259,2,1
392139,2,2
218112,2,2
336636,2,2
107592,2,0
125893,1,1
325628,1,1
383969,2,2
319298,1,1
81982,0,1
218620,0,0
328213,1,1
157124,2,1
362097,0,2
386151,0,2
398098,0,1
316939,2,2
315563,2,2
187241,2,2
380925,2,2
123522,1,1
251885,2,1
110063,2,2
187809,0,2
1721,2,2
184734,0,0
4190,2,2
134997,0,2
173812,1,1
234138,0,1
110994,2,1
225073,2,2
155685,1,1
260217,1,1
396871,0,2
9535,2,1
21416,2,0
144603,1,1
210928,0,2
316583,2,2
297901,0,0
294402,1,1
181111,2,2
347454,1,1
87916,2,2
79279,0,2
167754,2,1
260505,2,1
237985,0,1
171268,1,1
59719,0,0
283771,0,1
375209,1,0
337287,2,2
297589,0,2
150273,0,1
90953,2,2
102671,2,2
334539,1,1
400469,2,1
197230,0,0
253304,0,0
61154,0,0
119152,1,0
308002,0,0
176570,0,1
95167,2,1
106524,2,1
261739,1,1
357260,2,2
342132,2,2
36718,1,1
87571,1,1
169613,0,0
268559,0,2
43042,2,2
121444,2,2
280295,0,2
393667,2,2
340513,2,2
137006,2,2
347462,0,2
168561,2,2
129756,0,2
62469,1,1
110016,2,2
86356,0,2
174371,0,2
78482,1,1
174103,1,1
205679,2,2
323429,0,1
338782,0,2
33178,2,2
253613,2,1
98250,2,2
106770,2,2
210323,0,0
236477,0,0
374423,1,1
137659,2,2
282220,1,1
356015,1,1
52299,2,2
376773,0,2
292738,0,2
40560,2,1
46433,2,1
197571,2,2
21489,0,1
115697,0,0
123039,2,1
46770,2,2
184119,0,2
202897,0,2
293089,1,1
176279,0,0
159786,2,2
24774,1,1
143258,0,0
273332,0,0
120045,2,2
306479,1,1
45188,1,1
216636,0,0
315,2,2
385579,2,1
275250,1,1
153276,2,2
372700,2,2
170501,2,2
137927,2,2
182403,0,2
278143,1,1
148733,1,2
157375,2,2
206737,0,1
175002,2,2
251946,0,1
95380,1,1
352636,1,0
286500,2,2
11938,0,2
361453,1,1
233680,0,1
302498,2,2
29615,1,2
363654,2,2
110029,1,1
330493,1,2
358116,2,1
329717,0,2
85117,1,1
98789,0,2
218745,2,2
290053,2,0
158121,0,1
288668,2,1
218476,2,1
295964,2,2
228701,0,0
86026,2,2
351070,0,2
160895,1,1
230589,2,2
25509,0,2
329548,2,2
32907,1,1
169118,2,2
9209,2,2
91803,0,1
272000,0,0
226214,0,2
221339,2,2
182552,2,2
123428,2,2
164605,2,2
80967,2,2
1732,2,2
106002,0,0
110737,0,2
367933,0,2
355456,2,2
44162,2,2
314441,0,0
355031,2,2
25276,2,2
76060,0,0
100960,0,0
362460,2,2
280839,0,2
280650,0,0
304201,2,2
281591,1,1
292359,2,2
311975,2,2
316857,1,0
199609,0,2
347718,1,1
213087,2,1
160195,2,1
96177,2,2
13789,1,1
18248,2,2
214588,0,2
245172,0,2
327265,1,1
214860,0,2
193863,2,0
379767,1,1
86629,2,2
38516,1,1
53129,2,2
359981,0,1
128542,2,2
9161,2,1
359891,2,2
368785,2,1
344210,2,2
259494,1,1
36678,2,2
90762,1,2
27205,0,2
107112,2,2
83145,2,2
215261,0,2
220563,2,2
215929,2,2
314269,2,0
126643,2,2
208730,0,1
399243,1,1
158335,2,0
39502,1,1
254905,1,1
52284,2,0
344386,0,2
228435,0,1
196779,0,0
2711,0,2
35315,2,2
273900,0,1
75297,2,2
39281,2,2
186075,2,2
334284,0,2
116087,2,2
280146,2,2
323918,2,2
392224,0,1
111924,2,2
274953,1,1
369003,2,2
180724,0,2
286424,2,2
31295,2,1
50154,2,2
105527,2,0
260103,0,0
25578,2,2
215747,2,2
222092,2,1
244384,2,2
201050,1,1
50274,1,1
257650,2,2
65558,2,2
381580,2,0
316736,0,2
205474,2,2
102162,0,1
46222,0,0
182371,2,2
120747,2,1
64473,2,2
315728,0,0
382257,0,2
107113,1,1
210186,2,2
288659,2,1
120237,1,1
60177,2,2
252832,0,0
208849,1,1
63487,2,2
42108,2,1
342681,0,0
95254,0,1
317979,2,2
297025,0,0
50107,0,1
72438,2,0
273270,2,1
147168,1,1
30492,2,2
402867,2,2
154802,0,1
178553,2,2
23564,0,0
204294,0,2
53368,2,0
112843,2,2
241020,2,2
165484,1,1
159414,0,1
385315,2,2
269158,2,2
107272,2,2
365488,2,1
232671,2,2
111800,0,0
116712,2,2
355893,2,2
292671,2,2
127144,2,1
340671,2,2
196222,2,1
52055,2,1
227491,2,2
143141,0,2
200922,1,1
395943,0,0
239058,2,2
58271,1,1
217620,2,2
382668,0,0
251033,2,2
216921,2,1
62587,0,1
332227,2,2
308889,2,0
394482,0,0
397674,2,2
273006,2,2
38856,1,1
211762,0,0
162341,1,2
95803,0,2
177144,0,0
18230,0,0
255397,2,2
283083,0,0
55340,0,1
308131,0,2
288572,2,2
191407,2,2
215715,0,2
185164,0,2
140652,2,2
96454,0,2
104180,1,1
366958,0,0
81290,1,0
19528,0,2
257766,0,2
189768,1,2
207229,1,1
35554,1,1
284677,0,2
80020,2,1
137810,0,0
108704,0,1
352278,0,2
352790,1,1
172042,1,1
325386,0,2
396310,2,1
24390,1,1
218362,0,2
48301,0,0
165631,2,2
194003,1,1
226603,2,2
141932,1,1
90175,0,2
27653,0,2
392136,0,1
314025,1,1
112209,2,2
29459,2,2
17633,2,1
382049,1,1
186562,0,2
214000,0,1
205938,2,2
363277,0,2
90268,1,1
380869,2,1
217735,2,2
38165,1,1
35833,0,2
117623,2,2
292943,1,1
208978,0,1
256235,0,0
85873,1,1
326062,2,2
136855,0,0
111891,1,1
354045,2,2
280637,2,2
77873,2,2
313788,2,1
225353,2,2
241690,2,2
315339,2,2
79601,0,0
304728,2,1
351672,2,2
37436,2,2
185804,0,0
149897,1,1
404955,0,0
150781,2,2
259547,0,0
383372,1,1
143240,2,2
250748,2,2
77303,0,2
82643,2,2
22998,2,2
310601,1,1
47654,0,1
200914,2,2
205653,2,2
387855,2,1
357379,2,2
265115,0,2
282100,2,2
177753,0,0
389719,0,2
270923,2,2
312269,2,1
286273,2,2
22828,2,2
330414,1,1
257759,0,2
354928,0,2
391270,0,1
295904,1,2
248047,2,1
281909,1,1
384297,2,2
231793,1,1
2439,0,2
229635,2,1
172848,0,0
320047,0,0
13091,2,2
59824,1,1
358497,0,2
386745,0,2
230701,0,1
65143,0,0
108670,0,0
86787,0,1
96961,0,0
198148,0,2
74435,2,2
316635,1,1
101781,2,2
133443,2,2
365886,1,1
393678,1,1
374403,2,2
83791,2,2
308083,1,1
253936,0,2
51201,0,0
44527,2,2
232901,0,2
273950,0,1
389702,2,2
190637,2,2
51861,2,2
175870,2,2
344353,2,2
6375,2,1
146324,2,2
125743,1,1
336462,1,1
143499,2,1
8061,1,1
332490,0,0
329416,2,2
374556,2,2
69420,1,1
325574,0,2
148988,2,2
289344,2,2
185896,2,1
276148,2,2
363873,2,2
53219,1,1
246229,1,1
91013,2,0
330209,2,1
94766,0,0
232301,2,2
81492,2,2
196671,2,1
211683,2,2
315517,2,0
302594,2,2
274687,2,2
54033,2,2
400602,2,2
260446,2,1
403236,2,1
150687,2,1
372617,0,0
113864,0,2
366200,2,2
379589,2,2
118954,2,1
345243,1,1
86729,2,2
27998,0,1
171949,2,2
227967,2,2
128203,2,2
242752,1,1
77126,0,1
369649,0,1
402986,2,2
344816,2,2
373915,2,1
15509,2,1
175952,2,2
170503,2,2
113144,0,2
91036,2,2
303942,0,0
304925,2,2
231869,0,2
211063,0,1
375932,0,2
366956,2,2
149418,1,1
5955,2,2
395819,2,2
213917,0,2
107223,1,1
180360,2,2
37391,2,2
30276,0,0
198407,1,1
265560,0,0
306937,1,1
288409,1,1
340379,2,2
350192,2,2
195156,1,1
298686,0,2
127564,2,2
404514,0,2
254460,0,2
30007,2,2
80575,2,2
351209,0,2
112180,0,0
55705,2,1
25963,1,1
205098,0,1
21329,2,2
300673,2,2
244663,2,2
260724,0,0
168234,2,2
159455,2,1
83094,2,2
106762,0,2
326324,2,2
271636,2,2
294447,0,0
207827,2,2
135289,0,1
294937,0,1
384906,0,1
368184,2,2
31769,2,2
210086,0,2
104871,1,1
254312,2,2
302335,2,2
214119,0,0
335789,2,2
298636,1,1
53266,2,1
284237,0,1
20337,2,2
325575,2,2
341739,0,2
96072,2,2
208027,2,2
336590,2,2
47949,1,1
354250,1,1
8514,0,2
347213,0,2
129906,0,1
50181,2,2
216995,0,1
4595,1,1
378338,2,0
105226,2,1
227053,0,2
166046,2,0
393782,2,2
24934,0,0
25547,2,2
156756,0,0
231666,2,2
169716,1,1
304034,0,1
318643,0,2
333374,0,1
201119,2,2
155117,1,1
66604,0,0
201241,2,2
62782,2,2
69983,0,1
367624,0,0
78916,1,1
71811,2,2
382915,1,1
360997,2,2
316740,1,1
243299,0,2
377157,2,2
85918,2,2
382567,1,1
231741,2,2
52068,1,1
345179,1,1
49551,1,1
312141,1,1
111642,2,2
170649,2,2
329131,0,0
312906,2,2
129262,0,0
265402,0,1
360282,2,0
28438,2,1
356500,2,1
201797,2,2
294811,1,1
162018,2,2
200122,0,0
99113,0,0
77087,2,2
90337,1,1
281365,1,1
24694,1,2
121445,2,2
202064,2,2
17508,0,2
102782,0,1
79725,0,0
46118,1,1
63887,1,1
328894,1,1
76014,0,0
159792,2,2
185038,2,2
106962,1,1
234957,2,2
301963,1,1
354621,0,0
97135,2,0
204998,2,2
375592,0,1
214918,0,1
54942,2,2
380269,0,0
369559,0,0
134504,0,2
178708,0,0
68881,1,1
68489,2,2
115270,2,2
329534,0,2
322696,0,0
174487,0,2
183884,0,2
373652,0,2
103306,1,1
42841,2,2
386216,0,0
179813,1,1
313577,0,0
288263,2,2
139839,0,0
274895,2,2
113842,2,2
258254,2,0
335549,2,2
288413,2,2
400890,2,2
234054,0,0
215319,2,2
6718,2,2
327587,2,1
318355,2,1
195299,2,1
255021,0,1
399175,2,2
236789,0,2
315170,0,0
207683,2,2
334318,2,2
276664,2,2
103532,0,2
346750,0,0
271768,0,2
286285,0,1
81953,2,1
32025,0,1
351889,2,1
127452,2,2
236256,2,2
303089,2,2
85988,2,2
56967,2,2
233742,0,0
59628,0,1
80963,2,0
227515,1,1
105917,2,2
16734,0,1
343556,0,0
227594,0,2
34146,2,2
203958,2,2
156843,2,2
26631,0,1
180529,2,2
303145,2,2
65499,1,1
299462,0,2
123837,2,2
296377,0,1
325480,0,0
383845,0,0
259247,2,2
248706,1,1
197505,2,2
263462,0,2
163226,2,2
727,2,2
372179,1,1
247146,1,1
177803,2,2
208040,0,0
279578,1,1
356867,0,1
93133,0,2
291531,2,2
27907,0,1
1286,2,0
393481,2,2
270543,2,2
42394,1,1
133434,2,2
97620,2,0
372412,1,1
2940,2,2
371938,0,0
153300,2,2
49575,2,2
100471,1,1
374719,0,0
206484,2,2
400725,2,2
35932,0,0
104331,2,2
185987,2,2
374102,0,1
9920,0,2
281981,2,1
329744,0,1
201601,0,2
347266,1,1
80778,2,2
404483,2,2
307176,2,2
366393,2,1
275775,2,2
104995,0,1
123728,2,2
386951,2,2
333798,2,2
197317,2,2
325206,2,2
292396,2,2
38850,0,2
175462,1,1
346998,2,1
42537,1,1
196474,0,2
173205,2,2
234053,0,2
114490,0,0
226372,2,2
42855,1,1
281457,2,2
301174,0,2
368618,0,2
359297,2,0
329731,0,2
269225,2,2
188219,2,2
219421,0,0
326313,1,1
176686,2,2
271255,0,1
110606,2,2
160880,1,1
304406,2,2
56989,0,2
47537,0,0
225720,0,2
1315,0,2
26338,0,1
12498,1,1
291536,0,1
365111,0,2
271623,0,0
130043,2,0
285205,2,2
376745,1,1
43102,1,1
251549,0,2
93658,2,2
134695,2,1
342757,2,1
266845,1,1
42601,1,1
400515,2,2
156325,2,2
319169,2,2
63172,0,0
250490,2,1
247754,0,1
204663,2,2
354967,2,2
240850,0,2
264232,2,2
99362,2,2
40507,0,0
227037,0,2
343382,2,2
61279,2,0
90920,1,1
1967,2,2
239846,2,2
442,0,1
208498,2,2
149311,2,1
220839,0,2
85618,1,1
111189,0,0
154489,2,2
325050,0,0
12572,0,0
272726,0,0
251224,2,2
78506,2,2
259942,2,2
251712,0,1
260114,2,2
55230,1,1
61432,1,1
113465,1,1
282691,0,2
298078,2,0
337502,0,0
14536,2,1
140686,2,2
47405,0,1
115795,0,0
308929,0,1
51147,0,1
57437,2,1
75225,1,1
99304,2,2
110104,0,2
370989,2,2
88952,2,1
129865,1,1
217778,2,2
264413,2,2
8296,0,2
103457,2,2
137749,2,2
255642,0,2
27027,2,2
117568,2,2
365032,2,2
87565,2,2
280005,2,2
85738,0,0
231273,0,0
153934,1,1
17903,2,2
116276,2,2
5889,0,2
101455,0,0
355248,0,0
162548,0,2
85204,2,2
227113,0,2
402733,2,1
123654,0,2
302709,0,2
259674,2,1
169243,0,1
265903,0,2
134999,1,1
33367,2,2
35146,2,2
92143,0,2
155620,2,1
140532,2,2
337889,1,1
243960,2,2
206224,2,2
389203,0,2
289563,2,2
190615,0,2
216775,0,2
69641,0,2
168975,2,2
288189,2,2
72861,1,1
291814,0,2
345539,2,1
382328,2,2
277202,2,2
31067,2,1
391127,0,0
181604,0,1
367586,0,0
223585,0,1
348716,2,2
128146,1,1
239626,0,1
250264,1,2
139319,2,1
241419,0,0
397547,2,2
51778,0,1
144058,0,0
148267,1,1
221793,1,1
398426,2,2
241199,0,0
308880,2,2
153685,2,2
183424,0,2
339434,2,2
202176,2,2
53451,2,2
209762,2,2
9593,0,2
205684,1,1
133404,1,1
323232,2,2
259926,0,1
291771,0,0
108636,2,1
398438,2,1
4342,2,2
269972,2,0
143632,2,1
249642,0,2
316079,1,1
220175,2,2
404056,2,2
50355,2,2
65302,2,2
343526,2,1
74648,1,1
243540,2,2
121906,0,2
261029,0,2
329961,0,0
242760,1,1
242027,1,1
211897,0,2
35335,1,2
286913,1,1
75294,0,2
79909,0,2
132548,2,1
207488,2,2
174563,2,2
187619,2,1
145323,1,1
7135,2,2
130732,0,2
44803,2,2
53401,2,2
22581,1,1
277942,0,0
38614,2,2
354204,0,2
304053,0,2
6480,2,2
79160,1,1
326809,0,0
14358,2,2
338809,0,1
325961,0,1
313528,2,2
189405,0,2
33502,2,1
385860,1,1
76152,1,0
208338,0,0
36933,2,1
138622,1,1
385365,0,0
334940,0,0
81160,0,0
313510,2,2
252628,2,2
219629,2,2
202197,0,2
20046,2,2
137540,2,2
177413,2,2
123414,0,2
157157,1,1
375396,0,2
71162,0,1
87324,2,1
135788,2,2
383920,2,2
260457,0,1
175645,2,2
372742,0,0
155226,0,1
164582,0,1
137607,0,2
153758,0,2
210036,1,1
155661,0,2
252322,2,2
236669,0,2
264560,2,2
169119,0,0
390729,2,2
154947,0,2
318927,2,1
397743,1,1
178564,2,0
185703,1,1
105855,2,2
354435,2,1
380421,0,2
313606,2,2
255953,1,1
155371,1,1
341527,2,2
38873,2,2
2349,2,2
47282,2,2
79353,2,1
173988,2,1
15427,2,2
206728,2,1
212244,2,2
160875,0,2
292905,2,2
392894,0,0
305406,1,1
123323,0,2
346038,1,1
347886,1,1
255164,2,1
224703,1,1
177257,2,2
332351,2,2
300423,0,0
298510,0,0
152870,2,2
314309,2,2
94658,1,1
80324,2,2
147400,2,2
405097,2,2
166903,0,2
130315,2,2
30686,2,1
68329,2,2
333970,2,2
371581,0,1
405997,0,2
396343,0,1
48590,0,2
22685,1,1
345714,0,1
64747,0,1
188743,2,2
67847,2,0
350961,2,2
134742,2,2
311990,0,2
206922,0,0
43009,0,0
53151,2,2
50008,2,2
258819,2,0
365745,1,1
317921,0,2
308276,0,0
141810,2,2
137520,0,1
154289,2,2
188710,2,1
176302,2,0
291143,2,2
265836,2,2
226661,2,2
122595,0,0
77065,0,0
354209,2,2
355085,2,2
189296,0,1
273557,0,2
125609,2,2
251873,0,0
225957,2,2
193756,2,2
54707,0,2
172905,2,1
402224,0,2
376969,2,1
49585,1,1
172889,2,2
120062,2,2
191721,1,1
373277,2,2
93458,0,1
383255,0,2
10480,2,2
159100,2,2
76199,0,0
395247,0,0
150454,1,1
11295,2,2
328277,0,2
13510,2,1
268311,2,2
378740,0,1
145699,1,1
199564,2,2
373448,2,2
117119,1,1
324305,2,2
282985,1,1
393487,2,2
209445,2,2
391538,2,2
211694,2,2
68839,1,1
238279,0,0
102859,0,1
131987,2,1
227309,2,2
246943,0,2
164313,2,2
376223,1,1
171367,1,1
12265,0,1
231071,2,2
92787,2,2
387180,0,0
137565,0,2
308756,2,2
284796,2,0
98167,0,2
6242,1,1
247701,2,2
383789,2,2
74206,0,2
100336,0,1
24292,2,2
110973,1,1
382861,0,2
102832,2,2
263557,1,1
273197,2,2
196223,0,2
81280,0,2
248321,2,1
117239,2,2
358137,2,2
224958,1,1
328096,2,2
387401,2,1
339709,2,2
189128,0,0
157247,2,2
296962,2,1
273837,0,1
48816,1,1
392979,0,1
290286,2,1
156261,0,2
44272,0,2
40619,0,1
256452,2,2
208545,2,2
374510,0,1
229097,2,2
122665,1,1
299515,0,2
303217,2,2
171439,2,2
162558,2,2
54552,1,1
140468,0,2
277187,2,1
163855,2,2
227654,2,2
130926,2,2
385427,1,1
347553,2,2
121857,0,2
187317,0,2
88581,0,0
94152,2,2
112531,1,1
46753,0,2
55923,2,2
1795,2,2
149454,0,0
64296,2,2
213446,2,2
299049,2,2
253672,0,0
65661,0,0
290546,2,2
86409,1,2
295335,2,2
280215,2,2
157964,0,2
362478,0,1
379500,0,0
126426,2,2
146681,2,0
270868,2,2
283334,2,0
280485,2,2
194756,0,0
276210,2,1
164278,1,1
168218,2,2
381102,0,2
215769,2,2
346091,0,2
395961,0,0
233546,2,2
63271,0,0
350309,1,1
269100,0,1
5764,0,2
198837,1,1
204548,2,2
207829,0,1
92952,2,2
42402,2,2
242873,2,2
232629,0,2
214321,1,1
133179,1,1
52430,0,1
224936,0,2
101530,0,0
33091,1,0
157287,2,0
58103,2,0
161296,2,2
338024,2,2
238692,1,1
149373,2,2
169415,1,1
338991,2,0
239391,0,1
212410,2,1
138804,2,2
59786,0,1
26126,2,2
191526,0,1
224682,2,1
320554,2,2
276565,2,2
240709,0,0
287454,0,2
221483,0,1
146847,0,2
220273,2,2
43494,0,1
208522,2,2
126099,0,1
384620,0,0
153333,0,0
362662,0,0
363453,2,2
353715,2,2
144394,2,1
7051,2,2
102702,2,2
256258,0,0
119287,2,2
201735,1,1
365388,0,0
97304,2,2
221517,2,1
218249,2,1
29927,0,0
171105,1,1
268146,2,2
122080,2,1
325524,0,2
375691,0,1
182741,2,1
50213,1,1
233019,0,0
297345,0,0
59473,2,1
267798,0,0
307287,0,0
43350,2,1
330722,2,2
24699,0,1
377137,1,1
15017,0,0
356574,1,1
294983,1,1
71471,2,2
153591,0,2
371240,1,2
401912,2,1
71310,0,2
105554,2,2
46570,1,1
393816,1,2
154348,2,2
291606,1,1
605,1,1
140999,2,2
157156,2,2
29223,2,2
157185,0,1
135652,2,2
63501,0,0
26998,1,2
322549,0,1
192722,0,2
153968,0,0
341502,0,0
312111,0,1
244031,0,2
5566,2,2
307046,0,0
124654,0,2
271806,0,0
125628,0,2
56201,2,2
214500,2,1
306147,2,1
227249,0,1
43647,0,0
303463,2,1
366288,0,0
282800,2,1
158952,0,2
111299,1,1
401280,0,1
7111,2,2
204462,0,2
140630,2,1
131111,1,1
151721,1,1
139758,2,2
193201,0,1
78924,2,2
307244,2,2
90253,0,1
331103,2,2
227304,2,2
133759,1,1
395350,1,1
182825,2,2
226623,1,1
385154,1,1
199638,2,1
163396,1,1
55256,2,2
204453,1,0
287090,1,1
104036,2,2
11703,2,1
69211,0,0
9940,0,0
211802,0,0
242520,2,1
156118,2,2
106303,2,1
357084,0,0
368799,0,1
280241,0,0
132912,0,0
129400,2,2
214611,0,0
56274,2,2
94185,2,0
226441,2,2
254094,2,2
404279,2,2
268877,0,2
375732,2,2
381813,0,2
360773,0,2
406316,2,1
193056,2,2
332642,0,0
208986,0,0
294663,0,1
221238,1,1
55014,0,1
286455,2,2
216577,2,2
249226,2,2
152316,2,2
3606,1,1
210901,0,0
313512,0,0
385622,0,1
293771,0,1
63606,1,1
238920,2,1
56459,2,2
284197,2,2
361230,0,2
207150,0,2
363361,1,1
299417,2,2
184690,0,1
361443,2,2
285444,0,2
113541,0,2
175133,2,1
161266,0,2
337210,2,2
267136,1,1
100246,1,1
70836,0,2
54151,1,1
146570,2,0
383251,2,2
306660,0,2
3926,2,2
337609,1,1
266834,0,2
91278,0,2
96178,1,1
248536,2,2
295983,2,2
7215,0,2
89843,0,0
70759,1,1
24658,2,1
366027,2,2
302916,0,2
329908,0,1
30754,0,0
305455,1,1
161257,2,2
368330,0,0
88086,1,2
18523,2,0
404028,0,1
119018,1,1
93105,0,0
11473,1,1
247001,0,0
275831,2,2
313673,0,1
311747,2,2
102784,2,2
137837,1,1
388862,2,1
37159,0,0
240486,2,2
254090,0,0
92504,2,2
363396,2,2
66084,2,2
7084,2,2
43992,0,0
394238,2,2
1850,2,1
140399,2,2
389820,1,1
192213,0,0
59368,0,2
380215,0,1
101143,0,2
1977,0,2
180979,2,2
383838,2,2
403152,0,1
358682,2,0
289060,1,1
149278,2,1
167768,0,0
355975,1,1
19713,2,2
112576,0,0
217327,0,0
371626,2,2
382765,2,2
310951,0,1
119400,0,2
401303,0,2
344432,1,1
288209,2,2
327958,0,2
18782,0,2
345013,0,0
192630,2,2
159165,0,0
125008,1,1
30327,1,1
333753,0,2
14410,0,0
401101,2,1
325318,0,2
307511,2,2
100162,2,2
172713,1,1
4400,2,2
162406,2,2
40009,0,0
183473,2,0
207131,2,2
405857,0,0
207497,1,0
137294,2,2
101955,2,2
137014,2,1
86048,0,1
266186,0,0
199983,2,2
286114,1,1
337386,0,0
90388,1,1
207268,2,2
273726,0,2
324487,2,1
168093,2,2
336168,0,0
394322,0,0
321727,2,1
68571,0,0
272038,0,1
107544,2,2
160956,0,2
107992,2,2
275953,0,0
131545,1,1
387551,2,2
382544,2,2
78559,0,1
100711,2,2
274776,2,1
50617,0,0
300294,2,2
52193,1,1
184512,2,2
307572,2,2
261942,0,2
260125,1,1
16683,0,0
216711,2,0
169491,2,2
89333,0,1
214778,2,2
359247,2,2
176753,0,1
323276,0,2
254381,0,1
167104,2,2
301542,0,1
332132,0,1
405216,2,2
81904,0,2
194341,0,2
345868,2,2
182726,2,2
338099,0,1
144355,2,0
343315,0,2
159428,0,2
49678,0,0
340143,2,1
67976,0,0
192276,2,2
145987,2,2
340147,2,1
21525,0,1
162741,0,0
88533,0,0
123331,2,1
18837,2,2
166870,1,1
371453,1,1
328968,2,2
127824,2,2
74864,2,1
266511,2,2
160377,1,1
36485,1,1
66922,0,0
234489,2,0
383854,1,1
276625,0,2
294596,0,0
27008,1,1
153127,2,2
85224,0,0
355152,2,2
252385,1,1
38721,0,1
324209,0,2
329572,2,0
150913,0,0
293943,0,0
366758,1,1
261498,1,0
288600,1,1
129730,1,1
272159,0,2
236593,2,2
161345,2,2
120006,0,1
349719,2,2
309086,1,1
271320,2,2
8433,0,1
66630,2,2
69282,1,1
267106,0,0
53444,2,2
361563,0,0
91989,2,2
233457,2,2
74945,0,2
63767,2,1
156802,0,0
137242,2,2
195050,0,2
22670,2,1
344774,0,0
27929,1,1
162758,2,1
46808,0,1
141099,0,0
248059,2,2
3185,1,1
105711,2,1
220617,2,2
181272,2,2
9163,0,0
21183,1,1
237375,0,1
7619,2,2
337414,0,2
43670,2,1
231681,0,2
28765,2,2
160814,0,2
54727,2,2
311835,0,1
178215,2,2
206241,2,2
276519,0,2
155356,2,2
117234,2,2
398885,2,0
390144,2,2
369746,2,2
58323,1,1
387016,2,1
30064,2,2
3259,0,2
223147,2,2
337607,2,2
265989,0,2
237825,0,2
187670,0,0
363515,2,2
23738,0,1
279173,2,2
243065,1,1
384267,0,1
29784,0,2
102218,0,1
355908,1,1
156644,0,0
168998,0,2
191420,0,0
330992,2,2
344394,0,1
127085,0,2
258873,0,2
299741,2,2
290588,2,2
306864,2,2
226678,2,1
29738,0,2
81822,0,1
297183,1,1
90079,0,1
64300,2,1
90910,0,1
17764,2,1
148069,2,2
307215,0,2
202720,2,2
398175,2,2
401394,0,2
268595,0,1
46468,2,2
154484,2,2
334359,0,1
9370,2,1
340635,0,1
338514,2,1
208527,0,2
21150,2,2
299388,1,1
257430,2,1
232260,2,2
79012,2,2
389236,0,0
395846,0,1
10892,0,1
318636,2,2
12719,2,2
92123,2,0
78658,1,1
175442,0,1
35969,2,2
207477,0,2
359174,1,2
234103,0,2
186485,0,0
270809,2,2
93708,1,2
197280,0,2
218412,2,2
192288,0,0
264203,2,1
239691,0,0
348443,2,2
230654,0,1
49356,0,0
244458,2,2
153194,2,2
399128,2,1
14524,0,0
243884,2,2
183285,2,2
181352,0,2
245187,2,2
340885,2,2
214272,0,1
95488,2,2
134656,2,2
137871,1,1
357264,2,2
366509,1,1
298514,0,2
199383,1,1
41801,1,1
232115,2,2
52233,2,2
35452,2,2
92355,0,0
306900,2,2
268629,2,2
272224,0,0
75510,2,2
330441,0,2
104945,0,2
365197,0,2
339688,2,2
124402,0,2
148454,2,2
7050,2,2
186716,1,2
138592,1,1
8089,1,1
155548,1,1
75732,1,1
68816,2,1
367178,1,1
181703,0,1
187849,1,1
5614,0,2
162486,0,2
158788,0,0
296432,0,2
313862,0,2
4500,0,1
386690,0,0
195396,2,2
313582,2,2
174624,2,2
6823,0,1
307555,2,2
307810,0,1
30843,2,2
196305,0,1
140569,2,2
304073,2,2
19832,2,2
224193,0,0
50332,0,0
297497,0,2
330396,0,1
244440,1,1
284353,2,2
87912,1,1
109041,2,1
244223,1,1
70753,1,1
242824,0,0
309101,2,2
351775,2,1
187873,0,1
127482,2,2
42211,2,1
89951,2,2
314724,2,2
292296,0,0
104020,0,1
26039,2,2
367072,2,2
309670,0,2
10869,0,2
10781,2,2
308386,0,0
347829,0,0
319050,2,2
278915,0,2
68955,1,1
133513,0,2
397198,0,2
329686,0,0
85949,0,0
335870,0,0
117319,2,2
346682,2,2
5320,1,1
214592,0,2
344958,0,2
199043,2,2
364975,2,2
9501,2,2
51394,2,1
351007,1,1
153470,2,2
12970,0,0
44396,2,2
128210,0,1
404939,0,1
178316,0,0
247722,2,2
65008,1,1
271757,0,2
304726,1,1
404212,2,2
270607,2,1
189345,0,2
248886,2,2
4399,0,2
216388,2,2
83983,2,2
214541,0,0
374871,2,2
262533,2,2
385869,1,1
154835,1,1
46447,2,2
44789,1,1
107824,0,0
138101,2,2
319128,2,0
400375,2,1
249295,2,2
232879,0,0
140657,0,0
301659,2,2
340835,2,2
279687,2,2
293692,0,2
232151,0,2
236314,0,0
321303,2,0
145596,0,1
332987,2,2
272565,0,2
390454,0,2
335185,2,2
5716,2,1
364158,2,2
131798,0,1
174464,1,1
103755,2,2
181370,2,1
81084,1,1
289054,2,1
311068,2,2
244697,0,1
347646,0,0
126109,2,2
208567,2,2
341756,1,1
165024,0,2
89663,2,2
347578,0,1
298624,1,1
218505,2,2
141887,1,1
81207,0,2
366900,0,0
79927,0,1
295543,0,0
318711,2,2
361558,2,2
233119,0,0
194093,1,1
208249,2,1
167673,0,1
238582,0,1
175095,2,0
126969,0,2
283709,0,0
279923,2,2
264425,2,0
287645,2,2
255758,2,2
351418,2,2
315887,0,1
47454,0,2
70634,1,0
19926,2,2
144050,1,1
263064,0,2
227214,2,2
281820,2,2
114871,0,2
386917,1,1
394330,2,2
284559,1,1
921,2,2
186156,0,2
74718,0,2
97846,2,1
280482,1,1
147103,0,0
139572,1,1
255773,0,2
226432,2,2
269607,2,2
71736,2,2
21370,2,2
117230,1,1
293079,0,1
30861,0,0
276326,2,2
345899,2,2
368480,1,1
125766,2,2
393950,0,0
363625,2,2
340455,1,1
70279,0,2
38451,2,2
8474,0,1
177693,2,2
161068,2,1
208158,0,0
47246,0,1
87325,0,2
69326,2,2
270352,0,2
253903,0,2
61269,2,1
65060,2,2
269393,0,0
396476,1,1
78287,0,1
262215,0,2
342643,2,1
250528,1,1
369238,1,1
404563,2,2
149455,1,1
191697,2,2
258913,0,2
319895,2,2
129965,2,1
63674,2,2
353032,0,1
349464,0,2
246923,0,1
82601,0,2
110405,2,2
361525,0,0
390755,0,2
292405,0,2
175149,0,0
232995,1,1
244058,2,2
99403,2,1
283154,0,1
393635,0,0
113991,2,2
201685,0,0
123334,2,2
362995,2,2
236255,2,2
293760,2,2
36302,2,2
132858,2,1
321871,2,2
403739,2,2
64272,0,1
378960,2,2
237262,0,0
67858,2,0
384340,0,1
396259,0,2
100065,1,1
203056,0,2
236234,2,2
224659,0,2
200104,2,2
355132,0,0
273812,2,2
150733,0,2
291009,2,2
86306,0,2
36011,0,0
173390,2,1
192285,0,2
212602,0,0
119631,0,1
43447,1,1
203734,0,0
352896,0,0
71933,0,1
354374,2,1
26659,0,2
249476,2,2
238291,1,1
134858,0,2
352472,2,2
379515,0,2
101999,2,2
66842,0,0
391106,1,1
311443,1,1
398526,2,1
269301,1,1
141838,0,2
379743,2,2
37121,0,2
284547,0,2
330649,0,2
162557,2,2
75649,0,2
395820,2,2
134039,0,1
48441,2,2
257576,2,2
186272,2,2
104043,2,2
12608,2,2
189330,2,2
162935,0,0
127489,1,1
219133,2,2
10486,0,0
312139,2,2
321927,2,2
311925,0,0
315183,2,2
115323,0,0
276512,1,1
261962,0,0
4157,2,2
237102,0,1
254163,2,2
397197,2,2
228143,0,0
65606,2,2
275693,2,2
4076,0,1
714,0,2
155819,1,1
340302,0,2
281341,2,2
276957,2,2
66997,1,1
357209,0,1
167255,2,0
248942,0,0
173842,0,2
104514,2,2
261251,2,2
151464,2,2
251279,0,2
339509,2,0
64917,0,2
30070,1,1
377118,0,0
201719,0,2
85064,2,1
349989,2,2
383641,2,2
62431,0,0
375283,2,2
266369,2,2
392680,0,0
4297,2,2
211599,0,2
382372,2,2
274869,2,2
298287,2,0
95982,2,1
204005,2,2
84985,2,2
349023,1,1
72033,0,0
192139,0,2
14766,0,0
170746,1,1
35563,2,2
172405,2,2
189401,2,2
113050,0,0
64270,2,1
255891,0,0
77049,2,2
116115,2,2
217134,2,2
223803,0,0
365246,2,1
77466,0,1
249206,0,1
23100,2,2
208042,0,1
389934,2,2
134956,1,1
376548,2,2
12474,0,2
21770,2,2
272683,0,1
19184,2,2
398359,1,1
43419,0,2
320576,0,1
51563,0,0
124042,2,2
371725,1,1
107360,0,0
64279,1,1
201065,2,2
51286,2,2
328141,0,2
313254,1,1
8250,0,0
30435,2,2
139357,2,1
222348,1,1
347845,0,0
6185,2,0
220944,1,1
271796,0,0
50407,0,1
389409,0,2
271244,0,2
124055,0,2
314682,0,1
236660,0,2
242986,1,1
342672,2,2
153028,2,1
127626,2,2
28723,1,1
246066,1,1
352434,2,2
14220,0,0
274396,0,2
14973,1,1
405838,2,2
188688,1,1
284077,1,1
222940,0,0
126049,1,1
299684,2,2
92222,1,1
159877,2,2
301145,2,2
329879,2,2
196943,2,0
351714,0,2
335197,2,2
54758,0,2
202038,1,1
114962,0,1
110198,2,2
266008,2,2
396055,2,2
210000,0,2
247972,1,1
26648,2,2
404697,0,1
377886,0,2
370418,0,1
299607,0,2
345273,0,2
390387,0,2
343161,2,1
268674,0,0
342957,1,1
120138,0,0
246616,0,0
285091,0,2
268326,2,2
402143,0,2
16971,2,2
156928,2,2
265584,2,2
193190,2,1
49348,2,2
7071,0,2
103810,0,2
74976,1,1
389336,2,2
388697,2,2
82859,2,0
187578,0,1
63085,1,1
225217,0,0
61919,1,1
321994,0,2
150592,1,1
382855,2,2
232288,2,2
398990,2,2
400877,1,1
266637,2,1
368940,1,1
117390,0,1
378153,2,0
360743,2,2
28649,0,2
206130,0,0
236657,0,0
130979,2,2
197838,0,1
404169,1,2
343809,2,1
186962,2,2
208066,2,2
113622,1,1
153115,0,1
245695,0,0
181680,0,2
34737,0,1
126062,1,1
315754,1,2
193496,2,2
341875,0,1
342421,1,1
40921,2,2
104634,2,2
41408,2,1
315267,1,1
349507,1,1
370266,0,2
116081,2,2
236073,2,2
12707,2,2
140758,2,2
118971,0,2
245460,1,1
368482,0,1
250877,0,0
365088,2,2
78547,2,2
306714,2,2
306442,1,1
125149,2,2
191668,1,1
266359,2,2
250074,1,1
158651,2,2
125191,0,0
33134,2,2
335149,2,2
26047,0,0
255225,2,2
196438,0,2
327753,0,2
324826,2,2
164297,0,2
226029,2,2
65135,2,2
136582,0,1
179900,0,1
360525,0,2
37660,2,2
359291,2,2
180234,2,1
396326,1,0
72049,2,2
348189,2,1
373778,2,1
122198,0,2
68062,2,2
172791,2,2
235144,2,2
170373,2,0
156067,0,2
379681,2,2
95484,1,1
122473,0,2
142868,2,0
44654,0,0
374385,2,2
13349,2,0
46235,0,1
233147,0,1
402514,0,1
352458,2,2
103349,2,2
200386,1,1
186441,2,2
199018,0,0
28677,2,2
270062,2,2
361538,2,2
357647,0,2
193448,1,1
95804,0,1
32566,1,2
91671,0,0
312482,0,1
110516,2,2
17808,1,1
379797,1,1
368304,1,1
205227,1,1
238599,2,2
43612,1,1
105889,2,2
134859,0,2
19073,2,2
351539,2,2
26487,0,0
148567,2,2
77644,0,2
80414,2,2
200893,2,2
11525,0,0
41906,2,0
211829,2,2
5080,2,2
156903,0,0
103771,2,2
59178,0,2
271640,2,1
25062,2,2
122572,2,2
351467,0,1
405486,2,2
13255,2,1
98718,2,2
354526,0,1
144943,0,1
321187,2,0
173631,2,0
347222,2,2
278809,0,0
96078,1,1
348937,0,2
76398,0,0
172016,2,2
108794,0,1
203308,2,2
406005,2,2
242485,2,2
31858,2,1
139809,1,1
179237,1,1
57115,2,2
219513,0,0
43807,2,2
141731,2,0
20762,1,2
329563,1,1
403924,0,1
8415,2,2
315886,2,2
287906,1,1
199328,0,1
217077,0,2
116563,0,2
44113,0,0
12879,2,2
209835,1,2
380159,2,2
175938,2,1
195760,2,2
116554,0,0
362529,1,1
131828,0,2
398541,0,1
226396,2,2
41241,0,2
133627,0,0
199087,2,2
344501,2,2
362041,0,0
133810,2,2
140094,0,0
88393,1,2
365296,0,2
51268,0,1
51534,1,1
350631,2,2
19507,0,2
359147,1,2
398800,2,2
152875,2,2
57331,2,2
5585,0,2
265717,2,2
401794,2,2
119207,2,2
321931,2,2
376314,0,0
31937,2,1
141989,2,2
107751,1,1
142981,0,0
1113,0,0
234832,1,1
397232,0,0
280331,0,1
141537,0,0
36895,2,2
204764,2,2
184044,2,2
223838,0,0
204631,0,0
386661,2,2
329811,2,0
253819,1,1
135620,1,1
299617,0,1
365828,2,1
284812,1,1
84331,1,1
370933,2,2
97456,2,2
14618,2,2
254516,2,2
287391,2,2
332129,0,2
8078,1,1
168308,1,1
329776,0,2
191614,0,2
167207,0,2
269030,1,1
380305,0,2
312050,0,1
37230,1,1
134287,2,2
94007,2,2
21081,0,2
205459,2,1
113966,2,2
252747,2,0
335144,2,1
223738,0,2
224666,0,2
112347,1,1
199761,0,0
20419,0,1
237140,2,2
138891,2,2
81715,0,2
4272,0,1
53019,2,1
276939,0,1
169946,0,2
84140,0,2
76264,0,2
128731,2,2
53357,1,1
342320,2,1
172787,1,1
113577,0,0
362001,1,1
18516,1,1
116304,2,2
278761,0,0
352617,2,2
324269,2,1
162485,1,1
286768,0,0
376289,0,2
185090,2,2
331864,1,1
359807,1,1
161796,2,2
71728,0,0
194190,0,0
100645,0,0
300363,1,1
204371,2,2
356265,2,2
351061,0,1
45274,0,1
69068,1,2
122612,1,0
227863,2,2
317492,0,0
258839,2,2
224733,2,1
318255,2,2
257439,1,1
33135,0,1
360844,0,0
327628,2,1
340819,0,0
78897,0,1
129590,0,0
158867,2,2
21748,0,0
364569,2,2
341185,0,2
95695,0,2
224127,2,0
280878,0,0
316615,0,0
83109,0,0
105655,0,2
30732,0,2
143227,2,2
317320,1,1
261128,0,2
101413,0,2
336617,0,2
378876,2,2
133732,1,0
302848,1,1
89253,2,2
79011,2,2
131548,1,1
337534,2,2
206620,0,0
42786,1,2
139997,0,1
52574,2,2
354230,0,2
340994,0,2
279298,0,0
389506,1,1
396521,2,1
311552,2,2
196204,1,1
15012,1,1
210073,1,1
53688,0,1
155108,2,1
195606,1,1
5087,2,2
354826,0,1
140810,2,2
291860,2,2
385947,0,0
92491,1,1
74990,0,2
324661,0,1
146494,0,2
34189,0,2
153945,0,0
296197,0,0
195469,2,2
17685,0,0
161206,0,1
198307,0,0
374020,0,1
71388,1,1
276054,2,2
282246,0,0
103385,0,2
234048,0,2
74841,1,1
288005,2,2
300985,2,2
11902,2,1
406100,2,1
40464,1,1
274364,2,2
197988,0,0
58837,0,2
83626,2,2
99277,2,1
140166,2,2
118851,0,0
110274,0,0
167017,2,2
237122,2,2
237123,0,0
33670,1,1
208439,2,2
161255,0,1
155600,2,1
283855,0,1
201538,0,0
236652,0,1
207537,2,1
265609,0,1
177841,2,2
204761,2,1
189131,2,2
392472,2,1
190626,2,2
268274,2,2
237534,2,1
329065,2,2
223849,0,0
323869,0,1
75249,0,0
242307,0,1
53736,1,1
101739,2,1
101737,0,1
123750,2,0
20802,0,2
314421,0,1
12107,0,2
304317,2,2
395696,1,1
118904,2,1
292043,0,1
129130,0,1
63936,2,2
345,0,1
57414,1,1
339101,1,1
391232,0,2
71550,2,2
372120,2,0
114213,0,2
384772,0,2
171127,1,1
369493,1,1
28915,2,0
153704,0,0
36580,2,1
241317,0,2
65421,0,1
404245,1,1
223087,2,2
279563,0,0
191947,0,2
37164,2,2
306103,0,1
329087,2,2
454,2,2
367517,2,2
46207,2,2
24281,1,1
22792,0,2
303050,0,2
188439,2,1
69882,2,2
172661,1,1
79248,0,1
66825,0,2
120333,1,1
180033,2,2
212764,2,2
185497,0,1
377337,0,2
400943,0,2
297781,0,1
174213,2,2
354264,1,1
167463,1,1
9338,0,2
166835,2,1
12654,2,2
158381,0,0
30378,0,2
299830,2,2
175912,0,1
182798,0,0
14801,0,0
83370,2,2
219661,2,2
98453,1,2
112406,2,1
242492,0,2
26599,0,1
217815,1,1
156093,0,2
314825,2,2
295383,2,2
205979,2,2
177622,0,2
341811,0,0
283510,1,1
232955,0,0
8469,0,2
124092,2,2
209883,2,2
299366,0,0
232558,0,2
205914,2,2
321294,0,2
174990,0,1
182812,2,1
26392,0,0
163660,2,2
166991,2,2
205760,2,1
404639,2,2
382217,0,2
231449,2,2
183395,1,1
345125,2,2
245440,0,2
400497,0,2
346299,2,0
403084,2,2
190398,2,2
398515,0,2
195008,0,0
71499,2,2
207628,0,0
332603,2,1
303092,0,2
366959,2,0
364276,2,2
383628,0,0
109142,2,2
399759,0,1
64901,2,1
148289,2,2
376940,1,1
159666,2,2
212811,1,1
30818,2,1
173777,2,2
138053,2,1
199520,1,1
95646,1,1
301573,0,0
24828,2,2
116508,1,1
62765,0,2
385321,0,0
15122,2,2
126870,1,1
114198,0,0
190245,2,2
135592,2,2
29505,2,1
38817,0,0
360730,2,2
118536,1,1
234599,2,2
249917,1,1
90711,0,0
272245,1,1
328840,2,2
321722,0,0
300035,0,1
380727,0,2
278539,0,2
128700,0,0
56549,2,2
178860,0,2
21024,0,1
353197,2,1
133562,0,0
51001,0,2
343070,2,2
286800,0,1
75533,0,1
203927,2,2
163549,2,2
291012,1,1
63194,2,1
280119,0,2
197478,1,1
174454,2,2
73683,1,1
135993,2,2
110823,2,2
96145,1,1
70292,0,1
282806,0,2
150981,0,2
290652,2,0
234351,0,1
28518,1,1
284975,2,2
312311,0,2
396709,0,1
87194,2,2
9077,1,1
250880,2,2
215430,0,1
9793,0,1
348024,0,1
102180,2,2
176,0,1
379374,0,2
65218,2,2
284973,0,1
8170,2,0
286791,0,2
82317,0,1
251260,2,1
46172,2,2
377198,0,2
131231,2,2
185,0,0
227092,0,2
86496,0,2
154019,1,1
119806,0,2
323143,0,1
368907,0,2
325647,2,2
251564,2,0
191510,2,1
148805,2,2
8556,2,1
401375,1,1
28449,1,1
355900,2,2
300112,0,0
140806,2,0
356519,2,2
371841,1,1
384652,2,1
309371,2,2
32865,2,2
89285,2,0
48894,1,1
213019,2,2
386294,2,2
396770,2,2
123518,0,0
340328,0,0
254023,2,2
126662,2,2
134324,0,0
167366,2,2
153315,1,1
187795,2,1
145424,0,0
174039,1,1
29285,2,2
277008,0,2
344968,0,2
403833,2,2
130715,0,2
39487,1,1
50534,0,0
71666,0,0
19285,0,0
256908,0,2
237905,2,2
381903,2,2
17860,1,1
156109,1,1
12824,0,0
280535,2,2
85637,1,1
247660,2,2
165802,0,2
161467,2,2
260200,0,2
247091,0,0
34491,2,1
257099,0,2
390926,2,2
401131,2,2
92549,1,1
378249,0,1
247324,2,2
285334,0,1
55235,0,0
61319,2,2
231669,2,2
304808,1,1
167362,2,2
405485,2,2
308227,2,2
283889,0,1
170142,1,0
160946,0,2
45777,0,2
34351,2,1
370648,0,0
53188,1,1
301321,2,2
317596,0,2
19791,0,0
85370,2,2
194732,0,1
186013,2,2
17835,2,2
388380,0,2
137903,2,2
73425,2,2
133347,0,1
72156,1,1
190204,2,2
126418,0,2
104731,1,1
396254,2,2
251387,2,1
284550,2,2
57097,2,1
190293,2,2
301521,0,0
123868,1,1
374640,0,1
77631,0,0
301100,1,1
331696,2,2
207014,0,0
354363,2,2
328192,2,2
173490,2,2
123457,2,0
277793,2,2
349558,2,2
108562,2,2
396725,2,2
216406,1,1
39279,0,0
51023,2,2
51174,2,2
52250,2,1
2795,2,2
196734,1,1
332792,2,2
157872,2,2
75310,0,1
190235,0,2
112027,2,2
265840,2,2
273712,0,0
281117,0,2
152882,2,0
153197,0,2
99809,0,2
344827,2,2
112017,2,2
161054,0,0
90941,0,1
204457,1,1
250418,1,1
224142,0,2
370342,2,0
61586,2,2
137705,0,1
263118,0,0
29825,0,2
225466,2,2
261683,2,2
124429,2,1
12604,2,2
301879,0,0
349079,0,0
230838,2,1
346818,0,2
202993,0,2
119829,2,2
287201,2,2
385439,1,1
158703,0,0
241444,0,2
123838,2,2
375580,2,2
21688,1,1
379505,0,0
270615,0,2
193772,2,2
111240,0,2
295220,0,0
121875,0,2
366339,2,2
366126,0,0
382364,2,2
385465,0,2
157211,1,1
174764,0,0
17589,1,1
74929,0,0
70006,2,2
73191,0,2
151769,2,2
75420,2,2
158386,2,2
123614,0,2
367775,2,1
133898,2,2
153875,1,0
211191,2,2
311151,1,1
390557,2,0
181846,0,1
36426,2,2
330220,2,2
90182,2,2
162141,1,1
22152,2,2
284362,0,1
73616,2,2
322966,1,1
317405,2,2
190288,2,2
48208,2,2
354760,2,2
295793,0,0
18024,1,1
401657,1,1
289406,0,2
70954,0,0
116747,2,2
325299,0,2
233410,2,2
212153,0,0
68799,1,1
359394,1,1
254894,1,1
68385,0,2
104353,0,1
39920,2,2
96037,2,2
114661,2,2
228656,2,2
341746,0,2
75337,0,2
259413,0,0
396106,0,2
204825,2,2
394374,0,0
278154,0,2
103852,1,1
371901,0,1
302461,2,2
128076,2,2
184869,0,1
29895,2,2
41100,0,1
366795,2,2
248082,2,1
68481,1,1
334748,0,1
325188,0,1
174649,2,2
178927,1,1
180364,0,0
205585,2,2
212842,2,2
24567,0,1
108539,0,0
249294,0,1
272516,0,0
299785,2,2
8295,0,0
33631,2,2
95393,2,2
53409,2,2
16672,2,2
241721,2,2
360395,0,2
397778,0,1
152598,0,0
250781,1,0
335189,2,2
339829,0,1
312897,0,0
32625,1,2
169989,0,0
249716,1,1
20025,2,2
37602,0,1
249155,0,0
190413,1,1
405762,2,2
114410,2,1
173212,2,2
268382,1,1
79948,0,0
404780,0,0
343973,0,2
33959,2,2
398577,2,2
69941,0,0
376281,2,1
285857,2,2
216549,0,2
22832,1,1
320863,2,1
221992,0,0
302009,0,1
380616,0,0
137332,1,1
56310,0,0
327767,0,2
146974,2,1
237562,1,1
251035,2,1
40160,0,1
265742,2,2
252951,0,0
188362,2,1
219514,2,2
335339,2,2
257761,0,2
17165,2,2
164998,2,2
54339,2,1
254188,0,1
138313,0,0
142697,2,2
392766,1,2
334057,0,1
389618,0,0
43373,0,2
73736,2,2
200429,1,1
125144,1,1
295355,0,2
180879,2,1
62053,2,2
124533,1,1
237360,0,2
349949,2,2
233339,2,2
131644,2,2
67748,0,0
149232,0,2
75008,0,1
52716,2,2
297111,0,1
357026,0,0
254185,1,1
317447,0,2
356199,0,1
292221,2,2
29763,0,1
393719,2,2
51031,0,2
401382,0,0
146142,0,2
265532,0,0
262535,2,2
405833,0,2
143933,2,2
181323,0,2
327639,2,0
148813,2,0
52221,0,1
118214,0,0
391749,0,1
118782,1,1
92906,2,2
155556,2,2
240460,2,2
7487,0,0
259073,2,1
117785,0,0
153111,2,2
28751,0,0
319566,0,2
399809,2,2
99355,2,0
184921,2,2
238365,2,2
203368,2,2
125241,0,1
146294,2,2
305860,2,2
336905,0,1
259889,1,1
338502,0,0
172804,0,0
78268,0,0
370394,0,1
187848,1,1
260617,2,2
230773,2,2
314454,1,1
145748,2,2
229839,1,1
161024,2,1
178793,0,0
140628,2,2
283085,0,1
393720,1,1
77585,2,2
382422,2,1
257525,0,0
37254,2,2
146625,2,2
258952,2,2
239516,2,2
12207,2,2
398478,1,1
165054,0,0
179310,2,1
29818,2,2
56096,0,1
160863,1,1
347282,0,0
379831,0,1
165346,1,1
300944,0,0
131725,2,2
85915,0,0
291252,1,1
311174,1,1
80630,2,2
319844,2,2
11511,2,2
365240,2,2
369938,2,2
317542,0,2
338163,2,1
34038,0,1
68849,0,2
362250,1,1
178972,0,0
10220,0,1
218949,0,0
131342,0,0
81569,2,2
97801,2,2
373229,0,2
326451,1,1
102001,0,2
46796,0,1
384152,1,1
108398,0,2
68675,2,2
70153,2,2
88474,2,2
200717,0,2
380222,0,2
291980,2,2
358360,2,2
159132,2,2
96581,0,1
280201,2,1
56199,2,2
33952,2,2
330304,0,0
254218,2,2
82000,0,2
324224,2,2
29009,1,1
63183,2,2
63045,0,1
256784,0,1
26953,1,1
175638,2,2
189561,0,1
6431,2,2
237765,2,2
68180,0,2
170331,2,2
80514,0,1
285159,0,0
121976,1,1
76252,2,2
359033,2,2
124573,2,2
67822,2,2
77859,1,1
397217,2,2
178763,2,2
287650,0,2
73357,0,0
400724,2,2
169120,1,1
256035,2,2
38622,0,1
58055,0,2
366068,2,2
200809,1,1
397850,2,0
348403,2,2
121109,2,2
295751,2,1
10371,1,1
387352,0,2
296280,2,2
256709,0,2
168269,1,1
43894,2,2
347459,1,1
241744,0,2
267906,2,2
146131,1,1
14772,0,1
225970,2,2
34902,0,2
190676,0,2
335824,1,1
356084,2,1
217094,0,2
235125,2,2
248320,0,0
41266,0,2
280821,2,2
49979,2,2
146568,2,2
150323,2,2
369906,0,2
197344,0,2
344590,2,2
17274,2,2
227194,0,0
348460,1,1
247663,2,2
152353,0,0
164888,2,2
71717,2,2
75728,2,2
24377,2,2
5953,0,2
320481,2,2
106027,0,2
130916,0,1
62262,0,1
132530,1,2
96455,2,2
352879,0,0
123780,2,2
221030,0,2
290961,2,2
40121,0,0
19119,2,2
236893,1,1
89278,0,2
2110,2,1
302998,0,1
213076,0,2
347597,2,2
219887,0,2
146836,2,2
231855,2,0
25997,0,0
99242,2,0
139670,2,2
380315,0,0
261366,0,2
65667,1,1
58878,2,1
380832,1,1
242957,1,1
9641,0,2
67425,0,1
147306,2,2
99546,2,2
87764,1,1
114334,0,1
185013,1,1
224946,1,1
367919,0,2
392140,2,1
154145,2,2
239465,2,2
284230,0,2
73768,2,2
211105,0,0
155788,2,1
63569,2,0
106023,2,1
288886,2,2
15714,0,1
389048,0,1
147143,1,1
402197,2,2
393168,1,1
126998,2,1
150857,2,0
228300,2,2
78323,0,2
306559,2,1
145120,2,2
325293,0,2
224347,2,2
177949,2,2
13421,2,2
349836,2,2
122155,0,2
228932,2,2
250824,2,2
400324,2,2
367247,2,1
291825,1,1
396646,1,1
310743,2,2
341923,0,2
7101,0,2
13957,0,2
237401,1,1
61962,2,2
132190,2,2
307318,2,2
351825,0,2
223095,2,2
354630,0,1
94829,0,1
315836,2,2
350161,1,1
144685,1,1
256660,1,1
69171,0,2
41806,2,2
9497,0,1
9523,2,0
313146,0,0
189339,2,2
293589,2,2
395405,0,0
351833,0,0
130590,2,2
174118,0,0
98707,1,1
75588,0,1
400038,2,0
140187,2,0
21785,0,1
360601,2,2
236389,2,2
110942,2,2
160140,1,1
2049,1,1
235452,0,2
604,2,2
387518,0,2
104518,0,0
4978,2,2
142439,0,0
316812,2,2
111747,2,2
249220,0,0
35218,2,2
266405,0,1
216726,2,2
286126,2,2
161166,0,2
388704,2,2
336477,0,1
250224,1,1
86896,0,2
15773,2,2
383105,2,2
399146,2,2
51142,1,1
377925,0,1
114632,0,2
74226,2,2
263065,2,2
198162,2,2
213020,2,1
289707,2,2
404865,0,2
286941,0,2
41029,0,2
345019,2,2
33755,2,1
224328,1,1
167365,0,2
174528,2,2
387021,0,0
150991,2,2
285145,2,0
401126,1,1
47689,0,0
333827,0,0
46952,2,2
387024,2,2
27681,2,2
61738,1,1
179453,1,1
220719,0,1
384430,0,0
155081,2,2
405929,2,2
377693,2,2
233015,2,1
107744,2,2
321579,2,2
345917,1,1
194496,2,1
182636,1,2
166141,0,2
89524,2,1
143897,0,2
163685,2,2
46962,2,2
398427,2,0
323418,2,2
396626,2,2
245467,1,1
202172,0,1
60449,1,2
259901,2,1
65546,2,2
332006,2,2
225310,0,2
126243,0,0
127919,2,2
205984,0,0
124770,0,0
320632,0,2
99393,0,1
98643,2,2
375910,0,2
77695,2,2
300848,2,2
254504,0,0
188719,2,2
291856,2,2
132943,2,0
135352,1,1
210111,0,0
123503,1,1
374465,2,2
159292,1,1
236118,2,1
237427,1,0
340299,2,2
112217,2,1
73856,0,2
391997,0,0
363647,0,2
4418,0,2
58941,2,2
201396,0,1
9011,0,2
374474,1,1
169264,2,2
342387,0,2
189358,0,1
60901,2,0
378506,0,0
397306,1,1
250190,2,2
290516,2,1
287291,2,1
29861,0,1
202382,2,0
112923,0,2
112602,0,2
194977,2,2
61443,2,2
192329,0,1
133033,0,2
285913,0,0
123018,2,1
394747,0,2
339209,2,2
310830,2,1
311641,0,0
220828,0,2
362483,0,2
103002,1,1
365558,2,1
258794,0,2
397937,2,2
240439,0,1
292418,0,1
263598,0,2
401302,0,0
2923,2,2
200652,0,0
135080,2,2
380738,0,1
217722,2,2
89342,2,1
397311,0,0
88194,2,2
96245,0,2
363375,0,0
282814,0,2
401864,2,2
319966,1,2
2392,2,2
367776,0,0
355991,1,1
233211,0,0
248608,2,2
64012,1,1
224153,0,1
180633,0,0
286820,0,0
223919,0,2
163584,2,2
211437,1,1
139293,2,2
150888,0,1
376269,0,0
202345,2,2
95490,2,2
126502,2,1
353350,0,1
197568,0,0
9924,2,2
221292,1,1
235557,0,0
63824,0,1
356317,2,2
74326,0,2
304273,2,1
319484,0,2
155419,0,0
363188,0,1
201589,0,2
73632,1,2
400667,2,1
35764,2,1
132174,0,1
14445,2,2
31813,0,1
276164,1,1
370582,2,2
68726,2,2
208552,2,0
8148,2,2
212761,2,2
60309,2,1
243786,2,2
247546,0,1
376494,2,1
15881,0,1
142915,1,1
227228,0,0
183964,2,2
75820,2,2
348559,2,1
78125,2,2
217102,0,1
385498,2,1
306698,0,2
89599,2,2
188386,1,1
405126,1,1
305468,0,2
275133,0,2
378253,1,1
66547,1,1
19157,0,2
359007,2,2
402128,2,2
4317,2,1
248145,0,2
28090,2,1
82194,2,1
278674,0,0
328877,2,2
250349,0,1
332803,2,2
173867,1,1
244914,2,1
38129,0,0
238627,0,2
72412,0,0
2870,1,1
111300,1,1
383247,0,2
227693,0,1
9935,0,0
22743,2,0
353965,0,1
140437,1,0
345607,2,2
342990,2,2
16566,2,2
216373,2,2
353802,2,2
122332,2,2
250681,1,1
173436,0,2
355124,2,2
255530,2,2
377554,0,1
56553,0,0
343220,2,2
128224,2,2
370489,1,1
384204,2,1
255723,0,0
100133,0,2
399999,0,0
201110,2,2
390903,0,1
280020,1,1
316437,2,2
392534,0,2
337042,2,1
351933,2,2
241574,0,2
334847,2,2
107598,1,1
299187,2,2
32253,0,1
281467,1,1
338297,0,2
130704,0,2
340075,0,2
88754,2,1
324356,2,2
262047,2,1
52477,2,2
341945,2,2
159773,2,2
356386,0,0
364241,1,1
270316,2,0
19160,0,1
337074,0,2
234729,0,1
278936,2,2
141851,1,1
74807,1,1
72175,0,0
69944,2,2
60644,1,1
294878,0,0
187806,2,2
195290,1,1
38074,0,2
101587,0,2
337410,0,0
180130,0,0
218141,0,1
377124,0,0
213951,2,2
229969,0,1
43601,2,2
64337,2,0
258252,0,0
148180,2,1
348698,2,2
247915,1,1
190008,2,2
375942,0,2
49126,0,2
19300,2,2
275545,0,0
90587,0,2
236433,0,1
303412,0,1
163348,2,2
348219,2,0
369110,2,2
177066,0,2
7188,2,0
355482,1,1
309105,0,1
269195,0,2
154238,0,1
376990,2,2
129237,1,1
40269,2,2
384136,2,2
48711,0,0
105457,2,1
63003,2,2
186967,2,1
334609,2,2
307611,2,2
392005,2,1
378077,2,2
210790,0,0
113698,2,2
2703,2,2
185752,1,1
350294,2,0
148478,1,1
208420,0,2
366230,2,1
75313,0,2
80071,2,2
350313,2,1
308511,2,2
79915,2,1
104656,0,0
192373,2,1
231371,2,2
231430,2,2
293567,2,1
59774,0,2
248662,0,1
5436,0,2
370589,0,1
355495,2,2
70242,0,1
252753,2,2
333829,2,2
57534,1,1
237636,2,2
244198,2,2
281312,0,2
123409,0,1
173367,2,2
130572,2,2
230919,2,2
74431,1,1
256601,2,1
138851,2,2
162293,2,2
236201,2,1
86307,2,2
309478,0,1
74339,2,2
49385,0,1
108907,1,1
107844,1,1
365429,0,2
289894,0,0
254525,0,2
304850,2,2
44921,1,1
347567,0,1
254982,0,2
125254,1,1
5702,2,1
202886,1,1
10578,1,1
404054,2,2
364070,2,1
252179,2,1
34757,0,0
391989,2,2
369506,0,0
149827,0,0
277035,2,2
389016,2,2
226656,1,1
258493,0,0
32338,1,1
147512,0,0
161132,0,2
328113,1,1
371297,0,0
62415,2,2
43814,2,2
46613,2,2
250843,0,2
250129,0,1
8037,2,2
71642,2,0
324174,2,2
151671,2,2
61255,2,2
61213,1,1
25510,0,0
345974,0,0
396082,0,1
190195,2,2
276975,0,0
27803,0,0
396171,1,1
368206,0,1
78646,0,2
136454,2,1
2407,0,0
277901,2,2
230586,2,2
235290,0,1
295914,0,2
187500,0,2
39730,2,0
140706,1,1
291483,0,1
44722,2,2
217272,1,1
301866,2,2
42572,0,2
145346,0,0
43594,2,1
197191,2,0
38341,0,1
224763,0,0
282099,2,2
221347,2,2
52880,2,2
291960,2,2
294135,2,2
58533,2,2
76456,1,1
100242,1,1
332854,2,2
25342,2,1
85200,0,1
219337,2,2
282996,2,2
86891,2,2
347278,2,2
114106,2,2
115040,2,2
380595,2,2
308837,2,2
302926,2,2
317769,2,1
132387,1,1
246986,2,2
184182,2,2
62437,2,1
352323,2,2
283813,0,1
74343,0,0
210202,2,2
257682,2,2
129095,0,0
48078,0,0
197333,0,1
309877,0,0
84916,2,2
346113,2,2
170808,2,2
210902,0,2
27949,2,2
157541,2,2
384397,0,2
376388,0,0
164716,0,1
299106,2,2
69232,2,0
338846,2,2
369235,2,2
378634,0,0
338549,0,0
54557,1,1
86121,1,1
58276,0,2
350212,0,0
11493,2,1
352136,2,2
305810,0,1
221976,2,2
71912,2,2
370120,1,1
141098,2,2
229271,1,1
182716,2,0
81738,0,0
105839,2,1
387379,2,2
334023,2,2
58370,2,2
126439,1,1
225220,0,2
239688,2,2
371653,2,2
256019,0,1
264857,1,2
244826,2,2
269210,0,2
316779,1,1
333822,2,2
369363,2,2
266323,2,2
225549,0,2
203304,2,2
331022,0,0
158947,1,1
148512,1,1
105545,1,1
244492,0,2
3848,2,2
179555,1,1
231294,2,1
116244,2,1
355188,0,1
328400,2,2
283446,1,1
396293,2,1
133367,1,1
287116,0,1
310227,2,2
276725,0,2
66926,2,1
145413,0,1
256789,2,2
372269,0,1
152262,0,0
36545,2,0
321687,2,2
387553,0,2
22213,0,1
13029,0,2
401189,0,2
264083,1,1
279479,0,2
154343,2,2
153136,2,2
163118,2,1
255609,1,1
328582,0,0
112021,2,2
164342,1,1
175517,1,1
256585,2,2
374958,2,2
218741,1,1
197018,2,2
239000,0,2
127439,2,2
263087,0,2
266751,2,2
236108,2,2
205680,2,2
157844,0,0
232733,2,1
401622,1,1
402908,0,2
72758,0,1
97416,0,2
67344,2,2
243687,1,1
385631,0,1
84680,0,0
149596,0,2
182548,2,2
352342,0,2
156634,0,1
207711,2,2
386451,2,2
3831,2,2
223967,0,2
107517,2,0
175620,1,1
61985,0,2
326999,0,0
245507,2,2
333075,0,2
44808,1,1
217362,0,2
150786,1,1
189080,0,2
232300,1,1
237506,2,2
21506,2,2
20776,2,2
97566,2,2
341816,2,2
110373,1,1
279602,2,2
38303,2,1
360295,2,2
378370,0,0
140709,2,2
382619,1,2
384971,1,1
80413,0,2
179289,1,2
41805,1,1
109530,2,2
155113,2,2
312197,2,0
113714,0,1
321606,2,2
116102,1,1
99132,2,2
318315,2,2
81942,2,2
146678,2,2
331704,0,2
360074,2,2
23782,0,0
2026,2,2
51464,2,2
92307,2,2
64648,0,0
304099,2,2
405967,0,0
192765,2,2
306153,2,2
112200,1,1
10516,0,1
338936,0,2
402667,0,1
302555,1,1
172680,2,2
53690,2,1
376972,0,2
20840,0,2
282262,2,2
248862,2,2
284548,2,2
192774,2,0
277739,2,1
251169,0,0
193642,2,2
3236,0,0
106640,0,2
100642,2,2
261758,0,2
404983,0,1
284129,0,1
341300,2,2
81224,1,1
234264,0,0
333012,0,2
63302,2,0
154184,2,2
67136,2,2
252682,2,2
300376,2,1
279649,2,1
216661,0,0
278011,0,0
65212,0,2
174387,1,1
1035,2,2
364566,0,2
320648,2,2
347005,0,1
193514,0,0
9586,2,2
45048,2,2
161753,2,2
361494,0,0
175495,2,2
343328,2,1
73572,0,1
190916,2,0
204590,1,1
333240,0,0
18291,2,0
111795,2,2
220938,1,1
18061,2,2
115236,2,1
253932,1,1
249754,0,1
99552,0,2
237703,2,2
272363,2,2
6428,0,1
255090,0,2
391400,2,2
140358,0,2
170340,2,2
13452,0,0
366175,2,2
339120,2,2
215370,1,1
260839,2,2
252353,2,2
104246,2,1
367473,1,1
97029,1,1
146927,2,2
194678,1,1
322735,0,0
209934,0,2
347121,0,0
311738,0,2
324600,2,2
288143,2,1
86172,2,2
65572,2,2
88987,0,2
179946,0,1
102568,1,1
85639,2,2
266002,2,2
278339,1,1
43843,2,2
147882,0,1
55403,2,2
25990,0,1
96082,0,0
64449,0,0
13562,1,0
69204,2,1
259521,2,2
246565,0,2
192371,2,2
100644,1,1
320169,1,1
279263,2,1
403197,1,1
173365,0,1
346453,2,1
37545,0,0
400506,0,2
305358,1,1
306531,0,1
49920,2,1
172559,2,2
172479,2,2
179609,0,1
233048,0,2
205893,0,0
129816,2,2
175944,0,1
230791,2,2
318100,2,2
373223,2,2
231636,0,1
119688,1,1
329907,0,1
148902,0,2
190123,0,1
218694,2,0
13005,0,0
152952,0,0
170003,2,2
356741,0,0
995,0,0
174033,2,2
268703,0,1
82320,0,1
323372,1,1
237353,2,1
273666,0,0
368088,1,2
32207,0,1
15244,2,1
341622,2,1
384840,2,2
126365,2,2
275193,1,1
254513,0,2
50566,2,0
26681,2,2
385167,0,1
33459,2,0
287319,2,2
405325,0,0
110864,0,2
209648,0,1
366802,1,1
307780,1,0
95427,1,1
192884,2,0
303736,2,2
46265,2,2
351363,1,1
156317,2,1
259748,2,2
323700,2,2
307872,0,0
370320,2,2
344413,2,2
241636,0,0
331262,0,1
148961,1,1
401870,0,0
108239,2,0
354254,0,2
321183,2,2
278837,2,0
262962,2,0
402853,2,2
40904,2,2
143752,0,2
50657,1,1
60699,2,2
178537,2,2
89750,1,2
149050,2,2
306101,0,0
29728,1,1
339460,0,2
47401,2,2
10509,0,2
224377,2,1
231204,2,2
72185,0,1
132275,0,0
57623,2,2
5505,2,2
326286,2,1
61354,2,2
290239,2,2
125116,2,2
219649,2,2
377265,2,1
398657,2,2
86958,2,2
37282,0,1
44394,0,2
387756,0,0
349194,2,2
127015,0,2
14439,2,2
220311,2,2
233968,0,0
226779,2,0
151761,2,2
39899,0,0
313858,2,1
135899,0,0
90924,0,2
117254,2,0
380750,1,1
364131,0,1
269071,1,1
135095,2,2
188269,2,2
370761,0,0
365826,1,1
129604,2,2
259464,0,0
85518,2,2
264702,2,2
289368,0,0
391250,0,2
147047,0,0
293662,2,2
38298,2,1
94215,2,2
24415,0,2
143879,0,0
5671,0,0
101432,0,0
1493,2,2
303544,2,1
27637,0,1
397790,2,2
405196,0,1
373848,0,1
217810,2,2
301972,0,0
289027,0,2
92677,2,2
49088,2,1
382509,0,1
98166,1,0
34030,2,2
402720,2,2
281756,0,2
322011,0,0
325455,2,2
275125,2,2
138989,0,2
297717,0,0
39380,0,1
213147,0,1
37087,2,2
15709,0,2
359889,1,1
235068,0,0
215336,0,0
365830,0,2
279776,0,0
235435,0,0
225886,2,2
109639,1,1
117787,2,2
373877,2,1
353961,0,2
46877,2,2
393717,0,0
194224,1,1
296622,1,1
228982,2,2
215461,0,0
146372,1,2
116329,2,2
70126,2,1
154194,0,0
194862,1,1
12753,2,2
34805,0,0
365656,2,2
187531,0,2
230184,2,1
223727,0,1
284597,2,0
79073,2,2
318809,0,0
349741,0,2
323416,2,2
201107,0,1
185852,2,2
82385,0,2
11434,2,2
175383,1,1
252584,2,2
307676,1,1
303353,2,1
373753,0,2
208660,2,0
102840,0,0
25987,2,2
277936,0,2
327533,2,2
69871,2,1
335541,2,1
23104,0,2
388498,1,1
373723,0,0
76736,0,0
2872,2,2
210131,1,1
66711,2,2
13705,2,2
170067,1,1
54203,2,2
44191,2,2
381006,0,1
352599,1,1
104451,2,2
93699,0,0
288267,0,2
20390,2,2
233638,2,2
109062,2,2
313393,2,2
273753,2,2
165316,2,1
362042,1,1
21340,0,1
146764,0,0
363420,1,2
308830,2,2
82458,2,1
109135,0,2
395016,1,1
351102,0,2
278457,0,1
281447,2,2
225981,0,0
58843,2,2
340183,2,1
49258,2,2
212332,2,2
236600,1,1
208732,2,0
324527,2,2
271114,0,1
283798,1,1
75063,0,0
250191,2,1
287229,2,2
146215,0,0
185327,2,1
392422,1,1
246696,2,2
90671,2,2
139792,2,1
393890,2,2
231026,0,2
42444,0,0
318653,2,2
32339,1,1
107088,2,2
193318,1,1
248174,1,1
358977,2,1
364617,2,2
33297,1,1
31330,2,2
124322,1,1
184246,0,0
37316,2,2
281007,0,2
383867,2,1
144945,1,1
255076,1,1
297008,0,2
248165,1,1
151776,1,1
105254,1,1
337888,2,2
63408,1,1
17464,0,1
264676,2,2
305352,0,2
58537,0,1
159512,0,2
297064,2,1
112489,1,1
169322,1,1
43897,0,0
320715,2,2
176520,0,1
97090,1,1
366153,2,2
397797,0,0
364248,1,1
353358,1,1
293009,1,1
221540,2,1
168707,2,1
336802,0,0
55098,0,2
258320,2,2
340841,2,2
141894,2,2
139146,0,0
98342,2,2
66013,1,1
59449,0,2
100524,2,2
138063,0,1
286513,1,1
245544,0,2
119274,1,1
196401,0,2
3135,1,1
313575,2,0
90396,0,2
117328,0,2
391175,0,0
13056,2,1
219596,2,1
393522,0,0
219246,0,2
143115,2,2
200398,2,0
222470,1,1
311715,2,2
193953,2,2
214104,1,1
172940,2,2
67309,2,2
295923,0,1
293409,0,0
185692,0,1
161438,0,2
135244,2,2
183748,2,2
132978,1,1
232061,0,2
149651,2,2
338374,2,2
116075,1,1
163247,2,2
53411,1,1
82082,2,2
21380,0,2
205104,2,2
172464,0,0
79705,0,2
327463,0,0
190371,0,2
123445,2,2
148241,0,0
298273,2,2
44954,2,2
379884,0,1
355774,2,1
345409,0,0
87753,0,1
71831,2,2
328904,0,2
130165,2,2
131023,2,2
18930,2,2
259651,2,2
148889,2,1
293219,2,2
371612,0,2
16997,2,2
140491,2,1
87479,2,2
105150,0,0
73240,1,1
281212,0,0
344913,0,0
373785,2,1
347056,1,1
355022,0,2
1397,1,1
215554,1,1
110871,1,0
183550,2,2
214504,0,2
180498,2,2
5069,0,1
330826,1,2
373279,2,2
6931,2,2
399769,2,2
36024,0,2
48414,2,2
143036,2,2
172730,2,2
64584,1,1
120249,1,2
346159,2,2
228363,2,2
92543,2,0
307132,0,0
367259,2,2
155637,1,1
190472,0,1
135736,1,1
74107,1,1
141538,2,2
198002,2,2
290813,2,1
178513,0,1
171778,1,1
99182,0,0
239192,0,0
335632,0,2
166401,1,1
337564,2,2
175532,0,2
227263,1,1
312870,0,1
176481,1,1
169579,0,1
325907,2,2
178993,2,2
361324,0,2
235083,2,2
29358,0,1
108036,2,2
175291,2,2
63034,2,2
315574,2,2
224165,2,2
386780,2,2
49645,2,2
313196,0,1
341606,1,1
223268,2,2
179734,1,1
257544,0,1
83955,2,2
208790,0,0
302818,0,2
304442,2,0
248813,2,2
176434,0,0
274026,0,1
384771,2,2
1279,0,0
299237,1,1
293537,2,1
169981,0,0
29224,2,2
320912,0,1
123928,2,2
331300,2,2
303150,0,0
399475,2,2
176326,2,2
166180,0,1
114227,0,1
305895,2,2
186440,2,2
264116,0,0
191088,2,2
250485,0,0
181927,2,2
283975,2,2
298575,2,2
373475,1,1
117619,2,2
365456,2,2
129944,1,0
266107,1,1
80729,0,0
15443,2,2
302810,1,1
52492,2,2
351928,0,2
236092,0,0
63328,2,2
382512,2,2
80150,0,1
307666,2,0
150218,0,1
171985,2,2
348618,2,2
185798,0,1
317775,2,2
61901,0,0
26407,2,2
46816,2,2
373246,2,0
185630,0,0
12344,2,1
302841,1,1
231441,1,1
133646,1,1
357565,0,2
139753,0,2
404033,0,2
394009,2,2
91964,2,1
164869,2,2
136443,1,1
47243,2,2
284610,2,2
221233,2,2
392326,2,0
275496,2,1
150176,2,2
175164,0,2
339580,2,2
262420,0,1
85693,0,0
274744,2,2
85109,2,2
23708,2,0
162080,2,2
263856,2,2
68663,0,2
55189,0,0
191944,1,1
330154,0,2
401172,0,2
136605,0,1
312875,0,2
107049,0,2
209011,2,2
145790,0,1
32522,0,1
313404,1,1
113869,2,1
359206,0,0
259151,0,2
128346,1,1
185197,1,1
119413,0,2
54586,0,1
275696,2,2
271412,2,2
232945,0,2
137650,2,2
294270,0,0
275026,0,2
149884,2,2
115852,2,2
52015,2,2
336579,2,2
74539,0,0
37893,0,0
70425,2,2
263707,1,1
309866,2,2
187342,2,2
134111,0,0
263317,2,2
340137,2,2
180812,0,2
124272,2,2
343505,1,1
374331,0,2
196582,1,1
331969,0,0
157299,0,2
173346,2,0
196065,0,1
288987,0,2
215499,1,1
201451,0,2
252583,1,1
101077,0,2
66575,2,2
98353,2,2
148604,0,2
339769,2,2
251175,1,1
262711,2,2
250742,2,2
365531,0,2
172018,0,2
383945,2,1
379039,1,1
331256,0,2
234064,1,1
235660,0,2
296096,2,2
318543,2,2
57250,2,2
127549,2,2
24168,2,2
246303,2,2
114574,0,1
2394,1,1
233865,0,0
122582,0,1
376872,0,0
290856,0,2
250939,2,2
170747,0,0
114363,1,1
95768,2,2
189694,1,1
394798,1,1
217006,0,1
34002,1,1
179780,2,1
48679,0,0
381170,2,2
90690,2,2
226675,2,2
69425,0,0
22524,0,2
108793,0,0
13077,2,2
118596,2,2
94286,2,2
279875,0,0
135729,0,0
269126,0,1
329380,1,1
251351,1,1
397094,2,2
248694,0,2
372987,2,2
307718,0,1
269374,2,2
60273,2,1
119646,2,0
111889,2,0
370581,0,0
400221,2,2
230803,1,1
96123,0,2
176200,0,0
190537,2,1
292126,2,2
397679,2,2
364295,1,1
403752,0,2
339728,0,0
7472,2,2
94298,2,2
148484,0,0
308079,2,2
297459,1,1
283222,2,1
3621,0,2
58976,0,1
311106,0,2
83727,0,1
98929,1,1
353978,2,2
368795,2,2
117998,1,1
350437,0,1
387403,0,0
88237,2,1
14593,1,1
115322,1,1
37708,2,2
354392,0,2
142130,0,2
55904,2,2
354366,2,2
194761,0,2
89645,0,2
87010,2,2
229023,2,1
151084,0,2
335307,2,2
106839,2,2
176941,0,0
327058,0,2
188035,1,1
49275,0,2
264927,2,2
399608,0,2
202574,2,2
115082,1,0
150984,0,0
87948,2,2
328221,2,1
97678,0,2
161392,0,1
388712,2,2
20484,2,2
3598,2,2
375553,1,1
319649,0,2
310301,0,1
396510,1,2
171717,2,2
112276,0,0
371606,0,2
345291,2,1
90744,0,1
390548,2,2
331966,1,1
278942,1,0
128722,2,2
57554,0,2
3447,1,1
240283,2,2
352568,0,2
343042,0,0
128711,2,2
122631,2,0
14750,0,1
299446,2,1
133477,2,2
24005,2,1
156263,0,2
348982,0,1
268181,0,1
233405,2,1
82130,0,2
274398,2,1
346186,2,1
302340,2,2
187115,2,2
181644,0,1
68312,2,2
187565,2,2
7694,2,2
95056,2,1
279520,0,0
372565,2,0
292015,2,0
302470,2,2
83124,2,1
274929,1,1
74096,0,2
385992,2,2
275781,0,0
340270,1,1
381717,2,2
255637,2,2
234581,0,2
308803,1,1
380746,2,0
372373,2,2
225421,0,2
9360,2,2
205839,0,1
372390,2,2
286374,0,1
383571,0,2
186322,0,2
221221,0,0
331970,1,2
151860,2,2
291054,2,2
292039,0,0
201152,0,0
130430,2,2
76668,2,1
376178,0,2
341698,0,1
155114,2,2
187373,0,1
393770,0,0
169160,2,2
232726,2,1
120063,0,0
54534,0,2
42125,2,2
345237,1,1
190386,0,0
93896,1,1
375459,2,2
301868,1,2
268484,2,0
12327,2,2
33886,0,0
27799,2,2
228124,0,0
28586,1,2
164076,0,1
12114,0,2
114670,1,1
343886,2,2
37439,2,2
239459,0,2
10807,0,0
98731,2,0
233258,1,1
194097,0,2
327028,1,1
215700,1,1
60758,1,1
81755,2,2
177561,2,2
28246,2,2
237910,2,2
172769,0,0
110334,0,0
206259,2,2
160433,0,2
220361,1,1
101277,1,1
113263,0,0
362924,0,0
245699,2,2
394456,0,0
33907,2,2
165040,0,2
341733,2,2
406189,2,1
217480,1,1
403608,2,0
327424,0,0
181270,1,1
161312,1,2
126239,0,2
221875,0,1
265121,2,2
40472,2,1
229531,0,0
211168,2,2
195862,0,2
49442,0,1
221198,0,0
107362,2,2
144951,2,0
257268,0,0
147948,2,2
19397,2,2
224500,1,1
47685,0,2
169919,2,2
354898,2,2
354512,0,0
63723,2,2
52682,0,1
31938,2,2
92484,0,2
383949,2,1
248940,2,2
164242,0,1
140435,2,2
372399,0,2
323963,0,0
58379,0,0
308380,1,1
211449,0,2
183990,0,0
142326,2,2
356175,2,2
50528,0,1
188174,0,0
385955,2,2
387891,2,2
2655,0,2
61322,1,1
64925,0,1
311267,0,0
33386,0,0
340425,1,1
186267,0,2
341321,2,2
121190,2,2
257557,0,2
10295,0,2
381478,2,1
302661,2,1
386566,2,1
106740,2,2
212698,2,1
387142,2,2
137592,2,0
174978,2,2
320292,0,0
388579,2,2
153799,1,1
236337,0,0
287519,0,2
341680,0,1
256297,2,2
183305,2,2
160992,0,1
152310,2,1
171284,2,2
141779,0,0
316307,1,1
297801,2,2
253883,0,0
31430,0,1
149420,2,2
328414,0,2
124087,0,1
243905,2,2
300410,0,0
29590,0,1
79577,0,2
297735,0,1
100672,2,0
33565,2,1
125827,0,2
251811,0,0
168418,0,2
391437,2,2
316467,0,0
79115,0,0
326237,2,1
200154,0,1
120864,0,1
257737,2,2
301654,2,2
391643,2,2
71081,2,2
329759,2,1
116300,2,1
292052,0,0
337980,2,2
84446,1,1
294662,0,1
82081,0,2
268546,2,0
21671,0,0
173697,0,1
298132,0,0
108730,0,2
84153,0,0
235609,1,1
274477,0,0
237554,0,0
182030,0,2
279070,1,1
325745,0,2
82290,0,2
75080,0,2
330865,1,2
293614,1,1
280188,2,2
406227,2,2
164250,2,2
302313,0,2
300385,1,1
138469,1,1
150014,2,2
199182,2,1
8035,2,2
235222,0,2
39866,0,2
169042,2,2
231609,0,0
188325,1,1
71631,2,1
74006,2,2
187642,2,2
388233,0,0
344970,2,2
215504,0,0
269237,2,1
67235,2,2
56776,2,2
175551,1,1
190857,0,0
211359,0,2
140844,1,1
92371,0,2
157725,0,0
383398,2,1
187416,0,2
379348,2,2
22068,0,2
225247,2,2
248353,2,0
310363,2,2
291368,0,1
82270,1,1
254228,0,1
17581,0,2
104758,2,2
291546,2,2
197746,1,1
37759,1,1
30467,0,1
154040,1,1
6134,1,1
42372,2,2
152912,0,0
213035,2,1
392592,0,0
45797,0,1
338670,0,1
167330,2,2
373620,2,2
156584,2,2
32847,1,1
72193,1,1
216866,2,2
164031,2,2
295127,2,1
44082,0,2
268379,2,2
80260,0,0
267188,1,1
253679,2,1
273337,0,0
247431,2,2
94902,2,2
231504,0,2
164403,1,1
296200,2,2
18757,1,1
361168,2,2
226886,0,2
92739,2,2
176657,0,2
113156,1,1
215997,0,0
335369,2,2
237094,2,2
183887,0,2
364753,1,1
55597,2,2
4651,2,2
269482,0,1
129241,0,1
35379,0,0
9978,0,0
218117,0,0
230462,0,0
333220,2,2
230944,2,2
309227,2,2
194964,0,2
277971,2,2
16288,2,2
357552,2,2
317352,0,2
319101,2,2
307820,2,2
283610,0,1
308151,2,2
117971,1,1
370507,2,1
169095,0,1
372461,2,2
44461,2,0
180253,0,2
347763,2,1
337464,1,1
351064,2,2
248503,0,2
2782,1,1
288619,1,1
163102,2,1
102536,1,1
310999,2,2
168915,2,2
220750,0,2
332959,2,1
48756,2,1
153428,2,2
365250,0,1
214525,2,2
185482,2,2
150852,0,1
54246,0,1
126763,0,2
271430,0,2
19920,0,0
83846,2,0
351305,0,1
3186,0,2
377683,0,2
343136,2,2
202790,0,2
326520,0,0
285494,2,2
128414,2,2
373345,0,2
65647,2,1
133576,0,2
71723,2,1
222249,1,0
121817,1,1
168415,1,1
45452,2,2
86405,2,2
366224,0,0
346025,0,0
157330,2,2
19243,2,1
69060,2,1
13090,0,1
325106,2,2
109649,2,2
301001,0,2
259527,2,1
27196,2,1
92815,2,2
322345,2,2
334868,0,1
222010,0,2
159888,2,1
40858,0,2
97923,2,1
189427,2,1
361606,0,0
256059,0,1
176158,0,1
188943,1,1
271518,0,0
65713,0,2
316523,0,2
58292,2,1
212964,2,0
335181,2,2
160536,0,2
53260,2,2
268308,2,2
301421,0,1
39547,2,2
397315,2,2
156763,0,1
282292,2,2
210342,1,1
274780,2,2
119055,1,1
23147,0,0
199954,0,1
85948,2,1
400687,0,0
347036,1,1
244012,2,0
311532,0,1
393698,0,1
265226,0,1
248623,1,1
258029,1,1
243051,0,1
36616,2,2
62394,1,1
371710,2,2
129097,2,2
129836,0,0
15787,2,0
337282,2,0
74624,0,2
164842,2,2
145904,0,0
392864,2,1
255858,1,1
320183,1,1
208711,0,2
202454,0,2
199014,0,0
157055,0,2
192038,2,2
192412,1,1
65013,1,1
334714,2,2
263484,1,1
95023,2,2
292758,2,1
265257,1,1
166912,2,2
341214,2,2
222514,0,2
219977,2,2
106268,1,1
55318,2,1
40849,2,2
278034,2,2
144622,2,1
346156,0,0
369635,1,1
169607,0,0
191341,2,1
264168,2,2
220577,2,2
8547,2,2
273303,0,0
356499,2,2
350905,1,1
172716,2,2
18074,0,2
331134,2,2
361115,2,2
152826,2,2
279746,2,1
149080,2,2
108842,0,0
229074,0,0
342758,1,1
143590,2,2
165046,0,2
188613,0,2
85474,0,0
179928,2,2
248279,1,1
192450,1,1
212370,0,2
262516,0,0
14378,0,2
401287,2,2
347643,2,2
81110,0,2
191348,0,2
60215,2,2
190745,2,2
218605,0,0
125748,2,2
67428,0,2
215794,2,1
180137,2,2
239388,0,2
212390,0,2
84465,1,1
385904,2,1
182645,1,1
324507,0,2
307583,0,0
73195,0,0
291261,2,2
230384,2,2
66995,1,1
216043,0,2
298959,2,2
346986,2,2
94221,0,2
43972,0,0
232656,2,2
6678,2,2
31732,1,1
295185,2,2
284783,2,1
17040,0,1
111955,2,2
89431,2,2
341465,2,2
335787,1,1
381239,0,1
234687,1,1
276920,1,1
6235,0,2
278230,2,2
11088,0,0
230141,2,1
269273,0,2
356974,1,1
254909,0,2
327605,0,1
174595,1,1
193218,2,2
236666,2,2
22929,1,1
287783,2,2
350739,1,1
82350,0,2
388930,2,2
125197,0,1
710,0,0
175594,0,0
177958,2,1
325485,2,2
261436,2,2
101071,0,0
320221,1,1
294999,0,1
90195,2,2
150452,1,1
32436,2,2
325870,0,0
405329,1,1
167033,1,1
321605,2,0
374638,2,0
393941,0,0
190895,0,1
384449,2,1
218253,2,2
227289,0,2
333782,0,0
120552,0,2
53426,2,2
94276,0,2
213665,0,0
254056,2,2
242106,0,0
371633,2,2
276298,0,1
280674,0,0
384495,2,2
88865,1,1
50132,0,0
308596,2,2
66254,0,0
7288,1,1
364433,0,0
277750,2,1
85259,0,1
153430,0,0
145887,2,2
119803,0,0
404901,0,0
260056,0,2
200342,0,2
261376,2,2
118085,1,1
297868,0,0
340773,2,2
249775,2,2
337227,2,2
147610,0,2
351747,0,2
385789,0,2
365470,2,2
365129,0,0
320057,0,1
315209,2,2
32949,1,1
33032,2,2
122971,0,2
243350,2,0
388000,2,2
232884,2,2
380486,0,2
144957,2,2
397594,0,0
187893,2,2
335646,2,1
20174,0,1
229691,0,0
45199,2,2
55822,2,2
7796,2,2
154013,0,0
185741,0,1
261035,0,2
107258,2,2
129692,2,1
238494,1,1
281602,2,1
66145,1,2
140378,2,1
342960,0,1
86265,0,0
251852,2,0
231237,2,2
303248,1,1
48608,1,1
231675,2,2
405994,2,0
278980,0,0
36172,0,2
387724,2,2
265804,1,1
46493,0,0
131273,2,2
131529,0,1
73299,0,0
128915,2,2
399040,2,1
193905,1,1
302652,0,1
90940,2,2
304175,1,1
155582,2,2
200639,2,2
206160,2,2
118298,2,2
251608,0,0
334061,1,1
36260,0,2
334885,2,1
251997,1,1
83266,0,0
94764,2,2
384972,2,0
121314,2,1
228459,1,1
184385,2,2
16786,2,2
380213,2,1
179069,0,0
270894,1,2
86113,2,2
312734,0,2
270055,2,2
327469,0,2
17932,2,2
361004,2,2
13185,0,1
285809,2,2
228791,0,2
331225,0,1
343195,1,1
48114,0,2
299887,0,0
228301,2,2
109244,2,1
58703,2,1
364922,2,2
356555,0,0
48800,0,0
263256,0,0
92793,0,1
333899,0,2
202705,2,2
70577,0,0
307239,0,0
359080,2,2
379482,2,2
227571,0,2
35690,0,0
300240,0,2
399679,0,2
111973,2,2
94660,0,1
173046,1,1
55579,1,1
342983,2,2
239705,2,1
39053,2,2
275119,2,2
151867,1,1
19200,2,2
285140,2,2
152555,1,1
44975,2,2
67499,2,2
386805,2,2
147250,0,2
255366,1,1
188580,0,2
350860,2,1
114484,2,2
110895,2,2
389440,2,2
150756,0,2
145621,2,2
349136,1,1
382749,0,2
161144,1,1
106029,2,0
295967,2,2
242823,0,0
185444,0,1
211408,1,1
194321,0,1
282974,2,0
23454,0,2
52036,2,2
319046,0,2
79440,1,0
171106,2,2
101041,1,1
21464,2,2
230107,0,0
88484,2,2
271103,2,2
58764,2,2
56598,1,1
371504,0,1
128796,2,2
379506,2,2
43586,1,1
51812,2,2
117827,2,2
21872,2,2
75623,0,2
273934,1,1
223598,1,1
391139,0,0
156813,2,2
144203,1,1
341103,2,0
339381,2,2
92619,0,0
210171,2,2
38766,2,2
383233,2,2
7797,2,1
329096,2,1
306830,1,2
221167,0,0
136220,2,2
376743,2,2
400813,0,0
122737,0,1
394333,0,1
56754,0,1
383779,0,1
27521,0,2
275802,2,2
90652,2,1
84608,2,2
286110,2,2
67400,0,2
149093,0,0
273723,2,2
380293,0,2
305220,2,2
242964,2,2
46391,0,2
344153,0,0
27353,2,2
364162,1,1
83576,0,2
34853,2,2
253121,2,2
38343,2,2
147094,0,2
138605,2,1
327966,2,1
45581,0,1
177384,1,2
284058,1,1
48100,2,2
160167,1,2
70529,0,0
382854,1,2
83822,2,2
959,1,1
166350,2,2
40709,0,1
315210,2,2
59015,2,2
334553,1,1
395018,0,2
26705,1,1
225525,2,2
199791,0,2
146319,2,2
50678,2,2
403335,2,1
251303,2,2
41596,0,0
324713,0,0
384331,2,2
379238,2,2
85972,2,1
118048,0,2
18968,2,2
344842,2,2
160478,0,2
178833,0,1
364684,2,1
357483,2,2
247960,1,1
44446,1,1
288606,2,2
261953,2,2
295068,0,2
174627,0,2
229511,0,0
282251,0,2
250150,0,1
215917,2,2
155025,2,1
117107,0,1
281064,2,2
61960,2,2
144632,2,2
276033,2,2
154479,2,0
337122,0,0
390607,2,2
273989,0,0
76293,1,1
313640,1,1
114798,1,1
97716,0,1
132324,2,2
99985,1,1
153542,2,2
288264,0,0
92794,2,2
240222,0,1
236818,2,2
135531,2,2
191835,0,1
364941,0,2
107502,2,1
321146,0,0
354463,0,0
334845,0,0
33756,0,2
403760,2,2
167766,0,1
315019,2,2
91624,0,0
17661,2,1
360837,2,2
41502,0,0
156515,0,2
31206,2,2
308783,2,2
122063,2,0
169748,2,1
139650,2,2
282794,0,2
133201,1,1
329803,0,1
228334,2,2
336615,2,2
174832,0,0
201081,1,1
351529,2,2
33405,2,2
40753,2,2
350000,0,1
101291,1,1
271549,2,2
225123,0,2
253393,0,0
193671,0,2
327055,2,2
361847,2,1
310089,1,2
200946,0,0
43571,2,2
260006,2,2
310561,2,2
298395,1,2
219693,2,2
15343,2,1
298331,2,2
280939,0,2
403358,2,2
353374,2,2
126857,0,2
56606,2,2
51249,2,2
161650,1,2
259924,1,1
244927,1,1
387780,2,2
62493,2,2
26016,2,2
189730,0,0
110896,0,2
397805,2,2
281783,2,2
14644,1,1
340923,2,2
314986,2,2
83849,2,1
301938,2,2
255521,2,2
135106,2,2
25401,0,2
280565,2,2
397304,2,1
401763,1,1
187658,0,2
201078,0,0
173817,0,2
247140,0,0
397023,2,2
374922,2,2
45475,0,2
58334,0,1
65141,2,2
255085,2,1
88766,2,2
99375,1,1
183336,0,1
149139,0,2
302798,0,0
346673,0,0
262903,2,2
149686,1,2
177294,2,2
72002,2,2
251644,2,2
135530,1,1
65488,2,2
362810,1,1
132768,2,1
314345,2,1
199106,0,1
99285,1,1
16572,1,1
386289,0,2
392477,2,2
241447,0,1
21256,0,2
352928,1,2
165586,2,2
390079,2,2
139799,0,2
6729,1,1
104199,2,2
264208,2,2
7349,2,2
142699,0,0
54685,2,2
178306,2,2
229784,2,1
395240,2,2
288593,0,1
73088,1,1
203303,2,1
18613,0,0
295140,1,1
97057,2,1
302392,2,1
308222,2,2
21495,1,1
300329,2,2
323390,2,2
155204,1,1
116763,0,0
399314,0,2
173166,2,1
106724,2,2
113217,1,1
392730,1,1
121934,0,2
391932,0,2
237860,2,2
188678,1,1
277439,2,0
171558,1,2
373864,2,2
158572,1,1
105222,0,1
358776,0,0
26412,0,1
165865,1,1
107918,2,2
6563,0,0
15436,0,0
23897,2,2
19206,2,0
265385,0,1
318457,0,2
85511,2,1
295564,0,0
16074,0,2
342472,0,1
245204,2,1
402540,1,1
165710,2,2
244286,1,1
72292,1,1
398337,1,1
117948,0,1
303029,0,2
85502,2,2
209013,1,1
154561,2,2
245317,1,1
358083,0,0
350811,2,2
118951,0,2
289793,1,1
284408,1,1
346431,2,2
375989,0,2
77889,2,2
254278,1,2
180180,0,0
52418,2,2
146027,2,2
153766,2,2
54610,2,1
166988,0,2
179104,0,0
396917,2,2
10258,2,1
344552,0,2
12695,2,2
389527,1,1
298640,2,2
287663,2,2
333058,0,2
359432,1,2
139678,2,2
209308,2,0
193037,1,1
228738,2,2
382385,0,2
401963,0,0
161795,0,0
85326,0,1
375196,0,1
142286,0,2
198527,0,2
306740,2,2
323541,0,0
55321,1,1
394596,0,2
278567,1,2
359286,0,2
325521,1,1
110552,2,1
2798,0,0
169863,2,2
1318,1,1
401824,2,2
237584,1,1
321981,2,2
257471,0,1
312864,0,0
15897,2,2
224710,2,2
230239,0,2
248912,0,2
237759,1,1
23646,0,2
203007,0,0
232038,2,2
334931,0,1
246999,2,2
9928,0,0
22739,2,2
5260,2,1
195796,2,2
168012,2,2
93919,0,2
124658,2,1
314143,0,1
381896,2,2
29337,0,0
277753,0,1
85210,0,1
312004,2,2
41246,0,2
99116,1,1
218579,0,2
347847,2,2
271512,2,0
196424,0,2
348002,2,2
261438,2,2
51683,0,0
396114,2,1
36034,2,2
130482,2,2
404019,2,2
161446,0,2
342222,2,2
398804,2,2
149737,1,1
27708,0,0
340229,2,2
110444,1,1
398380,2,2
80462,2,2
173188,0,2
165927,2,1
45520,0,0
21652,0,2
25217,2,2
164255,0,2
52215,2,2
266615,2,2
29477,2,2
272158,1,1
109097,1,2
400848,2,2
147717,2,1
142410,2,2
69014,0,0
271613,2,0
95081,0,2
43675,0,1
168098,2,2
232138,0,1
187185,2,2
19455,1,1
214807,0,2
315440,0,1
346872,2,1
123311,0,1
398832,2,2
14065,1,1
56704,0,1
341210,2,2
183900,2,0
69228,2,1
213752,0,2
380878,0,0
233537,1,2
136815,2,2
9400,1,0
258517,2,1
52074,0,2
2951,2,2
198303,2,0
103936,2,2
213573,0,0
18791,2,2
156581,0,2
384980,0,1
388599,1,1
24641,0,2
236305,2,0
126206,0,0
144564,2,0
243343,1,1
378290,2,2
389104,0,2
296440,2,2
332893,0,1
355954,1,1
348326,2,0
239333,2,2
52951,2,0
132305,2,2
142902,0,2
223461,1,1
324027,2,1
1600,2,2
19689,0,0
101872,1,1
32230,2,2
402574,2,2
372900,0,0
49887,2,2
197656,2,2
105660,2,2
248453,2,1
292130,0,2
138248,0,2
277661,1,1
225832,0,2
119589,2,2
91097,0,2
403136,2,2
81724,0,0
244002,2,2
167901,2,2
395720,2,2
259496,2,0
130005,1,1
366747,2,2
398109,1,1
76073,1,1
305651,0,1
126065,2,2
336536,0,2
265627,2,2
334221,2,2
377952,2,0
192991,0,2
169231,2,2
280924,1,1
211069,2,1
20508,2,2
314215,2,1
218119,2,2
124478,0,2
184100,2,2
292241,2,2
125303,1,1
22331,1,1
101332,2,2
306520,0,2
328278,0,2
332669,2,2
289559,2,2
231025,2,2
322126,0,0
124514,2,2
25734,1,1
102869,2,2
377254,0,0
37936,0,1
168211,0,2
128901,2,2
334007,2,1
222358,2,1
218445,0,2
361218,2,0
216245,1,1
286041,2,2
353809,1,1
398927,0,1
163592,2,2
193406,2,1
136534,0,2
207814,2,2
36533,0,1
90567,0,2
21388,2,2
245853,2,2
316970,2,2
42911,2,1
389208,2,2
106234,2,2
173675,0,0
273968,2,1
395990,0,2
249289,2,2
65863,2,1
180745,1,1
129621,2,2
335035,2,1
227760,1,1
275069,0,2
251463,2,2
391450,2,2
2304,2,2
133840,0,0
278870,0,0
48909,2,2
390778,0,1
96296,0,2
204652,1,1
135180,0,0
240822,2,2
14931,0,2
138265,2,2
281903,2,2
352645,2,1
118295,0,2
348495,2,2
236481,1,1
291108,0,1
232883,0,2
85709,1,1
313757,0,2
390749,1,1
235901,2,2
258299,0,2
234773,2,2
112947,2,2
149690,2,2
353720,1,1
259215,2,2
173465,2,2
96404,2,2
284852,2,1
200657,0,2
113185,2,2
130020,0,2
217205,0,2
162139,2,2
34170,0,2
243517,0,2
103577,1,1
128879,2,2
59936,0,2
373554,2,2
326526,0,2
139170,2,0
272279,2,1
187037,1,0
315620,2,2
115183,2,2
29490,2,2
10562,0,2
323315,0,1
65776,0,0
73083,0,1
84410,0,2
99547,2,2
60970,0,1
311271,0,0
158804,2,2
223121,0,0
164507,0,2
185098,1,1
299110,2,2
107068,0,1
216066,2,1
332282,2,1
304903,1,1
10681,0,0
94934,2,2
215706,0,2
253187,2,2
297959,0,2
369650,2,1
382837,0,2
142511,1,1
111465,2,2
277899,2,0
149589,0,2
104462,2,1
174616,0,2
87487,0,0
207447,2,2
112600,1,1
255640,0,2
271604,0,0
43604,0,0
189379,0,2
1728,1,2
312733,1,1
313558,2,1
301692,2,2
46085,2,2
101726,2,2
36447,2,0
249793,0,0
363841,1,1
354947,1,1
116432,0,2
280127,2,2
157087,1,1
62605,2,2
251084,2,2
56687,0,2
359495,0,0
27580,2,1
347174,1,1
276387,2,2
213623,0,1
21638,0,0
236982,1,1
162208,1,1
7869,1,1
338892,2,2
328735,2,1
377648,2,1
350361,2,2
377847,0,2
197111,2,2
180827,2,2
207901,2,2
336803,1,1
54380,0,2
158370,0,2
65742,0,1
119603,0,0
178569,2,2
365553,0,1
138031,1,0
108089,2,2
122244,2,2
253873,1,1
334756,2,1
132637,2,1
62497,2,2
363725,0,2
301025,0,0
279981,1,1
184389,2,1
330119,0,0
9351,1,1
292291,0,2
266518,2,1
18237,0,0
63571,1,1
181040,2,2
263499,2,2
320208,2,2
58906,0,0
345731,0,2
300080,0,2
391,1,1
137231,2,2
164110,1,1
33117,2,2
170647,0,2
210812,2,1
370374,0,2
158763,0,2
361720,1,1
327695,1,1
210311,2,2
286504,2,1
194235,2,2
106928,2,2
240986,1,1
341793,1,1
255015,1,1
153065,0,2
158418,2,2
390104,2,2
148842,0,0
223108,0,1
384299,0,1
312094,2,2
215515,0,0
104858,0,2
11726,2,2
270474,2,2
252120,2,2
370236,0,2
197561,1,1
179944,2,2
400961,2,2
87602,1,1
207864,2,2
251944,2,2
157026,0,1
132212,2,2
161538,2,2
231925,0,1
65446,2,2
211885,2,0
212512,2,2
70307,0,0
25988,1,1
248673,2,2
340796,2,2
107572,0,1
341205,2,2
311985,2,2
253364,1,1
205515,0,0
336716,1,1
275874,2,2
93379,0,2
220629,2,0
232650,0,0
340125,1,1
54735,2,2
347714,1,1
227524,2,2
5373,0,2
318078,0,2
282661,0,0
155736,0,2
315738,2,1
198179,2,2
278282,0,2
327263,2,2
207358,0,1
146120,0,1
279309,0,2
370187,2,1
182580,1,1
276302,2,2
266283,1,1
83160,2,1
201085,2,2
108569,0,0
42168,0,2
311243,2,2
334982,2,2
207564,2,1
151089,1,1
335976,0,0
221585,0,0
90504,2,1
398316,0,1
134840,0,2
224513,1,1
183866,1,1
347514,0,0
224603,1,2
173319,0,0
68164,2,2
262656,0,0
91315,2,2
382742,2,2
336162,0,1
298826,0,1
42009,2,2
263004,2,2
116567,2,2
393430,2,2
51083,0,1
7676,0,0
6703,2,2
337875,2,1
359263,0,0
374286,0,0
350146,2,2
175815,0,2
256719,2,2
238341,2,1
269193,0,1
229235,2,1
273664,2,2
112368,2,2
125058,0,2
328574,2,1
355986,0,2
82283,2,2
64102,0,2
75850,2,2
227601,1,0
4226,2,2
136990,0,1
387447,2,2
168191,0,1
167638,0,0
365004,0,1
182612,1,0
108537,2,1
328092,0,0
209475,1,1
123146,2,2
352605,0,2
251907,1,1
270727,0,0
181506,1,1
242032,2,0
161086,1,1
274639,2,2
52972,2,1
163587,0,0
63929,0,2
111856,2,2
388705,2,2
94242,2,2
221335,0,0
184279,2,2
156092,2,2
8359,2,1
354767,0,1
215632,0,1
103245,0,1
39253,2,2
28424,2,1
156258,1,1
5729,2,1
240605,2,2
61053,2,2
114706,2,2
211530,0,2
137628,2,1
298308,2,1
346759,2,2
284169,0,0
352857,1,1
345099,2,2
94144,0,2
354034,0,0
351875,2,2
360794,0,2
145845,2,1
69253,2,2
179535,0,0
371676,1,1
358107,1,1
55842,1,1
59371,1,1
113324,0,2
268041,0,1
138020,1,1
236354,0,1
18540,0,1
262836,0,0
137354,2,1
228009,2,2
256039,2,0
349543,0,1
54057,0,0
152800,0,2
249585,0,0
158055,2,2
355572,0,1
234971,0,1
28822,0,0
352751,0,1
314359,1,1
363156,2,2
113700,2,2
90427,2,1
33778,2,2
120242,0,0
321174,0,2
389037,1,1
294421,2,1
283666,2,1
19311,2,2
212421,2,2
143999,0,0
274115,2,1
206773,2,2
258714,2,1
45167,1,1
345165,0,2
305307,2,1
393147,2,2
310407,1,1
192109,2,2
306612,2,1
151423,1,1
163532,2,2
304520,2,1
5351,1,2
92756,0,0
263706,2,2
93847,0,2
328848,2,2
29217,0,1
143729,0,0
384810,2,2
177541,0,1
88757,0,2
199143,2,2
392851,2,1
286871,0,2
107229,2,2
117221,1,1
154253,1,1
370289,1,1
101636,2,2
62876,2,0
116898,0,2
397813,1,2
136117,0,0
66739,2,2
214324,0,0
226393,2,1
357253,1,1
93505,2,2
363615,0,0
306186,2,2
319721,0,1
375810,0,0
303390,0,0
43833,0,0
123371,2,2
58384,2,2
226956,2,0
196094,0,2
247567,0,0
284091,0,2
131341,2,2
15132,2,2
251442,0,2
80768,0,1
107346,1,1
295415,2,1
80353,1,1
352464,2,2
200765,1,1
60243,2,2
110705,0,2
155591,2,1
338320,0,0
159366,0,1
69084,0,2
8953,2,2
281031,0,0
267801,2,2
313159,0,0
198205,1,1
366987,0,0
42399,2,2
287597,0,1
162905,1,1
397064,0,1
139246,2,1
367751,2,2
355453,2,2
347386,2,2
142452,0,2
259820,0,1
246187,0,1
270925,2,2
290462,0,2
351904,0,1
309543,1,1
212433,2,2
211914,2,2
41421,2,2
305848,2,1
324930,1,2
44079,0,0
181870,2,2
87505,0,1
331957,2,2
372982,0,0
50490,0,2
133821,0,2
395257,0,0
368038,2,2
104756,2,2
117755,0,2
286936,2,2
117913,0,2
204661,0,2
300195,2,1
290171,0,0
321907,1,1
237926,2,2
311059,0,2
84943,2,2
146946,1,1
36255,0,2
248073,0,2
166689,1,2
101025,2,2
287699,2,2
192502,2,2
34606,2,2
342583,2,1
42600,1,1
182695,1,1
197506,2,1
253396,2,2
214453,0,0
398522,2,2
75062,2,2
308349,0,1
292028,0,0
369114,0,1
132686,2,2
254082,0,0
236216,2,1
390379,2,0
384093,0,0
122778,0,0
76281,0,1
351438,1,1
4591,0,0
66144,2,2
391894,0,2
374689,0,2
295537,0,0
73993,2,2
286487,0,0
115834,0,2
376350,0,2
75774,0,2
243992,0,2
207781,2,2
301466,0,0
343920,0,2
342449,2,0
8087,2,2
105860,0,2
283518,1,1
18433,2,2
182363,0,1
217499,2,2
404116,1,0
185132,1,1
126543,1,1
282461,0,2
339068,0,2
138374,1,1
173228,1,1
172296,0,2
317061,2,1
319815,2,2
380223,0,1
266839,0,1
73156,0,1
118376,1,1
145552,0,2
132586,2,2
34829,0,1
36435,0,0
81061,2,2
175243,1,1
61647,1,1
287240,1,1
236299,2,2
22877,0,2
121670,2,2
30282,0,1
78957,2,2
120265,0,0
112976,2,1
140592,2,2
320225,0,0
98704,0,2
55031,2,2
357684,2,2
329126,2,2
334005,0,1
169433,0,1
179644,2,2
235918,0,0
387441,2,2
148986,0,0
82678,2,2
386582,1,1
5376,0,0
241803,2,1
97412,0,0
263478,0,0
363186,2,2
397871,0,1
297641,0,1
121749,0,0
182795,0,0
184952,2,2
282829,1,1
284612,0,1
1496,2,2
281634,1,1
118215,0,0
114209,1,1
204397,0,1
64146,0,2
129140,2,2
251240,2,2
93222,0,1
161159,2,2
172034,0,1
254549,0,2
79480,2,2
280655,1,1
21592,2,2
154831,0,1
109191,2,2
356095,0,0
152008,1,1
116864,2,2
276583,0,2
319475,1,1
303299,2,2
209103,0,1
99613,0,2
320562,1,1
259927,0,0
165864,2,2
120435,2,0
74375,2,2
132253,1,1
4796,1,1
42018,0,2
63952,0,2
400381,2,2
70215,1,1
351983,2,2
329689,2,2
28015,2,2
215048,1,0
124571,0,1
161106,0,1
300341,1,1
365193,0,0
231676,2,2
295773,2,2
102316,0,1
193080,0,0
367138,0,1
291423,0,2
149027,2,2
395164,0,2
329573,2,2
248014,2,2
196496,2,2
331266,0,1
211838,1,1
342457,2,2
39258,2,2
344679,0,0
232438,2,2
356479,2,2
156765,2,2
183014,2,2
143534,0,1
349139,0,1
263727,2,2
393443,1,1
250592,2,2
156847,1,1
27498,0,0
210972,0,2
346429,2,2
313009,0,1
30937,0,0
151173,2,2
357604,0,1
251261,1,1
338963,1,1
168768,1,2
295621,1,1
370753,2,1
389737,0,0
319147,0,1
303823,0,2
83969,2,0
32667,2,0
239545,1,1
31284,0,2
146231,0,1
244459,1,1
169541,0,0
199292,0,0
203737,1,1
283414,1,1
79289,1,1
109035,0,2
101841,2,1
41009,2,2
125048,1,1
309590,0,2
318598,2,0
168724,1,1
73402,0,0
196611,2,2
286181,2,1
235165,2,2
371376,2,2
343873,2,2
166097,1,1
41304,0,0
368715,0,2
8642,0,0
263168,2,2
243055,1,1
264254,2,2
270468,0,2
390078,2,0
337916,0,0
373833,1,1
73735,0,2
224546,0,1
369902,0,0
382331,1,0
215411,0,2
351593,0,0
198372,2,1
341113,2,2
356518,0,0
262279,1,1
84674,0,1
276459,2,0
150250,0,0
158585,0,1
45134,1,1
341699,1,1
377140,0,2
206812,0,0
54359,2,2
304901,1,1
191085,0,1
264772,2,2
9947,0,0
251320,0,2
25935,0,2
103173,2,0
49497,2,2
101860,2,2
62307,0,1
299074,2,2
403059,0,0
91936,0,1
31734,0,2
205060,0,2
179757,2,2
316963,0,2
358985,2,2
245856,1,2
187499,0,2
211953,2,1
371941,1,1
358484,0,1
19016,2,0
310289,0,1
74766,2,2
330753,0,1
56357,2,1
81888,0,0
97509,0,1
57699,0,2
63071,2,2
165172,0,1
22441,2,2
189146,2,2
104366,0,0
13022,2,2
126033,1,1
269994,0,2
270891,0,2
375120,2,2
129915,2,2
294339,2,1
114081,1,2
164090,1,1
309728,0,0
80026,2,1
54262,0,2
84436,2,2
225294,2,1
332616,2,2
168737,2,2
366302,0,0
383391,0,1
62211,2,2
276646,1,1
283948,2,1
294307,2,2
378653,0,0
108797,1,1
363974,0,2
49125,0,0
402617,2,2
297502,2,2
147911,0,0
347764,0,2
122085,0,2
195153,0,1
11870,1,1
315352,0,1
43287,0,2
245188,0,2
137120,2,2
156878,0,0
198838,0,2
263889,1,1
371535,2,2
326312,1,1
113616,1,1
9857,2,2
405127,0,1
183833,2,2
402613,0,0
121982,1,2
285718,0,2
71084,2,2
371254,0,2
77124,2,1
73157,2,2
134304,2,2
23959,1,1
384904,2,2
45238,0,1
26883,2,1
17182,1,1
156054,2,2
188796,2,2
98543,2,2
97183,0,0
274400,2,1
306550,0,1
327561,2,2
213547,2,0
341220,1,1
303848,1,1
172020,0,0
62412,2,2
311978,2,1
158807,2,0
31362,0,0
173703,2,2
296531,1,1
102280,0,2
297386,0,2
268200,2,0
283732,2,2
157248,2,2
157492,2,2
310090,2,2
187622,2,2
264782,2,1
400999,0,0
101261,0,2
157514,0,0
397964,2,1
378885,2,2
249501,2,1
119453,0,0
358249,1,0
205115,0,0
299277,0,0
86391,2,1
173853,0,1
322196,2,2
327886,2,2
163367,0,0
86803,1,1
56412,2,2
345798,2,2
356038,1,1
362914,0,0
208135,2,2
73944,2,1
115311,0,2
150335,2,2
348196,0,2
237925,0,0
17273,2,0
242422,0,1
94284,2,1
8496,2,1
259137,2,2
12798,0,1
235877,0,2
241962,2,2
370740,2,2
308425,2,1
13975,2,2
40670,1,1
55122,0,2
405233,1,1
297829,1,1
82570,1,1
348333,1,1
216055,2,2
195871,0,1
201210,1,1
398833,0,2
270401,2,2
355397,2,2
200738,0,1
132316,2,2
115104,0,0
231927,0,2
357709,1,1
130449,0,0
93529,0,0
243747,2,2
386142,2,2
54264,2,2
349124,0,1
240110,0,0
243557,0,2
66235,2,2
222051,2,0
378270,0,2
58712,2,2
364260,2,2
302534,0,2
348991,0,2
230265,0,2
24404,1,1
228559,0,2
354869,1,1
270909,0,1
266946,2,2
8429,2,2
106701,2,0
277012,0,2
98952,1,1
214648,1,2
102303,2,2
371143,1,1
366989,0,1
176433,2,2
284886,2,2
115167,2,2
38126,0,1
40906,2,0
245459,0,2
371920,1,1
169996,2,1
171004,2,1
178035,2,2
130356,0,1
331991,0,0
71273,0,1
186543,0,0
94289,0,2
163172,0,1
158729,0,0
293271,1,1
367152,2,2
401732,2,2
40823,2,2
154761,0,2
208918,2,0
322674,2,2
48306,0,2
111310,2,2
368078,2,2
186782,2,1
370310,2,2
365667,2,2
119621,0,2
389812,2,2
157677,2,2
298622,2,1
337887,2,2
188795,1,1
145512,2,2
143848,2,2
190087,2,2
239376,2,1
170864,0,2
9325,0,0
149805,1,1
332054,0,2
41721,1,1
262480,2,2
213050,0,2
351688,0,2
72445,2,2
243983,0,2
396916,0,0
2714,1,1
237295,2,2
290980,1,1
137930,1,1
352609,2,2
189924,2,1
349902,1,1
120507,2,2
320774,2,1
56226,2,2
316112,1,1
253952,1,1
187665,0,2
145008,0,0
212460,1,2
164383,2,2
302222,2,1
237201,2,1
296191,2,2
294554,2,2
120991,2,1
229050,0,1
376341,2,2
349959,2,2
362344,0,0
289404,2,2
28544,0,2
114995,0,0
71352,0,0
219750,0,2
375163,2,2
74704,0,0
128787,2,2
405484,1,1
305585,2,2
385326,0,0
254271,0,1
389949,1,1
90890,2,1
232897,2,1
115126,0,0
146584,1,1
77085,2,2
193376,0,1
279176,1,1
207138,0,0
368680,1,1
23306,2,2
271367,0,2
319723,0,2
295938,2,2
139831,2,2
38075,1,1
216836,2,2
357810,0,2
188404,0,1
47665,0,1
60795,2,2
22372,0,0
122846,1,1
287168,0,2
314474,2,2
307379,1,1
121078,1,1
404085,1,1
184944,2,2
95967,2,2
53964,0,0
405768,1,0
63231,0,2
357753,2,2
130870,2,2
51414,2,2
122481,1,1
50989,2,1
347701,0,1
379435,2,2
389456,2,2
287739,0,1
91022,0,1
107862,0,2
172386,2,1
250585,2,2
243768,2,1
375987,0,0
38461,2,2
295251,2,1
290225,0,2
70190,0,0
11498,2,2
253621,2,2
261773,0,2
19819,0,1
12978,1,2
283420,2,2
189082,0,2
106041,0,0
177629,2,2
299332,2,2
322772,2,2
301485,2,2
209725,1,1
849,0,1
145725,2,2
10272,0,0
279317,0,2
188612,0,0
152509,0,1
263657,2,1
268922,1,2
25204,0,1
369446,0,0
392599,0,2
254152,2,2
179606,2,1
320130,0,0
188949,1,1
225743,2,1
355953,2,1
23512,2,2
230404,0,2
251272,2,2
324225,2,2
39577,0,0
151115,0,0
214555,1,1
3025,0,0
226338,0,1
238768,2,2
368077,0,2
41513,0,2
359900,0,2
10149,0,0
38580,1,1
4497,2,2
330351,2,2
188171,0,0
52695,2,2
243891,1,1
165497,2,1
1396,0,1
187545,2,2
378114,0,1
186120,2,2
320899,1,1
308128,0,0
109621,0,2
92074,2,1
105799,0,0
49931,1,0
35916,0,0
282842,2,1
79503,0,1
35781,0,2
98898,0,2
79493,0,1
85722,2,2
104641,2,2
350167,2,2
79526,0,2
212479,0,0
124919,0,0
261163,2,2
117354,0,1
378387,2,2
58457,2,0
192261,0,2
389509,2,1
240922,2,2
3006,1,1
181474,2,2
238634,2,0
396125,2,1
177480,1,1
358791,2,2
233136,0,2
151884,0,2
53805,2,2
283562,2,2
12966,2,2
344821,2,1
346792,0,0
73672,2,2
335481,0,2
209113,0,2
179746,1,1
59152,2,2
191115,0,1
47449,0,1
378465,0,2
214029,2,2
265677,0,1
337941,0,2
225035,0,2
303580,2,2
283113,2,2
99890,2,2
318098,1,1
376253,2,2
306273,2,2
58058,1,1
278118,2,2
341601,2,2
131044,2,2
202506,2,1
318430,0,2
33218,2,2
251887,2,2
225473,2,2
347835,1,1
219214,0,2
364938,2,2
147371,1,1
27214,0,2
261895,0,2
109190,2,2
80175,1,1
61043,1,1
103131,1,1
298392,0,0
317322,0,2
249864,0,2
282247,2,2
339866,0,1
98153,0,1
311328,0,2
288030,1,1
125002,0,0
274250,2,0
291518,0,0
14206,2,2
301855,0,0
282493,2,2
134886,2,2
325897,2,1
241917,2,2
36884,0,2
227835,2,2
140389,2,1
171998,2,2
193724,2,1
316546,0,1
165547,0,2
250009,1,1
358227,2,2
138182,1,1
239359,2,2
143502,1,1
393172,2,1
248390,1,1
155334,0,0
262897,1,1
149437,2,2
74448,2,2
312053,2,2
54871,1,1
166515,0,2
343881,1,1
152438,0,0
306383,1,1
118368,2,2
112270,2,2
65891,2,2
200726,2,1
391008,2,2
46197,2,2
294027,0,2
337144,2,2
88291,0,0
328637,2,2
257375,2,2
173414,0,0
238092,0,2
169313,2,2
209910,0,2
194380,2,1
209506,0,1
336814,2,2
403079,0,0
365890,1,1
61138,0,2
390027,0,2
238751,2,2
26531,0,0
313587,2,2
243494,2,1
214688,0,0
139735,1,1
137162,0,1
109488,1,1
264444,2,2
189555,0,0
42079,2,2
229588,2,2
240653,2,2
105490,0,2
140017,1,1
41836,2,2
284402,0,2
87579,1,2
93284,2,2
187601,2,2
170654,0,1
268766,0,0
42191,2,0
144418,1,1
52663,2,2
186389,1,1
347780,2,2
45943,2,2
12483,0,0
249816,2,2
312937,0,2
215394,0,2
168912,0,2
293504,2,2
182007,2,1
322862,0,0
7552,0,2
181904,2,2
201971,2,2
390906,2,1
292668,2,2
189927,0,2
48392,2,2
48500,0,1
347284,2,2
63856,2,2
103692,2,1
367331,0,0
395261,0,0
25786,0,1
293184,0,0
298642,1,1
107203,1,1
375229,1,0
256516,2,0
142947,0,1
81186,2,2
255062,1,1
4274,2,2
301547,0,0
10014,2,1
16866,2,2
230302,2,2
85999,2,2
337763,2,2
358807,2,2
210999,1,1
201383,2,2
48560,1,1
335323,2,1
363569,0,2
298173,2,2
378771,0,1
391597,0,2
56147,0,1
2217,2,2
326019,2,2
44434,2,2
330778,1,1
40680,0,2
23326,2,2
43923,2,2
205041,1,1
323426,1,1
29746,0,1
163508,0,0
245489,1,1
17014,0,1
150532,0,2
367779,2,2
132993,1,1
289913,2,2
28737,0,2
378471,0,2
268900,2,2
268716,0,2
173370,0,0
166590,2,2
157434,2,1
340839,2,2
212494,2,2
165627,2,2
111928,0,2
251217,0,1
341509,0,2
24781,1,1
386552,2,2
65741,1,1
208792,2,1
111695,2,1
85572,0,1
141273,2,2
232731,1,1
271620,0,0
387666,1,1
351737,2,2
254066,0,0
77499,0,2
295749,2,1
153264,2,1
269168,0,0
282489,2,2
20180,2,2
328897,2,2
235411,2,1
397928,0,2
160106,2,2
15013,0,1
125594,2,2
172562,0,2
115565,0,2
8133,0,0
30081,0,2
3359,2,2
189462,0,0
30819,0,0
345370,0,1
371464,2,0
37297,0,2
398017,2,1
234693,0,2
299703,1,1
33424,0,2
349384,0,2
127660,2,2
72399,2,2
46011,0,2
312167,2,2
363891,2,0
274866,2,1
360221,1,1
290897,0,1
282753,2,1
322811,1,2
217647,2,2
380415,2,2
381902,2,2
246846,2,1
36195,0,0
167557,2,2
81768,2,2
101775,2,1
336635,2,1
10757,1,1
214346,2,2
367878,0,0
200796,0,1
396308,0,0
345687,0,2
5156,1,1
273786,2,2
72099,2,2
139730,1,1
313069,2,2
241931,2,2
201055,0,1
106575,0,1
155401,2,2
134892,1,1
17933,2,1
241672,2,2
108773,1,1
164520,2,2
113389,2,2
311700,2,2
99534,2,2
65892,0,2
370498,0,2
144807,0,0
32017,0,0
338797,2,2
197241,0,1
389960,0,2
180889,2,2
185106,0,0
353252,0,2
163693,0,0
88511,2,2
97925,0,0
246070,2,2
399778,2,2
328416,2,2
301062,1,1
221431,2,2
3081,2,2
276099,0,2
354816,2,2
371812,0,2
170244,0,2
117082,2,2
146813,2,2
353887,0,0
237385,2,2
173799,0,0
1,1,1
403323,2,2
396944,0,2
292879,2,2
345503,2,2
389280,2,1
369872,1,0
357859,2,2
60734,0,2
217799,2,0
373881,0,0
367113,0,2
186282,0,2
71150,2,2
115075,0,1
318856,0,0
127744,0,1
38503,2,2
100199,2,2
94067,0,2
363930,0,0
251443,0,2
110304,2,2
223359,2,2
354378,1,1
320661,0,1
372844,0,0
226329,1,1
303869,2,1
177605,2,2
388715,0,1
67350,0,2
247873,2,2
228010,1,1
251832,0,1
277366,0,2
227544,2,2
352900,1,1
135611,2,2
308498,1,1
103315,2,2
30638,2,1
62917,2,2
370982,0,0
367891,2,2
148395,2,2
246854,2,2
283408,2,0
319836,2,2
323003,2,2
187777,2,2
282947,1,1
143472,0,0
34968,1,1
175343,2,1
310030,2,2
117337,2,2
10643,2,2
61312,0,1
301910,0,2
384048,2,2
124354,2,1
207896,2,0
210509,2,2
262849,0,0
36134,0,0
390409,0,2
6150,1,1
289939,0,0
156051,2,1
362432,2,2
240782,1,1
163974,2,2
353268,0,2
61013,2,1
198110,1,1
194905,0,0
145956,2,2
252511,2,1
306017,0,2
191300,2,2
286574,0,2
123260,2,2
117305,2,2
228764,1,1
22040,0,0
89916,1,1
302628,2,2
34354,1,1
391293,1,1
303834,1,1
83757,0,2
54324,1,1
43167,1,1
93408,1,1
3433,2,2
163323,0,1
170046,0,1
366572,2,1
222933,2,1
99729,0,2
14209,0,0
255104,1,1
214676,2,2
177139,2,2
179304,2,2
230915,0,1
9014,2,2
198885,2,2
70886,0,2
331560,0,2
151506,2,2
76466,0,2
219668,2,2
25957,0,1
42743,0,2
31969,0,2
246414,2,2
327363,2,2
154334,0,0
178429,1,1
171970,1,1
264564,1,1
375225,0,2
300394,1,1
134153,0,2
319089,0,1
215781,2,1
139582,2,2
99815,2,2
406046,2,1
325775,2,2
28502,0,0
363707,0,1
296335,1,1
275551,2,2
56594,0,0
305775,0,0
55908,2,2
330762,0,0
260947,2,2
98428,0,1
154702,2,2
69968,2,2
301930,2,1
366274,2,2
185297,2,2
81510,1,1
232746,2,2
331603,0,2
206085,1,2
356817,1,1
95336,1,1
269039,2,2
350964,0,2
209007,0,0
107938,0,2
401718,1,1
157506,0,0
259849,2,2
78560,2,2
1109,1,1
145631,1,1
40604,0,0
23193,0,0
240583,2,2
252647,2,1
196480,2,2
34162,2,2
241769,1,1
277697,0,1
367936,2,2
160867,2,2
227741,0,1
178326,1,1
338087,2,2
147903,0,1
278161,0,2
219901,2,2
252229,2,2
13410,0,2
127508,2,2
192031,1,1
315872,1,1
163735,1,1
11665,0,1
39554,2,2
308987,2,2
136415,1,1
209984,0,0
337613,0,1
385890,1,1
14941,0,2
32406,0,2
127840,2,2
183089,0,1
259349,2,2
5848,0,0
103560,2,2
226849,2,2
292045,2,2
240595,0,2
274386,0,2
244454,2,0
221066,2,1
334757,0,2
118691,2,2
142035,0,0
404326,2,2
41912,1,1
139089,2,2
95881,0,2
100034,0,2
297212,0,0
49951,2,1
6310,1,0
296900,0,0
75782,0,2
124848,0,2
976,2,2
230172,2,2
304207,0,1
124237,1,1
259026,1,1
320252,2,0
67764,1,1
258722,2,2
228767,2,2
263018,2,2
146244,0,1
25993,0,0
334899,0,2
319981,2,2
121450,2,2
397169,2,2
256919,2,1
297588,1,1
245377,2,2
146885,2,2
236213,0,2
85882,2,2
330798,1,1
102297,0,2
298382,0,0
301987,0,2
403077,2,2
61247,2,2
25680,0,0
405385,2,0
134461,2,2
289183,2,2
349050,2,1
316336,0,2
199467,0,1
372218,0,2
93147,2,2
79481,2,0
98816,2,2
177465,2,0
393032,2,2
395441,1,1
14280,2,2
70657,0,0
122485,1,1
280844,2,1
42945,0,1
102284,2,1
329983,1,1
308623,0,1
106522,0,2
75932,0,0
174787,1,1
168321,0,2
290716,2,1
291899,0,2
359119,2,0
353694,2,1
353159,2,2
137148,2,1
22930,0,1
138209,0,1
88146,0,2
122170,0,2
348290,2,2
331702,1,1
147862,0,2
189963,2,1
286821,1,1
34205,0,0
173344,0,2
356636,0,2
347832,1,1
153825,0,0
115976,2,2
64078,2,2
369010,2,2
313019,2,1
27119,1,2
40825,0,2
61277,2,1
278095,2,1
390649,2,2
203053,0,2
377866,2,2
266948,2,2
83875,0,2
264485,0,2
388189,0,2
176156,0,2
342368,2,2
392672,2,2
332018,1,1
399793,2,2
178353,2,1
213937,0,2
223909,1,1
394057,2,2
228977,0,0
404646,2,2
176412,0,1
167522,0,0
94926,2,2
208479,2,0
39233,2,1
132203,0,0
1096,0,2
367471,2,2
15634,2,2
174531,2,0
18135,1,1
163914,2,2
404840,2,2
127453,2,2
133077,0,2
95384,2,2
354762,1,1
113697,0,1
35052,0,0
109800,2,2
198602,2,2
291579,2,2
221203,2,0
74061,2,2
266289,0,0
31886,2,2
166979,2,2
30565,0,2
353190,2,2
187160,0,0
135976,0,0
74415,1,1
108435,2,1
99047,0,2
137758,2,1
291399,0,0
126956,0,0
264252,2,2
140400,0,0
397628,2,2
352403,0,0
270899,2,2
372117,1,1
311022,1,1
263710,2,2
297148,1,1
54717,1,1
346636,2,1
24630,0,0
332083,0,2
249922,2,2
23082,1,1
145062,2,2
32433,2,2
296971,2,2
368423,0,2
209685,2,1
346788,0,1
356618,2,0
378503,2,0
251149,2,1
276629,0,0
32435,2,1
120204,1,2
36028,0,2
14494,2,2
123680,0,2
183276,0,1
56611,1,1
244170,0,2
44167,0,0
233305,2,1
366039,1,1
211709,2,2
129886,0,2
225067,2,2
103523,1,1
156248,0,2
383001,0,2
30698,0,2
382634,0,0
92125,2,2
157361,2,2
8426,2,2
395064,0,2
12531,2,2
168681,2,1
68618,0,1
287837,1,1
143790,2,2
295017,0,1
167344,0,0
91744,2,2
319079,0,1
405054,2,2
252171,2,2
137188,1,1
303242,2,2
339653,1,1
29876,2,2
276772,2,2
102132,0,0
162415,2,2
71855,1,1
100157,2,1
320617,1,1
379135,0,1
143704,2,1
113181,2,2
268540,2,2
266671,2,2
380367,2,2
184132,0,1
278661,2,1
278202,1,1
68582,0,0
164615,2,1
153576,2,2
247462,0,2
155386,1,2
363554,2,2
12721,1,1
68907,2,2
309868,2,2
361996,2,2
54568,0,1
101812,0,2
236109,2,2
124241,0,1
115017,2,1
146396,1,1
55648,0,1
90597,2,2
73223,2,2
388614,2,2
15889,0,2
368960,2,2
260628,2,2
315337,0,0
101033,0,2
367715,2,2
119967,2,2
249249,2,1
278991,2,2
24977,0,0
181554,2,2
323334,2,2
347216,2,2
236080,2,2
240200,2,2
19264,0,0
362067,1,1
401326,0,1
312235,2,2
107970,2,2
63341,2,2
236157,1,1
269293,0,0
46252,2,2
27439,0,1
238756,2,2
355690,2,2
127786,0,0
338590,1,1
40027,2,1
260011,1,1
62614,1,1
337043,1,1
86267,0,0
15835,2,2
128565,2,1
143406,2,1
70449,1,1
400578,2,2
275044,0,0
323240,0,2
29463,2,0
403052,2,1
131447,0,2
345793,0,2
144923,1,1
302546,2,1
246802,2,2
346817,2,1
67021,0,2
11619,0,2
160980,2,2
79048,2,2
136288,2,1
313453,0,2
83583,1,1
306888,2,2
83183,0,2
179850,0,0
28467,1,1
169752,2,2
174138,2,2
54350,0,2
84922,2,1
373258,2,2
115876,1,1
217376,2,2
291198,0,0
389923,1,1
31148,0,0
197857,0,0
107097,2,2
318502,1,1
230268,0,0
34664,2,2
31916,1,1
21913,1,1
116731,2,2
49397,0,0
405475,2,0
290829,0,1
74149,2,2
172688,0,2
207927,0,2
230120,0,2
46953,2,2
38354,2,2
285688,2,2
367095,2,2
367190,2,0
257408,2,2
404205,1,2
78393,1,1
188071,2,2
372254,2,2
119373,2,1
255616,0,0
322233,0,2
235744,2,2
223986,2,2
295512,2,0
182175,0,1
370594,0,2
22635,0,0
287990,0,1
153247,2,2
215759,0,2
151023,2,2
1236,1,1
18365,0,1
366670,1,1
81114,2,2
294546,2,2
170397,0,1
10299,0,0
3938,2,2
59685,2,2
116850,2,2
264044,2,2
297324,2,2
28270,0,0
150780,2,2
46001,2,2
118037,0,0
329310,1,1
326297,1,1
394853,2,2
20079,2,2
298401,2,2
185902,0,2
209813,0,0
241013,2,0
26445,2,2
174243,0,2
364797,2,2
227452,2,2
401666,0,0
115814,1,1
241604,2,2
78378,2,2
130492,2,2
247552,0,2
59122,2,1
355315,1,1
25968,2,2
95231,1,1
104786,0,1
21692,0,0
248292,0,0
241302,2,2
27237,2,2
33147,2,1
1290,2,2
24253,2,2
32441,2,1
403617,0,0
54690,0,2
129026,1,1
283547,2,2
138315,2,2
393796,0,2
229182,2,2
187297,0,1
388260,2,2
40756,0,1
360440,0,1
151020,0,0
349164,0,2
79150,0,2
20371,2,2
402835,0,1
272568,0,0
11806,2,2
31472,0,1
88878,1,1
151215,0,2
299466,2,2
172270,2,2
159540,2,2
93501,1,1
191587,1,1
20804,2,2
57389,2,2
191878,2,2
107739,0,0
33231,2,2
79333,2,2
331464,2,1
179462,1,1
88918,1,1
222849,2,2
153974,2,2
265594,2,2
279382,1,1
301000,0,1
127162,0,2
82885,1,1
29393,2,2
175043,1,2
201680,0,2
163292,1,1
5303,2,2
244334,2,2
232333,2,1
88343,0,2
226315,0,1
354036,1,1
339165,2,2
152930,2,0
101916,2,2
58543,2,2
146263,2,2
117958,2,1
166518,1,2
307201,2,2
248498,0,1
169739,0,0
238528,1,0
119682,2,1
280723,0,2
170963,2,2
14808,2,2
244596,2,2
132847,0,0
262219,2,1
287828,0,2
288559,2,2
36987,2,2
192808,2,1
340564,2,2
45939,0,0
398896,0,2
238632,0,1
201247,2,2
381465,2,0
25928,0,2
18186,0,1
149464,2,2
133728,2,2
187742,1,1
393506,2,2
392361,0,0
133663,2,2
113741,0,2
312219,1,2
100111,0,0
234223,2,2
204159,0,0
45333,2,2
322911,2,2
205655,2,2
294877,1,1
277775,2,2
232555,2,2
21110,0,0
54230,0,0
195939,2,2
337927,2,2
108863,2,2
314316,1,2
105304,2,1
67386,2,2
138699,1,0
363889,1,2
50758,2,2
333587,2,2
366537,2,2
100719,0,0
46636,1,1
95208,0,2
40405,2,1
392351,2,2
379349,0,0
236703,0,2
356076,2,2
47273,2,2
334368,2,2
249510,2,2
348600,1,1
111943,2,2
183063,0,1
10524,0,0
372161,2,2
243570,2,2
300443,2,2
75930,1,1
130974,0,1
58308,0,0
282665,2,2
93490,2,2
192875,2,2
132856,0,2
367103,1,1
274677,1,1
4859,2,2
179324,2,2
19745,0,0
154959,2,2
81432,1,1
270574,0,0
219716,2,2
32158,1,0
23483,2,2
99032,2,2
370384,2,2
265359,1,1
378406,0,0
247652,1,0
160144,2,2
153646,1,1
116741,0,2
114907,0,2
16210,1,1
405574,0,2
29688,0,1
402822,2,2
99898,0,0
247611,0,1
253260,1,1
158674,1,1
263520,1,1
12254,0,1
233868,0,2
188598,2,2
378459,0,2
212309,0,0
1050,0,2
2682,2,2
500,1,1
246575,1,1
87842,1,1
173516,1,1
404013,2,2
324412,0,0
313267,2,2
155745,2,2
280586,1,1
277962,2,2
198585,1,1
14157,2,2
28119,0,0
297054,2,2
5000,1,1
25532,0,2
333241,0,0
207214,1,1
65078,0,0
74855,2,1
16981,1,1
140387,1,1
213491,1,1
354407,0,2
199868,0,2
231976,2,2
130379,2,2
349256,2,2
355098,2,1
26795,2,2
79303,0,0
128848,0,2
136626,0,2
364842,0,0
239920,2,2
403010,2,2
195337,0,0
230456,1,1
337472,0,0
84041,0,2
4403,0,2
284990,1,2
15126,2,1
195439,2,0
99058,2,2
234839,0,0
213262,2,2
78394,0,0
92899,0,2
217148,2,2
257869,2,2
377759,0,1
55279,1,1
168398,1,1
185713,0,2
366497,1,1
330208,1,1
217995,2,2
353841,2,2
390664,2,2
254395,0,0
56455,2,0
55004,2,2
339602,1,1
257920,1,1
109384,2,2
353937,1,1
368872,0,2
115248,2,2
35673,0,2
310447,0,2
126993,0,0
117679,0,0
68917,1,2
245727,1,1
165967,1,1
384969,0,2
180106,0,0
58815,2,2
53407,1,1
165900,1,1
347176,0,0
391805,0,1
157956,2,1
39527,2,2
261171,2,2
141972,2,2
3131,2,2
302353,2,2
33892,0,2
404082,2,2
50983,0,2
180351,1,1
294403,0,2
267085,0,0
99299,2,2
303209,0,1
320504,0,0
382708,2,2
218818,2,2
54854,1,1
89148,0,1
220401,0,2
385307,1,1
376911,2,2
137430,1,2
291007,2,2
77727,1,1
397904,0,2
273048,2,2
351470,0,2
244042,2,2
22769,0,0
81479,2,2
122550,2,2
367475,2,2
333156,2,1
330531,0,0
193755,0,0
62976,0,0
184344,2,2
193413,0,0
57672,2,1
39799,0,0
194622,0,2
242984,1,2
25060,2,2
77120,2,2
122445,2,2
239851,2,0
290373,0,0
370189,0,1
25238,0,0
274397,0,0
43153,0,1
143803,2,2
44209,0,2
237649,2,1
399995,2,1
187568,1,1
129014,2,2
101746,1,1
167588,1,1
383604,1,1
240717,1,1
80186,2,1
168965,1,0
394102,2,2
60968,1,2
233801,0,2
279306,2,2
226875,0,0
173804,0,0
64452,0,2
91290,2,2
133064,2,2
5970,0,0
176442,0,2
304420,0,2
44625,2,2
286729,2,1
217609,2,2
145296,0,1
287213,2,2
47245,2,2
369689,2,2
403992,0,1
270518,0,2
388582,2,2
283913,2,2
359799,0,2
168752,0,2
149537,2,2
376027,0,0
235704,0,2
272629,0,2
22947,1,2
202408,0,1
47904,0,0
301477,2,2
355236,0,1
402043,2,2
340499,0,2
149707,2,2
108404,2,2
288625,2,2
139350,2,2
340581,0,0
30167,2,2
395948,1,1
7064,1,1
140082,0,2
368575,0,1
201322,2,2
171441,2,2
355060,2,0
147210,2,2
195648,2,2
170186,0,0
248407,0,1
55851,2,2
230258,2,2
321347,2,2
387594,2,2
321710,0,0
347840,2,2
200338,2,2
324926,2,2
213838,2,2
92280,0,0
311202,1,1
241019,2,2
220932,2,2
220774,1,1
149844,1,1
247995,2,2
130798,1,1
111458,2,2
87673,2,2
123817,0,1
121122,2,1
345621,1,1
164870,0,2
321640,2,2
314668,2,1
326234,2,2
212888,0,0
42910,2,2
144313,2,2
183239,0,1
300582,0,2
182934,0,0
391145,2,1
290198,2,1
115900,2,2
308125,0,2
99718,0,2
106716,1,1
134214,1,1
158896,0,2
306587,1,1
152767,0,2
405784,2,2
180046,1,1
233837,0,2
362019,2,2
161884,0,2
225738,2,2
300418,2,1
272283,0,0
341253,0,0
111900,0,0
123267,0,0
220650,2,2
342882,1,1
17279,2,2
215924,0,2
181720,2,1
109987,0,0
384979,0,2
361551,2,0
3140,0,0
115988,0,2
230252,0,1
372786,2,2
166924,2,2
38888,2,2
227585,0,2
330352,2,2
188078,2,2
100017,2,0
349202,1,1
157763,1,1
122565,0,1
235867,0,2
318924,1,1
81509,2,1
396325,2,2
305575,0,0
57575,2,2
209496,2,2
333817,2,2
109231,0,0
241639,0,1
180589,0,0
215487,1,1
385048,0,0
21386,2,2
382580,2,1
50260,0,0
334828,0,0
373968,2,2
119041,0,0
211815,0,2
50610,2,1
37844,1,1
203662,2,2
360443,0,0
117904,2,1
384094,2,2
208784,0,0
122120,0,1
403747,0,1
380445,2,2
66930,0,0
381941,0,1
349565,2,1
335027,2,1
272196,1,1
200148,0,2
288531,1,1
222049,1,1
281502,2,2
175359,2,2
380377,0,2
55640,1,1
393952,2,0
403951,0,0
10107,0,2
327596,2,2
308426,1,1
63087,0,2
337243,0,1
326202,2,1
163346,0,2
361755,2,2
297097,0,2
172273,0,1
40928,0,1
289619,2,2
14815,0,2
6159,1,1
105424,2,2
77854,2,2
25196,2,2
288638,2,2
121022,2,2
142076,2,2
51350,0,1
105013,2,2
14084,0,2
252509,0,0
98374,2,2
172459,2,2
18874,0,0
290840,0,2
351078,0,1
346670,0,0
183712,0,1
216664,0,2
38078,1,1
401077,2,2
375548,2,1
360840,2,2
32118,2,2
142601,0,0
382844,0,0
217826,2,2
262733,0,0
359995,2,2
368755,2,1
340830,2,2
197510,0,0
52852,2,1
312356,2,2
106591,0,2
306417,2,2
308977,0,0
121662,1,1
353108,1,1
282652,0,1
252903,0,2
23748,0,1
123562,2,2
279149,0,1
231477,0,1
108924,0,2
43186,0,2
283346,2,2
95923,2,2
164531,1,1
255989,2,2
287547,1,1
368190,2,2
68720,0,1
219606,2,2
148293,2,2
202887,2,1
179720,0,2
377190,1,1
281675,2,2
114440,0,0
191516,0,1
195754,2,1
403898,0,2
239946,0,2
349336,0,1
327011,2,2
17155,2,2
266012,1,1
317453,2,2
167491,0,0
63148,2,2
195698,2,2
347381,2,1
271688,1,1
346149,2,2
50344,2,2
116805,2,2
279206,2,2
164635,0,0
79933,0,2
135645,2,2
254543,0,1
222624,0,1
35911,0,1
165852,0,2
231754,0,2
115469,1,1
53830,2,2
323130,2,2
143847,2,1
109967,0,2
98915,1,1
168416,1,1
19937,2,2
198536,1,1
179651,0,0
178480,2,2
172442,2,2
215744,2,0
285945,0,0
244243,2,1
212273,0,1
314710,2,2
356648,2,1
22601,0,1
205553,2,0
364605,1,1
36118,2,1
257403,0,1
271004,0,1
170646,0,1
309743,2,2
64809,2,2
184630,1,1
256436,0,2
286274,0,0
138768,2,2
306670,0,2
316789,1,1
321101,2,2
94183,1,1
299327,2,1
99759,1,1
73371,2,2
388967,2,2
708,2,2
58761,2,2
320964,2,0
155436,0,2
243141,0,1
216882,2,2
66318,0,0
368322,0,2
208899,1,0
272692,2,2
249503,1,1
223707,2,1
271256,2,0
391120,2,1
155395,2,2
286430,1,1
248750,2,2
201692,2,2
101223,0,0
394429,0,1
373786,2,2
101069,2,2
19056,2,2
32001,0,2
8405,0,1
349123,2,2
285288,0,2
395548,1,2
19769,0,0
396675,1,1
369678,2,2
165192,2,2
297582,2,2
199249,2,2
91214,0,2
245815,0,1
157702,0,2
323877,0,2
60419,2,2
189292,2,2
401167,1,1
155346,2,1
227081,1,1
98236,0,1
371792,2,2
108236,2,1
134375,0,0
76032,0,2
151690,0,1
61191,0,2
4762,1,1
73644,2,2
85255,0,1
31986,0,1
42672,0,0
191914,2,2
203371,0,1
326184,2,2
294278,2,2
308329,0,2
134288,1,1
210658,1,1
106828,1,2
364259,0,1
246355,1,1
245886,0,1
305795,0,1
320267,2,0
11756,0,0
104034,1,0
261133,2,2
257195,2,2
170534,0,0
111776,1,1
77714,1,0
266890,0,1
271059,2,2
112189,0,1
93264,2,2
399375,2,2
256952,1,1
89929,0,1
320127,2,2
121004,0,2
278184,0,2
142137,2,0
34586,2,2
283940,2,2
373537,2,2
38430,1,1
194758,0,0
356970,0,1
358270,2,2
232435,0,1
121719,2,2
380256,2,2
252104,1,1
248425,0,1
246260,1,1
175417,0,0
30063,1,1
357227,1,1
159044,2,2
361433,2,2
126586,2,2
39210,2,2
206882,0,2
329021,2,2
38310,0,2
397602,2,2
4083,2,2
159864,2,2
53939,0,1
2267,2,1
1686,2,2
136977,2,1
74305,2,2
305304,0,2
207274,0,1
116675,0,2
370260,0,1
358653,0,2
143840,2,2
366141,2,2
244445,0,0
91562,0,2
301420,1,1
47274,2,2
110978,0,2
185488,0,2
156431,0,2
271950,2,2
288178,2,2
339126,1,1
223560,2,2
35012,2,0
77563,2,2
269554,0,2
182638,1,1
146643,0,1
278697,1,0
140743,0,0
393648,0,2
151003,2,2
394822,1,1
109836,0,0
99200,2,2
24707,2,2
179798,2,0
13192,0,2
188429,0,0
166304,0,2
263900,0,0
397957,1,1
310174,2,2
181012,0,2
349488,2,2
162131,2,2
400957,2,2
253805,0,2
239712,0,1
42483,0,2
339527,2,2
256261,0,0
138581,2,2
103515,0,0
251055,2,2
324417,0,0
22852,0,2
163364,0,0
78519,2,2
341171,2,2
246494,0,0
23948,1,1
138155,0,0
53216,2,2
232098,1,1
195316,1,1
334870,0,2
352528,0,2
17421,1,1
110213,0,1
54377,2,1
127524,2,2
50805,1,1
352676,0,2
121249,0,1
119761,0,1
350921,1,1
356996,2,2
379138,1,1
39203,1,1
56065,0,2
231231,2,1
63193,1,1
79023,1,1
234999,2,2
131291,1,1
131099,0,0
328048,2,2
239295,0,0
9817,0,1
39859,2,2
151955,0,2
92277,2,2
162483,1,1
298573,2,2
128318,0,1
150376,0,1
67831,0,2
272847,2,2
40023,0,1
148614,2,2
363599,2,2
260912,0,2
227955,2,2
258729,0,1
217523,2,0
221154,1,1
395999,0,2
385935,0,0
95115,2,2
234126,2,2
170515,1,1
3833,2,2
238550,1,1
72681,0,1
151147,2,2
186301,1,2
307341,2,2
1185,2,2
253029,2,2
59977,1,1
243841,0,2
299911,1,2
366063,2,2
266235,1,1
79220,2,1
298908,2,2
147662,0,2
3776,2,2
67020,0,2
405542,2,2
395275,1,1
38933,0,1
267014,0,0
279691,1,2
324091,2,2
262343,2,2
283096,2,2
132150,0,2
176448,0,2
225451,0,0
202329,0,1
99,0,2
78638,2,2
331287,0,0
252779,0,0
130027,2,2
377241,1,1
13198,2,2
46735,2,2
207544,2,2
366725,0,1
275330,0,2
339199,0,0
255138,2,2
400866,0,2
214944,2,2
163019,2,2
362799,2,2
184739,1,1
60145,2,2
227003,0,2
120144,2,2
327220,0,1
1607,0,2
314104,2,2
363533,2,2
217621,1,1
7724,1,1
273939,0,0
304646,0,2
307162,2,1
291470,0,1
339762,1,1
400351,1,1
49941,0,2
319347,2,2
184783,2,2
155726,1,1
352162,2,2
233320,0,2
392610,1,1
134774,0,0
70508,1,1
27189,0,1
105666,2,2
198124,1,1
62295,0,1
92033,2,2
199204,1,1
314348,0,0
311987,2,0
339747,2,1
136736,1,1
129059,0,0
265883,0,0
116673,2,1
380443,1,1
287792,2,2
365324,2,2
269459,0,2
135166,2,2
169373,0,1
125517,2,2
265015,2,1
367013,2,2
26552,2,2
233471,2,1
304803,1,1
139095,1,1
30238,2,1
225300,0,2
349823,2,1
375064,0,2
103579,2,2
330069,2,2
152398,2,1
17320,0,1
303539,0,2
10049,1,1
204503,2,2
246736,0,2
270433,0,2
166370,1,1
141177,0,1
276979,2,0
318366,2,2
345679,0,1
355610,2,2
379993,1,1
24796,2,0
395136,2,2
201264,0,0
94059,1,1
31427,1,1
370119,2,2
245146,2,2
58185,1,1
70960,2,2
246146,0,1
10121,0,2
198438,2,0
170393,2,2
136645,0,1
117111,2,2
5335,2,2
164955,1,1
276412,2,1
231606,2,1
303912,1,0
207973,0,1
343880,0,2
254493,0,1
341870,2,2
236190,0,2
21647,0,1
48226,0,2
405319,2,2
175128,0,2
4378,0,1
139463,2,1
147346,0,0
113873,0,2
333608,2,2
119141,1,1
266535,1,0
10115,0,2
385369,0,2
92078,0,2
365234,0,0
361707,2,1
277380,2,2
360349,2,1
32281,1,1
55277,2,1
49650,0,2
230836,2,0
13987,2,2
394017,0,2
110054,0,2
346745,2,2
139375,0,0
341051,2,2
385636,0,2
223132,2,2
252136,2,2
51544,1,1
372048,1,1
187861,0,0
249390,2,2
362489,1,1
150965,2,2
178345,0,1
32992,2,2
238479,0,1
107817,0,0
222560,1,1
376362,2,2
118877,2,2
366507,2,2
171210,0,1
43678,0,0
222985,0,2
125520,2,0
85765,0,0
66605,1,1
374714,1,1
164461,2,2
91925,0,2
249291,2,1
396384,0,0
264016,2,2
353626,2,1
161521,2,2
160940,2,2
355391,1,1
235640,1,1
237021,0,0
235664,1,0
180941,0,0
401196,2,1
275292,2,2
344178,0,1
30359,1,1
185519,0,0
402887,2,1
92538,2,0
256120,0,2
396740,0,1
91294,2,2
34750,2,1
326565,0,2
184712,2,2
349407,2,2
175363,0,2
185493,0,0
242395,0,0
256150,2,0
121139,0,0
19750,2,2
112079,0,1
389517,0,1
378045,2,0
178656,2,2
319361,2,2
7766,2,2
71980,0,1
19679,1,1
135769,0,2
206492,1,2
48280,0,2
219344,2,2
42689,2,2
349438,0,0
352184,0,1
24252,0,0
83202,2,2
59635,0,0
350169,2,2
156440,0,0
91852,2,2
229287,2,2
58078,0,2
209872,2,1
178332,0,2
169206,0,1
170966,2,2
159273,0,1
42378,1,1
10398,2,0
95677,1,1
220338,2,2
320513,2,2
351094,2,2
17208,2,2
184364,2,2
86615,2,2
9539,2,2
52577,0,2
104913,0,0
90078,1,2
84456,2,2
16281,0,2
183875,0,1
154476,0,2
167803,2,2
80851,2,2
51075,0,1
278668,0,0
53458,2,2
383720,0,1
364268,0,2
202471,1,1
191833,1,1
332579,1,1
110707,2,2
404622,2,0
7723,2,2
198145,0,2
302127,0,1
162500,0,0
135068,2,1
250023,0,2
122813,2,2
386242,2,2
24209,0,0
130101,2,2
10657,2,2
228006,2,1
137829,2,1
273164,1,1
404841,2,2
359377,2,2
360592,2,1
229314,2,2
85930,1,1
71824,1,2
109705,0,2
294004,2,1
401764,2,2
365257,1,1
211970,2,2
123504,2,2
309610,1,1
323907,0,2
29404,0,0
46875,0,2
291795,0,0
144824,1,1
115052,0,2
280491,0,0
310114,2,2
58338,0,0
302089,0,2
69634,2,2
278142,0,1
60423,1,1
223229,2,2
278893,2,2
195986,0,1
296543,2,2
56924,2,1
395360,1,1
219352,1,1
124751,2,2
87038,2,1
299204,0,2
371315,0,0
322593,2,1
54982,2,2
360897,0,2
198827,2,2
166413,0,0
113218,2,2
223718,2,0
92004,2,2
371476,2,2
253872,2,2
130906,0,0
24069,0,2
8665,2,2
128369,2,2
203202,1,1
46245,2,2
343301,2,1
73511,2,2
299612,2,2
214358,2,2
51694,0,1
376947,2,2
76654,2,2
383522,1,1
334003,2,2
173590,2,2
338494,2,2
268406,2,2
286953,2,2
26951,2,0
118758,0,1
280000,2,2
8245,2,1
333494,0,2
305743,2,2
284048,0,1
42242,2,1
123378,1,1
208310,2,2
400409,0,0
86031,2,2
275077,0,2
113799,2,1
12374,0,0
373522,2,2
326602,0,2
323790,2,2
387074,2,2
27626,2,2
7306,2,2
160158,2,2
255152,2,1
338266,0,2
12618,0,1
43087,0,1
363535,2,1
282217,0,1
36196,2,1
213376,0,1
50854,2,2
274111,0,2
109265,1,1
55821,2,2
297693,2,2
294038,2,2
246786,2,2
199655,2,2
342195,2,2
189945,0,1
333471,2,2
189093,0,0
387329,2,2
319354,0,0
371456,0,2
114601,1,1
204552,0,2
288553,0,0
295785,0,0
285064,2,2
361534,1,1
298162,0,2
314675,1,1
186759,2,0
277456,1,2
303142,2,1
177148,0,1
166105,0,2
22641,2,0
74473,2,2
204431,0,2
200683,1,1
290880,0,2
292541,0,0
388294,0,2
215670,0,2
28545,0,2
101380,0,1
38390,1,1
154874,1,1
163330,0,2
334533,0,2
264734,0,0
139693,0,2
365753,2,2
12090,0,2
207396,2,2
220963,2,2
323942,0,1
31300,0,0
272294,2,2
72297,0,0
136236,0,0
265238,2,2
95007,2,2
73333,2,2
283251,0,0
122969,2,2
211717,2,2
47453,2,2
275225,2,2
337479,0,0
400169,2,1
3422,1,1
111751,2,2
395242,2,2
280634,2,2
132172,0,1
1020,0,2
27500,1,1
246835,2,2
322609,0,1
398880,0,2
177934,0,2
101212,2,2
130619,2,2
216226,1,1
108727,2,1
332997,0,2
353525,2,2
331189,1,1
377571,2,1
30263,2,2
283317,2,1
317514,2,2
334396,2,2
240575,2,2
381726,0,0
21042,1,1
61112,0,0
158856,0,1
4270,0,2
257505,0,1
35411,0,0
72328,1,1
44843,1,1
188101,1,1
182915,0,1
131982,0,0
174008,0,2
314593,2,1
402662,2,2
147245,1,1
115933,0,0
372225,2,2
148522,1,2
121362,2,2
119667,2,2
42728,2,2
298994,2,2
346713,0,2
48063,0,0
23324,2,2
96686,2,1
226295,0,2
253944,1,1
278852,1,1
347921,0,1
20497,2,2
383281,2,2
387922,0,0
21365,0,2
42950,0,1
72220,2,1
283384,2,1
20675,2,2
103136,0,0
146976,2,2
175491,2,1
208169,0,0
165650,1,1
390518,2,2
27254,0,1
312517,1,2
27550,0,0
109829,2,1
276113,0,2
282229,0,0
398735,2,1
185316,2,2
296505,0,2
356943,0,2
119583,2,2
325505,0,1
393619,0,2
270489,0,1
369935,2,1
357547,2,2
114465,2,2
356576,1,1
142771,0,2
112359,2,2
267543,0,2
17265,2,2
98969,2,2
138803,2,2
297876,2,1
5783,0,0
184752,0,1
79764,1,1
366621,1,1
63736,0,0
207037,2,1
4171,2,1
119586,2,1
115829,2,2
29934,0,1
151106,2,2
43677,1,1
272324,0,0
90122,0,2
87130,0,0
189373,1,1
200032,1,1
68846,0,0
188542,2,2
331259,1,1
90668,2,1
364107,2,2
279440,2,2
7543,0,1
219526,0,2
182601,0,0
52787,2,2
265541,0,1
371344,0,0
95820,2,2
107993,1,1
326865,0,2
33143,2,1
326910,2,2
99076,0,1
111198,2,2
365103,1,1
78325,2,2
227658,0,2
378418,0,2
12766,2,1
82870,0,0
269919,2,1
8783,2,2
243974,2,2
259406,2,1
247691,2,1
336893,0,1
106829,0,2
172840,0,2
339599,2,2
39981,0,0
66011,0,1
12021,2,0
183426,2,2
205847,0,2
123828,1,1
322109,0,2
303114,0,2
332423,2,2
42035,2,1
247944,0,2
72806,0,2
227024,2,1
145107,0,0
116143,0,2
47721,0,1
35151,2,2
72638,0,0
59032,0,2
400393,1,1
280466,2,2
42951,2,2
18005,0,0
140546,0,2
200205,0,2
285785,1,1
319922,0,2
318861,2,2
105932,2,2
336520,2,1
399653,2,2
106242,2,1
166239,0,2
403563,1,1
394982,2,2
253572,2,0
160164,0,2
215699,2,1
293369,0,0
158923,2,2
154828,2,1
286532,2,2
170856,0,0
156898,0,0
28683,2,1
194933,1,1
380620,0,2
253074,2,2
21493,0,0
239496,1,1
391835,0,2
52154,2,2
347518,2,1
221064,1,1
336671,1,1
164728,1,2
379433,0,1
49565,0,2
257138,0,0
134082,2,0
46842,0,0
250532,1,0
260467,2,0
327447,1,1
226352,2,2
64164,2,2
360072,2,2
399672,2,2
177417,2,2
374939,2,2
282565,0,1
149679,0,2
84396,2,2
192927,2,2
78341,2,2
392731,1,1
191359,2,2
228448,1,1
340874,0,0
19225,0,0
239097,0,2
215453,0,1
23825,1,1
300136,0,1
330480,0,2
348976,0,2
151399,2,2
99583,2,2
394042,2,2
302703,2,2
94282,2,2
355535,0,1
42240,2,2
351393,0,0
341670,2,1
121902,2,0
35869,2,2
118492,0,0
27665,0,0
112640,0,1
399881,2,1
322919,1,1
357761,0,0
241270,2,2
389557,1,1
136455,2,2
46160,0,1
145061,0,2
355528,2,2
85997,0,0
51279,0,0
313947,0,1
21919,1,2
398174,1,1
379243,0,0
376737,0,0
31158,0,1
50085,0,2
282152,2,0
330990,0,1
72210,2,2
312098,2,2
156222,0,0
387836,0,2
39017,2,0
125752,2,2
275535,2,2
224909,0,0
399827,0,0
240223,2,1
366545,0,0
392070,2,2
314048,2,2
299511,2,2
382823,2,2
202050,1,1
169448,2,2
11835,2,2
263222,2,1
385898,1,1
323365,2,2
133096,0,0
186627,2,2
100284,1,1
64968,2,2
128913,2,2
220317,1,1
249322,1,1
312032,0,1
256880,2,2
224131,0,2
337290,2,2
66933,0,0
116062,0,0
177467,2,2
169668,2,2
209350,2,2
307127,0,2
330645,2,2
120048,0,0
198888,2,1
210468,2,2
108870,2,2
72634,0,2
292744,2,1
98350,2,2
107790,1,1
344728,0,0
317208,2,2
71706,0,2
74429,0,0
307739,2,2
172863,2,2
328462,2,2
231022,0,1
151505,0,0
313117,0,2
165421,2,2
201482,0,1
142575,2,2
170533,0,1
32768,2,2
332149,1,2
77490,0,0
193739,1,1
400583,0,0
146592,0,2
370978,2,2
223766,2,2
107227,0,1
272383,2,2
294041,2,2
26449,0,2
238649,2,2
338018,0,0
21327,2,2
215104,2,2
352659,2,2
88250,1,1
23041,0,0
84895,1,1
327441,0,2
306391,0,0
27246,0,1
291599,0,2
103384,2,1
38848,2,2
148026,1,1
15508,1,1
372689,0,2
51748,2,0
226451,2,2
398491,0,2
228233,0,1
50990,2,1
216746,1,1
93270,2,2
27325,0,0
223038,0,2
26128,1,1
6751,1,1
279435,0,2
171572,0,1
315069,2,2
302759,1,2
235819,2,2
98621,1,1
179393,2,2
34735,0,0
53534,0,1
360435,0,0
170250,2,2
43444,1,1
220825,2,1
76162,0,0
316504,0,1
208541,1,1
272618,2,2
163983,1,1
159017,2,2
72271,2,2
236161,2,2
113166,2,1
123713,1,1
280716,1,1
275097,0,2
242051,0,2
43175,2,2
75295,2,2
253358,2,2
111718,2,2
151649,2,2
167578,2,2
183440,2,2
237787,0,0
73467,1,1
389976,0,1
141245,0,0
47395,2,2
86140,2,2
128747,2,2
131238,2,1
259302,2,2
361922,2,2
236107,1,1
324602,2,2
344279,2,2
233144,0,2
48182,2,2
20251,2,1
845,1,1
182637,2,2
337142,2,2
191000,1,1
382223,2,2
361586,0,0
98099,0,2
185816,2,2
149094,0,1
279513,0,2
37675,0,2
115135,1,2
51686,2,2
336740,0,1
338815,2,2
313236,0,2
248400,0,0
100983,2,2
323151,0,1
84583,0,0
33438,2,2
150417,0,2
191543,2,2
85913,1,1
400348,0,0
50674,1,1
384896,2,2
281922,0,0
338306,0,2
171484,0,1
135849,0,0
63116,0,2
65522,0,2
182896,2,2
39814,0,1
105260,2,2
159198,0,2
276261,2,1
248449,0,0
293048,2,2
59142,2,2
20883,1,1
366403,0,2
375488,2,1
195126,1,1
187494,0,0
75389,2,2
350435,2,1
398919,2,2
157094,0,0
222391,1,1
115409,2,2
391059,2,1
72662,2,2
293128,2,1
163696,0,1
87281,0,2
264674,0,1
405918,2,2
332406,1,1
102563,2,2
216504,0,2
350663,0,2
286563,2,2
20472,0,2
196194,1,1
142725,0,1
297029,2,2
232540,0,2
301612,1,0
238856,0,1
124192,1,1
106319,0,1
192456,2,2
150830,0,2
226107,0,2
289879,2,2
323489,2,2
123175,0,2
117999,0,1
253476,2,2
168503,0,1
335865,1,1
231239,0,0
286251,1,1
314232,2,2
148857,0,2
5463,2,2
16139,2,1
231575,0,0
138046,1,1
269761,2,2
75244,0,2
12941,0,0
370647,2,2
226724,2,2
251230,0,1
55853,1,1
376818,2,2
114821,0,2
267454,2,2
361496,2,1
133410,0,0
183524,1,1
230700,1,1
34983,2,1
48552,0,2
370352,2,1
353484,2,2
193896,2,2
1932,0,2
230125,1,1
134458,0,2
270897,2,2
264159,2,1
287578,0,1
4934,0,0
48986,2,2
162195,2,2
319743,2,2
229905,0,2
262595,2,2
60590,0,2
291602,2,1
20710,0,0
356304,0,0
45958,0,0
161706,0,2
127143,1,1
21075,2,2
389342,0,2
284148,0,0
283846,2,2
168954,2,2
161371,2,2
57446,0,1
214313,0,2
102279,2,2
372224,2,2
117323,1,1
69291,2,1
101910,0,0
234216,2,2
398765,2,1
225696,2,1
251393,2,2
134344,2,2
36745,2,1
95332,2,2
119302,2,2
229376,2,2
155092,2,2
386403,2,2
221451,2,2
377868,1,1
71370,2,2
137039,2,1
204980,2,2
138502,2,1
144113,0,0
374846,0,2
46675,0,1
289871,1,1
268196,2,2
108735,2,2
283418,2,1
159818,2,2
129294,0,1
305331,1,1
61777,2,1
137937,0,2
350986,0,2
79438,2,2
383396,2,2
352224,0,2
378306,0,0
297694,1,1
361660,2,0
263704,0,1
285121,0,0
96744,0,1
403296,0,0
36280,2,0
104968,2,2
227772,2,1
11216,0,1
403436,2,2
366434,0,0
240337,0,0
241965,2,2
202015,0,1
147839,1,0
189915,1,2
223282,0,0
200211,0,1
240243,0,2
290831,2,2
181766,1,1
230195,0,2
91155,2,1
303453,2,2
404012,2,2
138696,2,2
267497,1,1
252851,0,2
112006,2,1
379800,1,1
28663,0,2
384388,0,1
167855,2,2
275965,1,1
99361,2,1
345453,1,1
145601,2,2
363144,2,2
57184,2,2
205284,2,2
383859,2,2
278803,2,2
98766,1,2
178712,0,2
266934,2,2
355629,1,1
182947,2,2
44655,2,2
2083,0,2
298300,2,2
360384,0,2
291834,0,2
264571,0,0
87403,2,1
166733,2,2
256205,0,2
62897,2,2
58694,0,2
371531,2,2
96943,2,2
153479,1,1
131779,1,2
266722,2,0
278935,0,1
23801,1,1
300685,0,0
369731,2,2
110595,0,2
371330,1,1
260431,2,2
132493,2,2
244910,2,2
287447,2,2
94796,0,1
122247,1,1
257790,1,1
304572,0,2
283438,1,1
20751,0,0
90127,0,0
110828,0,2
72715,2,2
395272,0,0
286331,0,0
2395,0,1
212155,0,2
128455,1,1
340852,0,0
315072,1,0
240270,2,1
270120,0,1
203009,1,1
133505,0,2
150171,0,1
347318,1,1
319528,2,2
180090,2,2
306167,0,0
242774,2,2
365271,1,1
292157,2,2
148211,2,2
231288,2,1
255614,2,2
255595,0,2
159787,2,2
27392,0,2
332871,2,2
1411,2,2
91444,0,2
59111,2,2
258589,2,2
276028,2,2
379389,1,1
134488,0,2
257420,0,1
373692,2,2
17836,0,2
30552,2,2
403673,1,1
337635,2,2
99716,2,2
298712,0,2
60633,2,2
297594,1,2
249842,0,2
395028,2,2
113511,2,1
76479,2,2
335460,0,0
68093,1,1
294506,2,1
22522,2,2
246556,2,2
341704,1,2
68735,2,2
71184,2,1
190502,0,2
294927,0,2
114905,2,0
370686,0,1
343910,2,1
72137,2,1
171688,2,2
115974,2,2
173415,1,1
132444,2,2
192842,0,0
141012,2,2
98161,2,2
185680,2,2
202022,0,2
22580,2,2
1069,0,2
261360,2,2
45709,2,2
293254,2,2
255791,0,1
148335,2,2
168,0,0
944,2,1
244690,2,1
254073,0,1
119913,2,2
142376,2,2
181806,2,2
133737,0,2
168458,2,2
301130,0,2
163628,0,0
16874,2,2
335304,0,2
321454,2,2
268074,0,2
18654,1,1
402790,1,1
72780,0,2
15184,2,2
303508,2,2
335535,0,1
296113,0,0
142595,2,2
267397,0,1
98888,0,2
385185,2,0
377503,0,0
113015,2,0
28908,2,2
89441,0,2
13524,2,2
15590,1,1
405639,0,0
190164,0,1
334442,2,2
142369,0,0
212395,0,2
111877,2,1
233452,2,2
311904,0,2
185603,0,1
320960,2,2
299080,2,2
264854,2,2
152048,2,1
144639,2,2
344405,2,2
350646,0,2
304930,2,2
305986,2,2
350949,0,0
343750,2,2
35121,0,2
370693,2,2
304144,2,2
18004,0,1
191447,2,2
17736,1,1
189479,2,2
381770,0,0
178556,2,1
328522,0,0
295001,2,2
184449,1,1
200834,1,1
393244,0,0
66812,0,0
25848,2,2
290033,2,1
146573,0,2
255077,2,2
129350,2,2
221098,2,2
130760,2,2
22550,1,1
60473,2,0
289314,1,2
227044,1,1
208041,1,0
218974,0,2
348841,1,1
268014,2,2
37701,2,2
58383,0,2
195129,1,2
212386,0,1
143935,0,1
30331,0,1
276820,2,2
179641,0,2
298438,2,2
80842,2,1
177572,2,0
358075,2,2
328227,2,1
156334,2,1
372059,0,0
222664,2,2
377930,1,1
24838,2,2
315910,0,1
146366,2,2
26380,0,0
224158,0,2
84597,0,2
152427,2,0
62998,1,1
109268,0,0
167728,1,1
324683,0,1
304106,2,1
242262,0,1
377296,2,2
264701,2,2
54361,1,1
118323,2,2
279107,2,1
4744,2,2
225564,0,0
359867,2,2
120691,1,1
12549,0,2
313077,0,2
31990,0,0
119552,0,1
354781,0,2
217749,0,1
150367,2,1
237222,0,2
31104,2,2
243568,2,2
291653,2,2
195836,0,2
292983,0,0
170337,0,0
350476,2,1
14219,2,2
117716,0,0
224053,0,0
162817,0,0
366780,0,1
297921,2,1
388081,2,2
186235,0,1
297577,0,0
136552,2,0
231814,0,2
377766,2,2
356287,1,1
18730,2,2
120241,2,2
360265,2,1
108012,2,2
35031,0,1
94438,1,1
363110,1,1
402210,2,2
307054,2,1
135018,1,1
184316,2,2
361662,2,2
57523,2,2
364105,0,1
110258,0,0
390036,2,2
359933,0,0
279279,0,1
373265,2,2
17054,2,1
402213,0,2
228796,0,0
301450,2,1
84342,2,1
151731,0,1
315893,0,2
102556,2,2
160836,2,2
14160,1,1
338453,2,2
204674,1,1
307108,2,2
235229,1,1
175183,0,0
353456,2,2
202294,2,2
237020,1,1
357266,1,1
204132,1,1
195528,0,1
331206,0,2
211181,2,2
115422,2,2
177635,2,2
306561,0,2
331832,2,1
224215,2,2
52000,2,1
405952,1,1
252841,2,1
145347,0,1
68954,2,2
99569,2,2
166611,0,2
122815,0,0
312250,2,2
6073,2,2
156698,2,2
170360,1,1
172264,0,2
185406,2,1
254956,2,2
379204,1,2
257367,0,0
285030,0,2
136451,0,2
69205,2,2
377245,1,2
320878,1,1
307602,2,1
47337,0,1
402994,0,1
317664,2,1
208963,2,1
357919,0,1
131196,0,0
95936,0,1
261364,0,0
152315,1,1
261276,2,2
116193,2,2
86808,0,2
164240,0,1
163156,0,0
187281,0,2
231046,2,2
138056,0,1
323868,0,0
359580,0,0
389849,1,1
139245,1,1
41330,2,1
88658,2,2
71990,0,0
98641,1,1
83567,1,1
108612,2,2
287408,0,2
322807,2,2
4853,0,2
37666,2,2
191324,0,2
343631,2,2
379845,0,2
358166,2,1
158311,1,1
42092,0,2
227073,2,1
357401,2,2
392115,0,0
291426,0,2
316579,2,2
219957,2,2
82908,0,0
135853,1,1
250928,0,2
328116,2,2
210650,2,2
97261,0,2
390337,2,2
30662,1,2
77541,2,2
104668,1,1
39261,0,0
54985,0,0
43349,0,1
338479,1,1
241997,2,2
226394,0,0
333384,0,0
262986,1,1
350019,2,2
62676,2,2
190420,0,0
113022,0,1
381659,0,2
280418,2,2
261740,2,2
42595,0,0
323104,2,2
129385,0,0
280345,1,1
145399,2,2
66788,1,1
8586,2,1
294766,0,2
193196,2,1
308480,2,2
391070,1,1
384841,2,1
8735,0,0
29367,0,1
26756,1,1
400256,2,1
170001,2,2
353246,0,0
265685,2,2
46560,2,2
214915,1,1
99855,0,2
58068,2,2
64555,0,0
28898,2,2
337198,2,1
56809,2,2
157315,2,2
400130,0,2
359941,2,2
77284,2,1
385103,2,2
310071,0,1
376595,2,2
41628,2,2
199525,1,1
300592,0,0
316106,2,2
347633,2,1
250605,0,0
376156,2,2
245755,2,2
342207,2,1
175807,2,2
270585,2,0
150580,1,1
158752,2,2
102292,2,2
77277,2,2
61613,0,0
200413,0,1
68782,2,1
406296,0,2
113424,0,2
165358,2,2
43103,0,1
7624,2,2
137629,0,0
308896,0,1
383119,2,1
308475,2,2
27980,2,2
241064,2,2
249541,2,2
212408,2,2
362657,2,2
166305,2,1
317915,0,2
78862,0,0
251738,2,2
28810,2,2
266466,2,2
175988,2,2
133199,2,2
6804,1,1
212087,2,2
120357,0,1
321086,1,2
239741,0,2
372268,0,0
183681,0,2
115182,1,1
69281,1,1
404191,2,2
353055,0,0
269658,1,1
369681,2,2
262786,2,2
191903,0,0
119826,2,2
31591,2,0
91550,0,2
7958,2,2
332539,2,2
24785,0,2
103439,2,2
176286,1,1
292195,2,2
12886,1,1
170374,0,0
329244,2,1
390006,0,2
291571,2,0
19086,0,2
276631,0,2
352425,2,2
334449,2,1
258368,1,1
219930,2,2
114216,0,2
58429,2,2
40450,2,1
324462,0,2
299309,1,1
19666,1,1
257799,1,1
280378,2,2
290935,0,2
69550,2,2
393034,1,1
341168,0,0
257714,1,1
375250,1,1
368970,0,0
801,2,1
328032,0,1
391006,2,2
405423,0,0
338671,1,1
163478,2,0
258854,2,1
91708,2,2
314789,0,2
259578,2,1
229754,2,0
340414,2,2
313499,0,0
78233,2,2
99225,2,2
129682,0,1
54959,0,0
268188,1,1
161803,2,0
98304,1,1
68912,2,2
78963,2,0
6782,2,2
358151,2,1
370052,2,0
88260,2,2
197279,2,2
45265,0,2
82124,2,2
234977,1,1
50379,2,2
398839,0,2
206973,2,2
388459,0,1
370592,2,2
314430,0,1
364060,1,1
114266,2,2
222498,0,2
133444,1,2
211143,1,0
335062,2,2
396118,2,1
24274,2,2
374613,0,2
99358,0,1
312230,2,2
193871,2,2
24310,2,1
324597,1,1
113815,1,1
343363,0,2
75582,0,2
50252,0,2
382819,1,1
265993,2,2
264737,0,2
350831,0,0
349729,0,0
352419,0,2
59475,0,2
130363,2,0
43288,2,2
241614,0,2
216693,0,2
325641,1,1
367390,0,0
334021,0,0
102022,1,0
67073,1,1
401896,2,2
311799,2,2
178457,2,2
257149,1,1
335349,2,1
99141,2,2
179226,2,1
248062,0,2
325634,2,2
220808,0,0
61363,2,2
57701,1,1
154163,0,2
364839,0,1
100887,2,2
147278,0,0
54357,1,1
138047,0,2
181802,2,2
304521,0,0
263519,2,1
288294,2,2
182987,1,0
222942,2,1
139532,0,0
24411,2,2
365870,0,1
287149,1,1
306720,0,0
402434,1,1
18106,2,2
199254,2,2
289328,0,2
758,2,1
361483,2,2
138944,0,1
390656,2,0
135445,2,2
17678,0,1
136558,1,1
313441,1,1
394518,0,0
383122,0,1
75641,2,2
243355,0,0
302494,2,1
155020,2,1
265339,2,2
315510,2,2
297065,1,1
123339,0,2
88968,2,2
247609,0,0
378157,0,1
179958,0,1
232824,0,0
159822,0,2
172919,1,1
154113,0,0
239167,1,1
190729,2,1
296139,0,1
355092,2,2
1402,0,2
177396,0,2
320536,0,0
356911,2,2
312588,0,0
166112,0,2
185685,2,2
19610,1,1
313349,2,1
278798,1,1
62258,2,2
138950,0,2
178531,2,2
287136,0,2
291673,0,1
211165,2,2
198178,2,2
69107,2,2
299432,2,2
234645,0,2
100925,0,0
362865,0,2
121926,2,2
343676,2,2
92183,0,0
161185,0,0
171602,2,2
241180,2,1
10256,0,0
347938,0,2
125550,2,2
180063,0,0
325699,2,2
257405,0,1
243700,2,2
337551,2,1
139696,2,2
376001,0,0
159609,2,2
142995,2,0
298629,2,2
161173,2,2
100939,2,2
314065,1,1
62401,1,0
100023,1,1
217944,2,2
47443,1,1
62520,1,1
312270,2,2
360920,2,2
58501,2,1
257886,0,0
112831,2,1
402657,2,1
22745,1,2
193390,2,2
70490,1,1
294283,0,2
103322,1,2
354803,0,0
344916,0,0
215084,2,1
93967,2,1
84848,0,1
391233,0,2
33499,0,0
121019,0,0
284068,0,0
251799,1,1
47960,0,1
125492,0,1
46202,2,2
22625,0,2
234991,2,2
74616,2,2
16507,2,0
105867,1,1
139056,1,1
161405,2,2
43775,0,0
81235,2,2
42974,1,1
170879,1,1
140481,2,2
301556,2,2
85825,0,1
210991,1,1
340484,2,2
340325,2,2
196969,0,2
289846,1,2
30384,0,2
138578,2,2
151048,1,1
243553,1,1
150401,2,2
81209,0,0
292880,2,2
142589,1,1
233585,2,2
331456,0,2
378546,0,2
398517,0,0
61792,0,2
399864,0,0
32747,0,1
157078,0,1
274411,2,1
34931,0,2
378735,1,1
326624,2,0
309939,1,1
5759,2,2
112715,0,1
88074,1,2
324453,2,2
361210,1,1
378681,2,2
303711,2,1
202589,0,2
266952,1,1
337176,0,2
343534,0,2
306836,1,1
367521,0,2
2228,2,1
173300,2,2
247350,2,2
277077,2,2
28993,0,2
129413,0,0
290537,1,1
303822,0,2
397955,1,1
158207,2,2
179302,0,1
276309,2,2
231500,1,1
332835,1,1
387036,0,0
267193,1,2
18810,0,2
192601,1,1
147773,2,0
339408,0,2
143843,2,1
118148,2,2
391341,1,1
107037,0,0
15981,0,2
325497,2,1
164246,2,2
342001,1,1
238034,0,0
235311,2,2
320756,0,1
141011,2,2
87244,2,2
149452,2,1
327315,2,1
155792,2,2
41310,2,2
219954,2,0
299871,0,2
245616,0,2
346151,2,2
29936,2,2
44399,0,1
251567,0,1
192894,2,1
171090,1,1
92084,2,2
86943,0,2
238152,2,2
131890,1,1
236521,2,2
11057,2,1
39654,1,1
216411,2,2
107035,2,1
278653,0,2
139397,0,1
304321,0,2
84058,0,2
212016,2,2
102312,1,1
109472,1,1
283746,2,2
224250,0,0
185137,0,1
263828,2,2
398260,0,2
365382,2,2
179,2,2
176398,0,2
313460,2,2
289205,0,2
236626,0,1
86646,2,2
203777,0,0
251551,1,2
290391,1,1
133635,0,1
46785,0,0
383938,2,2
34629,2,1
369393,2,2
142367,0,2
24674,1,1
406244,2,2
353025,2,2
100866,2,2
34738,0,2
162813,0,0
374594,2,0
402728,2,0
324724,0,0
254410,2,2
357409,2,2
210421,2,2
273802,1,1
106283,0,2
175830,0,0
65900,0,1
84858,2,2
7425,2,1
130918,2,2
201142,2,2
257263,0,2
164230,2,2
309047,0,1
87367,0,1
336988,1,1
166919,2,2
166026,2,1
70186,2,2
28374,2,2
365950,0,1
357114,2,1
389892,1,1
224692,2,2
149799,2,2
312474,0,0
252442,2,2
398136,0,2
148675,2,2
91467,0,2
145636,0,1
109073,0,2
164011,0,1
105909,0,0
53286,2,2
179818,2,2
264956,0,0
160029,2,1
53103,1,2
78432,0,2
291406,0,2
123803,1,1
225218,2,2
176044,2,1
249120,2,1
245199,0,2
395411,2,2
213852,1,1
284446,2,2
199115,0,2
267875,2,2
224728,2,0
371830,2,2
250358,2,1
58919,2,1
104145,2,2
84752,1,1
321539,2,2
50693,2,2
193903,2,2
173195,2,2
136567,1,1
130878,0,2
363626,2,2
268346,0,1
60445,0,0
253168,1,1
139515,2,2
174644,2,2
127066,2,2
111174,1,1
164736,0,0
20147,0,2
247028,2,0
193345,0,2
51744,0,0
379332,0,0
169196,0,1
35846,2,2
205510,1,1
279914,2,2
93201,1,1
21998,1,0
393248,0,0
215481,2,2
28205,1,1
146826,0,2
258350,2,2
158880,2,2
265572,0,1
334155,0,2
302924,2,2
168911,2,2
236067,1,1
269898,2,2
144345,0,1
390369,2,2
346323,2,2
400353,0,2
218017,0,0
123687,0,2
81158,2,0
27764,0,0
207780,2,1
91028,0,0
134725,2,2
306732,2,1
366450,2,2
176813,2,2
218307,1,1
355026,2,2
339706,1,1
304464,0,2
397206,2,2
184728,0,2
384169,2,2
244173,0,2
80289,2,2
73173,1,1
180600,0,0
397977,1,1
209666,1,1
256037,0,0
12515,1,1
346040,1,1
373969,0,2
369915,1,1
229046,2,1
157035,2,2
210035,0,0
130073,0,1
40757,0,0
380934,2,2
323771,1,2
244447,2,2
386111,0,2
71111,0,2
286818,0,1
89040,2,2
91392,0,2
280889,2,0
246324,2,2
111685,0,0
301388,2,2
129147,2,2
46941,2,1
57888,2,2
189678,0,0
209333,2,2
159363,2,1
146188,2,2
228622,2,2
171370,0,2
367423,1,1
191994,1,1
151111,1,1
29608,1,1
2383,0,2
396896,2,2
146968,1,1
275081,0,2
74479,2,2
73133,0,1
162850,2,1
400958,2,2
268966,2,2
253485,1,1
354074,2,2
350238,2,2
139381,0,1
266451,1,1
286112,0,0
72818,2,2
87056,2,2
17450,0,2
331138,2,2
9043,2,1
223020,2,2
337507,2,1
59383,2,2
170358,0,2
374478,2,2
272842,1,1
178350,2,1
218728,0,0
333071,0,1
332830,1,1
190808,2,1
110476,1,1
76862,0,1
382593,2,2
122492,1,1
28926,0,1
72016,2,2
176371,0,0
389500,2,2
300344,1,1
215542,0,1
68072,2,1
2374,2,2
388770,0,1
113038,0,1
42771,2,2
276268,2,1
342861,2,2
39929,0,0
384630,2,0
1953,0,1
345337,0,2
284135,2,1
337885,2,2
60183,1,2
15019,0,2
89097,1,1
289914,2,2
369593,0,0
123402,2,2
260365,1,1
98393,0,0
296329,0,0
374212,2,2
181530,0,1
92251,2,2
26620,2,2
78408,0,0
225162,0,2
253918,2,1
335367,0,2
293568,0,2
311610,2,2
302566,0,0
292723,2,2
43061,2,1
116669,1,1
390263,0,0
393954,1,1
61197,2,2
345509,2,2
41563,2,1
12749,1,1
351954,1,1
220463,2,2
67529,2,2
33720,2,2
113494,2,2
119818,2,2
290835,0,2
352054,1,1
56538,0,1
339770,2,1
296601,2,1
90672,2,2
290622,2,2
232994,0,0
180515,2,1
81863,2,2
397828,2,2
384591,2,2
175194,2,2
140847,1,1
90082,0,0
40705,1,1
392714,0,0
24651,0,1
191442,1,1
183686,0,0
146869,1,1
285611,0,2
189872,2,2
272112,1,1
211321,0,2
285131,2,1
6376,2,1
151771,0,2
387261,0,2
249652,1,1
44670,1,1
286557,2,2
31016,2,2
54216,0,1
361951,0,2
278327,0,1
25975,0,2
277397,2,0
183932,2,1
273110,0,2
173829,2,2
126224,0,2
12652,2,2
172292,0,0
41370,0,0
98856,1,1
404037,2,2
111588,0,2
230889,0,1
6645,2,2
295221,2,1
89311,1,1
360584,2,2
95707,0,1
254161,0,0
348726,0,0
240661,0,0
191983,1,1
188365,1,1
366631,2,2
322167,0,2
182459,0,2
385404,2,2
191157,2,1
303112,0,1
294647,0,0
28407,1,1
327841,0,0
101552,0,0
400566,0,2
172378,2,2
294733,2,2
356004,2,1
357909,0,2
175204,2,2
329755,2,2
372037,1,1
170981,0,1
129889,0,1
291496,2,2
234719,2,2
263372,1,1
266230,2,2
112070,2,2
163651,2,2
40983,1,1
54840,2,1
233764,2,2
129227,0,2
592,0,0
260237,0,1
145038,0,2
138403,1,1
86451,0,1
276019,0,1
38361,2,2
99162,2,2
72817,0,2
229977,2,2
304633,0,1
100669,1,1
280213,2,0
400773,0,2
282680,0,0
95717,2,1
215800,0,2
66273,0,2
351500,0,0
353164,1,1
13089,0,0
173585,0,0
267909,2,1
299881,0,2
57173,1,1
197731,1,1
63233,2,1
113077,2,2
13284,1,1
222341,2,2
32819,2,2
323119,2,2
318283,1,1
116531,0,2
185285,2,2
201989,0,2
235441,2,0
121678,0,2
36722,0,0
279937,0,0
307455,0,2
51354,2,0
282442,1,1
203209,2,2
3956,0,2
171440,2,1
128339,2,2
331974,0,0
289267,2,1
202738,2,2
108489,2,2
201910,2,2
67950,2,1
237788,1,2
318479,1,2
227386,1,1
178110,0,1
158716,0,2
302906,2,2
90908,0,2
145385,2,0
88294,0,1
87273,0,0
187766,2,2
298926,0,2
195905,2,2
249151,2,2
121476,0,2
169515,0,1
219476,0,0
186700,1,1
129960,2,2
125773,2,2
299033,2,0
29249,2,2
286027,2,2
338537,0,1
107074,2,2
297761,0,2
137981,2,2
117987,1,1
40054,0,1
158529,2,2
38442,2,2
52572,1,1
127516,2,2
398081,1,1
309465,2,2
145706,0,0
333706,0,2
248460,2,2
150362,2,2
45757,2,2
48515,2,2
360193,2,0
249987,1,1
1735,0,0
305062,2,2
372708,0,2
299245,2,2
237416,2,2
264150,1,1
396509,0,2
170711,2,2
96823,2,0
365554,2,1
270801,2,2
53636,2,1
367862,0,0
254945,0,1
264164,0,1
375769,2,1
267056,2,2
389174,0,2
353231,0,2
286783,0,2
54333,2,0
18235,2,2
260771,0,0
59810,1,1
109965,2,2
48567,2,2
266419,2,0
319051,2,2
35304,0,1
203036,2,2
291237,2,0
62028,2,1
178001,1,1
210123,0,2
104805,0,2
145935,2,1
341193,2,1
265485,1,1
125356,0,0
145563,2,2
5140,1,1
191368,2,2
286748,2,1
313919,1,1
193908,2,2
276778,0,0
308129,0,0
335951,1,1
187495,1,1
50410,0,1
151192,1,1
380543,0,1
334431,0,0
374612,0,2
326909,2,2
25184,2,2
350389,1,1
267395,0,2
121535,0,2
53311,1,2
27249,2,2
102958,0,0
122230,2,2
87709,0,2
350226,0,2
184084,2,2
299501,0,1
180598,2,2
20678,0,0
120411,0,0
182326,0,0
142574,0,0
363845,1,1
133453,1,1
391601,2,2
150622,2,2
401242,0,1
383428,1,1
126756,0,0
344933,0,1
386354,0,1
60634,2,1
403944,0,1
371711,2,1
315187,2,2
29461,0,0
48440,1,1
76787,1,1
106420,2,0
325366,1,1
119288,2,1
373729,1,1
46940,0,0
289171,0,0
13511,1,1
101823,0,2
230033,2,1
224240,2,2
117196,0,1
159035,2,2
32336,2,1
276070,2,2
176483,1,1
42898,1,1
140920,0,2
367566,0,1
155571,0,2
76853,1,1
390281,2,2
328994,2,2
318604,2,2
372427,1,2
148277,2,2
167674,2,2
167644,2,2
319617,0,2
157229,2,2
67509,2,2
219443,0,2
235748,2,2
329813,1,1
226748,2,2
234592,2,1
54009,0,2
67700,2,0
346853,2,2
377621,2,2
94209,2,0
130925,1,1
285906,2,1
19011,0,2
249743,0,2
393014,0,0
137584,0,1
60476,2,2
219761,2,2
286340,1,1
145302,2,1
71058,0,0
145991,0,2
326805,1,1
107043,2,0
213716,0,1
286954,0,2
114771,2,1
372726,2,2
51435,0,2
213449,2,2
159794,0,2
390115,0,2
285460,2,1
384324,0,1
299747,0,0
246439,2,2
95073,0,2
355149,2,1
306619,0,2
368437,2,1
305698,2,2
111878,2,0
125173,1,1
350971,2,2
266687,1,1
137866,0,1
225011,1,1
99111,0,0
268654,0,1
150729,0,0
247631,1,1
33887,0,1
129993,2,1
337570,0,0
80722,1,1
28569,0,1
185612,0,0
105818,2,2
315368,1,1
25745,2,2
68081,2,2
94597,2,2
253350,2,2
210690,1,1
201876,0,0
351729,1,1
215782,0,2
346086,1,1
127537,0,2
121879,1,1
298972,0,0
177547,1,1
255661,2,2
279968,2,2
250281,0,0
172533,0,2
56382,0,0
77131,0,0
386011,2,2
224156,0,2
29272,2,2
217382,0,0
349678,0,0
42241,0,2
270869,2,2
6388,1,1
305470,0,0
140392,2,2
168776,2,2
18921,2,2
230869,1,1
15263,1,1
396090,1,1
219509,0,2
60483,2,2
305159,0,2
21492,2,2
318853,2,2
30567,2,0
307487,0,2
367543,0,0
329569,2,2
28819,0,0
364228,2,2
370464,0,0
238508,2,2
252018,2,1
171226,1,1
153458,0,1
259644,0,0
175845,1,1
386195,0,0
202207,0,0
97097,0,2
256935,2,2
307465,2,2
322478,1,1
72951,2,2
190953,2,2
119104,2,2
35798,0,2
2014,2,2
35385,2,1
223906,2,2
65924,1,1
185465,2,1
363766,1,1
106362,1,1
133042,0,1
106219,0,2
371380,2,1
199521,2,1
83856,2,1
27025,2,2
286286,1,1
387065,0,2
377553,2,2
11658,1,1
108833,2,2
355109,2,2
379570,1,0
385853,2,2
361448,2,2
340881,2,1
179122,2,2
216172,1,1
285749,0,2
76521,1,1
267613,2,2
340521,0,1
288996,2,2
190590,0,1
387798,0,2
60729,0,0
205331,2,0
169192,1,1
158917,0,2
305923,0,2
346908,2,2
48061,2,2
281286,2,2
158246,2,1
394279,1,1
76833,2,1
268738,2,2
344539,0,2
182121,2,2
149734,0,0
358644,2,1
160630,0,2
273983,2,1
402303,2,2
209250,2,2
352095,2,2
112493,0,2
110889,0,1
52275,2,0
47524,2,2
157958,2,2
249144,2,2
243947,2,1
326856,0,1
248868,0,1
233491,0,2
1569,2,2
147781,2,2
125575,0,2
103072,0,0
94203,0,2
324275,2,2
142449,2,2
336323,0,1
394329,0,0
77638,0,0
40138,2,2
148439,0,1
170516,2,2
227247,0,0
399309,0,2
1417,1,1
175753,0,2
98357,2,1
28841,1,1
57036,0,1
269212,2,1
130140,0,2
246886,1,1
181282,0,1
49478,0,2
166217,2,2
369759,2,0
288152,2,1
183060,2,1
188872,2,1
188653,2,1
86229,2,1
291727,0,2
240763,0,0
110182,2,2
259986,1,1
107245,2,2
128639,2,1
247458,2,2
153788,0,0
75488,0,1
342897,0,0
307281,0,0
366168,1,1
279717,0,0
23821,2,2
48409,0,2
387013,2,1
376257,2,1
367504,0,2
139721,0,0
161997,0,2
88224,0,2
382648,1,1
176067,0,0
256341,0,0
316773,1,1
29429,2,1
267017,1,1
339180,0,2
161962,2,1
275698,2,2
253868,0,2
189779,2,2
15674,2,2
241170,0,0
142554,0,2
230980,0,2
244576,2,1
275729,2,2
250726,2,2
339403,0,2
173494,2,2
90218,2,2
253904,2,1
349688,1,1
51600,0,2
198989,2,2
268258,0,2
37873,0,0
266613,1,2
11060,0,2
72938,0,1
92557,2,1
346167,1,1
56928,1,1
358468,0,2
293820,2,2
207596,0,0
204484,1,1
347104,1,1
159187,0,2
203977,0,2
208058,0,0
104439,2,2
131228,2,2
298567,1,1
287113,2,2
235679,0,2
316127,2,2
316269,0,1
254792,2,2
159678,1,1
149848,0,0
123134,0,1
214318,2,1
405184,2,2
75684,0,0
248015,2,2
372176,2,2
209374,2,2
358471,0,2
331338,0,0
148888,0,2
73395,2,2
170859,2,2
339816,2,2
190759,1,1
260209,2,0
283223,0,0
173508,0,1
383752,2,2
117952,2,1
125231,1,1
141279,2,2
254140,2,2
333916,1,2
368486,2,2
79763,2,2
39620,1,1
96549,0,0
15484,2,2
287932,0,0
234976,2,2
289169,0,0
36847,1,1
379855,1,1
389971,2,2
319581,0,1
40811,2,2
150721,2,1
152994,0,0
379587,1,1
221656,0,2
95542,0,2
382731,0,2
338430,0,2
278365,2,2
367249,2,2
1350,2,2
79103,2,2
395935,2,2
251284,2,2
65914,2,2
307912,2,2
205269,2,2
162750,1,1
105217,2,2
163176,2,2
223787,2,2
91193,2,2
310435,0,1
280696,0,1
115993,2,2
87504,2,2
273390,0,0
307017,0,0
388945,2,2
107531,2,2
191375,1,1
88129,2,1
155653,0,1
72791,0,1
331420,0,1
30875,2,2
125391,2,2
309690,2,2
316314,2,2
10257,2,2
374933,2,2
66166,1,1
174997,0,0
63353,2,1
74417,1,1
59971,0,1
175579,2,2
162700,0,2
113693,2,2
208977,2,2
53317,0,2
245499,0,0
93573,0,1
273525,0,1
129029,1,1
246577,2,2
259090,2,1
378965,2,2
117830,1,1
359687,1,1
115006,1,1
158834,2,2
179829,2,0
15729,0,2
321067,0,1
121555,2,2
51597,2,2
20072,2,2
198665,0,0
208202,2,1
95508,2,2
7211,2,2
108228,1,1
16932,0,2
92286,2,2
211744,0,2
216289,2,2
54826,2,2
361161,0,1
360188,0,0
35123,0,0
353935,2,2
262362,0,1
219630,0,0
138148,0,2
40589,2,2
251599,2,2
227769,0,2
10565,2,1
385747,1,1
306938,0,0
142557,2,2
158411,2,2
257622,2,2
399892,1,1
277428,0,1
99244,0,1
212448,0,1
164690,0,2
241581,2,2
81462,2,2
109447,2,2
25293,0,1
24241,2,2
13202,2,2
81644,2,2
217142,2,2
95972,2,2
56137,0,2
70459,0,1
124184,0,1
106254,1,1
122483,2,2
33948,2,2
109912,1,1
64072,2,2
211989,1,1
31341,0,0
211215,0,0
232212,1,2
151522,1,1
128682,2,0
291438,2,2
304399,0,0
100770,0,1
105534,0,1
331794,0,0
50998,1,2
230834,0,1
322241,0,1
360862,1,1
330675,0,1
302219,0,2
67328,0,1
403008,1,1
394375,0,0
129538,0,1
111212,2,2
75920,0,2
299644,0,1
282845,1,1
283989,0,1
75608,2,2
318756,0,0
158702,2,2
392210,0,2
317078,2,2
9119,2,2
350591,0,0
119315,2,1
311587,0,0
383153,2,1
155245,2,2
160157,2,2
202823,0,2
183554,0,1
32707,2,2
344995,2,2
107395,2,2
74779,2,1
91431,0,2
117140,2,2
402473,2,2
249415,2,2
114763,2,2
314508,1,1
265366,2,1
250587,2,1
261794,2,2
137619,2,2
252688,1,1
17442,2,2
72106,1,1
286111,1,2
403810,2,0
32403,2,2
104633,0,2
328972,1,1
84882,0,0
240766,2,2
73071,2,1
292205,0,2
18560,2,2
260900,2,2
145153,0,1
170423,0,2
386244,2,1
33885,2,2
114569,0,1
405276,2,2
290496,1,1
240527,0,0
276598,0,2
244370,0,0
28305,0,2
343192,2,1
15460,2,1
184769,0,1
324592,0,0
326558,2,2
364762,1,1
398908,1,1
188488,2,2
122437,2,2
46725,2,2
90070,0,0
338231,0,0
249596,2,2
398353,2,2
156544,2,2
401857,0,0
230698,0,2
401692,2,2
295826,0,0
399698,2,2
173291,1,2
174962,1,1
144589,1,1
158339,1,1
7901,0,2
171779,2,2
60880,1,1
25884,0,2
279376,2,2
107302,2,2
44111,2,2
140644,1,1
246064,2,0
329462,0,2
253075,0,0
240873,2,2
345005,0,0
314833,2,0
48169,0,1
320999,1,1
34590,1,1
49958,2,2
326104,0,0
104267,0,1
13316,0,0
36632,0,2
269191,0,1
235006,2,2
146035,0,0
206429,1,1
81896,2,1
180456,0,0
386837,1,1
129862,2,0
301221,2,2
156177,2,2
46357,2,0
275361,0,2
267728,2,2
401163,1,1
23663,2,2
372174,2,2
343590,1,1
29690,0,0
134693,1,1
26419,1,1
112448,0,2
372555,2,2
283886,1,1
100289,0,2
289191,0,2
79978,1,1
316825,2,1
122021,2,0
264318,2,2
106907,1,1
343907,0,1
387395,0,0
54125,0,1
248936,2,2
255311,2,2
148012,2,2
369275,0,2
359829,0,1
9,2,2
267899,0,0
284480,2,2
100992,2,2
380316,2,2
249137,2,2
84403,2,2
33947,2,2
32293,2,2
119286,0,0
82530,0,0
17536,0,2
38140,2,2
399135,1,1
5107,2,2
101550,2,2
222234,0,2
180761,0,1
65901,0,1
260402,0,0
375529,2,2
57346,0,0
194680,0,2
375380,0,1
36163,1,2
115512,0,2
25751,0,1
216216,0,2
271227,2,2
217787,2,2
225962,2,2
258277,2,2
202942,0,2
181948,2,2
138016,2,2
101979,0,0
281885,2,2
397187,1,1
112077,0,2
160370,2,2
210004,1,1
963,2,2
402499,0,0
273688,2,2
388277,0,0
24625,0,2
207944,2,2
382654,0,2
199980,2,2
251807,2,2
120114,0,1
239352,0,2
343751,2,2
277903,2,2
101314,2,2
95364,1,1
178805,2,0
131590,0,0
384730,2,0
45078,2,2
365575,2,2
125853,2,2
127068,2,2
401752,0,2
18123,2,2
370443,2,2
90118,0,2
210329,2,2
240427,2,0
292448,0,0
202031,2,1
165368,0,1
345297,2,1
357255,1,1
16870,0,0
83097,1,1
285671,0,0
379361,2,2
93451,0,0
222891,2,2
248157,0,0
345954,2,2
234204,0,0
193579,2,2
43192,2,2
98562,2,1
206793,0,2
353204,0,0
324843,2,2
194746,0,2
310968,2,2
16392,1,1
252701,2,2
151790,2,1
117426,1,0
330663,2,2
17396,0,2
177724,1,1
389533,2,1
378049,2,2
296540,2,2
38435,0,1
263151,2,2
275458,0,1
277201,1,1
104738,0,1
36727,2,2
122269,2,2
304166,2,2
96538,0,2
287234,2,2
33564,2,2
44142,0,0
25936,2,2
58254,2,2
271841,2,2
47093,2,2
219379,0,2
259982,2,1
314905,0,2
70707,2,2
10533,1,1
314382,1,1
350576,0,0
264955,0,0
256513,2,2
267057,1,1
177667,2,2
193841,0,0
214586,0,0
92404,1,1
146601,0,0
322900,2,2
229987,1,1
313476,2,2
12172,2,2
301419,0,1
348022,0,1
313084,0,2
11073,0,0
78821,2,2
387320,1,1
303480,2,2
113639,1,1
17468,0,2
92474,2,2
281671,2,2
117870,1,2
86517,2,2
351589,1,1
336414,2,2
195390,2,2
273148,0,1
247668,2,2
277091,2,2
85517,0,0
401540,0,2
297855,0,0
11487,1,1
378615,1,1
261297,2,1
361735,2,2
402562,1,1
72134,2,2
369967,0,2
82927,0,2
392572,0,2
323273,1,1
121104,0,0
41118,2,2
182843,0,0
203140,0,2
298314,1,1
141382,0,2
261543,2,2
165541,2,2
93792,1,1
270380,2,2
345085,1,1
68406,2,1
381029,2,1
69226,1,1
237465,1,1
352972,2,2
15755,2,1
161364,0,2
193467,2,2
261754,0,0
20283,2,2
51535,0,2
138396,2,1
58612,2,2
301078,2,2
112752,0,2
300786,2,2
22738,2,2
271573,2,0
230469,1,1
75274,0,0
374272,1,1
257284,0,0
258856,0,1
329154,1,1
114909,1,1
23299,2,2
358485,0,0
211017,0,2
232774,0,1
227476,2,1
318009,1,1
362787,2,2
207224,2,0
336518,2,2
231131,2,2
297409,1,1
283211,0,1
211300,2,2
195810,2,0
126101,0,0
166405,2,2
96874,1,1
309860,0,1
392412,0,1
107615,0,0
300166,0,0
184447,2,2
350694,2,2
148549,2,2
56271,0,2
386651,0,0
171049,2,2
128814,2,2
111131,2,2
205659,0,2
231923,2,2
314493,2,2
193749,1,2
284633,2,2
257130,2,2
10354,0,2
389785,0,1
254822,2,2
286782,0,2
74225,2,2
14153,0,1
270424,1,0
192766,2,2
203028,2,1
346058,0,2
130757,1,1
87219,0,2
128407,2,1
42932,0,0
60269,2,1
63581,0,2
240878,1,1
404025,2,1
405339,2,1
94576,2,0
140966,2,2
373451,1,1
135124,2,2
62690,2,2
80821,1,1
352059,0,0
65940,2,2
38989,1,1
121713,1,1
366741,2,2
61025,2,1
122773,2,2
8243,1,1
318029,0,1
402086,2,2
204719,0,0
69440,2,2
329799,1,1
389063,2,2
240398,2,2
271782,2,2
46823,0,1
280806,2,1
187999,2,2
235247,1,1
6484,0,2
141333,1,2
317359,2,2
309533,1,2
211992,2,2
154036,0,2
241875,2,2
269530,2,2
305934,1,1
396421,2,1
18933,2,2
130456,2,2
95565,2,0
360944,2,2
46007,0,2
314686,0,2
265789,2,2
138764,2,1
124555,2,2
54411,0,0
28755,1,1
168607,1,1
247119,1,1
16989,1,1
39856,2,2
24948,1,2
338964,0,1
378071,0,1
103768,0,2
257725,0,1
376416,2,2
319783,2,2
362906,0,2
64271,0,2
175488,0,1
294184,2,2
368512,0,0
10615,2,0
238594,1,0
157320,0,1
341864,2,2
36589,2,1
325612,2,0
385944,2,2
374672,2,0
228716,2,2
307887,0,1
134861,0,2
403680,2,2
378420,0,2
326659,0,1
121553,1,1
144489,0,0
242675,1,1
332611,2,2
271076,2,1
250941,2,2
360563,1,1
78993,0,2
266102,0,1
68485,2,2
131664,0,2
336004,0,0
374067,0,1
406253,1,1
155131,1,0
279190,2,2
239647,0,2
345639,0,1
383288,0,2
70408,1,1
41427,0,1
152705,0,0
30186,2,2
165436,2,1
353512,0,2
394831,2,1
317425,2,2
352695,2,0
266597,2,1
381541,0,2
328331,2,2
385098,2,1
148649,2,2
136955,2,2
381492,0,1
331508,1,1
353805,2,1
6182,1,1
111571,2,2
282796,1,1
38863,2,2
100995,2,1
195835,2,2
100225,0,1
347924,2,2
19195,1,1
297563,2,2
124273,0,0
196282,2,2
305587,2,2
361910,1,1
64085,2,2
227964,1,1
166456,2,2
79645,2,2
291704,0,1
331491,2,2
57858,1,1
299236,1,1
124162,2,2
318059,2,0
354810,1,1
394325,2,0
203413,0,2
35569,2,2
199174,2,2
214949,1,1
16129,0,2
135060,0,1
119908,0,0
224718,2,2
38325,1,1
211363,2,0
72877,2,1
90618,2,2
9050,2,2
199607,0,1
257740,0,2
94386,1,1
133144,0,2
203152,1,1
230649,0,2
223550,2,1
232250,1,1
136749,0,1
49472,0,2
341152,2,2
298383,2,2
336889,1,1
292926,0,0
388866,2,2
105085,0,0
301527,0,0
305330,2,1
330727,1,1
265441,0,1
268007,0,1
179002,2,2
404364,0,2
100482,2,0
266259,1,1
396358,2,2
120877,1,1
350176,1,1
121726,2,2
269326,0,2
226919,0,1
273778,1,1
336372,2,2
187282,0,2
89499,2,1
406254,0,0
326898,2,2
183434,0,2
263178,2,2
42350,2,1
361703,0,0
24736,0,2
370211,2,1
309529,2,2
118206,0,2
322463,2,2
272626,2,2
391921,0,0
267032,0,2
353554,0,0
91356,1,1
136565,0,1
223524,0,2
318390,0,2
404803,1,2
332618,2,2
251338,1,1
182591,1,1
384832,0,0
212064,0,0
262934,2,2
194803,0,0
184696,2,2
18233,0,2
159210,2,2
362717,1,1
276997,0,0
73175,0,2
58452,0,0
403669,2,2
124132,2,2
313306,2,2
390033,2,2
55675,2,2
54179,0,2
158220,1,1
298741,0,1
366513,0,2
305126,2,0
69584,1,1
211421,0,2
316417,0,1
230476,2,2
196254,2,1
238911,2,0
372958,0,0
312754,2,0
203444,2,1
258411,1,1
353392,0,1
319852,2,2
96801,2,2
53708,1,1
14099,0,2
32537,1,1
130437,2,1
401853,0,1
140067,0,2
380098,2,2
145551,2,2
249314,0,2
50286,0,0
328693,2,2
98289,0,2
162996,0,2
33168,2,2
275774,0,1
65666,2,2
87671,0,0
215535,1,1
43867,0,1
216845,2,2
315264,0,1
259047,0,0
35892,2,0
78030,0,2
150872,2,2
60290,2,2
281409,2,2
344125,2,2
391778,0,2
154461,2,2
292567,2,2
56906,0,0
59711,2,2
190527,0,1
25896,0,2
31258,2,2
19186,0,2
205517,0,0
378132,2,2
363719,0,0
194532,2,2
380163,0,2
312885,2,2
147718,2,0
147702,0,0
264622,2,1
56086,1,2
28711,2,1
109520,2,2
271265,1,1
248594,2,2
148891,0,2
22027,0,0
26373,2,2
102764,0,2
358377,0,0
246629,0,1
325233,0,0
124529,0,0
175429,2,2
262271,0,2
70046,2,2
311219,0,1
204747,1,1
226687,0,0
213484,1,1
64366,2,1
365047,2,2
354283,2,2
1106,2,2
62330,1,2
103177,0,2
52125,2,2
381376,0,0
79470,2,2
224660,1,1
81577,1,1
264292,2,2
180666,0,0
328918,2,2
279829,2,2
22980,1,1
228775,0,0
175032,0,0
392522,0,2
163255,2,0
382195,2,2
65993,1,1
75233,2,2
318666,1,1
87289,1,1
230398,1,1
174315,2,2
253768,0,2
239291,1,1
278250,2,2
176359,0,0
159388,0,2
327675,0,2
193975,0,2
196147,0,2
122433,0,0
114115,0,2
176806,2,2
152252,2,2
77046,2,2
296266,2,2
248232,2,2
361092,1,1
350542,0,0
26514,0,2
15951,2,2
183356,0,0
270649,0,1
339748,1,1
332759,1,1
156042,2,1
204372,1,1
257972,1,1
198859,2,2
222883,1,1
297964,1,1
272755,2,2
11895,0,0
141505,2,2
145975,2,2
197755,2,1
106532,0,0
381184,2,1
398510,2,2
247991,2,2
152993,2,2
140702,2,2
193444,0,0
119518,2,2
165106,0,2
55257,0,2
143482,1,1
285603,2,2
168778,1,1
102793,2,2
199860,0,2
14041,0,0
149015,0,2
255833,2,2
220097,2,2
25037,2,1
69267,0,0
50099,2,1
14869,0,1
372604,0,1
11338,2,2
359452,1,1
247487,1,1
307668,2,2
199601,2,2
103612,0,1
395452,1,1
183581,0,0
211147,2,0
249365,0,2
262258,2,2
157470,2,2
55455,1,1
326020,2,1
73853,2,2
172374,2,1
381793,2,2
227757,2,2
19333,0,2
218863,1,1
93615,0,2
35275,0,0
231997,0,1
236634,2,2
297975,1,1
256926,2,0
119556,2,2
184894,2,2
149472,0,2
319451,0,0
21957,2,1
396878,2,2
118710,0,1
296000,1,1
242147,0,1
160350,1,1
111343,0,0
288183,0,0
379162,0,1
30797,0,2
49390,1,1
319177,1,1
383082,0,1
403987,1,1
281148,1,1
391475,2,0
405800,0,2
186851,2,1
258593,0,2
177418,1,1
286793,1,1
178428,0,2
88313,2,2
34240,1,1
381586,2,2
145162,2,2
216645,2,2
275655,2,2
155045,0,2
398618,0,2
367836,1,1
196054,1,1
145180,0,0
159336,1,2
226282,2,2
310586,1,1
261373,1,1
327805,2,2
73477,2,2
346557,2,2
137493,1,1
66028,0,0
228380,0,0
350509,2,2
274887,0,2
315416,1,2
149949,0,2
127716,2,2
153917,2,2
1162,1,0
112746,2,2
230845,0,0
99208,1,1
322455,1,1
265132,2,2
183616,2,2
74266,0,0
367835,2,2
215691,2,1
330650,2,2
238139,2,2
393706,1,1
132224,1,1
168047,2,2
140047,0,2
152461,0,2
361508,1,1
63760,0,2
155059,0,2
255928,2,2
215573,2,1
29959,2,2
206868,2,2
266116,0,1
247518,0,1
183850,0,0
250385,0,1
235593,2,2
127831,0,1
83749,2,2
20781,1,1
385911,2,2
363487,0,2
270746,0,2
132996,2,1
83425,2,2
225988,0,2
234844,1,1
83003,0,0
148999,2,1
34397,2,1
348502,0,1
189845,0,2
173509,0,0
384596,0,0
113726,2,2
298270,1,1
242462,2,2
374015,1,1
175400,0,1
20644,2,2
168330,0,0
13954,0,2
160961,1,1
87060,2,0
298511,2,2
217353,1,1
47814,2,2
229930,2,0
163737,0,2
405289,0,0
204187,0,2
53062,2,2
232017,0,1
357522,0,1
185281,2,1
294389,2,2
228790,2,2
324160,2,0
393359,0,1
198705,2,2
89341,2,2
128437,1,1
395311,0,0
60613,0,0
24071,2,2
257605,2,2
257042,2,2
206122,2,2
265446,2,1
27796,2,2
44309,0,0
340480,2,2
360075,0,1
337543,1,2
139436,0,0
101753,2,2
382161,0,1
242759,1,2
373923,0,0
73164,1,1
5444,0,0
320275,2,2
81495,0,0
252034,0,2
52028,1,1
288081,2,2
293395,2,2
78732,2,2
250311,0,1
166000,1,1
121351,0,2
202246,0,1
302114,2,2
265112,2,2
174288,2,2
61573,1,1
250089,0,0
138858,2,2
125858,2,2
391217,0,2
289497,0,0
298328,0,0
178142,0,0
140585,0,1
311622,0,2
322311,0,2
246933,2,2
18381,0,2
36237,2,2
249992,2,2
198351,1,1
382281,2,1
398461,2,2
33262,0,0
26832,2,0
31573,2,0
171412,0,1
226207,2,2
392219,0,2
32913,2,2
39478,1,1
118456,2,2
126982,2,2
395319,0,2
340969,1,1
285144,2,2
333148,0,0
338728,1,0
109721,0,2
125719,0,1
252842,2,2
9108,2,2
96599,0,1
172657,1,1
291378,0,2
268835,0,2
113641,0,1
137201,0,2
75989,2,2
295499,0,2
152609,0,0
36233,0,0
255525,1,1
401477,1,1
371173,0,2
10106,0,0
398975,1,1
332181,2,2
136402,0,1
144944,0,2
238212,0,2
205536,0,0
92459,2,2
28058,2,1
31581,0,1
226966,1,1
234697,1,2
204580,2,2
354017,2,2
364048,1,1
155939,0,2
27037,0,0
167985,0,1
151981,2,2
263840,1,2
388986,1,1
401386,1,1
337095,0,2
403367,2,2
61141,0,1
68138,2,2
339420,2,0
253685,2,1
307730,1,1
280574,2,2
286683,1,1
154612,0,1
126160,2,2
265542,2,2
207294,2,2
383108,0,2
227613,2,2
131253,0,2
170424,2,2
249004,2,0
240114,0,0
191339,0,2
332615,0,1
68193,2,2
12678,2,2
151780,1,2
26630,0,2
32481,2,2
229698,2,0
357105,0,0
62375,1,2
254356,0,0
146978,1,1
226360,1,0
6351,0,0
96464,0,0
138059,2,2
377144,2,2
931,1,0
401365,2,2
195749,0,0
196073,1,1
205107,2,2
287880,1,1
323831,0,0
387428,0,0
178187,2,2
253738,0,0
372787,2,1
211246,0,2
155515,2,1
381361,2,1
58578,2,2
283448,2,1
12250,2,2
369962,1,1
130473,2,1
319595,1,1
64558,1,1
198900,2,2
320573,0,2
28734,2,2
255088,1,0
73078,2,1
245038,0,2
296843,2,2
318797,0,2
297478,0,2
132401,2,2
138282,0,0
398641,0,2
26467,0,1
316229,0,1
75786,2,1
253092,0,2
100785,0,1
239325,2,2
265432,2,1
211237,1,1
45498,2,2
139602,2,2
354514,2,2
58572,2,2
279159,0,1
174309,2,2
287285,2,2
328982,0,2
272473,0,1
87915,0,0
323792,0,2
271261,0,0
40877,0,2
366768,2,2
287261,0,2
194533,0,0
316706,2,2
132763,0,0
260333,2,2
200939,0,0
315930,2,2
299087,0,2
45018,0,1
77680,2,1
228647,0,2
249165,0,1
98417,2,1
2088,0,0
365455,2,2
296247,1,1
312979,1,1
69918,0,0
399301,2,2
97046,2,2
221859,0,0
77736,2,2
346932,2,2
325268,0,0
360851,2,2
259671,0,2
71396,2,1
343013,2,1
77454,2,2
35355,0,0
293970,1,1
14098,0,0
134957,2,2
358310,2,2
291888,0,2
207790,0,0
100196,0,2
329991,1,1
54325,1,1
371348,1,2
364869,2,2
66381,2,2
22355,0,1
379480,1,1
234661,0,0
293736,0,1
181480,0,0
185330,2,2
402116,2,2
244298,1,1
233847,0,2
379848,0,0
119161,0,1
335010,2,0
352612,0,1
7237,2,2
201670,2,2
236782,2,2
4242,0,2
231593,0,0
156156,2,2
314417,2,1
264893,0,0
54063,0,2
9911,1,0
283612,0,2
89409,0,1
32512,0,2
235440,0,1
252174,2,0
72905,2,2
262703,0,0
86232,0,2
51555,2,1
142075,1,1
241601,1,0
283206,2,1
10762,2,2
235034,1,1
36623,1,1
207915,0,1
203944,1,2
61698,0,0
279124,2,2
288146,0,2
177381,0,0
361202,2,2
295619,0,0
256427,0,2
200074,0,1
280523,0,2
64622,2,2
151778,2,2
85371,0,2
67369,1,1
188744,2,2
114961,2,2
170400,0,0
132842,0,0
375136,1,1
199683,2,2
92963,2,2
400525,0,0
129827,0,0
43015,0,0
375072,0,2
160546,1,1
94633,2,2
162234,0,2
47575,0,0
65109,0,1
183735,0,2
386420,0,2
360513,2,2
131316,0,0
60234,0,1
259767,2,0
32110,2,2
180739,2,2
312101,2,2
336083,0,1
76084,2,2
348938,2,2
24407,2,0
319884,0,2
101925,2,0
395834,0,2
207807,0,2
135479,0,2
388835,0,2
128206,0,2
117386,2,2
186141,0,0
263904,2,2
395338,2,1
87894,0,2
219991,2,1
232337,0,0
119817,2,1
281374,1,1
84269,2,2
165979,2,2
160902,2,1
360567,2,2
340715,1,1
153583,0,0
166614,2,2
222154,0,2
217227,0,1
142987,0,1
96279,2,1
302567,1,1
368092,0,2
298315,0,2
201035,1,1
108503,1,1
303101,0,1
173927,0,0
17635,1,1
310943,0,0
282727,0,2
124431,2,2
173977,2,2
377023,2,1
403889,1,1
1562,1,1
188104,0,2
259997,2,2
137073,0,2
280209,2,2
350584,2,1
310347,2,2
353710,2,2
69333,2,2
265016,0,0
275095,2,0
135688,2,2
41198,0,0
131864,2,2
82242,1,1
320882,1,0
131480,2,1
295976,2,2
56710,1,1
216499,1,1
196782,1,1
140185,1,1
338656,2,2
75427,0,2
334168,2,2
107027,2,2
376114,0,1
259992,2,2
317742,2,2
339371,0,2
144805,0,1
128705,2,2
387923,2,1
107292,0,2
183583,2,2
105696,2,2
385528,0,2
357903,2,2
173958,0,2
46389,0,0
124562,0,0
110253,2,2
403076,2,2
294527,2,2
83675,2,1
201309,1,1
51165,1,1
310153,0,0
186102,2,2
292761,2,1
385280,0,0
2592,2,2
302529,2,2
184129,0,1
216535,0,1
172201,2,2
368551,2,0
235060,2,1
302687,0,0
148885,1,1
112318,2,2
313868,2,2
105344,2,2
283874,1,1
154982,0,2
2851,2,2
93659,2,2
395090,2,1
185531,2,2
164445,0,2
365659,0,0
37745,1,1
273338,0,0
15713,1,1
209466,1,1
226428,2,2
199596,2,1
39202,0,0
404405,2,1
318125,2,0
91723,1,1
169172,2,2
349486,2,2
322156,0,0
82931,2,2
297802,2,2
156491,0,0
145483,2,2
103973,2,2
357229,1,1
22714,1,1
304239,1,2
349562,0,0
185087,0,2
350111,2,1
117796,0,2
397348,2,2
14725,1,1
20904,0,1
225028,2,2
261709,2,1
170521,1,1
386529,0,1
366839,1,1
8002,0,2
263516,0,1
157220,2,2
121393,2,2
221455,0,0
273499,2,2
271360,0,2
48020,0,1
334138,0,2
48120,2,2
20305,2,2
76710,0,1
74217,0,0
14571,0,0
118610,2,2
80694,0,0
206222,0,1
5399,0,0
23021,2,2
319114,0,1
285729,2,1
233010,2,2
283035,1,1
172017,0,2
371226,2,0
235061,2,2
224403,0,1
306259,2,2
77293,0,1
222312,1,1
230032,0,1
355902,0,2
269462,2,2
300886,2,2
365520,0,2
50041,0,2
386885,2,2
245209,0,1
24162,0,0
298361,2,2
147116,2,1
310326,0,2
320382,2,2
382642,2,2
17071,0,2
361866,2,2
76493,2,2
135053,2,2
56651,0,1
146567,2,2
392867,0,2
332715,2,2
64695,2,1
127391,1,1
301361,1,1
212305,1,1
100347,0,1
152289,0,2
52998,0,2
350668,0,2
196014,0,2
141562,2,2
88121,0,0
101857,2,2
404465,0,0
375413,1,1
283403,2,2
29569,0,0
57913,2,2
221215,2,2
41963,2,1
236122,2,2
257551,0,0
354867,2,2
289043,0,1
355838,2,2
70812,1,1
194051,0,2
121376,2,2
183476,0,0
380218,2,2
167197,0,0
215510,2,2
357602,0,1
9690,0,2
398056,0,2
325769,2,2
123568,0,1
289338,0,1
174991,2,2
38465,0,2
69329,2,1
111870,0,2
311735,2,2
173770,1,1
285404,2,2
306411,0,0
56481,1,1
4906,2,2
389542,1,1
234096,2,1
225775,0,1
339344,2,2
288904,2,2
269500,0,1
187154,1,1
121897,2,2
119743,1,1
287911,0,2
53067,2,2
350012,1,1
62583,0,2
11807,0,2
160520,0,0
101274,0,2
119965,2,1
345347,2,1
81486,2,1
16458,2,2
152675,0,2
152180,1,1
321659,2,2
226227,1,1
379355,0,1
387869,2,2
139428,0,2
19153,0,1
263654,0,1
351447,1,1
109552,2,2
164285,0,1
304315,2,2
57855,2,2
3097,2,1
112129,1,1
299605,0,0
103798,2,2
175234,2,2
358961,2,2
221917,2,2
147864,1,1
111127,2,1
328709,0,0
39304,0,0
307402,1,1
176318,0,2
325666,2,2
144960,2,2
118205,1,1
75422,0,2
319504,1,1
267408,2,2
136691,2,2
180735,2,0
235210,2,2
202377,1,1
183022,0,1
183665,0,0
146115,0,0
114035,2,2
185534,2,2
129114,2,2
389046,1,1
213353,2,2
334821,2,2
333376,2,2
288999,0,0
179534,0,2
29079,0,1
2692,2,1
312145,0,1
360304,2,2
312529,1,1
3325,1,1
218281,2,2
141346,0,0
117438,0,1
241027,2,2
402586,2,1
117778,2,2
78319,2,2
30752,2,2
242931,0,2
18223,0,0
119396,1,1
309717,0,0
111129,2,2
327125,2,2
378168,2,2
378609,2,2
79209,0,0
183195,2,2
46377,2,2
233919,0,2
199800,2,2
355668,0,0
22677,2,2
234389,2,2
234586,2,2
346770,1,1
275263,2,2
105894,2,2
231180,2,2
384691,0,0
23649,0,2
236410,0,2
133296,0,0
80611,2,2
294121,2,2
15128,0,2
330987,2,1
226673,0,0
111228,0,1
340313,2,1
348644,2,1
258249,2,2
352452,1,1
88071,2,2
265274,0,2
367615,0,1
290319,1,1
15217,2,1
40685,2,0
122855,2,1
158879,0,2
345911,2,1
297995,0,0
150048,1,1
401873,1,1
315779,0,1
310663,2,2
246591,2,2
155759,1,1
267449,2,1
134698,2,0
38665,2,2
187517,2,1
199347,0,2
386106,1,1
252456,0,2
157131,1,1
153598,1,0
137614,2,2
158227,1,1
302299,2,2
82951,2,2
70210,0,2
22689,2,2
320896,0,2
294868,1,1
238466,0,0
188492,2,2
276711,2,2
46683,2,1
126324,0,0
117114,1,2
24330,0,2
233038,0,0
103779,0,2
134901,2,2
221819,2,2
398127,0,2
13297,2,2
62137,2,2
400733,2,2
220480,0,0
400072,0,0
36346,2,2
177105,2,2
264686,1,1
226442,2,2
50048,0,2
331838,0,2
167063,2,2
163520,0,2
389019,2,1
10448,1,2
344499,2,2
52400,2,2
353082,2,1
43051,2,2
289821,0,2
47372,0,2
187448,2,2
123092,2,1
161942,0,2
135129,1,1
15617,2,1
12635,0,2
358217,2,2
173802,2,2
218172,2,1
330769,2,2
339470,0,0
364074,0,1
238916,0,0
237290,2,1
28037,1,1
217133,2,2
26305,2,2
22326,0,2
316551,1,1
331552,2,2
299688,2,2
180969,2,2
13667,2,1
195753,0,2
171342,2,2
165251,0,0
42514,2,2
334360,0,2
272702,2,2
280490,0,2
280431,0,0
72471,2,2
306512,2,2
250435,0,1
293719,2,2
20039,0,2
255215,2,2
206456,2,1
37957,2,2
364271,2,2
9310,2,2
404324,2,1
289274,0,0
199593,0,0
403174,2,2
242868,0,0
10625,0,2
20327,2,1
160276,2,0
301649,2,2
357813,2,1
94533,2,2
311039,2,2
228743,0,1
277096,2,2
260718,2,2
184556,0,1
171955,2,2
393262,0,2
144867,0,0
63070,0,1
47344,0,0
109461,2,2
101213,1,2
25050,0,1
67381,1,1
350033,0,2
228856,2,2
204347,0,2
231337,0,0
355837,2,2
215106,1,1
41041,1,1
133273,2,2
299972,2,2
373853,2,2
305069,2,2
199955,0,1
339717,2,2
86415,1,1
344292,0,2
278705,0,2
173795,0,0
41084,1,1
356684,0,0
242101,0,2
235739,2,2
397930,0,2
62305,0,2
326942,0,0
267067,2,2
229432,1,2
176066,2,2
230751,0,1
293590,0,0
143687,0,2
351457,2,2
134080,2,2
268652,0,1
118010,2,2
263983,2,1
56398,0,1
235394,2,2
168265,2,2
361905,0,1
7376,2,2
203924,2,2
131885,0,0
99234,1,1
236315,0,1
84259,0,2
157552,2,2
220410,2,2
292295,2,1
232133,0,0
385531,0,2
311595,2,2
71087,0,2
263907,2,2
283060,0,0
367990,2,0
19664,0,2
319275,0,1
171193,2,2
103152,2,1
45336,2,1
333885,0,0
261051,0,2
178922,0,0
276941,2,2
54900,0,0
325610,0,0
243320,2,1
233483,0,1
194005,0,1
104793,0,1
171606,2,2
355868,2,2
138579,0,1
146351,0,1
15419,0,0
106316,2,2
386024,2,2
8994,1,1
44277,2,2
125034,0,2
40922,2,2
389300,1,1
179638,2,1
154187,2,1
315722,0,0
288107,2,2
172867,0,2
283488,1,1
43806,2,2
46553,2,2
302719,0,0
278734,2,2
161337,0,2
166068,1,2
203337,2,1
11943,2,2
257975,2,2
337691,2,2
90631,1,1
68379,0,1
360776,0,2
306436,2,1
357940,1,2
278520,2,2
397437,2,1
165149,1,1
87336,2,2
225808,0,0
77681,2,2
258674,2,2
34531,2,2
285287,2,2
391713,2,1
40573,2,1
351111,1,1
168427,1,1
166534,2,2
275842,2,1
251981,2,2
178940,0,0
306914,0,1
368524,2,2
253494,2,2
279663,2,2
96644,2,2
98327,2,1
271503,0,2
376250,1,1
398266,1,1
90440,2,1
168490,2,0
139071,0,2
275092,1,1
342535,2,1
93193,0,2
373611,2,2
338415,2,1
197325,2,1
331484,2,1
320440,0,2
327336,2,2
6699,2,2
246178,0,0
24093,0,1
391512,0,0
69559,2,0
335486,2,2
294294,0,1
265231,2,1
24260,2,2
389287,0,0
48008,2,2
267011,0,1
216913,2,2
48934,2,2
143407,2,2
367314,0,0
75268,0,0
107297,0,2
130730,0,2
322618,2,2
322584,2,2
150788,2,2
311427,2,2
156900,2,2
352470,0,2
325453,0,1
153889,2,1
182709,2,0
200296,1,1
96728,1,2
314182,2,2
13373,1,1
134256,2,2
83067,0,2
376275,0,2
372980,2,1
389610,2,2
32266,1,1
82173,0,0
239889,1,1
129125,0,2
334878,2,2
197388,2,2
154411,2,2
237569,2,2
400971,2,2
150496,0,0
110462,1,1
100998,0,0
131752,2,2
368682,2,2
239586,0,0
132750,0,1
128480,0,2
856,0,0
190498,1,1
140866,2,1
200028,0,1
246539,1,1
346279,0,2
61135,0,1
78522,1,1
189573,2,2
37949,2,2
253238,2,2
261930,2,2
379232,0,0
172024,2,2
165471,1,1
365225,1,1
81101,2,2
195421,2,2
210663,1,1
179335,0,0
119804,0,1
69548,0,1
301325,0,0
146238,1,1
379635,2,2
393777,2,2
373157,2,2
224646,2,1
226798,0,0
217146,0,0
170584,2,2
48920,2,2
197751,2,2
249651,0,2
308221,2,2
337037,0,0
156749,0,0
101970,0,1
55010,2,2
345072,2,2
70672,1,2
242247,1,1
292955,0,1
26935,0,1
295632,2,2
132380,0,0
98146,2,2
342565,2,2
378477,2,2
312323,2,1
63838,2,2
85564,2,1
362556,0,2
142077,2,2
264028,0,0
60502,0,1
239252,0,2
131942,1,1
381265,0,1
279584,1,1
35851,1,1
204158,0,1
98175,2,1
374682,2,2
362280,1,2
383642,2,2
46390,0,2
285349,2,2
11905,0,2
200155,0,0
177930,1,1
93780,0,1
264876,1,1
152444,0,2
108951,2,2
247963,2,1
331504,0,2
366248,2,2
225778,0,2
28225,2,2
151184,2,2
403802,2,1
219073,2,2
338971,0,2
272675,1,1
262959,2,2
172472,2,2
295209,0,0
92305,1,1
170193,2,1
184614,0,1
302893,1,2
380772,2,1
263678,0,2
300494,1,1
403838,0,2
64797,2,0
27170,2,2
158390,2,2
194029,0,1
325484,2,1
250900,2,2
273621,1,2
175633,2,2
196741,2,1
117879,0,1
86523,0,2
195700,0,0
293473,1,0
169724,2,2
50505,0,2
304052,0,1
25568,2,2
149715,2,2
294169,2,1
226824,1,1
228525,1,1
125102,1,1
220415,2,2
229937,2,2
138829,2,2
353769,1,1
345235,2,2
103521,0,0
317024,2,2
303734,2,1
82941,1,1
16359,0,2
391187,2,1
128863,2,2
183428,2,2
128350,0,2
129211,0,0
265032,1,1
46492,2,1
149730,0,0
136592,0,2
209366,0,2
7206,2,2
219198,0,0
111517,0,1
231519,2,2
387236,2,2
155729,2,2
71827,1,1
365346,0,2
155700,0,1
65222,2,2
397362,0,1
21005,2,1
225145,1,1
377791,2,1
345058,2,1
390246,2,2
142398,1,1
102057,0,0
78702,0,2
278963,2,2
395226,0,1
260614,2,0
405016,2,2
24075,2,2
357473,0,2
164786,2,2
314410,2,2
260666,1,1
120924,0,0
314248,2,2
101221,1,1
347751,2,1
302619,2,2
224845,0,0
168953,2,2
298682,2,2
297572,0,2
216116,2,2
54080,0,1
220657,2,1
142171,0,2
273285,0,2
28462,2,2
320934,0,0
91600,0,2
108445,2,2
322810,1,1
91088,1,1
270663,0,1
309810,2,2
331245,2,2
245410,2,2
293552,0,2
45420,0,1
321368,1,1
398205,2,0
371651,1,1
294331,1,1
53911,2,2
92161,2,2
240997,2,2
151983,2,2
304488,2,2
264800,1,1
84981,2,1
30866,1,1
25173,2,2
195720,0,0
377494,2,2
328806,2,2
193751,2,1
321102,2,2
200642,2,2
2630,0,1
114830,2,1
245253,2,0
177365,0,2
125829,2,2
303320,2,2
382976,0,0
323213,2,1
71472,1,2
322154,2,2
245028,1,1
213806,2,2
71746,2,0
188628,0,1
170319,2,2
252017,0,1
37428,0,2
150895,1,1
39352,2,2
210142,0,2
274008,2,1
156854,2,0
111505,0,1
220989,0,2
29702,1,1
345201,0,2
183215,0,0
86086,2,2
372418,0,2
34510,2,2
129071,2,2
251963,2,2
142270,1,1
387125,2,1
280019,2,2
26842,2,2
314952,2,2
256658,2,2
90606,0,2
140122,0,2
396443,0,1
143381,2,2
375021,0,1
374639,2,2
133667,0,1
262148,0,0
110379,2,0
137543,2,1
372854,0,1
244211,0,1
117478,0,2
102194,2,2
73242,2,2
58431,0,1
145237,0,0
63832,1,1
273528,2,2
190137,2,2
150087,0,0
160729,2,2
363840,0,2
395995,2,2
107021,2,2
41858,2,2
7150,2,2
987,1,2
299760,0,2
77411,1,1
175866,0,0
337289,2,2
171793,2,2
202225,0,0
3578,2,2
230011,0,0
278050,2,2
236515,0,0
92376,0,0
370427,0,0
13985,2,2
385000,1,1
34981,0,0
220057,2,1
350018,1,1
372798,2,2
70686,1,1
241954,2,2
195046,2,2
83338,2,2
24035,2,2
339496,1,1
326663,0,0
214283,1,1
168602,0,2
373113,0,2
97672,1,1
276908,2,2
228994,2,2
389327,0,1
18733,1,1
240191,2,2
275571,1,2
374415,2,0
220863,2,2
195656,0,2
54348,2,2
364175,2,2
96715,2,2
107376,2,2
248119,1,1
210954,2,2
203640,1,1
180150,2,1
272795,2,2
61128,0,1
336941,2,2
395430,2,2
49426,1,1
93725,2,2
162424,0,0
294311,2,2
277833,0,2
49092,2,2
49570,0,1
134040,2,2
354370,2,0
376585,2,2
240412,2,2
322129,1,1
30821,2,2
330381,0,2
249306,0,2
362144,0,0
236905,1,1
157136,0,1
54820,2,0
359318,1,0
339235,2,2
266623,1,1
28112,2,2
400026,0,2
331234,2,2
289734,0,1
345257,0,0
152094,1,1
60137,2,1
260254,2,2
400928,1,1
179771,1,1
82028,0,0
405095,0,1
11360,2,2
401448,0,0
392280,0,0
235293,0,1
227127,2,1
205989,2,2
254133,0,2
219966,0,0
334517,0,1
276264,0,0
198347,0,2
155186,2,2
344055,2,2
236548,0,2
95170,0,2
210092,2,2
240354,2,2
377220,2,2
263079,2,1
150050,2,2
121398,0,1
273419,2,1
176628,1,1
116021,0,2
381957,2,2
81240,0,1
118001,0,1
246140,0,1
59583,2,2
173883,2,2
120886,0,1
122314,2,2
350208,2,2
353097,0,0
100784,2,2
190243,0,0
346087,2,2
15129,0,0
344202,2,0
120989,2,2
209966,1,1
76706,0,1
137173,2,1
265859,2,2
150516,2,0
13972,2,1
345732,0,0
289007,0,0
248663,0,2
383502,1,1
264242,2,2
198061,0,0
239235,0,1
229062,0,2
32777,2,1
141288,2,2
131896,1,1
38740,0,0
404585,1,1
196445,1,1
183946,0,2
263984,2,2
381315,2,2
103032,0,0
218769,2,2
255966,1,0
96386,2,2
4386,2,2
99816,2,1
144453,1,1
228520,2,2
268514,1,1
147058,0,2
349843,0,2
263429,0,0
217040,0,1
196517,1,1
113560,1,1
233792,2,2
135102,0,2
290755,2,2
31465,1,0
232473,2,2
269571,0,2
141223,2,2
359739,2,2
60719,2,2
167489,0,2
199894,2,2
182398,0,2
326791,1,1
257878,1,1
4060,2,2
54665,1,1
237949,0,0
98673,0,1
256271,2,2
231972,2,0
188399,2,2
285647,2,2
221472,2,0
402569,0,0
256298,0,2
290126,2,1
154404,0,1
8712,0,0
271992,0,0
358106,2,2
72563,0,0
33625,0,1
249514,0,0
934,0,0
292539,0,1
255736,0,0
162681,0,1
334230,2,0
257078,0,2
123376,1,2
230199,0,2
162206,0,0
314717,2,2
384151,2,0
188828,2,1
159240,2,2
39625,0,1
127580,2,1
84890,0,2
304681,2,2
205570,2,1
313421,0,0
250640,0,2
156702,2,0
200776,0,2
251909,0,2
338519,2,0
197956,0,2
86837,0,0
111266,0,0
204700,2,2
242913,2,1
171697,0,2
171499,0,2
119665,0,1
147374,0,1
172175,0,0
150285,1,1
88970,2,1
222524,2,1
118762,0,1
207728,2,2
331333,2,2
223223,0,0
405866,2,1
169585,2,2
224002,2,2
181143,0,0
238749,2,1
394934,2,2
265766,0,0
202903,1,1
273948,2,2
386543,0,0
298767,2,1
131055,2,2
349987,0,0
373465,0,1
31137,0,2
391991,0,2
389139,2,1
180049,2,0
14397,1,1
77079,2,2
287346,2,0
71941,2,0
335700,2,2
361388,2,2
352943,1,1
150859,2,1
318382,2,2
198435,0,2
357188,1,1
223507,2,2
151212,2,2
202989,0,2
19362,0,0
319813,0,1
248193,0,2
49470,2,2
306827,2,2
260703,0,1
174203,0,0
111453,2,2
308814,2,1
338547,0,2
162865,0,2
21739,2,2
116575,2,2
235393,0,0
398724,0,1
145609,1,1
22241,0,2
248387,1,1
162572,1,1
6437,2,0
4852,0,0
321139,2,2
358407,1,2
326640,2,2
355337,1,1
290600,1,1
243232,2,2
95540,2,1
112622,2,2
312714,0,2
356281,1,1
81137,0,0
143850,2,2
311188,2,0
260493,2,2
167861,2,2
128238,0,0
309121,0,2
322176,2,1
167431,0,2
250380,0,0
78077,0,0
281544,1,1
359975,2,2
57175,0,2
290262,0,2
69541,2,2
381098,0,2
35034,0,2
318434,0,0
12306,2,2
53969,2,2
355937,1,1
362095,1,1
381921,1,1
395643,2,1
102813,0,1
327785,1,1
273095,0,0
285342,1,1
146228,0,1
158413,0,0
62552,0,1
29132,2,2
148701,0,0
299831,2,2
98383,1,1
11365,2,2
280859,0,0
269061,2,2
26377,2,2
174134,2,1
179259,0,1
334063,2,1
147859,0,1
295254,0,2
212837,2,2
211162,0,0
232860,0,1
264923,2,2
392041,2,2
157571,2,2
273434,2,2
176595,2,2
7795,0,2
233832,0,0
162854,2,1
196614,1,1
178511,0,2
233749,0,0
197560,0,0
157149,0,0
203403,2,2
8335,0,1
64018,2,2
345175,0,2
10185,1,1
23885,2,2
80571,1,1
60129,0,2
62421,0,0
266959,1,1
151267,2,2
199611,1,1
174238,0,0
63609,0,1
131431,2,2
266720,0,0
317231,2,1
193983,0,1
376471,1,1
307378,0,2
287895,0,2
11311,2,2
198222,2,2
170476,0,0
190262,2,2
304799,2,2
335175,2,2
230507,2,2
390930,2,0
399085,2,2
120561,1,0
347269,2,2
181708,0,0
59257,2,0
290020,2,2
16189,2,2
164329,2,2
29322,0,0
159362,1,1
117700,0,0
72339,2,2
116135,1,1
401148,2,2
26353,2,2
95993,0,0
148196,2,2
164221,2,2
218168,2,2
376962,2,2
306472,0,2
196572,0,2
309562,2,2
344264,0,1
390463,0,1
246941,0,2
346376,1,1
180795,2,1
192519,2,2
306323,0,0
13458,2,2
232976,2,2
196910,0,1
262426,2,2
204814,2,2
45124,2,2
246143,0,1
172470,2,2
5685,0,2
383455,2,2
91844,0,2
371109,2,2
149417,0,1
360793,1,1
148115,0,0
373655,2,2
401288,1,1
327316,2,1
132917,0,1
313873,1,1
110565,2,2
275817,2,1
258776,2,2
211180,0,2
17585,0,1
100194,2,2
353488,1,1
231930,2,2
391639,2,1
253742,0,2
115216,2,1
84793,2,2
103231,2,2
12257,1,1
227207,1,1
354636,0,1
58153,2,0
238867,2,2
166102,1,1
374663,2,2
336070,2,0
212750,2,0
338962,0,2
153914,0,0
298720,1,1
5508,2,1
256356,0,2
126974,0,2
256141,2,2
338975,2,2
145828,2,2
311476,0,2
274738,2,2
278973,2,2
55873,2,2
94483,2,2
348996,0,1
420,0,2
2898,0,2
116527,0,2
97237,0,2
28140,2,1
47629,0,0
111488,1,1
355502,2,2
123651,0,1
17151,2,2
96651,0,1
399469,1,1
118249,1,1
89959,2,2
297661,2,2
143305,2,1
3470,2,2
189590,0,1
387705,0,1
159833,0,0
341063,2,2
33962,2,2
56103,0,2
190742,2,2
283381,0,2
49599,0,1
197323,0,1
342865,2,2
215633,1,1
193298,0,0
183257,0,0
214162,0,2
266425,2,2
135948,0,0
64527,0,1
125612,1,1
164724,0,2
223532,2,2
8896,0,0
177018,2,2
358409,2,0
83917,1,1
289352,0,1
372760,0,2
120042,2,2
298399,0,1
9378,2,2
69546,2,2
9171,2,2
151612,0,0
320867,0,0
5519,2,2
266490,2,1
175801,2,2
1924,2,2
91711,2,2
366013,2,2
13753,0,2
316220,0,0
124262,2,0
271451,2,1
178720,0,2
78251,0,2
389290,0,1
72242,2,0
390981,0,1
18051,2,1
222193,0,1
181581,0,2
212792,0,2
349944,2,1
400959,0,0
339296,0,0
137551,0,2
48954,0,2
63989,2,0
88325,2,0
384815,2,2
140552,2,2
84004,0,1
66724,2,1
318576,2,2
290494,1,1
267012,1,1
104501,2,2
176612,0,2
183949,2,2
405391,1,1
347024,0,1
272122,0,2
10047,0,2
375566,2,2
39811,0,0
58430,2,2
346327,2,2
129004,2,1
224245,2,2
39511,0,1
37910,0,1
276639,0,1
386068,2,2
163266,2,2
123679,2,1
210154,2,2
398953,2,2
234116,1,1
119497,0,0
22719,0,2
19272,2,2
347968,2,2
309739,0,0
257807,2,2
197721,2,2
12933,2,2
295658,2,2
199698,0,2
361655,2,2
3507,0,2
125302,0,2
319641,2,2
195192,0,1
403956,2,2
62619,2,0
288558,0,2
380210,0,2
286246,2,0
113514,0,2
322835,1,1
227062,2,2
103495,0,1
243131,2,2
31755,0,2
131749,1,1
406260,2,2
48537,2,1
97687,2,1
22566,2,1
344388,0,1
175903,0,0
66536,2,0
81720,1,1
142207,1,1
337923,2,0
376366,2,2
96588,1,1
264071,1,1
306083,0,1
256657,0,2
388382,2,2
174084,2,2
67965,2,2
405403,0,2
312033,0,0
199949,2,2
160873,0,2
366334,2,2
294023,2,2
355413,2,2
188634,0,2
31093,2,1
209269,1,1
91548,0,0
406312,2,1
48021,0,2
7647,0,2
143254,0,2
203141,0,1
121228,0,0
160060,0,0
21804,2,2
358701,1,1
372094,1,1
213159,1,0
374343,0,2
208126,0,1
107697,2,1
381951,2,2
325004,2,2
108639,0,0
388268,2,2
178276,0,0
223315,2,2
275789,0,0
263969,2,2
362032,2,2
28074,1,1
176100,2,1
190066,2,1
18490,1,1
24068,0,2
248867,0,1
151345,2,1
337725,2,2
403596,0,0
48577,2,2
317428,0,1
2747,2,2
144910,2,2
230868,1,1
208467,1,1
319793,0,0
39050,2,2
32884,0,2
53723,2,2
391301,0,1
238908,2,1
142032,1,1
285027,2,2
175717,2,2
102271,0,1
216789,0,0
206900,0,0
338745,2,2
5660,2,0
117317,0,0
147087,2,2
384660,2,2
317076,2,1
134278,2,2
12169,0,0
300261,1,1
15540,1,1
230758,0,2
287955,2,2
332150,0,0
304374,1,1
257308,2,2
197170,2,2
386855,2,2
87118,2,2
203341,0,0
166442,2,2
347314,2,1
253240,0,0
166277,2,2
199279,1,1
146436,2,2
315276,2,1
232590,2,1
383807,0,2
145231,0,0
252256,1,1
364472,1,1
301819,2,2
327747,1,1
383675,1,1
316730,1,1
77594,1,1
100634,2,2
143778,2,1
223415,0,0
163711,1,1
174433,2,2
295497,2,2
20915,1,1
143629,0,2
109869,0,2
25144,2,2
160680,0,0
217557,2,0
23095,2,2
335366,1,1
406034,2,2
94275,0,2
137995,0,2
104573,0,0
295840,0,2
223928,2,2
367435,1,1
45914,0,2
75451,2,2
214340,2,2
43714,0,0
302505,2,2
101399,0,2
341310,1,1
322718,1,1
11052,0,1
132455,2,2
205495,0,0
299571,2,2
287266,2,2
346150,0,1
335321,0,2
393310,0,1
110592,2,2
335889,2,2
223002,2,2
390932,2,2
397726,0,2
342539,0,2
400933,0,2
355032,2,2
248749,1,1
35924,2,1
371707,1,1
19883,1,1
395866,2,1
68567,0,0
37883,0,2
171946,0,0
178921,2,0
9656,2,2
17756,2,2
311642,1,1
152713,0,0
327536,0,0
366292,2,2
329296,2,1
52654,0,0
324699,0,0
165076,0,2
228886,2,2
275260,2,2
73969,2,2
237100,2,1
18260,2,1
348659,0,0
404090,2,1
204712,0,0
127276,2,2
303669,2,2
294519,0,2
393928,2,1
195179,2,0
406058,0,2
57867,2,2
382483,0,2
258474,2,2
399690,2,2
275766,2,2
274836,0,0
159568,2,0
116970,0,2
329568,2,2
161642,1,1
392398,1,1
399851,0,0
308815,0,2
401766,0,2
381682,2,2
182380,2,1
97512,1,1
129858,1,1
120510,2,0
223280,1,1
166089,1,1
212205,2,2
16393,2,2
193696,2,2
307264,2,2
322665,0,0
310074,0,1
303896,2,2
16411,1,1
231306,1,1
33355,2,1
349539,0,0
23120,2,2
212906,2,0
117106,0,0
233318,0,0
393237,0,2
44819,0,0
49136,0,0
172801,2,2
158133,2,2
154545,2,2
319698,0,1
67025,2,2
33593,2,2
231977,1,1
112808,0,0
34071,1,1
229947,2,0
228394,2,1
53711,0,0
287998,0,2
366832,2,2
151976,2,2
183146,0,2
180753,0,2
43479,0,0
269536,2,1
183288,1,1
220481,2,1
273789,2,2
202351,2,2
96201,0,1
218794,2,2
243598,0,1
90090,2,2
11005,2,2
262633,0,0
217022,1,1
44546,2,2
101164,0,0
370995,1,1
66799,0,1
402355,2,2
319495,2,2
238753,1,1
328190,0,2
353422,0,1
92201,2,2
333639,0,0
279797,2,2
261204,2,2
237418,0,1
400532,0,2
117019,0,2
160996,2,2
288951,0,1
339536,2,2
13961,2,2
246254,2,2
196957,1,1
293436,2,2
183688,0,1
186746,1,1
141154,1,1
338672,1,1
2924,2,1
202991,2,2
242890,0,2
204177,2,2
24753,0,1
399018,0,0
173169,0,0
196276,0,2
81994,2,1
125856,2,2
353276,1,1
21407,2,2
93438,1,1
117927,0,1
383230,2,0
384670,0,1
279042,2,1
327104,0,2
66574,0,2
134904,2,2
4373,0,2
82153,2,1
265113,2,2
259039,0,0
151650,0,1
91585,0,0
320129,2,2
39476,1,1
98046,2,2
57239,2,2
339038,1,1
180367,1,0
275660,2,2
383067,0,0
334439,2,2
371090,2,2
242803,1,2
300825,2,2
201145,2,2
198277,1,1
92520,2,2
310204,0,1
105899,1,1
346425,0,2
263955,0,2
258236,2,2
32551,1,1
269367,0,1
146303,2,2
104776,1,0
287119,2,1
160247,0,2
230733,2,2
99817,2,2
225514,0,0
324302,2,2
353403,2,2
158139,1,1
366846,2,1
285210,0,0
393427,2,2
404135,0,0
298611,2,1
97902,1,1
233699,0,1
307001,2,2
395041,1,2
243368,1,1
392380,1,1
216450,2,2
7456,0,1
343421,0,1
272481,0,2
395957,2,2
234919,0,1
347155,0,0
237542,2,2
253848,1,1
31263,1,1
177271,2,2
271994,1,1
337168,0,0
322827,2,2
124138,2,1
46224,0,1
131506,0,1
320177,1,1
128783,0,2
105677,1,1
158790,2,2
146098,1,1
116768,2,2
204887,2,0
338684,1,1
226669,0,0
304188,0,0
87063,0,0
2511,2,2
90041,0,2
272482,0,1
266394,2,2
237000,0,2
122936,2,1
392642,2,1
141561,0,1
102053,0,0
108635,2,2
267487,1,2
230853,0,2
329777,2,2
69146,0,2
329022,0,1
360667,0,2
228079,0,0
120191,0,1
303344,2,2
54541,0,2
218056,0,0
54627,2,2
339701,2,2
233845,0,0
94627,2,2
321562,0,1
99758,2,2
404293,2,2
297228,2,1
314279,1,1
223460,0,2
32550,0,2
360198,0,2
375359,0,2
381931,2,2
330585,0,0
86548,0,1
402547,2,2
376080,2,2
357546,2,2
397783,0,0
9891,2,2
242457,1,2
129951,2,1
218501,2,2
195392,0,1
39479,2,2
132674,0,2
276191,1,1
232114,1,1
16454,2,2
390918,0,0
124349,2,0
199616,2,2
111202,0,2
71810,2,1
162833,0,1
281324,0,2
286897,0,2
209109,2,2
99807,2,2
216049,2,2
275047,1,1
22406,2,2
186860,2,2
379523,0,0
191995,0,2
263489,0,2
199636,0,2
163088,0,0
104064,0,1
59347,2,2
239401,2,1
119147,2,2
138102,2,2
184251,0,0
301636,0,1
133053,0,2
255096,0,0
133868,2,2
384436,2,2
339593,0,2
51073,2,2
16368,2,1
401684,0,0
403837,2,2
316701,0,0
174909,2,2
121882,1,0
40991,1,2
381289,1,1
254874,2,2
143252,2,2
369461,2,2
13614,2,2
118896,2,2
210149,1,1
129911,2,0
173627,1,1
232256,2,2
146203,0,2
269933,2,2
252478,2,2
285020,1,1
130346,1,2
361979,0,1
269548,1,1
220029,0,1
227912,2,2
188419,2,1
329520,1,2
335424,0,2
95268,0,1
102726,0,0
212061,2,2
379569,0,0
26218,0,1
372881,2,1
283165,0,0
16784,0,0
66778,2,2
27937,2,1
206415,1,1
247504,2,2
362125,0,0
231948,2,2
266690,0,0
109151,0,1
394619,0,2
234275,0,2
1176,1,1
169424,2,2
321613,0,2
370195,1,1
217088,0,2
120499,0,0
167131,0,1
305324,1,2
18384,2,2
292336,1,1
187864,0,2
68342,2,1
323077,0,0
8638,2,2
394025,0,2
137475,0,2
246403,0,2
385234,2,1
77937,2,2
171983,2,2
68895,2,2
339491,2,2
113917,2,2
197053,0,2
137490,2,2
190169,2,2
25669,1,1
275204,2,0
253475,2,2
104117,2,2
102154,0,2
390341,0,0
46498,0,0
386852,0,2
73023,0,0
115877,1,1
186091,2,2
322403,2,2
50899,0,0
296529,0,0
67686,2,0
150938,0,1
176908,2,0
117917,2,2
373662,2,2
201605,1,1
108262,0,0
332687,2,1
181734,0,2
191726,2,2
9890,0,0
114048,0,2
108116,0,2
287501,0,2
182757,0,1
358124,0,2
83457,2,2
314794,2,2
380171,2,1
400428,0,0
334965,0,2
23922,2,2
181571,2,1
134552,2,2
201328,0,2
47883,1,1
115315,0,1
181521,2,1
234933,0,0
34808,2,2
148254,2,2
236121,2,1
264985,0,2
393180,0,0
211214,1,1
182677,2,2
332258,2,2
376016,1,1
302996,1,2
368070,2,2
329611,0,2
352926,0,1
167996,1,1
275010,0,2
116872,1,1
315485,0,2
83703,0,2
212168,2,2
346757,0,1
210394,0,1
27849,2,1
264464,2,2
379513,2,2
134030,0,1
152219,2,1
395419,0,2
289451,0,0
125981,0,1
94308,2,2
141682,2,2
205900,0,0
260743,2,2
90914,2,2
262947,2,2
24920,0,0
232376,2,2
301985,0,0
225672,2,1
24061,2,2
57435,0,0
65317,2,2
81620,0,0
345797,0,1
8212,0,0
152027,2,2
88820,2,2
348536,2,0
256267,2,1
383309,2,2
61564,0,2
42944,2,2
358265,0,2
208278,0,1
231056,0,1
137382,1,1
48633,2,2
353879,0,0
277673,2,2
352221,2,2
206266,0,0
235121,1,2
290647,2,2
154723,0,2
135093,0,1
184982,2,2
292522,0,2
180696,0,1
232892,2,1
336770,2,2
81957,2,2
182448,1,1
34933,1,1
402292,1,1
390746,2,2
245828,0,1
340352,2,2
334566,2,2
269010,0,1
290464,0,1
240324,1,1
257630,2,2
308059,2,0
371911,0,2
303821,2,2
129544,2,2
205936,0,2
186788,2,2
83861,2,2
256470,1,0
356718,2,2
253858,2,1
271392,2,2
136612,2,0
273056,0,1
78580,2,2
126040,0,0
242754,2,2
288151,1,1
230972,0,0
238750,0,1
189778,2,1
236856,2,2
380492,1,2
240002,0,0
5753,0,1
52370,2,2
343158,2,2
387695,1,1
99560,0,1
226979,2,2
307882,0,1
327768,2,1
177903,2,2
265777,0,0
173429,2,2
398024,0,2
18988,0,1
2624,2,2
354908,2,2
164148,2,2
348972,2,2
145718,2,2
159623,1,1
21282,0,0
209656,1,1
388105,2,2
359692,2,2
129530,2,1
117391,2,2
331320,2,1
134641,0,2
213968,0,0
309374,0,0
296569,2,2
363864,0,1
275520,0,1
198573,2,2
246432,2,2
190674,2,2
277772,2,2
170004,2,1
259125,2,2
193414,2,2
332015,2,2
150027,2,2
37516,2,2
315851,0,0
274072,2,2
48521,0,0
385824,2,2
241552,2,2
228502,1,1
207466,2,2
282790,1,1
105778,2,2
25612,0,0
329005,0,2
136410,0,0
251643,2,2
153669,1,0
38321,2,1
306312,0,0
277294,2,2
337946,2,2
357768,0,1
8326,1,1
51320,1,1
202412,1,2
326980,0,2
23878,2,2
124633,0,2
248028,0,2
51051,2,2
346694,0,2
44069,0,1
159231,2,1
338917,1,1
15519,0,2
243847,0,1
112314,2,2
80420,2,2
107961,2,2
81105,2,2
89191,0,1
182853,0,0
23045,2,2
344473,1,1
299354,0,0
235132,2,2
266540,2,2
317420,2,2
376436,2,2
251656,2,2
16094,2,2
23014,2,2
18270,2,2
82280,1,1
77629,0,0
112965,0,1
105994,0,2
76201,2,2
321474,0,2
203178,2,2
159486,0,1
132335,2,2
68493,0,0
133223,2,2
45034,2,2
168761,1,1
62478,0,2
105583,2,2
224964,1,1
70245,2,2
186974,2,2
28578,1,1
158578,2,2
84681,2,1
203487,1,1
387119,2,2
221968,2,0
245057,2,1
145290,2,1
8774,1,1
164519,2,1
11238,0,2
240014,2,2
365044,0,0
8812,0,1
220136,2,2
169853,0,1
68725,0,2
310243,0,0
108382,2,2
164699,2,2
14872,0,2
134139,2,2
94747,1,1
325884,2,2
166220,2,2
127265,1,1
192608,0,0
367914,0,1
206300,0,1
343582,1,1
256531,2,2
65167,1,1
124012,2,2
125451,2,2
98412,1,1
125737,2,2
275286,0,1
10676,2,1
194624,2,2
30345,1,1
378403,2,2
194765,0,2
310344,1,1
35890,2,2
360542,0,2
139778,0,2
201817,2,2
335145,0,0
60076,0,2
384412,1,1
376582,0,1
42344,0,1
312533,2,2
220753,0,1
72764,2,2
396359,2,1
314172,2,2
113270,0,1
273277,2,2
137955,1,1
354459,1,1
362382,2,2
278866,2,2
149427,2,1
293847,0,0
105464,2,1
212526,2,2
66443,1,1
23141,0,0
402559,2,2
64342,1,1
236253,2,2
38044,2,2
167832,0,2
46634,2,2
324424,0,2
375107,2,2
227564,0,2
226223,2,2
400950,0,2
282105,0,0
150135,2,2
128,1,1
159303,2,2
14350,1,1
283651,2,2
9611,2,2
162502,2,1
5110,1,0
333980,2,2
341073,2,0
56277,2,2
395717,0,2
318647,0,2
59110,0,0
111262,2,2
227753,2,2
114301,0,1
356700,2,2
53626,2,2
9778,0,0
223093,2,2
49362,2,2
263550,0,0
378005,0,1
17908,1,1
66722,2,0
349919,0,0
7145,2,2
68938,2,2
353606,2,2
91888,1,1
102098,2,1
287731,1,1
285936,2,2
394083,0,2
229066,2,2
65590,2,2
297816,0,0
266532,0,0
186451,0,2
220954,0,0
359908,2,2
283871,0,0
378560,0,0
138873,2,2
123015,2,2
86918,2,1
352642,1,1
264654,2,2
26462,0,0
382159,0,0
374550,0,0
183111,0,2
37553,2,2
394554,0,0
14064,0,2
8960,0,2
352634,0,2
246437,2,2
269277,0,0
390219,1,2
384219,1,1
172687,0,0
166011,2,2
163469,0,2
371984,1,1
277093,2,2
173760,2,2
36785,1,2
62673,2,2
304298,2,2
28966,2,2
282435,0,1
308790,2,2
99163,1,2
175280,1,1
268901,0,2
43239,0,1
260589,2,2
383621,2,0
34513,0,0
389167,1,1
173313,2,2
349463,2,2
355873,2,2
259634,2,2
379474,0,1
127721,2,0
147829,0,2
396157,0,0
8272,0,1
102691,2,2
111621,2,2
207356,2,2
289040,2,2
141443,1,1
309606,1,1
296182,0,2
39299,1,1
146875,0,2
399392,2,2
406286,0,2
313022,0,0
178387,1,1
92891,2,2
93489,1,1
334474,0,0
322017,0,2
139344,1,1
88733,1,1
124604,2,2
201391,0,1
363101,1,1
37876,2,1
283038,2,1
287434,2,2
184796,2,2
393917,0,2
80549,0,2
202717,0,1
379946,1,1
75054,2,2
389744,2,2
190088,1,1
111950,0,1
100099,0,0
47356,2,2
206002,0,0
319007,0,0
132126,1,0
401828,2,2
3059,0,1
17264,0,0
163701,2,2
369033,0,1
88977,0,2
159239,2,2
307395,0,0
16484,2,2
225942,2,2
70120,0,0
194397,2,2
384611,1,1
320716,2,2
165692,2,2
139895,1,1
337959,0,0
88502,2,2
262412,0,2
12182,2,2
34069,0,2
145086,2,2
291613,0,1
234855,2,2
138910,2,2
403431,2,2
283265,2,2
54463,0,0
82109,2,2
225984,0,1
384310,0,0
388714,0,1
404738,2,2
243572,2,2
74850,2,1
47658,0,1
340011,0,0
295249,2,2
28328,1,1
66462,2,2
111126,2,2
246144,0,1
67170,2,2
286827,2,2
386124,2,1
344591,1,1
225902,0,0
363056,2,1
119159,2,2
2155,2,2
127147,1,1
170566,0,0
2156,0,0
393571,2,1
83448,2,2
253461,1,1
10192,2,0
291632,1,1
221994,0,0
73416,0,0
68843,1,1
236751,0,2
303618,0,2
120471,0,2
124246,1,1
405777,1,1
189775,2,2
90216,0,2
339648,2,2
371514,1,1
188251,1,1
372633,2,2
308065,2,1
16956,2,2
154686,2,2
243839,2,1
131995,2,2
171455,1,1
89313,2,2
319693,2,2
314980,0,2
130858,0,0
260553,2,2
160120,0,0
227673,2,1
42497,0,0
324652,2,2
89312,2,2
9922,2,2
237844,2,2
137365,1,1
317388,0,2
103881,1,1
301922,0,2
130288,2,2
203549,2,2
185243,2,2
166580,2,2
245116,2,2
318784,2,2
318473,1,1
61838,0,0
384199,0,0
380092,0,1
37911,0,1
143025,0,1
135910,0,1
306782,2,2
339765,2,2
266495,1,1
243185,1,1
150266,0,2
147337,0,2
130278,1,1
369353,0,2
252089,1,1
188289,0,0
65368,2,2
253050,2,2
49278,1,1
343320,2,2
293407,0,0
274578,0,2
318691,2,2
342352,0,0
290425,2,2
79439,0,1
67791,2,0
296054,2,2
116950,0,2
173044,2,2
246838,0,1
150001,2,2
84470,0,1
81199,2,2
336311,2,0
133091,1,1
193745,0,2
82710,0,1
89515,0,2
399001,1,1
135227,0,2
19448,0,1
141280,2,2
140168,1,1
236750,2,2
118707,0,1
40038,2,2
341620,2,2
399784,1,1
78025,2,2
354002,0,0
396469,0,2
267885,2,2
325456,1,2
342860,0,2
396314,0,2
65873,0,1
69581,0,1
323888,1,1
82880,2,2
83384,0,0
374528,1,1
350187,1,1
403182,2,1
20301,0,1
400136,2,2
315598,2,2
130776,2,2
156788,2,1
179978,1,1
334508,0,1
363017,0,1
154605,2,2
195468,0,2
207140,0,0
207318,0,0
304517,1,1
243393,2,2
124739,0,0
83698,0,2
186009,1,1
323878,1,0
316014,0,2
45800,0,2
65968,1,1
389594,2,1
334576,2,2
53212,0,1
155041,2,1
165151,0,2
15504,0,0
192125,0,2
287856,1,1
19481,2,2
259466,2,0
183620,2,2
342970,2,1
207001,1,1
254108,2,2
126605,0,0
34391,2,1
237358,0,1
392981,1,1
155897,2,2
228827,1,1
164256,2,2
321876,2,2
262943,2,2
387182,0,2
286615,2,2
116080,2,2
87159,0,1
388125,0,1
254253,0,2
128057,1,1
318291,2,2
1958,2,2
102709,2,2
167292,2,2
182082,2,2
351679,2,2
197417,0,2
92020,0,1
133,0,2
174650,0,2
78024,0,1
58549,2,2
238579,2,2
141036,2,2
140961,0,2
262430,2,2
13051,2,1
159472,2,2
254340,2,2
392554,0,1
369727,2,2
176661,0,2
206573,1,1
310547,0,0
142542,0,2
346233,0,2
197524,1,1
3226,2,2
328279,2,2
242041,1,1
97443,2,2
187400,0,0
339980,2,2
402133,0,2
322943,1,1
264286,0,1
383075,2,0
299786,2,2
357745,0,1
203349,0,2
130483,1,1
122535,2,2
386413,1,1
292250,1,1
155986,0,2
156130,0,2
268443,2,2
284070,0,2
380078,0,1
38452,0,2
107704,2,1
54929,1,1
123733,2,2
337035,2,0
377970,2,2
69070,2,2
41808,2,1
362072,2,1
130550,0,2
259658,0,2
70277,2,2
54271,0,2
140795,0,2
39006,0,0
398742,2,0
132832,0,1
201038,0,1
398479,2,1
200539,2,0
398270,2,2
135539,2,1
49651,0,0
84742,0,1
31112,2,2
127374,2,2
3786,2,0
7509,1,1
176512,2,2
255198,1,1
324990,2,2
294764,1,2
110741,0,1
241886,2,2
104843,1,2
391619,2,2
204309,1,2
53081,0,2
285164,2,2
317572,0,0
220456,2,2
252342,0,1
382566,1,1
75220,2,2
22893,2,1
250040,0,2
166749,0,1
111859,2,2
300663,2,2
236991,2,2
394290,1,2
73689,1,1
56286,0,2
181776,2,0
128099,2,2
334872,0,1
45204,0,0
395112,2,2
390353,2,2
56053,0,1
46786,1,1
351639,0,2
93949,2,2
96853,0,2
280648,2,2
230344,1,1
184204,1,1
26692,2,2
396933,2,2
62041,1,1
44115,1,1
334595,0,2
206157,1,1
96242,0,0
118857,2,2
7757,0,0
384866,2,2
60908,0,1
164996,0,1
98150,2,2
217019,2,1
19582,1,1
364291,1,1
47026,0,2
215954,1,1
627,2,2
122637,2,1
73380,2,2
117398,1,1
169086,0,1
401591,1,1
82399,1,1
288538,0,1
274099,0,1
147171,2,2
118948,2,0
294644,0,0
116406,0,2
119218,0,0
321705,0,0
81887,1,1
292500,2,2
400404,2,2
272407,2,2
191883,2,2
148703,0,0
318117,0,1
170712,2,2
363472,2,2
308786,1,0
58928,2,1
68644,1,1
285319,2,2
359451,1,1
27118,0,2
214274,0,0
196456,2,2
168633,2,1
3836,2,2
283794,0,0
200769,0,0
95759,2,2
145789,0,2
352804,2,0
25841,0,2
391532,2,2
150944,0,2
107858,2,2
217297,0,1
156486,0,0
44572,0,0
31273,0,1
262723,0,2
113957,0,1
390658,2,2
325653,2,2
319841,1,1
173015,2,2
31845,0,1
210677,0,0
7279,0,1
162035,2,1
210006,1,1
294498,2,2
116682,0,2
273678,2,2
116711,2,2
404467,2,2
31073,2,1
3159,1,1
341905,2,0
267184,1,1
206501,2,2
389177,2,0
151825,0,0
349276,1,1
238816,2,2
374516,0,2
360885,2,2
275887,2,2
250546,1,1
160681,2,2
355706,2,2
31186,1,0
316933,1,1
64860,2,2
88394,2,2
140488,0,2
108166,2,2
253267,0,0
316238,0,2
384674,0,2
291713,0,0
290941,0,2
303313,2,2
391150,2,0
225921,1,1
392908,2,2
248160,2,2
146923,1,1
331731,2,2
259393,0,2
126997,2,2
17180,2,1
204399,2,2
142724,2,1
251808,2,2
361572,0,0
154056,2,1
273843,1,0
174161,1,2
320778,0,1
281834,1,2
166732,0,2
239730,1,1
309020,0,1
168728,0,1
286645,0,2
248132,0,2
29709,0,2
352631,0,2
319072,2,0
70274,2,2
163184,2,2
89256,2,2
236343,0,2
184468,0,2
288435,0,0
159638,2,2
205201,2,2
170669,0,1
69362,2,2
344422,0,0
290726,2,2
192809,2,2
285587,0,2
77115,2,0
180113,2,2
259324,2,0
274860,2,2
182164,1,1
42711,0,1
65190,2,2
161542,0,1
378793,1,1
164201,1,1
66356,2,2
23114,2,2
221408,2,1
222427,1,1
251701,0,1
125357,2,2
41735,0,2
333465,0,2
344186,1,1
187955,0,2
95652,2,1
80990,1,1
190335,1,1
332229,2,2
217964,2,2
343643,2,2
277190,0,0
382386,1,1
182145,0,0
219154,2,2
152039,0,2
357968,1,0
12951,2,2
185183,0,2
203363,2,2
362357,0,0
329935,2,2
159524,0,0
171892,2,2
316571,2,2
255763,0,2
185268,0,0
124836,2,1
194922,0,2
378991,1,1
91867,0,0
93950,2,2
402713,2,2
354141,2,1
372746,2,2
356328,2,1
171792,2,2
287504,0,1
134169,0,1
262696,0,1
304705,1,1
117094,1,1
75702,2,2
257626,2,1
61657,0,2
25508,2,1
400123,2,2
86652,2,2
347369,2,2
184601,2,2
186207,0,0
314275,2,2
19738,1,1
363785,0,2
20178,2,2
228244,2,2
366314,2,1
51732,2,2
63225,1,1
151119,0,0
12865,2,2
320904,2,2
320298,1,0
88775,0,0
195992,2,2
254503,0,0
382967,0,1
58767,0,2
348015,0,2
260095,2,1
230935,0,2
140683,0,0
86244,0,0
319840,0,2
377205,0,2
6423,2,2
202526,0,1
310275,0,1
155168,0,0
261443,2,2
86485,1,1
52350,0,1
357800,1,1
383713,0,0
193800,0,0
348858,2,0
111593,0,0
27475,0,1
3013,1,1
364637,2,2
35525,1,1
218956,2,2
13856,0,2
354224,0,0
91343,0,2
79967,2,2
236749,0,2
80056,2,1
195131,0,0
246586,2,2
80832,0,0
277721,0,0
123911,2,2
102730,2,2
347859,0,2
342138,0,0
313803,0,2
82900,0,0
368834,0,2
158966,0,0
290605,0,1
59926,2,2
131984,0,2
360605,0,2
56324,0,2
150815,2,2
3860,2,2
394365,0,0
141788,2,2
142446,2,2
134266,2,2
291003,2,2
329980,1,1
380268,2,2
121954,2,1
296870,1,1
116050,0,0
18702,1,1
193028,2,2
228903,2,0
334091,0,2
268269,0,0
364185,2,2
327365,2,1
155956,2,1
182456,0,2
353561,2,1
117734,1,1
342985,2,2
275304,2,2
403967,2,0
396471,2,2
368047,2,2
342733,2,2
228324,2,2
231233,0,0
39129,0,0
106711,2,2
383212,2,2
55336,2,2
15195,2,1
350494,2,2
11097,2,2
345267,0,2
227626,0,2
48822,2,2
343231,2,2
228706,2,2
391431,0,0
57458,0,0
244879,0,2
215839,0,2
366219,1,1
173787,0,2
302817,0,2
114529,2,1
220608,0,0
190645,0,2
210466,0,0
311354,2,2
98370,0,2
397318,0,2
329159,0,0
85132,1,1
193610,1,1
43243,0,2
27033,2,1
242578,2,2
372576,1,2
172379,2,2
144915,2,2
275704,2,2
29538,2,2
256464,2,2
116516,2,1
302234,0,2
375993,0,0
269467,2,2
368161,1,1
37800,0,1
337542,2,2
198354,2,1
257752,2,1
147388,2,2
35156,2,2
262580,2,2
138068,2,2
73527,2,0
234309,2,1
270375,1,1
243920,2,2
130725,1,1
48978,2,2
377125,2,2
189865,2,2
271436,2,1
380197,2,2
180286,2,2
311650,0,2
68006,2,2
105345,2,2
253666,1,1
347592,1,2
287617,0,0
55561,0,0
270616,2,2
53906,1,2
159396,0,1
174663,2,2
342627,2,2
350452,1,0
242691,1,1
290395,2,0
164376,1,1
102861,0,1
11219,2,2
54282,2,2
241085,0,0
179460,0,1
219392,2,1
115576,1,1
42761,0,0
19577,0,2
384672,1,2
167575,0,2
106654,2,2
332606,1,1
283606,0,0
249509,1,1
187368,1,1
358403,0,2
149598,0,2
198720,0,1
164534,0,2
401577,2,2
131746,0,1
37521,0,0
401388,1,1
362207,2,2
220082,2,2
56317,0,0
209681,2,1
178876,1,1
207260,0,0
162532,0,1
200727,2,2
236836,0,2
178366,0,0
128718,0,2
396915,2,2
581,1,1
75784,0,0
290308,2,1
355439,0,2
149560,2,2
41122,2,2
304468,2,1
138431,0,0
47141,0,0
182240,2,2
25160,2,2
340713,0,0
355747,2,2
238862,2,1
233722,0,2
294393,1,1
187862,2,2
199833,1,1
67945,0,1
249102,2,2
19270,0,1
69499,0,0
118616,2,2
201477,2,1
111939,2,2
180032,0,0
252133,1,1
155441,2,0
202411,0,0
184392,0,0
292154,1,1
26880,2,2
251402,2,2
280916,2,1
124356,0,2
29069,0,1
360023,2,2
268957,2,2
396901,2,1
62399,1,1
386084,0,2
276110,0,2
368056,2,2
121279,0,0
229165,0,0
321670,1,1
141753,1,0
72916,1,1
259077,0,2
266674,0,1
239561,0,2
57197,1,0
400145,0,2
54641,0,0
62972,2,2
394234,2,2
219788,1,1
227943,2,2
382764,0,1
52643,2,2
360682,1,1
345888,0,0
130667,0,1
97383,1,1
160932,0,0
391780,0,1
398287,0,2
400842,0,0
183787,2,2
86854,2,2
19729,1,1
389134,0,2
175264,2,2
307908,1,1
113057,2,2
84539,2,2
229646,0,2
241563,1,1
216219,0,1
15833,0,2
135226,2,2
385123,1,1
325225,2,1
275911,1,1
59868,2,1
283774,1,1
238204,0,1
33552,1,1
331978,0,0
329940,2,2
61241,2,1
88412,2,2
280883,2,2
393399,2,2
140170,2,2
19391,1,1
37015,2,2
153422,2,2
136385,2,1
333787,2,2
145074,2,0
210479,0,0
174665,0,1
387284,2,1
570,0,0
257182,2,1
363844,0,2
146789,2,2
129982,0,1
29997,2,2
231386,1,1
17174,2,1
283159,2,1
366559,2,2
111218,0,1
167875,2,2
59887,0,0
46657,2,2
154261,2,2
281103,2,2
333668,2,2
2048,2,1
68083,0,0
139068,2,1
116779,0,2
346344,2,1
110648,2,1
35068,0,0
356628,2,2
283656,2,2
85710,0,0
391376,2,2
194565,0,0
280208,0,1
225618,2,2
168932,2,2
63386,0,2
376390,2,2
126286,1,1
217760,2,2
331636,0,1
311681,2,1
138408,2,2
141413,2,1
103079,0,2
131171,2,2
294375,1,1
31494,0,2
305301,2,2
258020,2,1
135266,0,1
169935,2,1
149359,1,1
305476,2,2
332684,2,2
242067,2,1
282054,0,1
149090,1,1
63185,1,1
66791,1,1
391278,2,2
379809,0,0
199452,0,0
165101,0,1
200111,2,2
229953,2,1
250258,1,1
192573,2,2
153304,0,1
331191,2,2
254452,0,0
348014,1,0
200610,0,1
79521,2,2
35786,2,1
318286,2,1
116901,0,1
274502,2,1
280090,0,1
49314,0,0
61771,0,1
349465,0,0
212585,0,1
165360,1,1
212135,2,2
372260,0,0
107726,0,0
13943,0,1
279709,2,1
75373,0,0
200552,0,0
353219,0,1
283647,2,1
310236,0,2
69381,0,2
89943,2,2
19124,1,1
35132,1,1
258339,0,2
186455,2,2
368904,1,1
310451,2,2
229963,0,1
129558,0,0
197985,0,2
62382,2,2
39726,0,2
160695,2,1
385619,2,2
53105,0,2
88009,2,2
145775,2,2
188030,2,2
141429,0,0
380866,2,0
388210,0,2
133304,0,1
387627,0,0
139618,2,2
332207,2,2
15472,1,1
63600,0,0
138206,1,1
311175,1,1
228441,2,2
164906,0,0
193164,0,0
171990,2,2
229674,0,0
183155,0,2
373381,1,1
336410,2,2
310855,2,2
148509,0,2
324711,2,1
295874,2,2
21446,0,2
23968,0,2
208367,0,1
346119,1,1
129168,0,2
380217,1,1
137112,2,2
99575,2,2
320259,0,1
114795,0,1
304949,0,2
4539,1,1
264612,2,2
280849,0,0
206657,2,2
205885,0,2
109254,0,0
262407,0,2
349307,0,1
36202,2,2
105883,1,1
343532,0,0
120505,2,1
124189,0,1
175137,1,1
128474,2,1
130466,0,2
280156,1,2
356127,0,0
229733,2,2
219694,2,2
284178,0,2
404969,1,1
399767,2,2
93710,0,1
88698,0,0
124314,0,1
159391,2,2
39446,2,2
150016,2,2
38189,1,1
171749,2,2
52694,0,0
82487,0,0
53544,0,2
77973,2,2
77372,0,1
222628,0,2
164177,0,2
217808,0,2
49932,2,2
977,2,2
163414,1,1
215442,0,0
127675,2,2
206670,0,2
147356,1,1
76584,0,1
116892,2,2
278794,2,2
230806,1,1
89554,2,0
6091,2,2
205952,2,1
373709,0,0
345769,2,0
364895,2,1
165936,2,2
132599,0,2
21038,0,0
41646,0,2
41491,1,1
316399,2,1
121838,2,2
69767,0,2
358138,2,1
331629,2,2
372200,0,0
284327,2,2
35138,0,2
21122,0,0
302100,2,2
291589,2,1
82426,2,1
284243,1,1
380886,2,2
161800,2,2
216616,0,2
194655,0,2
401265,0,2
325306,2,2
73465,2,2
159978,1,1
405507,0,0
131957,1,1
368758,0,0
111276,0,0
215240,0,1
70008,0,2
370739,2,2
183202,0,0
360785,2,1
326548,2,2
259104,1,1
150723,0,2
399482,0,1
180035,2,2
102612,2,2
91512,2,1
285476,0,0
127182,2,2
339183,1,1
228530,0,1
179372,0,2
216574,2,2
338572,2,2
333256,0,0
179885,0,1
107767,1,1
213487,1,1
2718,1,0
233025,1,1
84556,2,2
153393,2,2
100142,1,1
108114,0,0
325527,2,2
372033,2,2
139232,2,1
300511,2,2
282595,1,1
250359,0,2
154360,0,2
139155,2,2
125653,2,2
254961,0,2
51800,2,2
230608,1,1
392087,2,1
390268,0,0
372016,0,1
386508,0,0
196743,0,2
9197,0,0
81042,0,0
192847,0,2
202877,0,2
216992,2,1
41505,0,0
388104,0,0
312352,2,2
270624,0,2
127189,0,2
112657,0,0
159826,0,2
377165,1,1
280045,2,2
3986,1,1
221191,2,0
224149,0,2
102696,1,1
74869,2,2
388150,2,0
156352,2,2
88619,1,1
50640,1,1
262182,2,2
201606,0,2
381486,0,2
188302,1,0
199919,2,2
112634,2,1
404238,1,1
255333,1,1
305181,1,0
135648,0,0
308160,2,0
330967,1,1
220642,0,2
284693,0,1
178570,2,2
353761,0,2
292510,1,1
345865,0,1
344773,0,1
380105,1,1
332104,2,2
347686,1,1
381050,0,0
307255,0,2
12386,1,1
224621,2,2
296925,0,2
293428,0,2
305054,1,1
101616,0,0
221214,0,0
128978,0,1
367012,2,2
129311,1,1
1120,2,0
115127,0,2
162610,0,2
2875,0,0
164546,1,1
48017,0,2
274980,2,2
143834,0,1
156728,1,1
264837,2,2
393484,2,2
32886,1,1
388830,0,1
160658,2,1
42874,2,2
11352,2,2
50768,0,2
386008,0,2
80340,0,1
6545,2,2
312922,0,0
6056,2,2
363325,2,2
279711,1,1
199196,2,2
205719,2,2
95207,0,0
297105,0,0
348639,2,2
274547,1,1
271236,1,1
215770,2,2
312182,2,2
2129,2,2
226850,0,1
169197,2,1
399457,2,2
249907,2,2
56400,0,0
137351,2,2
379481,0,2
125384,2,2
64004,0,0
359438,1,1
209130,0,2
176219,1,1
37214,0,1
114134,2,1
345528,0,0
303598,2,1
295697,2,2
238011,0,2
45641,2,0
115039,2,2
142798,1,2
69850,0,0
358180,0,1
214422,2,2
350130,0,0
340995,1,1
383019,0,1
50035,0,1
360516,1,2
138108,2,2
18162,2,0
376640,0,0
356220,1,1
351289,0,0
318065,1,1
346626,0,1
87270,1,1
304286,0,2
211760,1,0
209548,0,2
54127,2,2
148893,0,2
405820,2,2
51223,2,2
334332,2,2
289983,0,0
349356,0,1
231304,1,1
104227,0,2
34032,2,2
197732,2,2
215085,0,2
34991,2,2
355820,2,1
229580,0,1
63041,2,2
195147,2,2
38038,2,1
171743,2,2
362797,0,1
211509,2,1
175884,2,1
310888,2,2
209553,2,1
346396,2,2
151427,2,0
133327,1,1
297881,0,1
149413,1,1
60518,1,1
42321,0,0
339692,0,0
41506,2,2
276977,2,1
214669,0,2
231340,0,2
296371,2,2
285160,0,2
292354,1,1
3925,1,1
6793,2,2
228265,2,2
74980,0,2
244395,0,2
344086,2,2
284113,1,1
160741,2,2
206003,1,1
241238,2,1
207831,0,2
396416,2,2
271624,2,2
373167,0,0
351910,0,0
161529,2,2
153734,0,0
148538,0,2
357736,0,2
257224,2,2
289937,2,0
316792,2,2
306297,2,2
321663,0,2
227679,2,2
230443,1,1
59821,2,1
358178,1,1
51287,0,0
194650,1,1
360742,0,2
215828,1,1
20339,2,1
33898,2,2
346854,0,2
172861,2,2
153702,2,2
268646,0,2
379770,0,0
106803,0,1
327790,2,2
356660,2,1
291300,0,1
330898,1,2
147483,0,1
392595,2,2
365415,2,2
138291,2,2
387096,2,1
123915,2,1
51899,0,2
281619,0,0
22959,1,1
73507,2,2
83805,2,2
403895,2,2
113640,0,1
109063,1,2
287766,2,1
98275,0,0
191949,0,2
226466,2,2
206659,2,1
43138,0,2
168541,2,2
208845,1,1
177796,1,1
94374,0,0
115395,2,2
232713,0,2
359001,0,0
18287,2,1
141691,2,2
370184,0,1
248016,2,1
93818,2,2
245149,2,2
61199,0,0
233838,1,1
235424,0,2
378300,2,1
189231,0,1
42107,2,2
204118,2,2
94915,2,2
361145,1,1
361911,2,2
137813,2,2
150002,2,2
238971,2,1
223733,0,0
359067,2,2
53038,0,0
158756,0,2
131262,2,2
392643,2,2
115208,1,2
50556,2,2
403524,0,2
348305,1,1
402732,2,2
51799,2,2
138990,1,1
294947,2,2
189393,0,2
390249,0,1
181374,2,2
294159,2,2
187211,0,2
325296,0,2
270553,0,2
220883,2,2
259332,0,0
58508,0,1
20960,0,1
20953,1,1
235515,2,2
379968,1,1
123600,2,2
74598,0,1
42172,2,2
261574,0,2
280413,2,2
115609,2,2
88389,0,0
316680,2,2
100253,0,2
196414,2,1
153265,0,2
267994,0,2
258448,0,2
4182,2,2
241420,0,2
358550,1,1
185177,0,2
39491,0,2
271878,0,1
206232,2,2
164001,0,1
126452,2,2
193657,1,1
83307,2,2
358254,0,2
142071,2,2
320062,0,2
125477,0,2
242471,2,2
156505,2,1
125084,0,0
24705,0,0
393087,0,0
312941,0,0
148044,1,1
26460,2,2
377246,2,2
303393,0,0
126382,2,2
157976,0,2
265331,2,2
5803,0,2
212894,2,2
330686,2,2
301731,0,1
251553,0,2
370035,0,2
21209,0,2
26526,2,2
92687,2,2
32976,1,1
116716,0,0
157696,0,2
149854,0,2
58512,0,1
167752,1,1
29958,0,1
131142,0,0
319838,2,2
332028,2,1
267363,0,0
182865,2,2
1752,0,2
300684,1,1
63739,2,2
318544,2,2
367364,2,2
445,1,1
401658,0,0
385664,2,2
206977,2,2
64892,2,2
397245,0,1
302618,2,2
64227,2,2
322933,1,1
95362,2,2
25226,2,0
198796,0,2
76101,2,2
81929,2,2
283597,2,2
70217,2,2
50314,2,2
213012,0,2
183010,1,1
310632,2,2
36609,1,1
87295,1,1
120689,2,2
47021,0,0
54366,1,1
315212,2,2
382216,0,0
400249,2,2
145405,0,0
241037,0,0
87958,0,1
217750,0,2
260363,2,2
264625,2,2
36056,2,2
374770,0,2
111894,2,2
343358,2,2
345985,2,2
236022,2,2
154417,2,2
105001,1,1
358855,2,2
275453,0,1
61409,2,2
79574,2,2
64295,2,2
102245,1,1
347483,0,2
322704,0,1
13538,2,0
173143,0,2
67682,1,1
397374,2,2
158568,0,2
292455,2,1
240636,0,2
621,1,1
324565,2,2
272453,1,1
30657,2,2
220655,2,2
278648,1,1
84097,0,0
380427,2,2
68595,0,1
296791,0,0
205590,0,1
332856,1,1
51440,2,0
215855,2,2
257466,0,2
52214,1,1
244397,2,2
11560,2,2
275582,2,2
258094,0,2
306072,0,0
107729,0,1
169342,0,1
145708,1,1
12431,2,2
255703,0,2
112738,2,1
382670,1,1
397105,0,0
216085,0,2
354475,0,1
97433,1,1
259297,0,0
117327,0,0
56520,0,1
53756,2,2
259141,1,1
170371,0,1
146043,0,2
63567,2,2
372069,1,1
277304,1,0
20699,0,1
363790,2,2
79556,0,2
286873,2,1
278350,0,0
188874,2,2
152881,1,1
142022,2,2
318332,2,1
86094,2,0
13289,0,1
306508,2,2
117949,2,2
393649,2,2
153268,1,1
207731,2,2
253066,0,2
110472,1,1
340797,0,1
359836,0,1
44366,1,1
21210,0,0
196217,0,1
389834,2,2
62589,2,1
22035,0,2
157967,2,2
353048,0,0
303742,0,2
382289,2,1
392144,0,2
281187,0,0
399147,1,0
160484,2,2
259075,0,1
257373,0,1
261067,2,2
357244,2,2
322400,2,2
37718,2,1
308528,0,2
76721,0,1
20839,2,2
400940,2,2
34927,2,2
210441,0,2
309620,2,1
268556,0,0
3982,0,0
51625,0,2
90000,1,1
382999,0,1
364112,2,1
114260,2,2
29742,1,1
292111,2,1
226992,1,1
163603,2,2
334433,0,2
130401,0,0
266814,0,2
8673,1,1
160885,2,1
344616,2,2
82587,1,1
223782,0,1
312331,2,2
168388,0,0
274276,0,0
290187,2,2
361419,1,1
247117,1,1
309096,2,2
224427,0,1
140578,1,1
100655,0,2
168142,0,0
262432,0,2
168484,2,2
87957,2,2
114511,2,2
80530,0,0
143683,2,2
6027,2,2
83399,0,1
88390,2,2
40553,0,1
236661,1,1
330933,0,1
234666,1,1
33586,0,1
79536,2,2
129443,1,1
147617,0,1
353286,2,2
323100,0,2
38487,2,2
92785,0,2
98626,2,2
174068,0,1
172648,1,1
382744,1,1
105076,0,0
241404,2,1
296374,0,1
399849,2,2
94065,2,1
202071,0,2
369889,2,1
47310,1,1
128999,2,2
360257,0,2
365851,0,2
337336,0,0
396034,0,1
351128,1,2
395185,2,0
318871,1,1
292741,2,2
382345,0,1
172952,0,2
243588,2,2
91208,2,0
76539,2,0
264046,1,1
118815,2,2
201856,0,1
400283,2,2
140911,1,1
384666,2,2
146407,0,1
260228,0,0
119416,2,2
194187,2,1
13533,0,2
136931,2,2
374307,0,1
315045,0,0
369409,1,2
175275,0,0
346810,2,2
193331,2,0
251568,2,2
314669,0,2
119359,0,0
44466,2,2
206591,2,2
220516,0,2
222971,0,2
187707,2,2
176561,0,0
148322,2,2
282732,0,0
112094,0,0
224981,0,1
156389,2,2
364733,1,1
88588,0,1
20740,0,0
192887,0,1
353932,0,2
311948,1,1
220847,0,0
347016,2,2
188749,1,1
20028,2,2
302836,2,2
109242,1,1
399350,2,1
260669,1,1
68916,2,2
117825,0,0
251730,2,2
370994,2,1
20597,2,2
384833,1,1
81563,1,1
31763,0,1
171229,1,1
140041,1,1
347446,0,2
305424,1,1
355974,2,2
17266,0,1
162504,0,0
19058,2,2
391344,0,1
314936,2,1
363732,0,0
341791,0,0
8119,2,2
198378,2,2
404530,2,2
343025,0,2
206840,2,2
134414,2,2
354709,1,1
240834,1,1
38456,2,2
274156,2,2
90033,2,2
393597,0,2
282320,1,1
221615,0,2
32381,1,1
169764,2,2
374850,2,0
392143,2,2
96036,2,2
92716,0,0
60553,1,1
91241,0,2
84407,0,0
22157,2,0
217074,1,1
261521,0,1
167299,0,2
174767,0,1
335847,0,2
270510,2,2
396234,1,1
96557,2,2
177360,0,0
14408,0,2
293102,1,1
155411,0,0
113965,0,2
65614,2,2
388920,0,2
231778,2,2
350611,1,1
12705,2,2
261493,0,0
372315,1,1
113949,0,0
332091,2,1
95099,1,1
129062,0,2
159993,2,2
148316,2,2
67668,2,2
381120,0,2
242773,2,2
262635,0,0
64465,2,2
263094,2,2
29668,0,0
405166,1,1
35415,2,2
299282,2,2
395661,2,2
187388,2,2
12460,0,0
175148,0,0
297851,0,0
252880,2,2
220255,1,1
34699,2,2
25469,2,2
110080,2,1
38313,0,1
209606,1,1
204534,2,0
159767,0,2
183576,1,1
287400,2,2
270568,0,2
145502,0,2
178843,0,0
165825,0,2
206334,2,2
354431,1,1
142592,2,2
294112,0,2
15055,2,2
131526,2,2
36392,2,2
361904,2,2
153384,2,2
145677,0,2
389681,2,2
349069,1,1
348910,1,1
92167,1,1
97689,0,0
28921,1,1
50060,1,1
212470,2,1
167370,1,1
372913,0,2
35556,0,2
251860,2,2
134043,1,1
153025,0,2
203467,0,0
13267,2,2
150484,2,1
378662,2,2
386647,2,2
231822,1,1
230801,1,1
64595,2,2
30519,0,2
15619,2,2
258279,2,2
182763,2,2
332632,0,0
156369,0,2
204390,0,2
58982,0,2
59026,0,0
95751,0,0
331630,2,2
239805,2,2
10915,2,2
23550,2,2
88044,0,0
368557,2,1
161366,1,2
162175,0,1
258658,2,2
258692,2,2
345886,2,2
24943,1,1
107828,2,2
129386,1,1
333194,2,1
156587,2,2
153651,2,2
314770,1,1
370048,2,2
178821,2,1
153703,2,2
286392,0,1
203803,0,2
59801,2,2
97643,2,2
338772,2,2
197158,2,2
268923,0,2
335815,0,2
43822,0,0
32137,2,2
74230,2,1
229278,2,2
347337,1,1
389776,2,1
125582,2,1
73473,0,0
157415,0,0
396803,0,2
179728,1,1
100927,2,2
180700,2,2
131888,2,2
176810,0,2
395409,2,2
260481,2,2
136191,2,2
164550,2,2
259994,0,2
387340,0,2
374813,0,0
82338,0,0
82302,1,1
277525,1,1
300311,2,2
84472,2,2
2445,2,1
67944,2,1
142569,0,2
220004,0,2
12527,0,2
224920,0,2
70083,0,0
203439,0,1
379606,1,1
194289,1,1
274318,0,1
207772,1,1
325138,1,1
121195,2,2
239837,2,0
22465,1,1
241900,2,2
88887,0,0
272840,1,1
267380,1,1
24952,0,2
362841,0,0
195693,1,1
135519,0,1
317391,2,2
192084,0,2
34523,0,1
230790,2,2
69867,1,1
172437,0,1
5467,0,1
252106,1,1
14259,0,0
270758,0,2
358643,1,1
41212,0,2
366602,0,2
201228,1,1
264966,2,2
370485,1,1
178608,1,1
134215,2,2
160464,0,2
387498,1,1
191801,1,1
197651,2,2
81366,0,1
394078,0,2
76020,2,2
59727,1,1
185390,1,1
30529,2,2
168978,0,0
380977,2,2
330452,0,2
317986,0,2
345458,0,2
42261,0,0
183275,2,2
111481,2,2
192443,0,2
3871,2,2
85351,0,2
134914,0,2
108645,0,0
119656,1,1
139455,0,1
346010,0,0
304896,2,2
214067,0,2
91430,2,2
269407,0,1
255715,0,2
214905,2,2
55642,0,0
74319,1,1
2699,0,0
229581,0,2
76984,2,2
159595,2,2
349868,0,1
327221,0,2
140191,0,1
124549,2,2
104493,1,2
273149,0,2
4040,2,2
273167,0,2
336430,1,1
260769,2,2
319536,2,2
29522,0,2
213976,2,2
403758,0,2
274788,2,2
300094,2,2
315378,0,2
47737,2,2
96108,0,2
79714,2,1
304082,2,1
143341,2,2
381149,0,2
173561,0,2
311827,2,1
351117,2,2
247392,2,1
100937,2,2
401004,0,0
235276,2,2
386236,2,2
370285,1,1
156320,0,0
210904,2,2
311144,0,0
90755,2,2
13565,2,2
335354,2,2
172873,0,2
89945,1,1
7256,0,1
80853,0,1
16438,2,2
229920,1,1
109282,2,2
294196,1,1
110542,0,1
176298,2,2
72417,1,1
302376,0,2
346277,2,1
220129,0,1
176655,0,0
168746,0,1
117477,0,2
195399,0,0
278153,0,2
69775,2,2
315125,2,1
315321,0,1
83220,2,2
167031,2,2
162958,2,2
69145,0,2
296864,2,2
122878,2,2
91926,0,0
154398,2,2
99790,0,2
370218,1,1
390799,0,1
260521,0,0
223347,0,0
215281,2,2
42463,2,2
365839,1,1
23273,0,1
71813,2,1
378339,0,2
263656,0,0
365054,0,2
232821,2,2
326146,2,1
141383,0,0
308996,0,0
217795,2,2
298126,2,2
262386,2,2
228971,1,1
346357,0,0
76407,2,2
23491,0,0
346839,0,2
13167,0,2
123875,1,1
33726,2,1
161051,2,2
364444,0,0
162973,0,0
80946,0,0
316697,0,1
185055,1,1
163823,2,1
7535,2,2
30287,0,2
59378,2,2
113320,2,2
294742,0,1
63950,2,1
43849,2,2
252417,2,2
160034,0,1
355005,0,0
201981,0,2
108129,0,2
249791,0,1
189723,2,2
224341,2,1
96483,2,1
158009,2,2
217328,0,2
21319,0,2
287237,2,1
344898,2,2
127760,2,2
185717,1,1
183158,0,0
219602,1,1
45012,2,2
154862,0,2
380320,2,2
35295,0,2
121780,2,2
400626,0,0
82791,2,1
336628,2,2
123934,0,1
241176,2,2
404656,2,1
81836,0,1
236244,0,1
10732,1,2
307589,2,2
19369,2,2
392437,0,0
204086,2,2
133460,0,1
405455,1,2
129607,0,2
305711,2,2
311560,0,0
383844,2,1
37315,1,0
183968,0,0
203355,2,2
35029,2,2
338069,2,2
248819,2,2
350910,2,2
72654,0,2
243565,0,0
101877,0,0
129953,1,1
266925,2,1
360874,0,2
137663,2,2
29803,0,2
56733,0,2
20279,0,1
71418,2,2
50299,2,2
403604,0,2
181601,2,2
299581,0,2
125443,0,2
16430,1,1
238396,1,0
114744,0,1
179486,2,2
272334,1,1
342252,2,2
152910,1,1
381027,0,2
384259,1,1
159880,2,2
405491,0,1
288909,2,1
288280,0,1
182705,2,2
400438,0,2
69389,2,0
221902,2,0
266174,2,2
331967,2,2
18191,2,2
96432,2,1
57204,2,2
244982,1,1
290547,1,1
111624,2,2
249242,0,0
28086,0,2
280107,0,2
132464,2,1
105414,1,1
25823,0,2
182160,2,2
362132,2,2
44306,2,2
293323,2,1
134674,1,1
320197,0,0
404750,2,2
223293,0,1
42792,1,1
376628,0,1
263176,2,1
61202,1,1
49636,2,1
226351,0,1
141329,2,1
78084,0,1
87054,0,0
288971,0,0
139242,1,1
396275,2,2
119794,0,0
216160,1,1
137139,1,1
347447,1,1
286299,2,2
86473,2,2
155960,1,2
154974,1,1
183466,0,1
375533,0,2
279854,2,1
70951,0,0
211391,2,2
208413,0,0
51587,0,1
8074,2,2
297979,2,2
114567,2,2
24308,2,1
149578,2,2
281469,0,0
319352,0,2
233778,2,2
172419,1,1
136551,2,2
248142,2,2
237915,0,0
121196,2,2
148786,2,2
61093,2,2
129815,1,1
375542,1,1
122619,2,2
298066,0,2
212220,2,1
203840,2,1
393875,2,2
357202,1,1
124243,2,2
136145,1,0
329787,1,1
225468,2,2
83052,0,2
126420,1,1
181135,0,2
141937,2,1
187299,0,1
194912,2,2
100862,2,2
141657,2,2
145402,2,2
242514,1,1
194998,2,2
223544,1,1
356063,2,2
65706,0,0
395171,2,1
68875,0,0
100871,2,2
74128,1,2
71521,2,1
232127,0,0
29349,0,2
4750,2,2
376894,2,2
85003,0,2
323871,0,2
382030,1,1
196812,1,1
260943,0,1
225325,0,2
80525,2,1
143635,2,1
292793,0,0
85065,2,0
71189,0,0
132788,0,1
131327,0,0
159599,0,2
79343,0,1
253653,0,1
8004,1,1
57189,2,0
63943,2,2
308943,2,2
248667,0,0
95960,0,0
169963,0,1
93561,1,1
164212,2,1
58720,2,2
399891,0,2
329133,2,2
132003,1,1
212111,1,1
368199,1,1
233367,0,0
191258,1,1
151337,2,2
144835,2,2
299397,2,2
33435,2,2
279269,2,2
46864,0,2
379306,0,2
197548,2,2
198871,2,2
143504,2,2
328826,0,2
344421,1,1
173316,1,1
298282,0,1
203488,2,2
262562,2,1
23853,0,1
259307,0,1
331852,2,1
246721,0,2
363502,2,2
55149,0,2
152311,2,2
64058,2,1
276315,0,2
250369,1,1
101344,0,2
339411,2,2
255875,2,1
405037,2,2
163121,0,1
45267,0,2
217611,2,2
165105,0,0
228643,0,1
262770,2,2
402598,0,0
201151,0,0
29816,1,1
394172,0,2
244272,0,0
133881,0,2
11821,2,2
186575,2,2
376381,0,2
314655,2,1
251364,2,2
118181,0,1
301703,0,2
351626,1,1
301166,2,2
242932,2,2
22183,0,2
236364,1,1
304992,0,2
218131,2,2
365002,0,0
340588,1,1
188668,0,2
190623,1,1
167666,1,1
205119,0,2
13219,2,2
74338,1,1
232482,2,1
184384,2,2
40846,1,1
92917,2,2
127659,0,0
64258,2,2
300546,0,0
282028,0,1
149797,0,2
60638,2,2
109957,1,1
246075,2,2
229658,0,2
374509,0,2
210247,0,0
140241,2,0
213038,2,1
254306,0,1
70220,2,2
157771,2,2
334094,2,2
207059,2,2
273352,1,1
82884,0,1
108443,2,2
63779,2,2
209861,0,2
189545,2,0
94907,2,2
300430,0,2
257377,1,1
385358,0,1
383825,0,1
281691,2,2
314074,0,2
172679,0,2
142127,2,2
287255,1,1
153616,2,2
171819,0,2
113327,2,1
175437,0,2
136839,2,2
294359,0,0
99889,2,1
138922,0,0
196546,0,2
371838,0,1
70166,2,2
91528,2,2
219956,0,0
76039,2,2
221715,2,2
393186,0,2
280566,2,2
269714,1,1
77652,2,2
354797,2,2
401761,0,2
82211,2,2
47500,0,0
178545,1,1
189007,2,2
191214,2,2
399156,1,1
30015,2,2
338998,1,1
98006,2,2
249867,2,1
14901,2,2
196841,0,2
18623,2,2
38485,2,2
146468,2,2
132810,0,1
199784,2,2
11689,0,2
137442,2,2
75401,0,2
323519,1,1
44045,2,2
316672,2,2
159178,2,2
293932,0,1
94891,0,1
245215,0,2
250340,0,0
113716,1,1
169977,2,2
297552,1,1
142257,2,2
67202,2,2
374551,1,0
326346,1,2
262875,0,2
369968,0,2
250362,0,2
206285,1,1
173376,2,0
140326,2,2
73207,0,2
155228,2,2
310192,1,1
361531,0,1
86189,0,0
256733,0,1
52858,0,2
54126,2,2
223972,2,2
319874,0,2
186792,2,2
349815,0,0
230101,0,2
148810,0,1
249979,0,0
102501,2,2
139849,2,2
380700,0,1
240070,2,2
39675,2,2
25159,2,2
63849,2,2
382146,0,0
198526,2,1
324102,2,2
310172,0,0
167386,0,0
151091,0,0
48716,0,2
7124,2,2
274230,0,0
380148,2,2
92572,0,0
165379,2,2
337568,2,2
324481,1,1
406333,0,0
368583,1,1
192937,0,1
405741,2,2
272731,1,1
103507,2,2
109399,2,2
22925,0,1
141615,0,0
220574,0,0
32360,0,0
341936,2,2
153980,2,1
41516,2,2
240251,0,0
226653,2,2
78662,0,2
21070,2,2
117892,2,0
99093,1,1
203696,0,0
247276,2,2
400061,2,2
337258,2,2
255010,2,1
102188,2,2
236011,0,2
200872,2,2
377716,0,0
31700,0,0
361131,0,1
262704,1,2
257937,2,2
224218,1,1
66583,1,1
337622,0,1
42245,2,2
80804,0,0
102744,0,2
86552,2,0
345474,0,0
77228,2,2
294335,0,1
203557,2,2
166295,2,2
367728,2,2
322843,2,2
271107,0,2
17644,0,1
40184,0,0
347007,2,2
188267,0,0
139820,0,2
92524,2,2
187344,2,0
293903,2,2
301670,1,1
109732,2,2
402327,2,2
311905,2,2
47332,0,2
402104,2,2
264996,1,1
152110,0,2
8955,2,0
284320,2,2
274413,2,1
288920,2,1
338978,2,2
139040,0,1
50704,2,2
255252,2,2
103961,0,0
321975,1,0
371183,2,1
299496,0,2
12691,2,2
254520,0,2
41037,1,2
11399,0,0
315060,0,2
205516,0,0
401846,2,2
159731,2,2
139162,0,1
71696,1,1
81696,2,2
385438,1,1
91428,0,1
380837,0,2
102042,1,1
216167,0,1
92672,2,2
269575,0,2
72061,2,0
328377,2,2
202013,2,2
278134,2,1
179423,0,0
298058,0,2
17850,0,0
40738,0,0
382142,2,2
250753,0,2
348116,0,0
11599,0,2
252088,1,1
39334,0,0
382831,0,1
231426,2,2
297326,0,2
323164,2,2
311287,0,2
335556,2,1
381357,1,1
322206,2,2
167353,0,1
41501,0,2
296169,0,2
138057,2,2
323313,0,2
178988,1,2
23116,0,0
389531,2,2
188081,2,1
336104,2,2
328668,0,0
220310,0,1
8870,0,0
85318,2,2
175198,1,1
296932,2,1
281706,2,2
380468,2,2
249312,0,2
336809,1,1
29205,2,2
51595,2,2
60659,0,2
44254,1,1
128311,0,0
49814,0,2
158544,1,1
2651,2,0
330524,2,2
121624,2,0
117933,2,0
342702,2,2
170275,2,2
305719,0,0
291526,1,1
111869,2,2
143336,0,0
178130,2,2
354426,0,2
101588,0,1
373961,1,1
401602,2,0
404210,0,0
374448,0,2
184862,0,2
208018,1,1
38495,2,2
216215,2,2
31867,2,2
141499,2,2
122801,2,2
249939,2,1
46568,2,2
227505,0,1
224634,1,1
17077,0,2
142714,2,2
141227,2,2
78227,0,2
74436,2,2
257329,2,2
318101,2,2
399730,2,1
55147,0,2
314969,2,2
39729,2,2
161243,2,2
234964,0,2
358982,0,0
132553,2,2
140433,0,0
370875,2,0
290887,1,1
187919,0,1
180708,1,1
354525,2,2
285924,0,1
300570,0,2
157583,2,2
84021,0,1
71676,2,2
357653,2,2
66713,2,2
196372,1,1
312862,2,2
270564,0,1
14704,0,0
14825,0,1
102186,2,2
98277,2,1
401445,0,2
286708,1,1
272331,2,2
149727,2,2
271862,2,1
198530,2,2
344230,1,1
175471,0,0
211057,0,1
195146,0,0
60611,2,2
98531,1,1
29442,2,1
325414,0,2
79007,2,1
338150,0,2
215405,1,1
225370,2,2
287248,0,2
244580,0,1
344354,0,1
78972,1,2
85431,1,2
373319,2,2
357539,2,2
140367,0,2
6160,1,1
84443,2,2
93208,2,2
362140,0,2
377839,2,2
16131,2,2
391179,1,1
258207,2,2
114323,2,2
190102,1,1
9990,0,2
58895,2,2
86608,0,1
324532,2,2
395413,0,2
240239,0,2
390215,2,2
184779,1,1
333398,2,2
346973,0,2
386365,1,1
388387,1,1
381610,2,2
127318,0,2
11678,1,1
288670,0,1
166274,0,2
367561,2,2
307483,0,0
131758,2,2
200703,0,0
350582,2,2
246276,1,1
215223,2,2
264647,2,0
131265,0,2
294605,0,1
285548,2,2
46302,0,1
172145,2,2
145081,2,2
62043,0,1
333449,0,2
179285,0,2
126293,0,2
211033,1,1
232144,0,0
329702,0,0
172514,0,1
149619,0,2
114674,1,1
76798,0,0
43528,2,2
87797,0,1
156085,2,1
165283,2,1
68765,2,2
240327,0,0
378211,0,2
120923,1,1
372974,0,0
347918,2,2
222347,1,1
199530,2,0
307075,2,2
22217,2,0
7775,2,2
183389,2,2
357875,2,1
148058,2,2
76185,1,1
289515,0,1
394478,2,2
291463,2,2
41188,0,2
291285,2,2
246065,2,2
68250,2,2
168601,1,1
17382,0,1
293310,2,2
45277,0,2
186506,2,2
329352,1,1
109051,0,2
11858,2,2
273464,2,2
179860,2,2
124999,0,2
387682,2,1
35982,0,1
262492,2,2
107727,2,2
281104,2,2
163997,2,2
49850,0,1
113901,0,0
129703,2,2
80942,1,1
41510,2,2
155993,2,2
60249,2,2
129258,1,1
185002,2,2
97516,0,2
81081,2,2
5987,2,2
70085,0,1
367814,2,1
236820,2,2
400410,1,1
102432,2,2
217407,0,1
261158,2,2
301546,2,2
103373,1,1
212790,0,2
266600,0,2
159206,2,1
301619,2,2
373774,1,1
260782,0,2
14830,0,2
381990,0,2
125726,0,2
115851,2,1
190962,1,1
337357,2,2
374535,2,2
222344,2,2
95499,2,2
68561,0,2
273432,1,0
333812,1,1
175364,2,2
110888,2,2
219647,0,2
184858,1,1
76139,2,2
279819,0,2
21281,0,1
178671,0,0
9743,0,2
173999,2,2
111390,2,2
244988,2,2
105773,0,0
266361,0,1
158700,0,2
84438,2,2
216968,2,2
387592,2,2
65477,0,0
145460,0,0
21744,1,1
163213,2,2
212266,2,2
83568,0,2
246063,2,2
234990,2,2
343879,0,0
173984,2,2
34325,0,0
140753,2,1
231680,0,0
156019,0,0
94064,2,1
159211,0,1
272368,0,2
155333,2,2
181337,2,2
114078,0,0
143892,2,2
66800,1,1
83255,2,1
121114,0,2
176246,0,0
294313,2,1
230440,0,1
279158,2,2
155902,0,0
355293,0,1
59744,2,2
361612,1,1
81410,2,2
215849,2,2
94610,2,2
310290,0,2
325973,1,1
251248,1,1
188375,2,2
375860,2,2
3072,2,2
97844,2,2
291874,2,2
235346,1,1
86739,2,2
358957,2,2
272220,0,2
190598,2,2
173172,2,2
204179,0,2
301102,0,0
373352,0,2
147051,0,2
309965,0,2
259843,2,2
317373,2,2
334172,2,2
182676,2,1
269743,1,1
362866,0,0
252778,1,1
129997,1,1
184331,2,0
394437,2,2
260452,2,2
253590,0,0
55830,0,2
136218,2,2
392229,0,1
178929,2,2
92091,1,1
67143,0,1
212725,2,2
198377,0,0
167815,2,2
357497,2,2
228737,1,1
328976,2,2
33175,1,1
356739,0,0
404999,0,1
174453,0,1
89647,2,1
288629,0,0
4279,0,1
106064,0,1
25097,2,2
135839,2,2
151196,0,2
6432,0,1
39703,1,1
331990,0,0
232450,0,2
305954,1,2
53096,2,2
379672,2,2
314521,1,1
36247,2,2
187184,2,2
92407,2,2
352134,2,2
84496,2,1
215066,2,2
11641,2,2
90320,2,2
195450,0,2
103366,2,1
148348,0,1
359214,2,2
41500,0,0
202363,0,1
308795,2,2
302813,0,0
27031,0,1
371310,1,1
8383,0,2
138872,2,2
320674,0,1
32678,0,0
15384,2,2
29257,2,2
123800,0,2
86947,2,2
328385,0,0
58660,2,1
234704,2,2
102240,2,2
209903,0,2
21123,0,2
283447,2,2
204095,2,1
84702,0,2
125363,2,2
61712,2,2
342955,2,2
51313,2,2
115692,2,2
220474,2,2
320627,2,2
406042,0,0
84795,1,1
297066,1,1
140221,2,1
286301,1,1
295101,0,1
253386,1,1
28265,2,2
288196,1,1
96591,0,1
194521,2,2
336341,0,2
55232,0,1
371931,1,1
125185,2,2
267583,2,2
64955,1,1
178151,2,0
366766,1,1
341256,2,2
344592,2,2
170493,1,2
282459,0,1
184913,2,2
302460,1,1
302520,0,2
68301,2,2
318263,0,0
253870,1,1
72717,0,2
347803,2,2
401452,1,1
381367,0,0
353038,0,2
307705,1,1
41666,2,1
30099,2,2
131769,1,1
90533,2,2
327934,0,2
209859,0,0
137061,2,1
189641,2,2
254825,2,2
80754,0,2
293947,0,1
88877,0,0
334995,2,0
275669,2,2
131321,0,2
390354,1,1
265614,2,0
111071,0,0
37668,2,1
304198,0,2
259402,0,0
331344,2,1
283021,2,2
283901,2,2
162347,0,0
304717,2,2
231782,0,2
82006,1,1
250186,2,2
176363,2,2
348989,0,0
178669,0,0
358369,2,2
188066,0,1
168437,2,2
2929,0,2
50135,0,1
269379,2,2
179322,1,2
192819,0,0
31602,2,2
250484,2,2
36644,0,0
37578,2,2
109933,2,1
79102,2,2
178034,2,2
266683,0,0
315834,2,2
21763,0,2
376878,2,2
244288,1,1
56718,0,2
144661,0,2
393637,0,0
296075,0,2
251285,1,1
396255,0,1
57678,0,2
338564,2,1
374909,0,0
3615,0,0
367843,0,0
123732,0,2
275031,0,0
219271,2,2
13738,2,2
190211,0,1
217925,2,0
396832,2,2
72394,2,2
144662,2,2
331339,2,2
199822,2,2
148606,2,2
160042,1,1
230817,0,0
260013,0,2
54935,0,2
69947,1,1
235610,2,2
268112,0,0
121389,0,0
271928,2,2
146313,2,1
150883,0,1
105569,0,2
309785,2,1
74329,0,0
192310,2,2
181663,2,1
129946,0,2
174911,0,1
33737,2,1
189112,2,1
353172,0,0
223464,1,1
213982,2,2
226248,0,0
169573,2,2
370771,0,2
362945,2,2
260022,2,2
229228,2,2
40993,0,1
164969,1,1
88638,0,2
404907,0,1
60635,2,2
27686,0,0
217208,2,2
293683,0,2
160766,0,0
27302,0,0
11300,0,1
276088,2,2
386950,2,2
353244,1,1
344632,0,2
351827,1,1
123894,1,1
115671,0,1
34122,2,1
23546,1,1
245142,2,2
305063,0,2
260001,0,2
199605,0,2
203596,2,2
250992,2,1
303791,1,1
98625,2,2
166874,2,2
406269,0,1
277332,0,0
78928,2,2
148539,2,2
215697,0,2
88426,0,2
384021,0,1
380057,0,1
44355,2,2
87556,0,0
153748,0,1
392443,1,1
34408,2,2
102417,0,1
251378,0,0
165147,2,0
329781,2,2
119222,2,2
325842,0,2
178646,2,2
299745,0,2
275875,2,2
235856,0,2
331623,0,1
304039,2,2
399550,1,1
212873,2,2
222462,0,2
314160,2,2
284577,2,2
41645,0,2
54943,0,1
48554,1,1
266082,2,2
157213,2,1
9971,1,1
299268,2,1
48331,2,2
125409,2,1
46456,2,1
375173,2,2
260549,2,0
201190,2,1
156338,1,1
58049,2,2
87480,1,1
312097,0,0
10817,0,0
91681,2,2
120596,2,2
116347,2,2
135332,0,0
104014,2,2
86594,1,0
78736,2,0
403121,2,2
285562,0,0
348258,0,1
124363,0,0
392482,0,0
391594,0,0
102121,1,1
215358,2,2
190804,1,1
373064,0,0
141599,2,2
110290,0,2
366963,0,2
61078,0,0
353618,2,1
219717,1,1
380088,1,1
198784,0,0
266072,2,2
140529,2,2
399804,2,2
157174,0,0
259614,2,2
204656,2,2
96968,0,2
334531,0,1
188977,2,2
74656,2,2
273019,2,2
108102,2,2
242250,1,1
104699,0,0
200583,2,2
304137,0,0
319393,0,0
170012,2,2
354753,0,1
283315,2,2
140791,1,1
129458,2,2
244878,1,1
292696,0,2
77201,2,1
253599,0,0
144683,2,2
54305,1,1
371811,0,0
272463,0,1
254466,1,1
342483,2,1
219642,2,0
223392,2,1
272316,0,0
341319,0,2
311616,2,2
387435,0,2
330183,2,1
136963,2,2
110513,1,1
205638,2,2
339719,0,0
15465,2,2
160890,0,2
362986,0,0
386728,2,2
182734,0,0
125172,2,2
23658,2,2
230038,0,2
143419,0,0
70494,0,2
354205,0,0
188182,0,0
38163,0,1
294786,0,1
127326,0,2
345670,2,2
113359,1,1
111246,0,2
377763,2,2
268884,0,2
183812,1,1
82203,0,1
33024,1,1
348385,1,1
210285,0,0
59531,2,2
4071,0,0
390893,2,2
349236,1,1
228949,2,2
2297,2,2
317035,2,2
282068,2,2
398144,0,1
6497,0,2
110068,2,1
17469,2,2
154920,2,1
74603,2,2
30825,2,2
125999,2,2
208280,0,2
340064,1,0
180558,2,2
156730,2,2
13552,2,2
292568,2,1
313927,2,2
402497,0,1
354672,0,0
73804,2,2
201835,0,0
231663,2,2
241082,0,0
338334,0,0
206913,0,2
109975,0,1
54679,2,1
259535,0,2
328211,1,1
136316,0,0
388424,2,2
2822,2,1
345495,2,2
372767,0,2
151743,2,1
181815,0,2
312085,1,1
138886,2,2
314220,2,2
131811,2,1
391940,0,0
25279,0,1
404570,0,2
19567,2,1
235769,1,1
97082,2,1
127408,2,2
164532,2,2
358537,2,2
386935,2,1
312099,2,1
1203,0,0
274872,1,1
98655,0,2
4701,2,2
398685,2,2
1817,0,1
95135,2,2
107222,2,2
394725,0,0
378598,2,2
2252,0,0
224236,0,0
182000,2,2
10403,1,1
121928,0,0
274583,2,2
122780,2,2
57846,1,1
251396,2,2
61997,0,2
179139,1,1
381309,2,2
27012,1,2
294360,2,2
167604,1,1
102128,2,2
273566,0,0
214275,2,2
398293,1,1
232831,2,1
124713,0,1
287029,2,1
268907,2,1
284401,1,1
262340,2,2
292526,0,1
312755,0,2
390276,2,2
298285,2,2
106336,2,2
250052,2,2
178369,0,2
221108,0,0
134126,0,2
112823,2,2
91045,0,0
356096,2,2
341414,2,2
357327,2,2
329536,2,1
97542,2,1
178770,0,1
213881,0,0
264047,2,2
196974,0,2
209077,1,1
268728,0,2
182710,0,0
35004,1,1
216926,2,2
181202,0,0
240405,2,2
123379,0,2
308076,2,2
41218,1,1
11428,2,1
220877,2,1
158495,2,2
337940,2,2
235532,2,2
111940,0,0
391546,2,1
99660,1,2
155165,2,2
312928,0,2
275740,2,2
52869,2,2
151172,2,2
64447,0,2
275720,2,1
308572,2,1
365081,0,1
350955,0,0
55169,2,2
265266,2,2
34088,2,2
293960,2,1
254216,2,2
46453,0,2
167070,2,1
404864,2,2
340935,0,2
328181,2,2
58195,0,2
190630,0,2
204883,0,0
321051,2,2
9068,1,1
371917,1,2
386207,2,2
181015,2,2
233785,0,1
67097,1,1
343725,2,2
321403,1,1
363940,2,2
234192,2,1
58736,2,2
10179,0,0
193778,2,2
19472,2,2
58137,2,1
40643,2,2
5211,0,1
156958,0,0
253118,2,2
320070,2,2
392314,1,1
49851,0,2
234618,1,0
40217,1,1
34182,2,2
234081,0,1
101391,2,2
86580,0,0
363490,1,1
5094,0,1
377368,2,2
104593,2,2
212257,0,0
196464,2,2
311702,2,2
265168,1,1
145238,1,1
333125,0,2
165625,0,0
24923,1,2
394126,1,1
108335,0,2
149767,0,2
274066,2,2
131791,0,1
21936,1,0
185400,2,2
55001,2,1
404040,0,2
246726,2,2
253009,2,2
206375,2,2
344000,0,0
291123,0,0
388299,2,1
400736,0,2
332186,2,2
302035,2,2
123167,0,0
123593,2,2
398816,0,0
21240,0,0
118303,0,2
68657,0,0
287702,0,0
372317,0,1
307480,2,2
127399,0,0
127774,1,1
94622,2,2
183852,0,2
27203,2,1
287475,2,2
152727,2,1
21615,0,0
165161,2,2
403326,2,1
173601,2,2
240810,2,2
350178,0,1
317800,0,0
210130,0,2
54287,0,0
29748,0,1
376859,2,2
88936,2,2
34165,0,0
139860,2,2
260793,2,2
227343,1,1
9959,0,0
129256,0,2
327393,1,1
125588,2,2
326429,2,2
105906,0,0
4011,2,2
159158,0,1
8957,1,1
346197,0,1
41503,2,2
138218,2,2
77379,2,2
11877,0,1
60286,0,0
320752,2,1
224097,0,0
251713,1,1
259743,0,1
241510,0,1
182606,0,2
230881,0,1
185459,0,0
141685,2,1
243095,2,2
312367,1,1
271340,1,1
383037,2,2
336235,2,2
228563,2,1
301959,1,0
275586,0,0
251037,2,2
259637,2,1
270005,2,2
104589,2,2
147124,2,2
39779,2,2
219,0,0
273107,2,2
288513,2,2
327343,2,2
217865,2,2
11565,2,2
153847,0,0
186926,2,2
332732,2,0
46913,0,0
127863,0,2
220812,0,1
211656,0,2
295317,2,2
20312,0,1
213803,2,2
9415,0,0
130675,2,2
196704,1,1
123162,2,1
307187,2,2
271213,0,0
3215,2,2
40389,2,2
102760,0,2
33257,0,0
184871,2,1
206389,2,1
297379,2,2
381256,0,2
57122,2,2
308851,1,1
166475,2,2
105626,2,2
256813,0,2
235801,2,2
164729,1,1
217433,2,1
136518,0,0
145579,2,2
372292,0,1
49781,0,2
341909,2,1
33427,1,1
239613,2,2
100639,1,1
130956,0,2
184136,2,2
220118,1,1
391115,0,2
275996,2,2
343003,0,1
197939,2,2
251165,2,2
131681,0,0
140049,2,2
190184,0,0
193472,0,0
300733,2,2
237279,0,1
121949,2,1
42905,0,0
5950,1,0
314308,0,2
113732,2,2
21958,2,2
65207,2,2
105602,1,1
21571,0,2
228678,2,2
359973,2,1
82858,2,2
308847,2,2
403593,2,1
198815,2,2
291627,1,1
326484,2,2
310564,0,0
96021,0,0
257966,2,2
52699,1,0
402107,0,0
180139,0,2
223197,2,2
123511,0,1
29736,0,2
387570,2,2
9251,2,2
186034,2,2
113527,2,1
364398,0,2
303583,2,2
68401,2,2
355951,1,1
152196,0,1
279798,0,2
224287,1,0
158100,0,2
406346,2,2
188547,2,2
248368,2,2
35571,2,2
297371,2,2
166889,2,1
336619,2,1
49305,2,2
207196,2,1
219417,0,0
33009,2,2
101134,1,1
103118,1,1
247244,1,1
38895,2,2
369767,2,2
292636,0,2
324183,0,2
237962,2,2
403400,0,2
266900,2,1
294265,0,1
100233,0,1
280328,2,2
356018,0,0
300313,2,2
162140,2,0
392508,2,1
36424,2,2
25223,2,2
117030,1,1
307521,0,0
116208,0,0
289968,2,2
105089,1,1
218435,0,1
203829,0,1
11704,0,2
360409,2,2
266227,0,1
300666,2,2
272789,1,1
226809,0,1
153793,0,1
323182,2,1
288784,1,0
189154,2,1
321412,0,1
245506,0,1
235757,1,1
359780,1,1
205562,2,2
139324,0,2
231119,0,1
379393,0,1
145695,2,2
4938,2,2
356995,1,1
309426,0,1
267065,0,0
96760,0,2
324443,0,2
200330,0,0
176856,2,2
193571,0,1
266161,0,2
130370,2,2
32421,2,2
339977,2,2
386018,2,2
387168,2,2
405810,0,1
382769,0,2
139008,0,1
183000,2,1
112942,0,0
53724,0,0
221240,0,1
49773,2,2
229433,1,2
342432,1,1
354358,0,2
261568,0,2
405623,0,2
87096,0,1
111083,0,0
22720,2,2
308799,2,2
306019,2,2
223867,2,2
314193,0,0
129232,0,2
247724,2,2
1231,2,2
236907,0,2
90527,1,1
108101,2,2
263355,0,1
303935,2,1
362804,2,2
74708,1,1
323733,0,1
226633,2,2
266322,2,0
45944,1,2
364335,2,2
236358,2,2
171462,1,1
128893,0,1
148287,2,2
146447,1,1
199384,0,0
73745,2,2
303849,2,2
212101,1,1
255879,2,2
64174,0,2
245049,0,0
165716,0,0
268910,2,0
348801,2,1
263877,2,0
121693,0,1
110566,2,1
5809,0,2
147603,2,2
210299,1,1
108767,2,2
115146,2,1
122745,2,2
65312,0,1
294370,1,2
4789,0,1
196612,2,2
64751,1,1
135719,2,2
43870,1,1
197706,2,1
370122,2,2
237738,0,0
152305,2,1
204502,2,1
211592,2,2
288880,2,2
183791,2,1
400629,0,0
259364,0,1
273993,2,2
247138,1,1
106902,2,1
1593,1,1
58182,0,0
74160,2,0
261983,0,0
13675,1,1
63603,2,0
95524,0,0
49271,2,2
308537,0,2
118869,2,2
370947,1,1
211588,2,2
303765,0,1
230287,2,2
190252,2,2
374039,0,1
66837,2,2
23682,2,2
194742,2,1
57673,2,1
162763,1,1
238333,2,2
337857,0,2
321711,2,2
10751,0,0
132517,2,2
18526,2,2
148853,1,1
303282,2,2
359134,0,2
349660,0,1
162067,1,2
208971,2,2
114080,1,1
167141,0,0
5103,0,2
330469,0,2
20455,0,2
89397,2,2
27100,0,1
24215,0,2
389339,0,0
211374,2,0
221711,0,1
69771,1,1
95819,1,1
83473,0,2
75767,2,2
39786,0,1
201761,0,2
45684,2,1
107896,2,2
213874,0,2
356289,2,1
329184,2,2
115282,1,1
50618,0,0
38719,0,2
249698,1,1
76309,0,0
73243,2,0
351481,0,2
64852,0,1
57520,2,2
77746,0,2
154559,1,1
158650,0,2
226326,1,1
308781,0,0
56181,0,0
315613,0,1
183937,1,1
365633,1,1
400826,2,2
221840,0,1
98028,0,1
10119,2,1
203998,0,0
278451,0,2
193957,2,1
148820,2,2
1876,1,1
68292,2,1
153800,0,0
346591,2,2
221029,2,2
153536,0,0
117614,2,2
96276,0,2
40030,2,2
75397,0,2
367345,1,1
211099,0,0
45563,2,2
90844,2,2
252985,2,1
351542,2,2
365383,2,2
177983,1,0
75328,1,1
188938,0,2
42323,0,2
231931,0,0
360853,2,2
56410,2,2
262604,2,2
180094,0,1
348890,0,1
267925,0,2
230564,2,0
41765,1,1
321960,2,2
211538,0,0
366137,0,0
111587,1,1
287784,0,1
197826,0,0
170736,2,2
46601,0,0
14947,2,2
370038,2,2
86905,1,1
12479,2,2
140676,2,2
7308,1,1
215934,2,2
113675,0,2
86922,2,2
89203,1,1
133389,0,2
354901,0,0
396744,0,2
230373,2,0
240749,0,1
253463,2,2
257250,0,0
134241,0,1
22809,0,0
317568,0,0
194623,0,2
193008,2,2
392737,2,2
260795,2,2
63858,0,1
24841,2,2
127079,0,0
42426,1,1
17972,2,2
19678,0,2
101482,2,1
57964,0,2
239529,2,2
385449,0,0
391731,0,0
348810,2,2
186793,0,1
187772,2,2
169554,1,1
201456,1,1
217533,2,2
341865,2,1
125211,2,2
135007,2,2
36849,2,1
86236,0,0
155362,0,0
290659,0,0
321421,1,1
349793,0,1
356529,1,1
10984,0,2
38260,2,2
276511,0,2
131826,2,1
13697,1,1
132916,2,2
130472,1,1
127328,1,1
49582,2,2
364847,2,2
273682,2,0
191456,2,2
369885,2,2
384529,2,1
212923,2,2
38345,1,1
126308,2,2
41660,0,0
191326,0,2
335017,0,2
203843,1,1
40920,2,2
174755,1,1
229088,2,2
194508,2,2
203343,2,2
337371,0,2
22352,2,1
191946,0,2
15614,2,2
189905,0,1
254917,2,0
324470,2,2
47645,0,0
283769,1,1
96350,2,2
387009,0,2
49269,2,2
94951,0,2
380103,1,1
146075,0,1
57302,1,1
10194,0,2
53041,2,2
145269,1,1
193582,1,1
287004,2,1
299119,2,2
143617,2,2
191687,2,2
82368,2,1
257765,0,1
294191,0,2
231105,2,2
61303,0,2
206550,0,1
281606,2,2
315748,0,0
97813,1,1
55967,2,2
239070,1,1
175270,2,2
364926,2,2
191007,2,2
378826,2,0
270745,2,2
251505,2,1
238725,2,0
15196,2,2
210390,2,2
178832,0,2
111656,0,2
288631,0,1
218776,0,2
159901,0,1
282317,2,2
365734,0,2
328017,0,0
266132,2,2
320314,2,2
261108,2,2
46177,2,2
211364,0,1
62285,2,2
393984,2,2
74604,0,2
176714,0,2
5772,2,2
54715,2,2
277565,0,2
342869,1,1
352217,0,0
15021,1,1
127443,2,0
255290,0,1
141975,2,2
51607,2,2
39568,2,2
329936,1,1
38338,2,2
229718,0,2
359605,2,2
191984,0,2
83424,2,1
329865,0,1
197407,2,2
53319,1,2
246509,0,2
268040,2,1
28443,0,0
243133,2,1
347204,1,0
46530,0,2
96727,0,1
187133,0,2
198259,2,1
254049,2,2
100448,0,1
67284,2,2
180490,0,2
353476,0,2
380537,1,2
40865,1,1
332576,1,1
230662,1,1
374956,0,1
196560,2,1
285681,0,2
119112,1,1
210857,2,2
397923,2,2
110752,2,2
327206,1,1
199737,0,1
350276,1,1
59848,0,1
390867,2,1
132569,0,2
8570,0,1
268698,2,1
37523,2,2
338419,0,1
15442,2,2
36985,0,1
196863,2,1
383940,0,2
158565,2,1
225437,1,1
85721,0,0
292082,2,2
228944,0,0
165602,1,1
233939,1,1
102791,2,2
332148,0,2
377061,2,2
395560,2,2
114756,1,1
120679,1,1
187171,2,2
350243,1,2
126862,2,2
311015,2,2
121873,2,2
140495,0,2
6199,0,1
291484,0,0
286323,2,2
232040,1,1
266726,1,1
13709,0,1
236154,0,0
241066,0,2
280159,0,2
97076,2,1
124485,0,2
363157,2,2
101831,0,0
142959,2,2
390398,2,2
80212,0,1
307970,2,1
76839,0,2
354812,0,0
332559,2,2
342785,2,2
334411,0,2
39697,2,2
337533,2,2
358216,2,2
160543,2,2
168110,1,1
333386,2,2
159424,1,1
321674,0,2
79590,2,2
93884,0,0
403906,1,1
365725,1,1
226136,2,0
37825,0,0
359860,0,2
233484,2,2
44092,0,2
345796,2,2
359295,0,2
52842,0,2
171339,0,1
308111,1,2
60681,2,2
38598,0,2
61146,2,2
302025,2,2
130611,0,2
40220,2,2
135713,2,1
62518,1,1
317666,0,2
380725,0,1
85054,2,2
292272,1,1
239618,0,2
364159,2,2
118126,2,2
166940,0,0
132156,2,2
298419,2,2
204393,2,1
127387,2,2
79812,2,2
259398,2,2
144035,2,2
4202,0,2
389279,2,2
332630,2,2
98886,2,2
257152,0,0
309210,2,2
313931,2,1
296859,2,2
297079,2,2
211998,1,1
332424,2,1
162915,0,2
242844,0,2
127454,2,2
236247,0,1
164990,0,2
259827,1,1
211067,0,1
379424,1,1
394317,0,1
79847,1,1
118102,0,1
395715,0,2
176241,0,0
252149,2,2
116753,1,1
175496,1,1
391215,0,2
145091,2,2
307267,0,0
9217,2,1
323566,0,0
170945,2,2
154679,2,2
6286,0,0
150464,2,2
4335,2,1
278821,1,1
21351,2,0
35416,0,0
153765,0,0
261637,2,2
31212,2,2
258093,2,2
99976,2,2
333032,2,1
367347,2,0
237205,2,2
345857,2,2
116234,0,0
299448,0,0
245060,0,0
351115,1,1
206195,0,1
222681,2,1
60282,1,1
54574,0,0
74630,2,2
91230,2,2
358192,2,2
84677,2,2
109902,0,0
143074,0,0
269591,1,2
146130,2,2
97788,1,1
269022,0,0
129846,2,2
353150,2,1
295063,0,2
131028,0,1
392636,0,0
380556,1,1
243581,0,2
109963,0,0
78455,2,2
151260,0,2
226268,1,1
118572,2,1
19480,1,1
5742,1,2
266716,2,2
374806,2,2
308032,2,2
18734,1,1
236162,2,2
191554,0,0
30904,2,2
381246,2,2
55764,0,0
260740,1,1
222343,0,0
383392,2,2
258477,0,0
281030,0,2
229010,2,2
64704,1,1
46726,2,2
326027,1,1
388596,1,1
229700,2,2
370715,0,0
327066,0,1
276599,2,2
401924,2,2
64441,0,2
375200,1,1
214398,1,1
337119,2,2
105131,1,1
344545,2,2
123486,0,2
167742,0,1
131666,0,0
26264,2,2
260841,0,2
282417,1,1
121014,2,2
113676,1,1
126167,2,1
99597,2,2
2779,0,0
94474,0,2
104541,2,2
341881,0,1
228430,2,2
356728,2,2
247367,0,0
120810,2,0
348580,2,2
304484,0,0
116966,0,0
58071,0,0
255341,2,2
370641,2,2
191175,0,2
126148,2,2
243283,0,0
52628,0,1
122761,0,2
285707,2,2
278341,0,0
91742,2,2
12404,2,2
179094,0,1
286530,2,2
103811,2,2
117611,2,2
40280,2,2
537,0,0
93472,2,1
42024,0,0
273534,0,2
170052,1,1
224602,2,2
63074,0,2
99814,0,1
309168,0,2
84927,2,2
48764,2,1
133675,2,2
328876,2,2
102365,1,1
46818,2,2
217718,2,2
232669,2,2
109828,0,0
243937,0,2
385424,2,2
339169,2,2
360881,0,1
337453,0,0
296616,0,2
395309,0,2
292102,0,2
357932,2,1
305741,2,2
7660,2,2
171158,2,2
361608,0,0
11312,2,2
158948,2,2
66031,2,0
311061,0,2
85243,0,0
260986,0,1
27172,0,0
358078,0,0
20882,2,2
377423,2,1
348867,0,0
34749,0,1
269803,2,1
30994,0,0
395280,2,1
95324,2,2
90209,0,1
230493,0,1
322808,0,2
307413,2,2
142161,1,1
109077,1,1
186719,2,1
184349,2,2
55929,0,2
226545,1,1
91,2,2
65889,2,1
403839,2,1
294400,0,0
241472,1,1
33478,2,2
119116,2,1
341836,0,0
49336,0,2
240262,2,2
217151,2,1
190093,1,1
131609,0,0
107046,2,2
143945,2,2
76691,1,2
360521,2,2
45863,2,2
117774,0,2
8848,2,2
143361,2,2
9200,1,1
40517,1,1
106499,1,1
209058,2,2
281151,0,0
218815,2,1
2832,0,0
104407,0,1
179930,2,2
230647,0,2
352872,0,1
292647,1,1
196699,2,0
394940,2,2
242460,2,2
383347,0,2
1386,0,1
261808,0,1
205851,2,2
382500,2,2
290306,0,1
282819,0,2
213887,2,2
295918,2,2
168333,0,0
325388,2,2
46793,0,1
324021,2,2
93948,1,1
258763,0,0
378283,1,1
329663,1,1
290526,0,0
246791,2,1
291659,2,2
290972,0,0
153270,1,1
71171,0,2
198291,0,0
251251,1,1
8977,2,0
207178,2,2
390556,2,2
398073,0,0
260182,2,2
216729,2,2
339023,2,2
51847,2,1
85147,2,2
74742,2,2
135458,0,0
307798,2,2
4788,2,1
239174,1,1
159166,2,1
33062,2,2
271041,0,1
22500,1,1
402948,0,0
162668,2,2
25598,2,2
271611,2,2
200651,0,0
307919,1,2
96137,0,1
304254,0,2
287692,0,2
146186,2,2
359303,2,2
65795,2,0
276008,0,1
33924,0,2
253637,0,2
253743,2,2
98855,2,2
114051,0,0
287320,2,1
242406,1,1
160496,1,1
321892,0,1
163005,0,1
161630,2,2
145044,0,0
270391,2,2
368653,1,1
362141,1,1
22709,0,1
156382,2,2
31940,2,2
318068,1,1
68484,2,2
156829,0,1
282545,0,1
248492,2,2
307457,0,0
1828,2,2
214100,0,1
176744,2,2
249983,2,0
149643,1,1
185524,1,1
73225,2,1
280470,2,2
298633,1,1
184627,2,2
52792,2,2
99728,0,2
19530,2,1
75260,0,0
66488,0,1
103533,2,1
106484,2,2
405029,0,0
139256,0,2
329626,2,2
64435,2,2
45312,2,2
75900,0,2
242593,2,1
33119,0,1
130991,0,2
34814,2,2
269045,0,0
238708,1,1
272696,0,0
344883,2,2
138095,0,2
63105,1,1
301095,0,2
124536,1,1
187394,2,2
154574,2,1
101723,0,2
188384,0,0
343281,2,0
285089,0,1
161120,2,1
70401,2,2
368394,2,2
219617,1,1
90335,0,1
324537,2,2
329177,0,0
254436,0,1
362191,2,2
57125,0,1
111086,0,0
364498,2,2
112134,1,1
69604,2,2
318398,0,2
318780,2,2
387028,2,2
106345,2,2
99837,1,1
301892,2,1
70061,1,1
403953,1,1
396207,2,2
205997,2,1
237089,2,2
122293,0,0
403730,2,2
386682,2,1
27619,0,2
100591,2,2
221518,0,1
281184,2,2
377851,2,2
150043,1,1
337452,1,1
357941,2,0
253626,2,2
251690,2,2
171314,1,2
87133,2,1
326043,2,1
93285,0,0
128114,2,2
317003,1,1
207533,0,2
352040,0,2
153027,0,0
235285,2,2
346521,2,2
264100,2,2
152373,0,2
65767,2,2
11506,2,2
74576,1,2
228778,2,2
140596,0,0
321440,2,0
213246,2,2
92049,1,1
88561,2,2
144055,2,2
267761,1,1
385578,0,0
228770,1,1
159480,0,2
265675,1,1
2698,0,0
192686,2,2
139871,2,0
69635,0,0
111179,2,2
369260,1,1
186652,2,2
31391,0,1
130799,1,1
143177,0,2
112561,2,2
378395,2,1
22813,0,0
322243,1,1
130242,2,2
324311,2,2
372112,0,0
264788,0,1
173477,2,0
389597,2,1
264183,0,2
195438,0,0
304735,2,1
147067,0,2
160558,0,1
7187,2,2
100514,2,2
251299,2,2
150224,2,2
153125,2,1
336963,0,0
66846,0,1
65528,1,2
294145,0,2
216738,0,2
216251,0,0
383877,2,0
294206,2,2
275531,2,2
357834,2,2
396053,0,2
141182,2,2
169432,0,2
364333,2,2
41447,1,1
301472,0,1
80847,2,2
320936,2,1
262163,1,1
210930,0,1
142360,2,1
132248,2,2
90349,2,2
266572,1,1
402310,1,1
372735,0,1
301724,2,2
62838,1,1
117523,0,1
60393,0,0
242769,1,0
164756,0,0
349822,1,1
46022,2,2
160131,2,1
350222,0,1
4623,0,1
46633,2,2
7745,2,2
134393,0,2
228972,2,2
300554,2,2
15738,0,1
145671,0,0
267046,1,1
3864,2,2
306757,0,2
181107,0,2
154989,0,0
200840,0,2
105907,1,1
180959,0,2
44509,1,1
295516,1,1
151766,2,2
318838,0,2
77733,0,1
161360,0,1
356707,1,2
17259,0,2
200901,2,2
369756,2,1
69287,0,2
394252,0,2
234420,0,0
243634,2,2
321671,0,0
56799,1,1
374438,2,2
333119,2,2
297271,2,2
225580,0,1
299634,0,1
288370,1,1
260288,2,2
182691,2,2
71381,0,0
71410,2,2
333792,0,2
118987,0,0
16542,0,0
33167,2,2
116352,0,0
190373,0,2
83431,0,0
140833,0,2
163705,0,2
225197,1,1
131259,1,1
215639,0,2
290438,1,1
64744,2,2
371123,0,0
121686,0,0
237991,2,2
314080,1,1
97519,0,0
391803,2,2
196200,0,2
128045,0,1
250214,2,0
300698,0,0
399320,0,2
272801,2,0
276822,2,2
153745,0,1
243730,2,2
141737,2,2
10136,1,1
281482,2,2
391614,2,1
97262,1,0
162887,0,2
169702,2,2
305088,1,1
93059,2,2
55084,0,2
385589,0,1
172134,2,0
215710,2,2
73264,2,2
356244,0,2
147080,2,1
281388,0,1
177840,1,1
384085,2,2
29331,0,0
389356,2,2
15530,2,2
386335,2,2
59535,2,2
146042,2,2
406197,0,2
336806,2,2
280175,2,1
387777,0,0
402730,2,2
145858,2,2
46134,2,2
130207,0,0
200875,2,2
341973,2,1
276853,0,1
371986,2,1
143909,1,1
14919,0,2
33724,0,0
304725,2,2
25463,0,1
53907,0,2
16992,2,1
300439,2,2
375320,0,0
284287,2,2
131407,1,1
390782,2,0
191490,1,1
178124,2,2
15354,2,2
310799,2,1
111794,2,2
383072,0,2
396136,1,1
401596,2,2
273997,2,1
266342,0,1
77940,2,2
169549,2,2
279587,0,2
207324,2,2
194887,1,1
299672,2,2
137922,1,1
119174,0,2
221231,0,2
330309,2,2
179129,2,2
143551,0,2
352489,0,1
107696,2,2
355939,2,2
221230,2,1
238465,0,2
43705,2,2
199745,2,2
117268,1,1
425,0,2
330907,2,2
395216,0,0
205206,0,0
397404,1,2
200381,2,1
155424,0,0
89873,1,1
389535,0,1
23213,2,2
271030,2,2
254744,2,2
227620,2,2
141604,1,1
16615,2,1
164933,1,1
247962,0,2
188087,0,0
194757,2,1
347637,0,1
200775,0,2
197858,2,2
186638,2,2
377143,1,1
103350,1,1
158765,0,2
402710,2,2
308036,2,2
84950,2,0
62325,2,2
281429,1,1
318807,1,1
377102,0,2
61535,2,2
109956,0,1
82122,0,0
339343,0,1
227568,0,0
278554,2,2
339738,2,2
158274,2,0
282315,2,2
108558,1,1
322288,1,1
187022,2,1
78214,2,2
231677,2,2
13358,2,2
271463,0,1
125065,1,1
25209,2,2
83206,0,2
14287,2,2
103452,2,2
64857,2,2
363048,0,2
354532,0,0
155648,2,2
118918,1,1
58558,1,1
2245,2,2
270049,2,2
37766,2,2
83647,2,2
111039,1,1
37445,0,0
199972,0,0
352249,2,2
94265,0,2
12149,2,2
60716,2,2
107546,2,2
240424,2,2
26619,2,2
67251,0,2
378198,2,1
31770,1,1
17864,2,2
105115,0,2
24291,2,2
157133,2,2
364644,0,1
83658,2,2
24866,0,1
375564,0,0
146028,2,1
139405,2,2
393492,0,2
330786,0,2
99406,2,2
305931,2,2
160740,2,2
332403,2,2
265643,0,2
191004,0,0
26472,2,2
308122,1,1
266905,2,2
399436,0,2
345334,0,2
102723,2,2
322879,0,0
28456,0,1
123183,1,1
10090,0,0
358521,2,1
181910,0,0
138924,0,2
403459,2,1
383349,0,2
220384,0,2
68424,1,1
277925,2,2
147793,0,2
178918,0,2
175208,2,2
209112,2,1
212176,2,1
394435,1,1
208775,0,2
85052,0,2
249083,2,2
328706,2,2
345369,0,2
269253,2,2
173202,2,1
331921,2,1
202682,1,1
304951,2,2
329075,0,2
150158,0,1
146304,0,2
322890,2,2
356679,2,2
313225,1,1
197748,0,2
292710,2,2
81197,0,1
104928,0,0
59768,2,2
141718,1,1
155299,2,2
362113,2,1
397365,2,1
83460,0,0
397703,0,2
400729,1,1
253336,2,2
299447,1,1
385517,1,1
402226,0,1
380085,2,2
271075,2,2
131621,0,0
9642,1,1
117297,0,2
385292,0,1
6544,2,2
304670,0,1
39897,2,2
288013,0,0
51312,2,2
173654,0,2
386253,0,0
244077,2,1
309216,2,1
182108,2,0
35710,2,2
107979,2,2
35370,2,2
223902,2,1
225299,2,2
404682,2,2
398631,2,1
278416,2,1
32832,2,2
90695,2,2
230595,2,2
123119,0,2
306239,1,1
123585,1,1
48979,1,1
249664,0,0
85328,0,2
230549,2,2
196795,2,2
52644,0,0
90846,2,2
75593,2,2
399547,2,1
21066,0,1
391695,2,2
82309,2,2
388473,1,1
404862,2,1
102049,1,1
126270,2,2
104607,2,2
266582,1,1
145720,1,2
55353,2,1
219456,2,2
191362,0,2
343891,1,1
229791,2,2
267928,0,2
59671,2,2
355177,2,2
291294,1,2
124597,0,2
306016,0,2
316660,2,1
231783,0,1
68840,2,2
381041,0,0
72215,0,1
92592,0,1
312583,2,2
161340,2,2
118333,0,1
335596,0,1
290541,0,0
306028,2,2
211130,2,2
179964,2,2
403037,0,2
333581,0,2
53620,2,1
399188,0,0
110471,2,2
203418,2,2
156575,2,2
257760,2,2
175690,1,1
341364,2,2
234446,2,2
276870,0,0
282851,2,2
71567,2,2
279240,1,1
394914,0,1
100743,2,1
172695,0,0
116870,2,2
305911,2,2
162209,2,2
302285,2,2
238678,2,2
186515,2,1
187331,1,1
89424,2,2
210422,2,2
147273,0,0
34721,1,2
256174,1,1
64568,0,2
40767,2,2
268632,2,2
62714,2,1
118208,0,2
328926,0,0
381168,2,2
244565,2,2
119086,2,2
57158,0,0
260246,0,2
305018,1,1
393934,2,2
379080,1,1
304295,2,2
15695,1,1
268135,1,1
248551,2,2
382706,2,2
274468,2,2
44671,1,1
95416,2,2
4548,2,2
334149,1,1
273243,0,1
371167,2,2
213785,2,2
131218,0,0
1632,2,2
148748,1,1
368316,0,2
3315,0,1
310165,2,2
383809,0,0
368385,2,0
381799,2,1
67750,0,1
62062,2,1
18721,2,1
56490,2,1
177743,2,2
65210,2,2
338367,1,2
295052,0,1
145136,0,2
190493,2,2
142180,2,2
43213,0,0
284336,0,0
386816,2,2
202336,2,2
400681,0,1
114073,2,1
169843,2,2
299958,0,2
288024,2,2
366057,2,2
296168,1,1
114500,2,1
263609,2,2
233531,1,1
219071,2,2
222645,0,2
190104,2,2
73587,0,0
128256,2,2
318615,1,1
37417,1,1
22126,0,2
239856,0,2
169761,2,1
143570,2,2
396177,2,2
245924,0,0
336222,2,2
34347,2,2
345196,0,0
69589,0,0
251357,2,2
106469,2,2
345087,1,1
358536,0,0
85679,1,1
269161,0,2
164293,2,2
281337,1,2
147108,0,2
386680,2,2
194468,0,2
31607,0,0
263381,2,2
335068,2,2
305657,1,1
116842,2,2
287394,0,2
304954,0,0
337587,2,2
291072,2,2
203345,0,2
169505,0,1
135207,2,1
115801,2,2
302873,2,2
34971,0,0
156860,0,1
308825,2,2
261228,2,0
309532,2,2
315250,0,2
204984,2,2
342798,2,0
50787,2,2
235384,2,2
320501,2,2
134855,1,1
362634,2,2
63876,0,1
45783,0,0
72430,2,2
265916,0,1
27312,0,1
285419,1,1
273174,2,2
4336,0,1
239629,0,2
293118,0,1
351490,0,1
339608,2,2
87426,0,2
311388,2,2
25965,0,0
22869,0,1
323403,0,0
237487,2,2
155332,0,1
234169,2,2
142621,0,0
208345,0,0
276423,2,2
383450,0,1
401312,0,0
281250,1,1
359703,0,1
374841,0,2
362277,2,2
144136,2,2
276693,2,2
385881,0,2
319067,0,0
274231,2,2
17486,2,2
247267,2,2
271665,0,1
292298,2,2
312082,1,1
58098,2,2
112730,0,1
358687,2,2
245581,0,0
367877,2,1
43395,2,2
294711,2,2
188017,2,2
237489,2,2
55976,0,1
283946,1,1
204186,0,2
124675,0,2
274360,1,1
295004,2,2
43510,1,2
280149,0,2
130308,2,0
123707,2,1
83911,2,2
60231,1,1
171960,2,2
279054,1,1
133763,2,2
179370,0,0
163392,0,1
287102,2,2
314661,0,2
393824,0,2
224327,2,2
171908,2,2
402100,2,2
7400,0,2
150535,2,2
145860,0,1
180843,0,2
6606,1,1
369581,1,1
247633,2,2
56194,2,2
393297,1,1
191236,0,0
324167,0,0
361369,2,1
148590,0,0
297325,0,1
39794,1,1
94129,2,1
146791,2,2
309502,2,1
153117,0,0
36513,0,2
182149,0,2
393451,2,2
225744,1,1
122157,1,0
192452,2,2
343,2,2
323789,2,2
46071,2,2
292829,1,1
292940,1,1
183092,0,0
296180,0,0
402594,1,1
238905,2,2
379409,2,2
271400,0,0
170555,2,2
138231,2,2
16167,0,1
162765,1,1
378564,0,0
116267,2,1
370533,2,1
392600,2,2
243685,0,1
193814,0,1
289940,2,2
249433,2,1
65379,2,2
177304,0,1
154734,0,0
81873,2,2
236240,2,2
52811,0,0
183516,2,2
344013,0,0
330250,2,2
56449,1,1
388286,2,1
353187,1,2
258861,1,1
214325,2,2
317941,0,1
393985,0,1
75976,2,0
21069,2,2
250266,2,0
278994,2,1
130815,0,2
195204,2,2
136715,0,2
284902,0,1
237038,2,2
118446,0,0
387327,0,2
372070,2,2
10437,0,1
352839,0,2
323584,0,1
59728,0,2
375441,2,2
260815,2,2
38146,2,2
67788,0,1
387051,0,1
273914,2,1
171518,0,2
108182,2,2
123297,1,1
13324,0,1
321747,0,0
10642,1,1
345152,0,0
133672,2,2
380610,0,2
50774,0,1
119581,0,2
386506,0,2
238488,0,1
302384,0,2
186773,1,1
20884,0,2
189412,0,2
203350,2,2
76177,2,2
36248,1,1
156637,2,2
88784,2,0
56898,0,1
156020,0,0
28120,0,1
297769,0,0
43114,2,2
232990,1,1
216622,2,2
199205,0,2
139395,0,2
234120,2,2
206178,1,1
105983,2,2
158186,2,1
181007,1,1
303641,2,2
321988,2,2
395564,2,2
333034,0,2
241326,2,2
318368,0,2
88988,2,2
328121,1,1
264536,2,1
259139,2,2
49234,1,1
274278,0,2
114985,0,0
176764,0,2
145119,0,0
341815,0,0
285175,2,2
73464,0,1
215419,0,2
334695,2,2
50924,2,2
96229,2,2
267219,2,2
303486,2,2
50241,0,0
115713,0,1
143396,2,2
48975,2,2
281311,0,0
280751,1,1
153574,2,2
32822,0,0
113204,2,1
223577,2,2
286307,0,2
162202,0,0
162662,1,1
67880,2,2
333808,2,1
114492,0,0
143425,0,2
234400,1,1
224509,2,2
98036,0,1
221973,2,2
282427,2,2
363219,2,2
89237,0,1
146196,1,1
5040,2,2
106779,2,2
6870,1,1
270534,0,1
186803,2,2
84282,2,1
158885,2,2
268455,2,2
308169,1,2
209936,2,2
252539,1,1
384215,1,1
248807,0,2
25164,2,2
158922,1,1
257012,0,2
307716,2,2
301393,2,2
193059,2,2
154940,2,2
3584,0,2
354959,0,0
30136,1,1
127538,1,1
55376,2,2
122163,1,1
165184,0,0
222382,1,1
44679,1,1
42498,0,1
398367,0,2
388494,1,0
163942,1,1
256254,2,2
80122,1,0
316957,1,1
380351,0,0
264362,1,1
88417,1,1
79463,1,1
160949,0,2
58164,0,0
344828,0,2
4127,1,1
17872,1,1
321912,2,2
51821,0,1
370099,1,2
224132,2,2
296407,2,2
155830,2,2
77210,0,0
16809,2,2
144779,2,2
32070,0,0
242442,1,1
317887,0,0
198172,0,1
342756,1,1
321318,1,1
360436,0,1
75647,0,1
213703,0,1
272369,2,1
350171,2,2
384434,1,1
353984,2,2
262319,0,0
96442,0,0
200324,2,2
32694,0,2
346840,2,1
68688,0,1
296560,1,1
392300,2,1
323858,2,1
204346,1,1
350014,2,1
31188,2,1
87890,2,1
348531,1,1
239599,0,0
29372,2,2
379413,2,2
335225,1,1
107405,1,1
363678,0,0
740,2,1
25953,0,2
23709,2,2
185114,2,0
131070,1,1
96473,0,0
194978,2,2
103678,1,1
276965,0,2
235134,2,2
187965,1,1
146543,0,0
345143,2,0
131679,0,0
187128,0,0
308180,2,2
157883,2,2
129354,0,1
253110,0,2
64411,0,0
250590,1,1
319184,2,2
271891,0,0
280324,0,0
82566,1,1
80605,2,1
227674,0,1
259796,2,2
234777,1,1
393639,2,2
310960,2,2
395270,2,2
33635,2,2
119641,2,1
375239,2,2
163811,0,0
47790,1,1
88989,0,2
352671,0,1
332153,0,0
25216,2,2
233829,2,2
72389,2,2
211667,2,1
150990,0,0
108103,0,1
264608,2,1
54153,2,2
349768,0,0
148818,2,2
254856,0,2
142365,2,2
12188,1,1
404824,1,1
252806,2,2
387374,1,1
342212,2,2
241592,2,2
241297,1,1
202260,0,1
65838,2,2
344636,1,1
162385,1,1
57681,1,1
158323,2,2
149928,2,1
87729,1,0
206322,1,1
399742,2,2
348679,2,2
109319,1,1
259120,2,2
373780,0,1
71082,2,2
35349,1,1
191347,2,1
164167,2,2
180555,1,0
162632,1,1
181093,2,1
154660,2,1
169163,2,2
56305,2,1
112574,0,1
356099,0,0
120313,1,1
80174,0,2
185729,0,0
158560,0,1
274608,0,2
201541,2,2
348764,1,1
223342,1,1
83924,1,1
197450,2,1
235507,0,2
39029,1,1
164957,1,1
148790,1,1
49223,2,2
330162,0,1
376678,1,1
19830,2,1
52059,0,0
375391,0,2
159027,1,1
54671,0,0
288476,2,2
28317,0,2
367015,2,0
58419,1,1
36738,0,0
231253,2,1
205221,0,2
2752,2,2
72936,0,2
333615,1,1
250922,2,2
141747,0,0
142014,2,2
214568,1,1
217026,2,2
266353,1,1
363682,2,2
205458,2,0
388093,2,2
101987,2,2
179087,0,1
54006,1,1
215712,2,2
197239,2,1
246691,2,2
216164,0,1
69003,1,2
26191,0,1
53604,2,2
232603,2,2
130575,2,2
168959,2,1
143741,2,2
372330,2,2
342426,2,2
152473,1,1
165313,2,2
183131,2,2
71200,0,2
384030,0,1
314079,1,1
291337,1,1
230546,0,2
108126,0,2
314805,2,1
342227,2,2
119403,2,2
386866,1,1
400968,2,2
97811,1,2
129969,2,2
267501,2,2
243200,0,0
376478,0,0
272044,2,2
318742,0,0
105101,1,1
222426,1,1
166781,0,0
8834,1,1
48785,2,2
280596,2,2
131687,2,2
235097,0,0
354414,2,2
119063,2,2
211263,2,2
136471,0,2
298053,2,2
88519,0,2
309780,2,0
76681,2,2
376116,2,2
106840,0,1
29789,2,1
303510,1,1
135342,2,2
119659,0,1
350540,1,1
70196,0,2
184953,2,2
212953,2,1
371948,0,1
247932,0,0
329063,0,2
272635,0,2
307472,0,0
145299,0,2
179529,0,1
202864,2,2
149318,2,2
394988,2,2
206077,0,0
276665,2,2
201794,2,2
136798,2,2
121157,0,1
337892,2,2
223878,0,2
186093,0,0
91175,1,1
110789,2,2
172758,0,1
163739,0,2
254067,2,2
315152,0,2
175322,2,2
393551,2,2
198031,0,1
298968,2,2
367510,0,0
78068,2,2
315385,0,0
222362,0,2
24900,1,1
89818,0,2
111386,0,0
386877,2,1
405450,2,2
381980,2,2
253801,0,2
263392,0,0
372129,2,1
88557,0,2
170221,1,1
26106,0,2
349381,0,2
277890,0,0
48387,0,0
147873,2,2
394910,2,2
246930,0,0
223047,2,2
160217,2,2
55192,0,2
186757,2,2
199920,0,1
45556,2,2
248924,2,2
134216,1,1
44987,0,2
270,0,2
209292,2,0
211202,0,2
270736,2,2
70090,2,2
122441,2,2
117628,0,2
52890,0,1
340584,2,2
265751,2,2
201614,2,2
76660,0,0
135173,0,1
12580,0,1
349574,1,1
26321,0,2
303512,1,2
5473,2,2
103443,2,1
399110,2,2
383127,0,0
272163,0,2
102343,2,2
81522,2,2
333037,2,2
41643,2,2
405151,1,1
378703,0,0
15396,2,2
15023,0,2
266809,2,2
234944,0,0
209552,0,2
58290,0,2
1003,0,0
190166,0,2
61599,0,0
267835,2,2
276983,0,0
249747,0,2
283188,2,2
59545,1,1
296730,2,2
276661,0,0
15490,2,2
29602,0,2
86525,2,2
295889,0,1
288952,2,2
63083,1,1
367118,1,1
212095,2,2
171613,2,2
102745,1,1
39911,0,1
303339,1,1
17530,0,2
251419,1,1
115285,0,2
110227,0,0
208812,2,2
194336,0,2
352267,2,2
43354,0,0
296527,2,2
53872,0,0
240240,1,1
130597,2,2
398377,1,1
163541,2,2
181131,0,2
249943,0,2
403877,2,2
5690,2,1
129690,1,2
404409,2,1
235029,0,0
265539,1,1
210182,0,1
167038,2,2
5122,1,1
207621,1,1
81162,1,2
182752,0,2
158409,0,0
229380,0,2
132503,2,1
368094,2,2
381477,1,1
17540,2,2
269484,2,2
335978,0,0
204734,1,1
239568,2,2
195481,2,1
378800,2,2
285710,1,1
137358,2,2
253826,1,1
397727,0,0
89691,0,1
151034,0,0
325277,2,2
322373,0,0
162338,0,0
328810,2,2
209997,0,0
220811,2,2
248745,2,2
83092,1,1
280520,2,2
218909,2,1
305303,0,2
235542,2,2
313471,2,2
271897,0,0
262706,1,1
239386,0,0
299865,2,1
288824,0,0
330924,2,2
240315,2,0
216237,2,2
145957,2,2
112439,2,2
195257,2,0
291944,0,2
222961,2,2
312636,2,2
245614,1,1
369058,2,1
40263,2,2
301758,2,2
332483,2,2
263558,2,1
255577,2,2
169945,2,1
265904,2,1
61256,0,1
255861,0,0
53157,0,0
301748,0,1
194340,2,2
270566,1,2
58985,2,2
267083,2,2
152290,1,1
342611,1,1
278312,2,0
82861,0,0
224615,2,2
81879,2,1
402556,0,0
173932,2,2
104314,1,1
109253,0,2
191727,0,1
17333,0,2
291953,2,1
381108,2,2
114678,2,2
185507,1,1
56551,0,2
129282,2,2
234189,2,2
173933,2,2
193607,0,0
157109,2,2
256898,2,2
309648,2,2
116654,1,1
350429,0,1
322104,2,2
209688,2,0
337101,2,2
301298,0,1
276449,2,2
224511,0,0
167407,2,2
352998,2,1
216901,2,2
222236,1,1
20602,0,1
276395,0,2
81398,2,1
327855,0,2
315458,2,2
402544,1,1
64303,0,0
400119,2,2
383681,2,2
348297,1,1
80408,0,2
372907,2,1
405315,2,2
350603,0,0
387673,0,0
400806,0,0
138301,0,2
141830,2,2
279087,0,1
184735,0,0
206559,0,0
202216,2,2
329278,0,1
393851,0,0
79117,2,2
62964,2,2
276685,1,1
176217,2,2
283754,2,0
160881,0,1
219747,2,2
113168,0,0
279786,1,1
152504,2,2
71733,1,1
8832,2,1
174070,0,1
260973,0,1
299977,2,2
144114,2,2
115189,0,0
246447,1,1
314026,2,2
254373,2,2
239474,0,0
339267,2,2
241569,0,1
187814,2,2
177305,1,1
54618,1,0
176621,0,1
36360,1,0
399545,2,2
101727,1,1
155326,0,1
100599,1,1
403390,0,0
216078,2,2
351188,0,2
52834,2,2
272381,0,2
22202,2,1
307620,2,0
179458,2,1
168100,2,2
397098,2,1
323434,1,1
128995,1,1
58702,2,2
251229,2,1
150435,0,1
102885,2,2
117144,1,1
102017,2,2
265233,2,1
17065,1,2
143302,2,2
35521,1,2
15745,2,2
275915,2,2
165699,0,2
308655,1,1
45155,2,2
69695,2,2
173672,2,1
388890,0,0
175089,1,1
384363,2,1
364384,0,0
401739,2,2
299451,0,2
63966,0,0
165312,2,2
230844,2,2
292907,0,2
172198,0,2
310895,2,0
151516,0,1
56265,0,0
247251,0,1
64402,2,2
221150,2,0
82550,2,1
396758,2,2
75598,2,2
54639,2,2
274522,0,2
50930,2,1
59389,2,2
170932,2,1
391974,1,1
142629,0,1
199533,0,2
170409,2,2
337051,0,0
206023,2,2
106650,1,1
316967,1,1
76315,0,2
107573,0,2
98612,1,1
199517,1,1
11970,2,2
319943,1,1
169685,1,1
142580,2,2
108465,2,2
67498,2,2
304812,1,2
30455,0,2
376711,2,2
284619,1,1
310440,1,1
158493,0,2
245573,1,1
23019,0,0
268701,0,2
23516,2,2
200445,2,2
20754,1,1
152757,0,2
216366,0,2
91757,2,2
103025,2,2
156037,0,0
245157,0,2
108544,0,0
340407,2,2
63027,0,2
381687,2,2
27720,0,1
177992,0,2
193340,2,2
376624,2,2
69618,0,2
100423,2,2
165336,0,1
393781,1,1
11299,2,2
101361,0,1
8149,2,2
217510,2,2
297908,0,2
3734,2,2
60957,0,0
96054,0,0
404689,2,2
320929,2,1
4667,2,2
183740,2,1
329782,1,1
98511,0,1
36676,1,1
401533,2,2
49606,1,1
287171,1,1
136516,2,2
16306,2,0
165,0,0
273584,1,1
159215,0,0
232838,0,2
304582,1,1
394280,2,2
221381,2,1
124060,1,1
100036,0,2
372796,1,1
355755,2,2
308431,2,1
55351,2,2
373736,0,2
380157,0,0
259594,1,1
21091,2,2
150563,1,1
238648,2,2
253517,0,1
205181,2,1
210558,0,1
231015,2,1
372438,2,2
129550,2,2
281751,0,0
293495,2,2
139133,0,0
128439,1,2
101994,1,1
101661,1,1
6903,0,2
93017,0,1
381509,2,2
345913,2,2
209964,1,1
379378,0,0
26959,1,1
108588,1,1
121227,0,0
77935,0,0
97461,0,1
156718,2,0
43710,0,0
398046,1,1
143890,2,1
216774,0,0
158895,1,2
77926,2,2
266424,2,2
9395,1,1
306197,2,2
125760,1,0
334600,1,1
102642,0,1
14758,2,2
330137,0,2
221568,1,1
73818,2,2
266433,2,1
359613,2,1
182302,2,1
347691,0,0
240342,0,0
389047,2,2
302162,0,0
266932,0,1
56447,2,2
30074,1,1
118880,0,2
377294,2,2
83536,2,2
36952,0,0
311220,2,0
162777,0,0
49035,2,2
271309,0,2
73029,2,2
397149,2,2
289490,1,1
100907,2,2
183493,1,1
246814,0,1
275861,2,2
34294,0,0
15091,2,2
16002,2,1
123990,2,2
100066,1,0
118449,0,0
373914,0,0
209135,0,0
197837,0,2
141087,2,2
172853,2,2
352597,0,2
353572,2,2
168422,2,2
57298,0,0
399289,0,2
318210,0,1
141081,0,0
333112,0,1
133479,2,2
363731,0,0
2987,2,2
40213,2,0
332058,0,1
355372,2,2
334770,2,2
363550,1,1
368831,0,1
11257,1,0
165362,1,1
324107,2,2
316087,2,2
232353,2,1
59599,0,0
268039,0,1
45546,2,2
369361,2,2
179825,2,1
243118,0,2
21314,2,1
35947,2,2
15999,0,2
360149,2,0
331030,1,2
373838,0,2
187745,2,2
6591,1,1
103167,1,1
83363,0,2
64377,2,2
197197,2,1
332268,1,1
94024,2,0
220303,1,1
10769,0,2
23859,1,1
237307,2,2
99853,0,2
260395,0,1
113347,2,1
353468,2,2
225066,0,2
404964,1,1
45760,2,0
189085,2,2
404177,2,2
191866,2,2
164184,0,0
338592,2,0
26688,0,2
379526,2,2
90419,2,2
42208,0,2
241011,0,0
310949,0,2
252572,1,1
31683,1,1
295845,2,2
209041,0,0
104770,0,0
192569,2,2
367023,1,1
392403,2,2
74817,0,2
204182,0,2
269858,2,1
134866,2,1
138871,0,1
75045,2,2
404873,2,1
228108,2,2
273083,0,0
81619,2,2
64549,0,0
105029,1,1
20270,2,2
322398,0,2
201327,0,0
157863,0,2
172602,0,0
163007,0,0
17256,0,0
276295,2,2
231437,1,1
324834,1,1
361548,0,0
379198,2,1
14096,2,2
385561,2,2
271141,1,1
132845,1,1
175439,0,0
90374,1,1
295265,2,1
219589,0,1
163837,2,2
258960,0,2
216403,2,1
150488,0,2
261553,2,2
76677,2,2
352698,0,0
363537,2,2
3997,0,2
27966,2,1
191923,0,1
81922,2,0
256066,2,2
348584,2,2
162702,0,1
133725,1,1
63710,2,2
365918,2,2
5521,0,0
274153,2,2
405719,2,2
88608,1,1
84586,0,1
323608,1,1
341455,2,2
79508,0,1
275129,2,1
246604,0,2
385812,2,2
340128,0,0
121938,2,2
260757,0,1
263643,1,1
168395,0,0
72236,2,2
20854,2,2
30737,2,1
165657,0,2
387661,0,2
101389,2,2
163109,0,2
127621,1,1
356339,2,1
309828,0,0
140794,0,1
220139,0,2
202860,0,2
393324,0,2
181479,0,0
60545,0,2
61987,2,2
71972,1,1
11256,1,1
81798,2,2
189682,2,2
313847,2,2
281209,2,2
155557,2,2
74135,2,2
131988,2,2
330282,0,0
57630,2,2
192889,1,1
229004,0,1
71874,0,2
123042,2,2
375330,2,0
325817,1,1
378334,0,1
26747,1,2
375154,1,1
110262,0,1
206359,0,1
82762,2,2
308796,2,0
50174,0,1
34374,2,2
190222,2,1
214128,0,1
192420,0,0
99346,1,1
59653,2,2
234306,0,2
368568,2,2
363486,1,1
212519,2,2
157527,2,0
330228,2,0
220300,2,2
400442,0,0
90572,2,2
404097,0,2
234880,0,1
45251,0,1
140646,0,2
193362,2,2
346155,2,2
393490,2,1
84748,2,1
328584,2,2
206367,1,1
180891,0,2
349440,2,1
158608,0,1
257477,2,2
109582,0,2
166306,2,2
291167,1,1
182593,2,2
20194,0,0
39303,1,1
197869,0,0
354515,2,1
257453,2,0
288129,2,1
33813,0,0
320625,0,0
88114,0,2
289121,2,2
100550,0,0
205375,2,1
45459,2,2
366144,2,2
119625,1,0
305803,2,1
335520,1,1
165573,0,0
287994,0,1
87111,2,2
193531,2,2
285351,0,1
272976,1,1
307354,0,0
351787,0,0
25103,0,1
71076,2,2
276049,1,1
147576,0,2
383857,0,2
254418,1,1
31914,0,1
193499,0,0
134658,2,1
47847,1,1
236106,2,2
101782,2,2
109260,1,1
391082,0,1
61001,2,2
371413,0,1
329931,1,1
137422,2,2
133419,0,2
283467,2,2
180312,1,1
273763,0,2
17313,2,2
24955,0,2
25616,1,1
77318,1,1
193920,0,2
185817,2,2
120084,0,2
56289,0,2
156554,0,0
350634,1,1
101083,2,2
93576,0,0
32373,2,2
223211,0,1
153193,2,2
192771,0,2
176198,0,2
184086,0,2
191371,2,2
394060,2,2
297914,2,1
69349,0,1
369601,0,2
368097,0,2
242479,2,2
176177,2,1
302487,0,0
185564,0,2
321611,1,1
366422,0,1
41113,0,1
96397,2,2
137297,0,0
112184,2,1
278428,0,2
75308,1,2
221768,0,0
41380,2,1
72995,2,2
232968,0,0
102394,0,1
158530,1,1
228097,2,2
285533,0,2
354582,1,1
379024,2,1
15119,2,1
169659,2,2
76149,0,0
332769,2,2
228158,2,1
48687,0,2
379258,1,1
318945,2,0
372449,2,2
32099,2,2
2255,2,2
29390,1,2
360894,0,2
62044,2,2
363871,2,0
16970,2,2
375767,2,2
295792,0,0
79752,2,2
249945,1,0
234577,1,1
2844,0,2
17986,2,2
355061,2,2
176766,0,0
37984,1,1
175372,0,1
24714,0,1
183100,2,2
330998,0,2
109854,2,2
356399,1,1
19253,0,1
68818,2,2
72873,0,0
292918,0,2
140814,2,2
233413,2,2
180211,2,2
362988,2,0
400939,0,2
51908,1,1
226110,0,2
55133,0,0
369416,2,2
303589,2,2
205353,2,2
251681,2,2
165359,1,1
328437,0,2
80924,1,1
6372,2,2
16929,2,2
402971,1,1
256505,2,2
226615,2,2
124639,2,2
192997,2,2
172866,2,2
253584,2,1
197671,1,1
252773,1,1
119201,2,1
135865,0,2
338665,2,2
17441,0,2
27384,2,2
278524,2,2
154924,0,0
311042,2,2
114820,2,2
231024,2,1
116498,0,2
202315,0,1
249051,2,2
237671,1,1
109192,0,2
123861,0,1
311366,2,2
356969,2,2
276564,0,2
202785,0,1
82786,2,2
378411,2,2
303965,1,1
29425,0,2
79876,1,1
285928,2,1
22901,2,2
230611,2,2
268742,1,1
308070,2,2
73675,2,2
234600,0,2
352687,2,2
126518,1,1
179299,2,2
91165,2,1
53496,2,1
283299,2,2
262857,0,0
258129,0,2
8867,0,0
164100,1,1
388404,2,0
99315,2,2
319523,0,0
76263,0,0
179934,0,1
202082,2,2
89198,2,2
182715,2,2
151587,0,0
74227,0,1
114435,0,0
368462,1,1
251814,1,1
367674,2,2
68701,2,2
336429,2,2
121646,0,1
247656,0,0
239884,2,2
239390,2,2
258723,2,1
21297,0,2
154504,1,1
246804,0,2
125469,0,1
231969,2,2
278851,0,0
77141,0,2
113450,2,1
313970,0,1
290534,0,2
384342,0,0
238091,0,0
25202,2,2
329157,0,0
337765,1,1
331089,0,0
164312,2,1
387982,2,2
403085,2,2
311091,0,1
326134,1,1
199911,2,2
167016,0,2
238328,0,1
140339,2,2
239727,2,2
213884,0,0
201885,2,2
106563,1,1
66589,1,1
329506,2,2
191230,1,1
181547,0,2
46919,2,2
9873,0,0
45913,2,2
224582,0,0
403751,0,2
76540,0,0
379343,0,2
244672,2,2
23588,0,0
174789,2,2
281975,2,2
329842,2,2
264374,0,1
128428,2,2
143257,1,1
57442,0,0
133871,2,2
55446,2,1
91511,0,0
176912,0,2
403606,0,2
12909,0,1
312530,2,0
5215,2,2
147228,2,2
162619,2,2
172154,1,1
359197,0,0
715,1,1
109128,1,1
337319,2,2
376822,2,1
339746,2,2
311390,2,2
248801,1,2
72725,2,1
190340,2,1
94151,2,2
16776,0,2
301401,0,1
95050,0,2
323053,2,2
315559,2,2
222389,2,2
242124,2,1
87397,2,2
304918,1,1
373702,0,1
115118,2,0
140685,1,2
124544,0,1
92013,2,2
129540,1,1
134749,0,0
77915,2,2
305888,1,2
310130,0,2
195945,1,1
135187,0,1
60258,2,2
150763,0,1
118760,0,0
116879,0,0
244984,2,2
34975,1,1
6602,2,2
247061,1,1
406306,2,2
357337,2,2
150128,1,1
140863,2,2
258690,1,1
134321,2,2
300889,2,2
39738,1,1
226052,0,1
139209,2,2
373341,2,2
251207,0,1
216394,1,1
328395,0,0
88022,1,1
201000,0,0
218819,1,1
43039,0,1
141776,0,1
314790,2,0
146651,2,2
241070,2,2
171497,0,0
302239,2,2
259224,2,2
46487,1,1
96842,0,2
326812,2,1
98857,0,1
303118,0,2
98319,0,0
29468,0,1
355883,2,2
362164,0,2
397774,2,2
334114,2,2
182094,2,2
74312,1,2
53193,0,1
335804,2,0
199000,0,2
256816,0,0
57569,0,0
133162,0,2
71677,1,1
365905,1,1
175399,1,2
172689,0,0
232363,2,2
91993,2,2
268875,1,1
121666,1,1
29973,0,0
343722,0,1
352447,2,0
401387,2,2
170919,2,1
389764,0,2
289272,1,1
64844,0,2
267048,0,2
242392,1,1
378917,2,2
362552,0,2
157313,1,1
183650,0,0
310064,0,2
171423,0,0
362688,1,1
160115,0,0
71763,0,1
223496,0,1
42380,0,2
366204,0,1
37314,2,2
30894,2,2
333883,2,2
2334,2,2
289383,0,1
280915,2,2
157816,1,1
94031,1,1
97430,0,2
211973,1,1
138201,0,1
280332,2,2
207725,1,2
266168,1,1
266517,2,2
69475,2,2
113164,2,2
212674,2,1
178847,0,2
387,0,2
122464,2,2
154436,2,2
397775,0,2
206092,0,0
267187,2,2
328600,1,1
111003,2,2
58312,0,2
183902,2,2
71581,0,2
7883,0,2
188368,2,2
60021,0,0
245915,0,1
58960,0,2
188448,1,1
338717,0,2
55638,0,2
151378,2,2
199646,1,1
74413,2,2
55385,2,2
232767,1,1
244811,2,1
157284,0,0
323422,0,2
29812,0,2
278865,2,2
209612,0,0
303261,2,2
69150,2,2
23467,2,2
54120,0,0
144467,1,1
32031,0,0
219823,2,2
168988,1,1
251992,2,2
20466,2,2
242083,0,0
83073,0,1
75939,0,2
394214,2,2
104842,2,2
97634,0,1
179191,0,0
108153,2,2
400883,2,2
134848,0,0
22188,2,2
198587,0,2
22166,0,1
124020,2,2
143334,2,2
109453,1,1
302797,2,0
37036,2,2
154061,0,0
199782,0,1
155780,0,1
393767,2,2
274653,2,2
186964,1,1
324944,2,2
125938,2,2
238987,2,2
64784,2,1
80247,2,2
58495,1,2
200483,1,1
161491,1,1
37813,2,2
331835,2,2
18473,0,1
227889,1,1
189805,0,2
314156,1,1
262694,2,2
29512,2,2
375207,0,2
242647,0,2
191757,1,1
85413,0,0
262616,2,2
129634,0,2
347562,0,2
349461,1,1
306221,0,0
148016,2,1
267667,2,2
125538,0,0
351601,2,2
277513,0,1
357451,0,0
12584,0,2
364195,2,2
40532,0,1
185760,0,1
68529,2,2
5709,2,1
172547,0,0
135727,0,2
98840,2,1
289965,0,0
37218,2,2
90883,0,1
398790,2,2
65007,2,2
15597,1,1
7127,2,2
403285,2,2
315731,1,1
373200,0,2
271413,1,1
39402,2,1
321470,1,1
361529,2,2
202274,2,2
184803,1,1
196839,0,2
94143,0,2
251090,2,1
138225,2,2
371127,2,0
254175,1,1
391083,0,2
21941,2,1
151970,2,2
9166,2,2
13372,2,2
252847,2,1
108762,2,2
326400,2,1
308000,2,2
156187,2,2
320433,2,2
39514,1,1
150598,1,1
167186,0,2
325195,0,0
361743,2,1
2418,1,1
353951,0,2
167322,2,1
262550,2,2
342625,0,2
280623,1,0
133133,2,2
133113,0,2
19860,1,1
138830,0,2
156468,0,2
205310,2,1
84482,2,1
220706,2,0
229237,2,1
167203,2,1
74896,2,2
97043,0,0
73000,2,2
337817,1,1
68316,2,2
309376,0,0
34411,2,2
150858,0,1
313330,1,1
60581,1,1
283110,2,2
140857,2,2
5158,2,2
25385,2,0
225003,2,2
258929,0,1
191659,1,1
277317,0,2
304795,2,2
162784,2,2
300292,0,0
74633,1,1
144888,1,1
189798,2,1
6057,0,2
18743,1,1
43660,0,1
113778,0,2
282508,0,2
229875,2,2
225209,1,1
259543,1,1
104397,0,1
337784,2,2
286709,2,1
110574,1,1
104363,2,2
135972,1,0
216869,2,2
249762,2,2
30161,2,1
365700,0,0
392687,1,1
305208,0,2
112518,0,0
323379,0,0
197512,2,2
24470,0,2
373306,1,1
163953,0,2
186051,2,2
117255,2,1
628,2,2
400584,2,2
296050,0,0
48178,1,1
238960,0,1
322461,2,2
192090,2,2
286895,1,1
118906,0,2
400741,2,2
33025,2,2
174800,2,2
361426,2,2
401639,0,2
274745,0,0
333424,2,2
204618,0,1
206935,1,1
252769,1,1
379297,1,1
341231,2,2
127244,0,2
259214,0,1
206075,2,1
293921,0,0
109421,0,2
9975,0,2
184987,2,0
279478,2,2
335093,1,1
259896,1,1
220902,0,1
52047,0,1
253753,0,0
400562,1,2
41439,1,2
363034,2,2
197409,2,2
306272,0,2
266684,2,2
311442,0,1
36220,0,2
149111,2,1
38821,2,2
145515,2,2
222018,1,1
250751,0,0
87102,0,0
379183,0,2
298012,2,1
115971,0,2
147341,0,2
61355,2,2
39608,0,1
106491,0,1
42260,2,2
378617,2,2
364700,0,2
380648,0,0
107310,0,1
317717,1,1
315647,0,0
89756,1,1
198314,2,2
174777,2,2
135724,2,2
375852,2,1
93420,1,1
348230,1,1
218041,2,2
222909,2,2
190060,0,2
385775,2,2
286604,0,1
79228,0,1
89226,2,2
245,0,1
144738,2,2
380856,2,2
276562,2,2
324771,0,2
226868,2,2
397979,2,2
126423,0,2
334715,0,0
175958,2,2
7817,2,2
389704,0,2
31799,1,2
270242,2,2
237515,1,1
364570,2,2
225272,0,1
342201,1,1
57199,2,2
256086,1,1
304485,2,2
232446,2,2
301863,2,2
100596,0,1
322954,0,0
177231,0,0
188861,0,0
291607,0,0
235938,0,2
14270,2,2
127065,2,2
60457,2,1
33323,0,2
333114,1,1
256607,0,2
221648,0,2
239481,0,2
316585,1,1
63665,0,1
134582,2,2
328108,0,0
249627,2,2
183206,0,1
269740,2,2
168710,2,2
336150,0,1
383253,0,2
379193,2,2
130082,0,2
123531,0,0
186669,2,1
52261,2,0
78218,2,0
71731,2,2
384488,0,0
300835,0,0
261619,1,1
34640,0,1
41202,1,1
124223,0,2
32337,2,2
325871,0,1
231262,2,2
296634,0,2
355563,2,1
199002,0,2
342380,1,1
12159,0,1
402448,2,0
403128,2,2
25715,0,1
158384,2,1
3991,0,2
348643,2,2
24362,2,2
302812,0,1
149713,0,1
378716,1,2
75988,2,1
105920,1,1
276346,2,2
43055,0,2
151727,1,1
24278,2,2
4838,2,2
35680,0,2
109841,0,1
175839,0,0
73779,0,2
49741,2,2
39508,0,0
264759,0,2
225416,1,1
311164,2,2
129454,0,0
161967,2,2
69298,0,0
83082,0,0
341352,0,1
274356,0,1
115357,0,2
189523,2,2
225223,2,2
107162,0,0
232399,0,0
339494,2,2
179657,0,1
297684,1,1
168494,2,2
327215,2,2
247315,2,2
144249,2,1
244253,1,1
268917,0,0
282240,0,2
230364,2,2
368419,2,2
144342,2,2
109894,0,1
323385,1,1
340598,2,2
74752,0,2
105865,0,0
305086,2,2
299889,2,2
243047,2,1
378601,2,2
134279,0,2
263913,0,2
27982,0,0
2793,0,0
69127,2,1
159279,0,0
130295,2,2
46573,0,1
144806,2,1
332041,2,1
146915,1,1
12336,2,2
371683,2,1
60239,0,0
61575,0,0
342675,2,1
311598,1,1
350776,2,1
4036,2,2
385196,0,0
166138,2,2
333029,2,0
377400,0,2
254740,2,2
128627,2,2
86592,2,1
195574,2,2
53586,2,2
377000,0,1
110197,2,2
327738,2,2
136424,1,1
265522,2,2
250236,1,1
92469,0,1
168185,0,2
346419,1,1
275156,0,0
81805,2,2
365737,0,0
24582,0,0
121653,1,1
124099,2,0
291866,1,1
145715,0,1
110317,2,2
105966,0,0
272169,0,1
37635,2,2
315070,2,2
54877,1,1
181315,2,1
237939,0,1
390635,0,0
346650,1,1
376677,2,2
101081,0,1
158535,0,0
182015,2,2
285544,2,1
179727,2,2
284983,1,1
173710,2,1
369555,2,2
106293,0,2
347113,2,2
263344,0,2
162404,0,1
47924,0,0
288913,0,2
313411,0,0
321081,2,2
257534,2,2
153112,2,2
404892,2,2
253261,2,2
67848,1,1
162841,2,2
56370,2,2
266212,0,1
212609,2,1
179667,2,0
230422,2,0
62343,2,2
107019,2,2
137080,0,0
143954,0,0
315235,0,1
169940,2,2
404827,1,1
205534,2,2
42909,0,1
394651,1,1
279057,2,2
186685,0,2
12979,0,0
377395,0,2
304132,2,1
234955,0,2
108630,0,1
234669,2,2
297255,2,2
208360,1,0
336029,2,2
78255,2,2
331221,1,1
133049,0,2
224727,2,1
230210,0,1
254167,2,2
183013,2,2
365252,1,1
36164,2,2
210938,2,2
208809,2,2
386317,2,2
378985,1,1
45218,2,2
213101,2,2
273581,1,2
201083,2,1
246992,0,1
43452,0,0
308590,2,2
330489,2,1
200099,1,1
155546,2,2
218784,2,1
228085,0,0
321464,0,0
110533,0,2
36104,0,2
27506,2,2
18868,0,2
188877,0,2
210647,1,1
44877,2,2
98593,2,1
389095,0,0
237633,0,2
182799,2,2
37098,2,2
193839,0,0
236952,2,2
386393,2,2
20105,1,1
23960,2,2
230438,0,1
59827,1,1
39977,0,1
250094,0,0
20857,1,1
285070,2,2
166814,0,1
309221,0,1
151520,0,2
3053,0,2
242127,1,1
17354,2,2
23026,2,2
342634,2,2
388624,1,1
279580,2,2
23835,2,2
70504,0,2
88652,2,1
292626,2,2
207869,0,0
36377,0,0
6415,0,0
114594,2,2
37685,2,2
7342,1,1
321824,2,1
111400,1,1
341178,1,1
179054,0,1
330141,2,2
337285,0,1
372489,2,2
154165,0,2
356006,2,2
174818,0,2
2283,0,0
370135,1,1
235947,0,0
39387,0,1
57593,2,2
146442,2,2
128892,2,2
306161,0,0
201286,2,2
361372,0,2
182826,1,1
193731,2,2
201143,2,2
295700,2,2
298673,2,2
58481,2,1
79238,0,2
199397,1,1
62674,2,2
314179,0,1
49893,0,1
174820,0,2
351105,0,0
191001,0,0
367299,1,1
320727,0,2
194845,0,0
81762,1,1
258142,2,2
14967,2,2
49637,2,2
165713,0,2
249672,2,2
402474,1,0
59975,2,2
157643,2,2
831,1,1
324763,1,2
217574,0,2
245597,0,0
193809,0,0
67491,2,1
112229,2,2
212304,0,2
303367,0,0
93936,1,1
185649,0,2
21914,0,0
201454,0,2
252095,0,2
99980,0,1
325508,2,2
293021,2,2
87931,2,0
87434,0,1
135393,1,1
129752,2,2
226556,0,0
18280,0,0
9196,0,2
27093,1,1
360769,0,0
275146,0,2
364649,1,2
83205,0,0
272802,0,0
187679,2,1
213565,2,2
362814,0,2
72832,0,2
302995,0,0
72735,1,1
90153,2,2
114728,2,2
146907,0,1
69562,0,1
353771,1,1
71433,2,2
385850,0,2
73961,0,0
333166,0,2
216141,0,0
360056,0,2
381480,2,2
100435,1,1
398627,0,0
125587,0,1
323691,0,2
213763,2,2
251774,1,1
306504,2,2
40598,2,2
404724,0,2
75572,2,2
352882,1,1
382974,2,0
248977,2,2
368180,0,1
391615,1,1
33964,1,2
327975,2,2
300706,2,2
405001,0,0
280542,1,1
151135,2,2
131547,2,2
171169,2,1
70714,0,0
173125,0,1
218639,2,1
90145,0,0
345214,1,1
116265,2,2
159866,2,2
210911,2,2
156441,1,2
88069,1,1
21720,2,2
336860,1,1
356704,0,1
375808,2,2
253717,0,2
122455,2,2
267282,2,2
209621,2,2
165651,1,1
179006,2,2
133343,1,1
31878,1,1
42342,0,2
271524,2,2
370173,0,0
11449,0,1
374241,2,1
244934,1,1
6914,2,2
286215,2,2
368757,2,2
241231,1,1
166444,2,2
172269,1,1
61929,1,1
312943,0,0
250343,2,2
70531,0,2
370496,1,1
131624,2,2
198707,2,2
151943,0,0
156170,0,2
102435,2,2
103615,2,0
344952,2,1
29455,0,0
269949,2,1
303229,2,2
137782,0,2
63978,2,2
318808,0,0
210732,2,2
209853,1,1
355360,1,1
255743,1,1
21713,1,1
163629,2,0
37837,2,2
16500,0,2
129373,2,2
277998,2,1
271855,2,2
99984,1,1
68438,2,2
335876,2,2
38715,0,1
33348,2,2
340035,2,2
51862,0,2
339931,0,2
54920,1,1
246789,2,1
65674,0,2
172600,1,1
47842,2,2
269296,2,2
384960,2,2
67591,0,2
25063,2,2
54135,2,2
59484,2,2
298688,2,2
194360,2,2
152381,0,1
174466,2,2
398596,0,0
156450,0,2
338811,2,2
45047,0,1
47109,0,0
64220,0,0
254052,0,2
288466,1,2
162885,2,2
181974,2,1
318937,1,2
165835,0,0
25421,1,1
121594,2,2
88526,0,1
59419,2,2
239817,2,2
366362,0,2
23654,0,0
9517,0,0
319679,0,2
175192,2,2
138511,0,1
228581,2,2
342867,2,2
339334,2,2
367408,1,1
282003,2,2
9673,0,2
70113,0,1
346724,0,0
185905,2,2
386268,1,1
3089,2,1
110815,0,2
359417,0,1
13710,2,1
156551,0,2
118861,2,2
375541,2,2
243936,0,0
146110,0,0
75655,2,2
98794,0,2
2841,0,0
10871,2,2
271578,1,1
290089,0,0
348599,2,2
67396,2,2
323055,1,1
89377,1,1
13415,2,2
97589,0,0
137762,0,1
311935,1,1
333497,2,2
74464,2,1
299508,0,2
28653,2,2
386729,2,2
163905,0,2
91948,1,1
1071,2,2
38103,0,2
392418,0,0
371802,0,2
383326,2,2
400784,2,2
35551,0,2
118994,2,2
98384,2,2
140058,2,1
101735,0,0
281687,2,2
297435,1,0
180217,1,1
213270,0,0
348601,2,2
7560,2,2
280996,2,2
100291,0,0
318547,0,0
96291,0,0
68982,0,0
60374,0,2
324164,2,1
179940,2,0
388699,2,1
102248,0,2
380978,1,0
306737,1,1
190095,2,2
198231,0,2
339129,0,2
102402,1,1
265372,2,2
176000,2,2
300993,2,1
257075,0,2
209,2,2
74505,0,0
270982,2,2
141767,2,2
33958,0,0
95666,2,2
154909,2,2
102688,0,2
169005,2,1
98048,1,1
86807,0,2
219671,2,2
280397,1,1
66201,0,2
148867,1,1
387465,1,1
52762,1,1
299995,2,2
305261,2,0
47547,1,1
87552,2,2
238481,0,1
79492,2,2
323731,2,0
100920,2,0
24204,0,0
54351,2,1
313738,2,2
330150,0,2
389985,1,1
361078,2,2
103614,0,2
183174,0,1
307367,1,1
276550,2,2
194659,2,1
130917,0,0
189067,2,1
78525,1,1
226238,0,2
48381,0,1
336242,1,2
114550,2,2
364411,2,2
133301,0,2
387554,0,0
7691,1,2
44810,1,1
137729,0,2
367172,1,0
202513,2,2
156165,2,2
216902,0,2
7183,0,0
3005,1,1
389315,0,0
254870,0,1
344971,0,0
129930,2,2
196453,2,2
179503,2,2
317763,2,1
226703,2,2
24559,0,2
288532,0,1
254558,1,1
354713,2,2
301406,0,1
136775,2,2
132467,2,2
355364,0,0
163875,1,1
158995,1,1
109391,0,2
170204,0,2
23691,2,1
309450,1,1
296577,2,2
302815,2,2
5410,0,2
103583,0,2
150397,0,2
198779,0,2
224889,2,2
352105,0,1
253697,0,0
200743,0,2
392101,0,2
211405,2,2
33335,0,2
317356,2,2
404607,2,2
331452,2,1
274507,0,1
16313,1,2
128940,1,2
390583,2,1
175490,2,2
196192,2,2
177023,1,2
390321,0,0
87730,2,2
166229,0,2
74281,0,1
372765,2,2
112376,0,2
365066,0,1
153443,0,2
286811,2,2
70643,0,2
197240,2,1
49809,1,1
393608,2,2
132939,2,2
60190,1,1
329559,1,0
233428,2,1
349545,0,1
357321,2,2
118822,0,2
337145,0,1
405528,2,2
88269,2,0
108625,2,1
13983,0,0
179729,1,1
357946,2,2
47133,2,2
398747,0,1
200850,2,2
393419,0,0
107079,0,1
356350,2,0
71894,2,1
117335,2,1
184172,0,1
198098,1,1
354009,2,1
389399,0,1
9957,2,2
320777,2,2
210834,2,2
207744,0,2
172455,2,1
138038,2,1
272090,0,2
276318,0,0
212685,0,0
221205,2,1
11513,2,1
116124,0,2
96376,0,2
218961,0,0
401054,2,1
68506,0,1
50231,0,0
380241,0,1
172577,1,1
272892,2,2
28233,1,2
322928,0,0
177099,1,2
144989,2,2
329511,0,0
43332,0,0
198502,0,2
178473,0,2
225464,0,0
83741,2,2
124163,2,0
259532,2,2
98814,2,2
400185,0,2
170565,2,0
119999,0,1
139819,0,0
351127,0,1
64813,2,2
163084,0,2
212990,0,2
342370,1,1
233881,2,1
23768,0,1
377652,1,1
98636,0,2
385617,2,1
255756,1,1
281541,2,2
64352,2,2
79614,1,1
18418,2,1
239898,0,0
197472,0,1
287169,0,2
300813,1,1
248535,0,2
192211,1,1
95259,0,0
391918,0,1
178194,0,1
195090,2,2
63738,2,2
399388,0,2
92228,2,2
361966,0,1
87427,0,2
387890,0,1
158040,0,1
21607,2,2
102780,2,1
285528,2,2
163091,0,1
210197,1,1
7802,0,2
54592,1,1
308209,0,1
400752,1,1
28285,1,1
113763,2,2
245016,2,2
19681,1,1
304105,0,2
45041,1,1
278523,1,1
23022,1,1
233617,0,1
53172,2,2
371356,0,0
247331,2,2
362859,2,2
230840,0,0
186383,0,0
122507,0,1
239463,2,2
239021,2,2
118272,2,2
246824,2,2
61170,0,1
36197,1,1
330285,1,1
367377,0,1
7939,1,1
214171,2,2
35270,2,2
249061,0,0
203748,0,2
150115,1,1
384314,0,1
229375,1,1
383481,2,2
7373,2,2
101059,0,0
386632,2,2
340910,0,2
142335,2,2
237147,2,2
111144,1,1
173023,2,1
24610,1,1
40483,2,2
163333,0,0
9831,2,2
400373,0,0
370683,1,1
45827,2,2
191551,0,2
197207,2,0
288106,2,2
139421,0,1
245235,2,2
135524,0,1
179190,0,1
289413,2,1
249512,0,1
12117,0,2
296787,1,1
357272,0,1
393937,1,2
197474,1,1
121031,2,2
9085,0,0
374710,0,0
98149,2,2
373873,0,2
337963,1,2
263107,0,2
246935,1,1
165150,1,1
221195,0,1
105459,0,0
275731,0,0
295716,2,2
114532,2,2
172396,2,2
52718,0,1
52616,2,2
224253,0,2
145141,0,1
379895,0,1
36926,0,1
29744,1,1
219679,0,2
325785,2,1
379852,1,1
61457,0,2
10427,2,2
8629,2,2
361530,0,0
196392,0,2
260971,1,1
291631,0,0
43828,2,1
206172,0,2
303130,2,2
23508,0,1
313628,0,1
131918,2,1
219030,0,2
127864,2,2
368979,2,2
366554,1,1
388901,0,1
381243,1,1
89402,0,2
209831,0,1
253401,0,0
262254,0,0
395266,1,1
129359,2,1
161547,2,2
155143,0,2
246516,0,2
221721,0,0
95105,2,2
111186,1,1
44410,0,1
124080,2,2
3196,0,1
284163,0,2
62545,2,2
266775,1,1
73351,2,1
253451,2,2
343325,0,2
306440,1,1
24918,2,2
34599,0,0
212477,0,0
14668,2,2
27928,1,1
23995,1,1
19817,2,0
75102,2,2
359369,0,2
122004,0,0
401580,2,0
6368,0,2
360672,0,1
146422,0,0
27699,0,2
387790,1,1
58150,0,2
345151,2,2
261798,1,1
38506,2,1
241634,1,1
332651,2,2
385804,1,1
20315,0,1
12321,0,1
387444,1,1
225529,0,1
31192,0,1
371819,2,0
208952,1,0
82198,2,1
136793,0,2
18997,2,1
133781,2,2
43811,2,2
172826,0,2
34506,2,2
199879,2,0
116564,0,2
144406,1,1
125407,2,2
296982,0,0
231626,1,1
132035,0,2
346215,2,2
40229,1,1
124043,0,2
6975,2,2
89199,2,2
233762,2,1
17204,2,2
96138,1,1
389745,2,1
310129,1,1
241948,0,0
79291,0,2
71601,1,1
296789,1,1
324093,2,2
17293,0,2
364151,2,2
365030,2,2
235453,0,0
274691,0,2
25411,1,1
187293,2,2
306089,2,1
359426,2,2
175584,2,1
193982,2,2
135177,0,0
269713,0,2
71234,0,1
395176,0,1
17010,1,1
46948,0,1
44645,2,0
224260,2,2
45254,1,1
67178,2,2
281060,2,2
4735,2,1
78913,0,0
389297,0,1
70872,0,1
4823,0,0
32981,0,0
178825,2,2
137198,1,1
224120,0,1
291374,1,1
206769,0,2
245274,1,2
396112,2,1
235689,2,2
273162,0,0
271536,0,1
148513,1,1
118031,0,0
196731,2,2
42175,0,1
332698,2,2
77470,2,2
6249,2,0
188548,2,2
53914,0,0
204188,1,1
188704,0,1
106406,0,2
193469,0,2
312297,0,0
196575,0,0
374246,2,1
345473,2,2
15970,2,2
46971,0,2
277801,0,0
252840,2,2
56307,2,2
22605,1,1
158011,1,1
9991,2,2
299000,0,2
153269,1,1
217780,0,0
387468,0,1
172436,1,1
144987,0,2
323299,1,0
329408,2,2
113549,2,2
292842,1,1
15931,0,2
352502,0,2
247536,2,2
398723,0,1
48600,1,1
80062,1,1
174212,2,2
305623,0,0
377396,0,0
4483,0,2
156186,0,2
243511,2,2
189753,2,2
119242,2,2
156736,2,2
64765,0,1
34763,0,1
123657,0,2
349657,2,2
225959,2,2
242423,0,2
270917,2,0
92533,0,1
243751,2,2
147125,0,1
214466,2,1
403795,2,2
154493,1,1
2986,2,2
204460,0,2
148381,2,2
150941,2,2
62108,0,0
56340,0,2
224910,1,1
175435,2,2
35639,0,0
69691,0,2
28147,2,2
242652,2,2
252591,2,2
38626,0,0
296286,0,0
356647,1,1
111823,0,2
268445,0,2
402704,2,2
26911,0,1
215064,1,1
61618,0,1
364321,2,2
397935,2,2
378385,2,2
376537,2,2
213963,1,2
41492,0,0
371905,1,1
168803,0,1
196332,1,1
205380,1,1
64131,0,2
332577,0,0
14081,2,2
110113,0,1
220061,2,2
20094,0,1
25368,2,2
30549,2,2
29929,2,2
69575,2,1
239508,0,2
133822,1,1
4110,2,2
246173,2,0
151917,0,2
53754,1,0
42156,1,0
65983,1,1
270520,2,2
125533,2,2
81505,2,2
177189,2,2
21127,2,2
94999,2,2
243424,0,1
198956,2,1
92611,2,2
161182,0,0
162990,0,0
146827,2,2
64250,2,2
88084,0,2
93166,1,1
128792,2,2
92146,0,1
362080,0,1
370776,2,2
335740,2,2
233697,2,2
388077,0,1
116440,2,1
276755,2,2
129891,1,1
356424,0,0
259640,0,2
21112,2,2
106300,1,2
175440,0,2
359345,0,0
121350,0,2
145041,2,2
245639,1,1
33494,0,2
175589,2,2
367034,2,2
123180,2,2
144256,0,1
126619,2,2
268156,1,1
57736,2,2
404371,0,1
382683,0,2
251434,0,0
41151,2,2
228238,0,1
233274,0,0
379691,2,2
190005,2,2
69900,2,2
304961,0,2
293877,2,2
267817,0,1
48255,2,2
155680,2,2
293229,2,1
26491,2,1
352501,0,0
367133,0,0
106733,0,1
327559,0,2
59060,1,0
17973,0,2
352208,2,2
235244,0,1
120707,0,0
10000,2,2
155019,2,2
179328,0,2
5169,0,2
89498,0,1
240547,0,2
143384,0,1
106548,2,1
119793,0,2
307495,2,2
274921,0,2
401978,0,1
387636,0,1
303302,2,2
21454,0,1
369609,2,0
68853,0,1
340929,0,1
152162,1,1
374022,0,2
58081,1,1
313305,2,1
367931,0,0
16986,0,1
121883,2,2
392123,1,2
41102,2,1
353393,2,2
366742,1,1
284279,2,2
320389,2,2
119093,2,2
306568,2,2
155023,2,2
76477,2,2
71732,2,2
280369,2,2
319199,2,2
305569,0,0
217845,2,1
285370,2,2
134092,1,1
164657,2,2
73434,1,2
234771,2,2
395208,2,2
73953,0,0
167911,2,2
195667,0,1
356277,2,1
117885,2,2
171961,1,1
186993,0,0
139417,0,0
338202,0,0
237313,2,2
292796,0,2
91778,2,2
158068,0,0
396869,2,2
378738,0,1
248420,0,1
200582,0,2
169352,2,2
269041,1,1
269005,0,1
80903,2,2
333846,2,2
112337,2,1
243727,0,2
347716,0,0
1974,2,2
144075,1,1
154070,1,1
31129,0,2
331876,2,1
24850,2,1
259750,0,2
78004,2,1
285015,0,0
391541,2,2
5900,2,2
61364,0,2
204237,2,2
33174,2,2
367571,0,2
400499,2,2
265722,1,1
219228,0,1
153143,0,2
52851,0,2
281535,0,1
41677,0,0
345147,1,1
338704,1,2
300557,0,2
344090,2,2
149228,0,0
66499,2,2
51413,2,2
41426,0,2
117312,0,2
184195,2,2
312851,2,2
291830,1,1
208426,2,2
297304,2,2
33837,0,0
160864,0,2
177492,0,1
319376,2,2
67105,2,2
74032,2,2
148580,2,2
33773,1,1
384898,2,2
306582,2,2
182512,0,2
59591,2,2
233374,2,1
336821,1,1
278650,2,2
79821,2,2
333640,0,1
363209,0,1
258251,1,1
390890,2,2
144252,2,1
270983,2,2
280359,2,2
405962,2,1
360546,1,1
50283,2,2
93188,2,2
194735,2,2
375318,1,1
319871,2,2
47056,0,2
384427,1,2
29045,0,0
372020,0,1
339437,0,0
214854,2,2
213283,2,1
341934,0,2
215960,2,2
359493,1,1
187884,2,2
401243,0,0
67547,2,2
156534,2,2
188848,1,1
404722,0,0
121394,0,0
79949,2,2
336090,0,0
151851,2,2
355776,0,0
141254,0,1
358933,2,2
63598,1,1
30337,2,2
48481,2,2
14300,2,2
131295,1,1
46063,2,2
313140,2,2
184356,0,0
293870,2,1
113145,2,2
193271,0,0
314095,0,1
83883,1,1
340800,1,1
54738,2,2
11792,2,2
100896,0,0
149597,0,1
220115,2,2
300373,1,1
84708,2,1
263942,0,0
170138,2,2
168473,0,0
256435,0,2
235189,2,2
108003,2,2
233828,2,2
207284,2,1
404010,2,2
331238,0,1
141987,0,0
262260,0,0
366060,2,2
315956,2,2
38220,1,1
158145,0,2
61957,2,2
315123,0,0
114527,0,0
248692,2,2
141721,1,1
40804,2,2
250813,0,2
117514,1,1
96516,2,2
110546,2,2
156692,0,1
101581,2,2
58911,2,1
270802,2,2
151363,0,2
140817,0,2
247418,0,2
347789,0,2
98579,2,1
145861,1,1
311781,0,2
271634,2,2
341926,2,2
91358,0,2
313417,0,1
290159,2,2
172381,2,2
62480,0,2
80637,2,2
403496,1,1
170136,2,0
302531,2,0
249928,1,1
197424,0,2
347195,2,2
29184,0,0
58434,0,0
274681,0,2
139509,0,0
317058,1,1
85097,0,0
298410,0,2
160615,0,2
344902,0,1
237847,0,1
396291,0,0
71348,2,2
194453,2,1
204163,0,2
71552,0,1
246731,2,2
31046,2,2
105477,0,2
98136,0,1
172948,0,2
124200,0,2
254124,2,2
84030,2,2
248237,2,1
336327,0,0
370713,2,1
125787,2,2
162600,1,1
7946,2,2
109606,0,2
316459,2,1
155512,2,2
297775,0,2
229689,2,2
325739,2,1
20156,0,2
32575,0,1
245143,1,1
31028,0,2
287602,1,1
378088,2,1
302403,1,1
331053,0,0
204213,2,1
285859,2,2
203754,1,1
244062,2,2
272944,2,2
327062,0,2
185113,2,2
288164,0,1
163832,2,2
302923,0,0
196610,0,2
25337,0,2
359350,0,0
37933,2,2
296632,2,2
303888,2,2
18811,0,2
398603,2,2
74748,2,2
11181,2,1
131061,2,2
352002,1,1
58865,2,2
143076,0,1
143443,1,1
86089,2,0
172096,2,2
181082,2,2
171748,0,0
171540,0,0
42922,1,1
187684,0,1
60,1,1
296454,2,2
231587,1,1
182066,0,0
341317,2,2
48007,0,0
385680,0,0
252613,0,2
274682,2,2
243949,2,2
145017,1,1
42753,2,2
353098,0,2
252057,0,1
154853,2,2
368885,2,2
282962,2,1
228787,2,2
12476,2,2
315580,1,1
77054,1,1
91466,2,1
271321,2,2
77512,0,2
332392,0,0
100559,1,1
36472,0,0
63040,0,0
349502,2,2
67596,0,2
256917,1,1
69555,0,0
86162,0,2
24995,2,2
66372,2,1
286233,2,2
147622,0,0
25012,0,1
7263,2,0
168774,2,2
111067,2,2
339272,0,0
194048,0,0
278091,2,2
45190,2,2
242484,2,2
347888,2,1
316143,2,2
121765,0,0
240887,0,2
151338,0,0
154722,1,1
161566,2,0
19647,2,2
228426,2,2
332929,2,2
237221,2,2
246744,0,2
311052,0,0
877,0,2
281883,2,0
156663,0,1
235888,1,1
166683,2,2
230429,2,2
186250,1,1
165887,0,2
368676,1,1
265185,0,2
98885,2,2
70281,2,2
256173,0,1
208092,2,2
158693,1,1
19623,2,2
85011,0,2
291925,0,1
118686,2,2
47006,0,2
78805,2,2
102472,1,1
210847,0,2
257054,2,0
353641,2,2
105330,2,2
334256,1,1
124622,0,0
279229,1,1
364124,1,1
217058,1,1
301424,2,2
163516,1,1
31032,0,2
15183,1,1
96879,1,1
91172,1,1
202069,2,2
64079,2,2
25039,2,2
243228,2,2
49777,1,1
69147,2,2
232960,0,2
406019,2,2
88025,2,2
314684,2,2
402435,2,0
94063,0,2
294634,1,1
279195,0,0
355525,0,1
36269,2,2
34276,0,1
399764,2,2
255024,1,1
204338,1,1
55198,2,2
160826,1,1
166098,0,0
233592,0,2
194530,0,2
243033,2,1
13342,2,2
42433,1,1
29607,2,2
356985,2,2
33658,0,2
152547,1,1
154394,2,2
205592,2,2
90772,0,0
153235,2,2
203824,1,2
33657,0,2
89530,0,0
336370,2,1
310808,2,2
394548,2,2
109811,2,1
231809,2,1
122138,2,0
348540,0,0
346930,1,1
182988,2,2
247699,0,0
208760,0,2
379759,0,1
366850,2,2
242837,0,2
91694,2,2
333873,0,1
228527,0,1
318228,0,2
68722,2,1
145819,0,2
270781,0,1
155453,0,2
62158,2,1
58183,0,2
132456,0,2
80215,0,2
276617,2,0
53713,2,2
299776,2,2
382984,0,0
342453,2,1
271924,1,1
339197,1,1
277622,2,1
253276,2,2
108221,0,0
244323,2,1
2621,2,2
190417,0,1
364483,1,1
35582,0,0
283690,2,2
36023,0,1
375314,1,1
84846,0,0
334895,1,1
328362,1,2
59488,0,1
356157,2,2
208759,0,0
41295,2,2
347055,0,2
11009,1,1
36563,0,1
223804,0,1
18684,0,2
176647,2,2
405504,2,2
172184,1,1
268431,0,0
391798,1,1
62893,2,2
16341,0,2
175441,0,0
277558,2,2
108041,0,1
79686,0,2
139617,2,2
147333,2,0
328747,2,2
166082,0,1
268762,2,1
2723,2,2
142723,2,2
94475,1,1
45087,2,2
86085,0,2
223209,2,2
362601,1,1
391195,2,0
54649,2,1
162931,2,2
397091,2,2
76624,1,1
297168,0,0
75530,2,2
149487,2,2
265869,2,2
118687,0,2
103785,2,2
70283,1,1
152658,2,1
219386,2,2
363597,0,2
304753,2,2
155509,0,1
332812,0,0
193420,0,0
159926,0,1
170165,0,0
187878,2,2
105884,2,2
298384,0,2
200131,2,2
112186,2,1
223058,0,2
4947,2,2
284424,2,2
63196,2,2
28284,0,1
308636,2,2
399445,2,2
196279,1,1
398728,0,2
46428,0,2
375388,2,2
59386,2,1
285296,2,2
272728,0,2
354685,2,2
371654,0,2
387945,2,2
289933,1,1
208297,0,0
260002,2,2
374187,0,2
26904,2,1
279924,0,2
135262,0,1
366085,0,0
50191,0,2
100434,2,1
160443,2,1
94869,0,2
262292,1,1
384600,0,2
373369,0,0
346115,0,2
175419,2,2
27518,2,2
272021,2,2
323106,1,1
139818,2,2
127531,2,2
67167,1,1
178614,2,2
224686,2,0
40194,1,1
118125,2,2
375838,2,2
345694,0,2
266801,1,1
388750,1,1
246808,1,1
104798,2,2
206716,2,2
187298,2,0
44523,1,1
334881,0,1
73982,2,2
45905,2,2
198198,2,2
190359,2,2
349738,2,1
48253,2,2
13812,2,2
179540,1,1
340758,0,1
218987,0,1
280133,2,2
196077,1,1
235854,2,2
329132,2,2
334122,0,0
395892,2,2
28420,0,2
26567,2,2
28157,0,2
218531,2,2
166811,2,2
330264,2,0
28248,2,2
378796,2,1
34578,0,2
227061,2,2
166259,0,1
61139,1,1
140562,2,2
323699,2,2
156989,0,0
203126,0,2
290156,0,2
77593,1,1
265716,2,2
123704,2,2
337572,2,2
224847,2,2
98676,2,2
399565,2,1
95247,0,0
305375,1,1
306948,0,2
46851,2,2
128544,2,2
168660,2,2
347018,0,2
70383,2,0
204289,1,1
15326,2,2
219454,2,1
137886,2,2
325723,0,1
129132,1,1
227066,0,1
394298,2,2
122796,0,2
162563,1,1
170694,1,1
340004,2,2
32624,0,0
53268,1,1
332238,2,2
81196,0,2
17774,1,2
38655,0,1
177470,2,2
383427,2,1
218244,0,2
130250,2,2
101171,1,1
319142,2,1
53092,0,0
187040,2,1
327036,2,2
10645,2,2
58268,2,2
76188,1,1
229503,0,2
123633,2,2
259818,0,0
169249,0,1
267006,2,1
19316,2,2
197551,0,1
31983,1,1
152038,2,2
344932,0,1
149765,2,1
133355,2,1
396812,2,1
349649,0,0
175472,0,2
79328,0,2
311019,2,2
257670,2,2
351784,0,0
85440,2,1
235862,0,2
357206,0,1
324677,0,0
246332,2,2
302033,0,0
296252,2,1
182412,2,2
310578,0,0
30201,2,2
310150,0,0
200654,0,2
373099,0,1
364024,2,2
73056,0,2
330395,0,2
174040,0,2
346211,1,1
342165,2,2
201048,0,2
402874,1,1
94920,0,1
85674,0,1
30648,2,2
329309,1,1
339891,1,1
108733,0,0
401934,1,2
369583,1,1
12982,2,2
246277,0,0
224159,2,2
289261,0,0
137985,0,2
76652,2,2
239569,0,2
298660,1,1
371906,2,2
154063,2,2
180251,2,2
346000,1,1
195410,2,2
324088,0,0
129297,2,2
335648,0,2
137064,2,2
226253,1,2
212324,1,1
181164,2,2
238336,2,1
68028,2,2
161557,0,1
354581,1,2
155525,2,2
14958,1,1
317635,0,0
93785,0,0
169493,0,2
196652,2,1
264322,2,2
26364,0,2
102587,2,2
261467,0,1
271353,0,2
73404,2,2
81648,2,2
23175,2,2
288810,0,1
240235,1,1
387326,2,2
40495,1,1
289402,2,2
326501,0,2
8487,0,2
294731,0,1
279851,0,1
233631,0,1
94444,1,1
144112,2,2
105829,0,2
274496,2,2
25362,0,2
72385,0,2
101891,0,2
57923,0,0
20779,2,2
22920,0,2
290010,1,1
54867,1,1
28042,0,0
305462,2,2
96629,0,2
385740,0,1
68168,2,2
278807,2,2
197665,2,2
281626,2,2
312361,0,1
349611,0,0
287685,2,2
102967,1,1
379882,0,2
233472,1,1
56940,0,1
351893,1,1
380471,1,1
388542,2,1
381654,2,2
284991,0,0
119480,0,0
181,0,0
25937,2,2
55490,2,2
64192,2,1
157554,0,1
216405,2,0
129190,0,0
179699,0,2
356577,1,1
247129,2,0
260962,0,0
173685,1,1
2070,2,0
307704,0,0
356973,2,2
54751,2,1
392137,0,2
380243,0,0
102276,2,2
380563,2,2
28383,1,1
76096,2,2
98339,0,1
272137,2,1
382005,2,2
397933,2,1
328794,0,1
212151,1,1
151890,2,2
294129,0,1
352457,0,0
263327,0,2
396327,2,1
355424,2,2
139878,0,2
223678,0,2
393233,2,2
77887,2,1
352016,1,1
346391,1,1
51007,0,1
138255,2,2
355806,2,2
218632,2,2
159771,1,1
216487,0,0
209639,2,0
288023,0,1
154424,0,2
39174,0,0
180545,0,1
135668,2,2
137723,0,0
258790,0,1
76417,0,2
401950,1,1
397007,0,2
17368,2,2
230487,2,2
184277,2,2
138067,0,2
63529,0,1
289910,2,2
143611,1,1
378199,2,2
126071,2,2
351965,2,2
396667,2,2
39,2,2
393247,1,1
355330,2,2
214070,0,2
144587,1,1
262797,0,2
187592,2,2
191295,2,2
189367,2,2
209789,2,2
152021,0,2
202083,2,2
197682,2,2
59350,2,2
378284,0,2
241903,2,1
222113,2,2
27655,0,0
404970,1,1
176560,2,2
339019,2,0
153199,0,0
238505,0,0
250347,0,0
109212,2,1
193194,2,2
251988,0,2
120829,0,1
396370,2,1
19595,2,2
402249,0,0
385163,0,0
313540,2,2
203985,0,1
116854,2,2
163882,2,2
16669,0,2
252275,2,2
276524,2,0
324104,0,2
243230,0,0
196706,1,1
196146,2,2
59501,0,2
371752,2,2
159060,2,1
354674,2,1
110230,2,1
190228,0,1
360887,0,0
284383,2,2
173679,2,2
147323,1,1
351104,0,1
4290,1,1
364177,2,2
118044,2,2
357786,1,1
39409,2,2
191650,2,1
167716,1,1
113582,2,2
390681,0,2
56263,2,1
122296,0,1
312408,2,2
46203,2,2
328011,2,2
56471,0,2
106256,0,0
155950,1,1
14145,0,0
265695,0,1
76647,0,1
405303,0,2
69536,1,1
216104,0,2
403377,2,2
208147,2,2
398504,2,2
335974,2,2
61571,2,2
255606,2,2
37173,0,2
270552,0,0
204201,2,2
58169,1,1
376553,0,1
326985,0,2
21055,1,1
377490,0,0
148569,2,1
146614,2,2
245269,2,2
390623,2,2
318671,0,2
18916,2,1
370817,2,2
240866,2,2
208014,2,2
344454,2,2
6762,0,1
364432,0,0
4689,0,2
132970,1,1
267796,2,2
84492,2,2
362261,1,1
257353,2,2
74228,0,2
136330,2,2
59086,0,2
398903,2,2
404289,2,2
12155,2,2
137237,2,2
188228,0,0
300623,0,2
84246,2,0
144917,1,1
105691,0,0
70558,2,2
17920,1,2
50736,1,1
231650,1,1
292573,2,2
208639,2,2
190938,1,1
8737,2,2
119195,0,0
161543,1,1
248685,2,2
255732,0,0
125156,0,0
118645,0,2
16206,2,2
405498,0,2
266043,0,0
392911,2,2
40092,1,1
160356,2,1
330512,0,0
331891,0,1
159054,0,2
300062,1,1
358259,0,2
141267,0,0
73860,2,0
379689,0,0
224463,0,1
222519,0,1
310406,0,0
405933,0,1
311109,2,2
139445,2,2
115754,0,0
178328,2,1
116322,1,1
117031,0,2
74692,0,0
304327,0,0
405985,2,2
355678,0,0
80428,2,1
39557,0,1
400060,2,2
2457,0,1
296094,0,0
385023,0,2
240523,2,2
83285,2,2
280941,1,1
283183,2,2
57033,2,0
160206,1,1
390458,2,2
342674,0,0
318344,1,1
404564,0,0
312218,2,2
246001,1,1
255125,1,1
394495,1,1
388617,2,1
260324,0,2
150361,0,2
295511,0,2
2820,2,2
205806,0,0
260498,2,2
249413,0,1
262209,1,1
308162,0,2
251341,2,2
47634,2,2
114308,0,0
255469,0,0
349521,0,1
284466,0,1
296979,2,0
190354,1,1
253065,2,2
251899,2,2
180073,2,2
333373,1,1
339617,2,2
49562,2,2
323815,0,2
264771,1,1
61370,1,1
59818,1,2
223806,2,0
200557,0,2
1772,2,2
251228,0,1
88000,1,1
11687,2,1
304654,0,1
245832,2,1
3522,0,2
356473,2,2
283637,0,2
109656,0,0
144308,0,0
178731,1,2
269218,0,1
16401,2,1
189033,2,1
83707,0,2
370240,2,1
355313,2,2
340927,2,2
260699,2,2
79352,1,1
32420,0,2
230765,2,2
336645,1,1
4730,2,2
10405,2,2
109023,0,0
69624,2,1
295942,1,1
385786,0,0
5552,2,2
163279,2,2
390579,1,2
61879,2,1
15689,2,2
90678,1,2
378040,2,1
122053,2,2
12043,2,2
375300,0,2
2534,2,0
284860,2,0
47979,2,2
284910,1,1
194001,0,0
156500,0,1
275228,1,1
100747,1,1
99586,0,1
145329,1,1
236594,0,1
191658,2,2
71,2,1
91412,2,2
89523,0,2
362252,0,2
50562,2,0
281282,2,1
142497,0,2
380068,0,1
335132,0,0
211494,2,2
237056,0,2
294325,1,1
84398,1,1
199899,2,0
168144,0,0
138131,1,1
55628,2,2
109134,0,1
71829,2,2
23587,0,0
336887,2,2
175068,0,2
167704,2,2
271614,0,2
168843,2,2
13465,2,2
183320,2,1
264210,0,2
315486,0,1
54634,0,0
403463,0,2
36144,2,2
197685,1,1
195367,1,1
386561,2,2
123232,0,1
329342,0,1
40131,2,2
54962,2,1
60745,0,1
307387,2,1
241680,0,1
229040,1,1
403527,0,0
394171,0,1
322039,2,2
78005,0,0
402218,0,2
129208,1,1
173482,2,2
133316,2,1
174592,0,1
101311,0,0
208205,1,1
265474,2,1
127907,0,1
262039,2,1
227953,2,2
395544,0,2
373632,1,1
316377,0,2
283937,1,1
151633,0,1
376483,2,2
52783,2,2
17289,0,2
284555,2,1
248419,2,2
151620,2,1
402527,2,2
320801,0,1
311156,2,1
148035,1,1
165566,0,2
216781,2,2
332367,0,0
397842,2,2
60048,0,0
279404,2,2
236387,2,2
193763,2,1
264872,2,2
67734,2,1
259227,0,2
220319,0,0
380005,2,1
16893,2,2
55623,2,2
21850,1,1
92485,0,2
303594,0,0
211177,0,1
61273,2,2
18502,0,0
183965,0,0
358459,0,1
10649,0,2
398449,2,1
81963,2,2
265247,2,2
103555,1,1
177698,0,0
133072,2,1
339374,1,1
368933,0,1
258266,0,1
133864,2,2
24932,2,2
394015,2,2
348494,2,2
335662,0,2
348718,0,2
394401,1,1
148835,2,2
159200,0,2
63711,0,2
78883,2,2
344889,2,2
387770,0,2
177135,0,2
55358,0,0
282975,0,1
101978,1,1
123992,2,2
243516,2,1
64938,1,1
97002,0,0
12555,0,1
405569,1,1
290761,0,0
165351,1,1
379801,1,1
246834,2,2
176274,1,1
256662,2,2
280322,2,2
105245,1,1
69933,0,2
237530,2,2
127103,2,2
109327,0,0
79189,2,2
134777,2,2
147221,1,1
92440,2,2
326363,2,2
40077,2,2
215787,0,0
393727,1,1
95502,0,1
299444,2,2
11479,2,0
313720,1,1
149010,0,1
172467,2,1
203584,1,1
258050,0,2
22032,1,1
49801,0,2
356305,1,1
20735,2,1
317688,2,2
351717,2,2
88024,2,2
352284,0,0
113248,0,0
370750,0,0
228523,1,1
280718,2,2
50000,1,1
18050,0,0
272025,2,0
292566,1,1
370115,0,2
390223,2,2
119530,0,1
246709,0,2
240699,1,1
949,1,2
49176,2,2
254364,1,1
221441,1,1
235810,0,1
289520,0,2
129303,0,2
352511,1,1
343928,0,1
108342,0,1
334126,1,1
310112,2,2
366654,2,1
42367,2,2
195543,2,2
47693,2,2
188684,2,2
238411,0,1
404627,0,2
183699,2,2
118648,1,1
132590,2,2
79519,2,2
39251,2,2
59668,0,0
190355,0,0
73227,1,1
64997,0,2
381584,2,1
22717,1,1
162676,0,2
68983,0,2
173219,1,1
155979,2,1
248308,1,1
396339,2,0
339412,1,1
404940,1,1
307458,2,2
178011,0,2
142951,0,1
104135,0,2
24915,2,2
276166,0,1
44866,0,2
316339,0,0
245023,0,1
9903,0,2
90169,2,2
77286,0,0
222880,2,0
296608,2,2
293354,2,1
41930,2,2
36318,2,2
376615,2,2
348953,2,2
208032,2,1
196535,2,2
392553,0,1
23525,2,1
144242,2,2
288160,0,2
311026,2,2
311669,0,0
303723,0,0
54655,0,2
245342,2,2
20135,2,2
19026,1,1
14317,1,1
289008,0,2
293090,2,1
116774,2,2
123589,2,1
27463,1,1
314778,1,1
284217,2,2
246570,1,1
125218,0,0
400979,0,2
401812,0,1
343892,2,2
320728,0,2
250848,2,2
207571,0,0
383863,1,1
333921,2,2
311558,2,2
283253,1,1
401498,2,2
256694,0,0
351859,0,2
149551,2,2
403622,0,0
65046,2,2
255706,2,2
9243,2,0
308119,2,2
399165,0,1
368096,2,2
84810,0,0
254699,1,1
177687,0,0
43984,0,0
19431,2,0
353442,0,2
39519,0,2
159412,1,0
34387,0,2
68429,1,1
165185,0,0
172078,2,2
376201,2,2
166468,2,2
248134,1,1
42400,1,1
211531,0,0
247954,0,0
291554,0,1
366264,0,1
343808,0,1
158267,2,2
284483,0,0
212234,0,2
32094,0,2
220566,2,2
147858,0,2
164730,0,2
339867,2,2
214417,0,0
97398,2,1
40154,0,1
381843,0,0
180019,1,1
324522,2,2
190519,1,1
57504,0,2
181249,2,1
260646,2,2
134618,2,2
249720,1,1
135894,2,2
328944,0,2
242858,2,1
104579,0,0
145279,2,2
69139,2,1
335267,2,2
22199,2,2
142081,1,1
176693,0,1
252214,0,0
147049,2,2
177897,0,0
202967,2,2
192221,2,2
104355,0,1
301620,0,2
295703,0,0
137969,0,0
235839,0,0
328927,0,0
7254,2,2
404633,2,2
285797,1,1
306365,0,1
384753,2,2
223825,2,2
189815,1,1
375596,2,2
23918,2,2
7341,2,2
116240,2,2
268210,2,2
48726,0,0
281242,1,1
223872,1,1
335116,0,0
320833,0,2
15212,2,2
165519,2,2
218960,1,1
353390,2,1
47343,2,2
241967,1,1
226896,2,1
77991,0,0
332844,2,2
303042,0,2
34882,0,0
334569,0,2
285293,0,0
241598,0,2
44230,0,0
207026,2,1
18324,2,0
138154,1,1
126202,0,1
64221,2,2
172403,0,2
381724,2,2
51429,2,2
327608,2,2
366911,1,1
160394,0,2
177006,0,1
272311,0,2
224401,1,1
158595,2,2
245541,1,1
47675,0,2
294710,2,2
69846,0,1
122596,2,2
167291,2,2
356249,0,2
221898,0,2
229086,2,0
189749,2,2
36649,2,2
161996,0,1
341099,0,0
35651,0,2
238566,0,1
308607,0,1
72659,2,2
199703,2,2
361172,2,2
332076,2,2
371893,2,1
170305,2,2
13715,1,2
399770,0,2
324552,2,2
194180,2,2
385130,2,2
389400,0,2
193562,0,1
173395,2,2
355709,1,1
215509,1,1
314752,0,1
186130,1,1
354253,0,2
166925,2,2
63438,2,2
198369,0,1
402791,2,2
303219,1,1
355303,1,1
262278,2,2
204278,0,2
319798,2,2
334469,0,2
393923,2,2
145782,0,2
224230,0,2
337251,2,2
237439,2,2
222030,2,2
360734,2,1
221664,0,1
33578,2,2
136483,0,0
343391,0,0
61630,0,1
52107,0,0
340031,2,2
245017,1,1
281263,1,1
363875,0,0
103053,0,0
385862,1,0
171005,0,2
323614,0,2
399496,1,1
292285,0,2
399575,2,2
56430,0,0
114170,2,2
176837,1,1
284655,1,1
178127,2,2
147525,2,2
31293,2,2
60632,0,2
112124,2,1
202248,0,0
115327,2,2
266810,1,1
180138,0,0
361654,1,1
344484,2,2
49133,0,2
29308,0,0
284008,2,2
112106,0,0
197108,2,2
51259,1,1
169336,1,1
295276,1,1
186400,0,0
168617,1,1
217755,2,2
22000,0,0
116904,2,2
81307,1,2
72666,1,1
48057,0,2
275169,2,2
374029,0,2
231471,1,1
222822,0,1
32004,2,1
341750,0,2
241217,0,2
354921,1,1
347694,0,0
285613,2,2
309547,0,1
27901,2,2
286328,2,2
293002,2,2
79858,0,0
220965,0,0
56114,0,1
110619,2,2
228797,0,2
161572,0,2
84309,2,2
200385,0,2
145493,2,2
207989,0,2
46679,0,0
195766,0,2
30747,2,2
334766,2,2
200180,2,2
193175,0,1
86334,1,1
291566,0,0
55626,2,2
316782,2,2
376145,0,0
38824,2,2
315863,2,2
366608,0,2
23422,1,1
326255,2,2
375461,2,2
214906,2,2
393455,2,1
102396,2,2
13860,1,2
68937,0,2
209845,2,2
390469,2,2
298446,2,2
370233,0,1
208750,2,2
8111,0,0
397511,0,2
204040,2,2
359284,2,2
147109,2,2
218122,0,0
270871,0,0
125177,2,2
158340,0,1
228030,0,2
75483,2,0
215469,2,2
268974,0,0
153984,2,2
173610,0,0
263008,2,1
370785,0,0
222859,0,2
111372,2,2
16261,1,1
325115,2,2
148588,2,2
157657,2,1
162551,0,2
283172,0,1
52057,1,1
281690,0,2
215896,2,2
62584,1,1
150716,1,2
372671,2,2
305574,2,2
101009,0,0
277699,2,2
216761,0,0
338896,2,1
195570,2,2
55448,2,2
121850,0,1
82374,1,1
192845,2,2
277610,1,1
153603,1,1
215569,1,1
290376,2,2
69950,1,1
195106,2,2
116601,2,2
67502,0,2
396021,1,1
402297,0,0
382295,0,1
405819,0,0
272064,2,2
351612,0,1
135162,1,1
345141,2,0
118343,2,2
103748,1,1
381904,2,2
303072,2,2
316526,2,2
171555,2,1
359550,2,2
68230,2,2
53659,2,2
237960,0,0
334689,0,1
112564,1,2
164976,2,2
311675,0,2
143886,0,0
397087,2,2
175812,2,2
258209,0,2
57714,2,2
242874,0,0
107052,2,1
304244,2,0
151483,1,1
76,1,1
48662,0,1
374721,0,2
51892,1,1
64088,2,1
164368,2,2
5371,2,2
323210,2,2
38053,0,1
221370,2,2
214856,2,2
323560,0,2
362228,1,1
345401,0,2
401132,1,1
187853,0,0
404760,2,2
341442,2,0
207801,2,2
43691,0,2
393445,2,2
118968,1,1
74370,2,2
332405,0,1
48427,0,2
143023,1,1
322661,2,2
208928,0,0
264005,2,1
123240,1,1
298865,2,2
377698,2,2
28047,1,1
45092,2,2
312491,0,1
204784,2,2
264912,0,0
248327,2,2
373862,0,1
67646,2,2
64529,0,2
235162,0,0
399272,0,2
85570,0,0
183242,2,1
134371,0,0
299933,2,2
168512,0,0
106298,2,1
184327,2,2
115351,0,2
77517,2,1
79031,2,0
158007,0,2
295397,0,2
371569,2,2
82335,1,1
303126,0,0
242050,0,0
21247,2,2
228443,2,2
111157,2,2
345449,2,2
40379,1,1
52398,2,2
257474,0,2
11006,1,1
314962,2,2
372339,2,2
224117,0,2
1891,2,2
268734,2,2
319622,0,1
204015,0,0
391038,0,0
316306,1,1
54422,1,1
224788,2,2
180751,0,2
376652,0,1
159525,2,2
209016,2,2
386513,2,2
163945,2,2
243763,0,2
276416,1,1
172036,1,0
398340,2,2
157151,2,2
398907,1,1
89858,2,2
130633,0,0
99338,2,1
22052,1,0
85573,0,2
217441,0,0
51783,1,1
16295,0,2
236767,0,1
96947,2,2
54304,2,2
287553,0,2
26394,2,2
124235,0,2
285508,2,2
245804,0,0
7687,2,2
202330,2,2
54996,1,2
290774,2,1
96414,2,2
346315,1,1
14565,2,2
251239,0,2
365882,1,1
290500,2,2
319738,1,1
371364,2,2
364912,0,1
211708,1,1
271403,0,2
29921,0,0
183535,0,0
287842,2,2
186327,2,2
91133,0,2
273002,0,1
243412,0,1
91163,1,1
380224,1,1
97748,0,1
205152,0,2
308865,0,0
231510,2,2
162781,1,1
142406,2,2
286497,0,2
367469,2,2
344172,0,2
46375,2,2
170774,0,1
247881,2,2
281614,0,2
78345,0,2
261398,1,1
138367,0,0
298051,0,1
281037,0,1
161797,2,1
247971,1,1
392986,0,2
314291,0,2
198733,2,1
275373,2,2
196003,0,2
134437,1,2
287420,0,0
66553,2,2
4645,0,0
72538,1,1
366961,2,2
392547,2,2
259303,2,2
15702,2,2
206653,2,2
86558,2,2
169239,2,2
333236,0,1
71407,0,0
345407,1,1
117418,0,2
158020,1,0
78028,2,2
335096,1,1
220528,0,0
159912,2,2
120359,2,2
185904,0,0
28855,0,1
149770,0,0
140145,2,2
251016,0,2
152834,2,2
135349,0,0
299043,2,2
111647,0,0
331691,2,2
32644,1,1
233864,0,2
275295,0,1
201114,2,2
322838,2,2
319861,2,2
328396,2,2
110465,0,1
32251,2,1
61557,0,0
285623,1,1
251537,1,1
317597,2,2
208048,2,2
318058,2,2
205271,2,1
227232,0,0
155770,2,2
193197,1,1
221178,2,2
387981,0,2
163757,2,0
85095,0,2
42762,0,2
144795,0,2
390740,2,2
196394,2,1
205341,2,2
240314,2,2
20347,2,2
379713,1,1
318970,1,2
89910,0,0
222061,2,2
386326,2,2
45241,2,2
327129,2,1
186462,2,2
319518,2,2
286282,0,2
369626,2,2
5458,2,2
379827,1,1
94338,2,2
199624,2,2
216749,1,1
398231,0,1
268220,1,1
144950,1,1
246161,2,2
243576,2,0
179839,0,2
95839,1,2
49982,0,2
247973,0,2
306339,2,1
74438,2,0
176147,0,0
263801,2,2
2716,0,2
398485,2,2
64394,0,1
320432,2,2
242074,2,2
108978,0,0
330166,0,2
269179,1,1
89180,0,0
292159,0,2
248236,0,2
67909,1,1
133735,0,0
169957,0,0
215109,0,2
355614,1,1
82074,0,0
68949,2,2
128646,0,0
318648,2,2
36324,2,1
334744,2,2
62840,0,0
25214,2,1
328214,2,2
235963,2,1
281792,1,1
76709,2,2
107932,2,2
299614,0,1
402033,1,1
28130,0,2
318116,0,2
393328,0,0
338691,1,1
113707,0,2
355515,2,2
309863,2,2
370244,2,2
183444,0,2
351836,0,1
99733,0,2
331446,2,0
240392,2,2
368691,0,0
17254,1,1
179560,2,2
389905,2,0
265277,2,2
352166,1,1
109429,0,2
200898,1,1
29424,2,2
145561,1,1
116403,2,2
6636,1,1
52408,2,2
180846,0,0
176648,0,2
367433,1,1
391158,2,2
100909,0,2
273109,2,2
214590,0,1
341270,0,2
255524,0,1
283868,1,1
226918,2,2
262870,2,2
54903,0,0
373792,0,0
41823,2,2
177886,1,1
186914,0,2
281582,2,2
252036,2,2
390189,2,2
105897,1,1
24577,2,2
278820,0,0
33558,0,2
65462,0,2
40673,1,1
57091,0,0
253648,0,0
64547,0,2
108997,2,2
83506,2,2
190512,2,1
183638,1,1
124310,0,1
1952,2,2
5890,1,0
215448,0,1
108134,1,2
130617,0,1
205247,0,0
302644,0,1
240667,1,2
297163,2,2
29646,0,0
163475,1,1
102177,0,0
200040,0,2
343431,2,2
231882,2,2
399384,2,2
213477,1,1
305142,0,1
133134,2,0
132235,2,2
353084,2,1
340162,0,0
339729,0,2
326070,2,2
180695,1,1
56373,2,2
127314,0,2
175722,2,2
395519,1,1
149492,2,0
98665,2,2
383632,2,2
385370,2,2
299495,0,2
312049,2,2
330634,2,0
210166,2,1
12885,1,1
195079,2,2
377618,1,1
59788,1,1
72573,0,2
234703,2,2
349200,0,2
129793,2,2
158905,2,2
8950,2,2
157040,1,1
99167,0,0
300951,0,1
297110,1,2
183857,0,2
69154,2,2
173690,2,2
287389,0,1
27062,0,1
148929,2,2
106892,2,1
310983,1,1
39062,2,2
9917,0,1
93612,0,2
203742,2,2
377070,2,2
91554,1,1
161047,2,1
16367,0,1
44044,2,2
181472,2,2
291254,1,1
176212,0,0
293892,2,2
201029,2,2
386904,1,1
398745,1,1
126866,2,2
121915,2,2
261807,0,0
226455,2,2
286102,2,2
129234,1,2
381420,2,2
11965,2,2
233319,2,0
124081,2,1
310420,0,1
102430,1,2
148561,1,1
341979,0,1
259154,2,2
309765,2,2
67120,0,2
148931,2,2
140608,2,0
42735,1,1
23731,0,2
218108,2,2
151701,0,0
259002,2,2
246622,0,1
261912,2,2
330302,1,1
145765,0,0
374105,0,0
285259,2,2
290628,0,0
171583,2,1
274402,0,2
320668,0,2
276334,0,0
271530,0,2
81339,2,2
20775,0,1
118776,0,1
214332,0,1
383896,0,0
354870,1,1
278170,2,2
62052,1,1
117529,2,2
397752,0,0
169776,0,0
337931,2,2
265670,0,1
137914,1,1
358184,0,0
127813,0,2
20510,0,2
146235,2,2
213537,1,1
211859,2,1
182034,1,1
58478,0,0
10599,0,0
349430,0,2
168404,2,0
391280,2,2
351493,0,0
145637,2,2
67157,2,2
49761,2,0
247582,0,0
236897,0,0
187060,1,1
213604,2,2
401701,2,2
313539,2,2
359609,2,2
104622,0,2
404287,2,0
390460,0,1
362747,0,2
359398,1,2
185841,0,2
173232,0,2
220643,2,1
335449,0,1
228676,0,2
127170,0,1
89872,0,0
172515,0,0
78180,1,1
18407,2,2
225264,1,1
130444,0,1
362781,2,0
76929,1,1
319459,0,0
263915,1,1
64897,2,2
29835,0,0
5363,0,0
155066,2,0
122662,0,0
392499,2,0
130394,0,2
311452,2,2
221187,1,2
54994,2,1
403336,0,1
274956,2,2
309568,1,1
37363,2,1
11556,2,2
328390,2,1
136477,0,1
20985,1,1
101494,2,2
327483,0,1
178571,1,1
217884,1,1
182906,2,2
173086,2,1
287651,0,1
243398,2,2
268466,0,1
309680,2,2
28688,2,2
82717,2,2
187325,0,0
345300,2,2
325618,1,2
348471,1,1
90369,0,1
343340,0,1
204819,0,2
47580,0,0
324999,2,2
285819,2,2
199762,2,2
119837,0,2
361163,1,1
116884,2,2
294005,2,2
131288,2,2
399871,0,1
266372,0,1
288354,1,2
404810,0,2
151313,1,1
345816,2,2
168243,0,1
177881,0,2
107949,2,2
381742,2,2
26837,2,2
62793,2,2
67067,0,2
78404,0,0
356321,0,2
283834,2,2
246620,2,2
8049,2,2
50519,1,1
46158,2,2
394824,0,1
334077,0,2
341183,2,2
163181,0,2
38286,2,2
30126,1,1
135912,0,2
284745,0,2
370361,2,1
152985,1,1
97559,1,1
286501,1,1
60575,2,2
3095,0,2
5148,0,1
383680,0,1
170460,0,1
102439,0,0
276394,2,1
237989,0,1
105266,0,1
302590,0,2
43028,2,2
6519,2,2
342628,0,0
155145,2,2
116800,1,1
91409,0,2
252908,0,0
306509,1,1
317141,0,2
162088,2,2
41176,2,1
3393,2,2
383995,2,2
49352,1,1
23700,2,1
270724,0,1
96494,1,1
12152,2,2
302179,1,1
67478,1,2
74034,1,1
90002,2,1
57538,2,2
270487,2,2
188648,0,0
262922,2,2
261937,2,2
157592,2,2
183061,0,1
182895,1,1
16624,2,1
252125,0,0
62067,2,1
245937,1,1
117871,2,2
160575,0,1
216719,2,1
44771,0,0
186848,1,1
108947,1,1
24892,2,2
41780,2,2
382188,0,2
281930,0,1
336661,0,0
148851,0,0
184775,2,2
282849,0,0
164621,0,2
118579,2,2
24957,0,2
355665,2,2
204946,1,2
80591,2,2
210269,1,1
325009,0,1
341841,2,2
324539,0,0
395965,2,0
127041,1,2
209626,2,1
217693,0,2
226096,1,2
60752,0,0
247254,0,0
3703,2,1
360485,1,1
287239,2,1
285363,1,1
353777,2,0
259356,0,1
12238,2,2
365291,0,1
293717,2,2
38154,0,2
278757,1,1
252068,2,1
202512,2,2
374779,0,1
22082,0,0
362311,2,2
134801,2,1
44046,0,0
231841,2,2
205486,1,1
370030,1,2
33819,2,2
385867,0,2
191408,2,1
334703,2,2
174930,0,2
339523,2,2
333545,0,0
9872,1,1
312113,0,0
247937,0,2
172970,1,1
368590,2,0
30922,0,0
347021,2,2
111263,0,1
115794,0,0
7606,2,2
24670,2,2
230574,0,0
357178,2,2
272991,2,1
75635,0,0
103769,2,2
106118,0,0
99631,0,2
77062,1,1
213454,0,0
144465,0,2
180415,1,1
300967,2,2
320302,0,2
347993,2,2
128395,0,2
96298,2,1
98817,2,2
101149,0,1
365170,0,0
120892,0,2
50185,0,2
180041,2,2
338339,2,0
268296,0,2
87679,2,0
397720,0,0
68273,2,2
350402,2,1
29785,1,1
165335,2,2
208602,0,0
34475,2,1
46359,2,2
179686,2,2
363852,0,1
146742,2,2
328888,1,2
317180,0,1
369936,0,2
184223,0,1
341175,1,2
37978,2,0
340474,1,1
151642,0,2
51760,2,2
358246,1,1
19701,2,2
38677,0,2
12514,2,2
387059,0,0
234102,1,1
223050,0,0
209833,0,2
401751,1,1
12304,0,1
113773,2,2
363595,2,1
133640,2,2
140124,1,1
129313,1,1
326719,2,1
370357,1,2
332454,2,2
151953,2,1
369785,2,2
248852,2,2
387357,0,0
231843,0,2
109605,0,1
150109,1,1
123038,1,1
5559,0,2
393655,0,2
14235,0,1
159753,2,2
285679,2,2
160403,0,1
306576,1,1
232100,2,2
183664,0,0
405421,0,0
361008,1,1
215341,2,1
3361,0,2
138576,2,2
10320,1,1
241292,2,2
278110,0,0
52031,2,2
23144,2,2
145105,2,2
296854,2,2
160344,2,2
101407,2,2
61402,0,0
285123,0,2
197349,0,0
156094,2,0
221298,2,2
135211,0,2
189942,0,1
87557,2,2
8477,2,2
318079,2,2
271615,0,2
325331,1,1
356214,1,1
176439,2,1
58967,0,1
130478,2,2
379820,2,0
263027,0,0
175955,2,2
372255,1,1
317729,1,1
20121,1,1
320529,0,0
332298,2,0
342977,2,2
264445,2,2
287941,0,2
42064,2,2
318998,0,2
39180,1,1
83685,2,2
190550,2,2
271348,0,0
204075,1,1
165122,2,2
168534,2,2
143339,2,2
333004,2,2
192500,0,2
71610,0,0
342433,0,1
149270,2,2
219972,2,2
233634,2,2
313437,0,0
149938,1,1
371589,1,1
208737,0,2
307300,0,0
213281,2,1
317858,0,0
359906,2,2
57448,2,1
348978,1,1
23720,0,0
180128,2,2
369862,1,1
345253,2,2
166974,2,2
50570,1,2
172784,0,1
390860,0,1
348323,0,1
74928,1,1
265802,2,2
108656,0,2
194330,2,1
108096,0,0
377065,2,2
318793,2,2
399624,2,0
210827,2,2
66391,0,1
295393,2,1
48083,0,1
392451,2,2
1683,2,2
4231,1,1
63397,2,2
207616,2,2
227746,2,2
396484,2,2
279027,2,2
55263,1,1
123548,2,2
332441,1,1
205725,0,2
213219,0,0
195320,0,0
384602,0,2
115802,2,2
128052,2,1
69022,0,1
60153,2,1
234350,0,2
47868,1,1
122740,2,2
120321,2,1
62594,0,1
75756,1,1
185554,2,2
257509,0,1
129767,1,0
251935,0,2
336400,0,1
130041,0,2
234708,1,1
274656,0,0
313584,0,0
214506,0,0
373192,1,1
33694,0,0
352011,2,2
336180,0,0
282645,2,2
302599,2,2
141022,0,1
381039,0,2
196860,0,2
271384,2,2
270797,0,1
24117,1,1
357833,2,2
64770,1,1
393265,0,1
346555,0,2
349225,0,0
114033,1,1
55963,2,2
363405,0,1
20424,0,0
98157,2,1
355023,2,2
385704,2,1
252547,1,1
296991,1,1
199869,0,2
213535,2,1
272650,2,2
70864,2,2
388722,0,1
166524,2,1
401413,1,1
75316,0,0
270820,2,2
354745,2,1
126701,0,0
86214,2,0
239890,1,1
270227,2,2
376612,0,1
4238,0,1
311585,2,2
212345,2,2
144281,1,1
229091,0,2
43164,1,1
269915,0,0
275280,2,1
151343,2,2
53457,2,2
139136,2,2
225679,0,2
276470,2,2
263370,2,2
211272,1,1
253855,2,2
54704,0,0
183878,2,2
63063,2,0
62985,0,0
320976,1,1
400203,1,1
395991,0,1
367362,2,2
216061,0,2
162097,2,2
126608,0,0
66335,1,1
280673,2,2
392563,2,1
179909,0,0
247919,0,1
170731,0,1
190251,2,2
258110,0,1
136294,0,1
15265,0,2
158439,0,1
281521,2,2
303707,0,1
299228,0,2
252674,2,1
175856,0,1
361367,2,1
404778,1,1
379317,0,1
243027,0,0
242833,2,1
158393,2,2
406026,0,2
48334,0,2
341093,2,2
272399,2,2
395499,0,0
42760,2,2
11933,2,2
282084,2,1
115328,2,2
253166,2,1
255741,0,1
55570,2,2
240968,1,1
103982,0,1
365997,2,2
118773,0,0
58091,2,2
59316,1,1
342544,0,0
180373,0,1
71222,1,1
336933,2,2
339932,0,1
305880,2,2
106377,2,2
269416,2,1
202077,2,1
35963,0,1
30780,1,0
52427,2,2
360372,0,2
277604,1,1
219743,0,1
156171,0,0
188151,2,1
207666,2,2
290985,2,2
173541,0,2
87697,0,0
401139,2,2
55378,0,1
252426,2,2
93097,2,2
4505,0,0
219796,0,0
69864,0,1
702,0,0
120401,2,1
1085,0,2
384247,2,2
247815,2,2
44665,0,2
142474,0,2
360469,0,0
56045,1,2
208438,1,1
317232,2,2
201230,0,2
218994,2,2
227036,0,2
404477,1,1
265825,1,1
322375,0,0
76148,2,2
33040,2,2
255223,2,2
312856,0,2
272302,2,2
328562,0,2
302483,0,1
68048,2,2
83485,1,1
114307,0,2
221900,1,1
92975,2,2
129161,0,0
40549,0,1
285779,2,2
363520,0,2
67625,2,2
264309,0,1
47732,0,1
98343,2,1
388385,2,2
11092,0,2
261978,0,0
226265,0,1
279,2,2
4372,2,2
233023,0,0
366120,2,2
303069,2,2
198820,2,2
162012,1,1
67603,2,0
210429,2,2
152284,2,2
239646,2,2
173698,0,2
251682,1,1
366495,0,1
221741,0,0
258770,1,1
208914,1,1
164451,2,2
383526,0,2
132040,0,1
108016,0,2
48751,2,2
7,2,2
242359,1,1
73451,1,1
336012,0,0
65852,0,2
211088,0,0
55751,0,2
271481,0,1
168577,2,2
376360,1,1
164241,0,2
126106,2,2
11328,2,2
256969,2,0
81851,2,1
288900,0,2
124626,0,2
233403,2,1
371914,0,0
338624,1,1
285453,2,2
175308,0,0
283004,2,2
120434,2,2
172698,1,1
237293,2,2
111078,2,0
43068,0,2
312677,0,0
247310,0,2
97196,2,2
152246,2,2
119516,2,2
290697,1,1
174473,1,1
155896,0,2
121480,1,1
342017,2,2
139517,0,2
73043,0,1
178012,0,2
157736,0,0
355038,0,0
251461,0,1
101893,0,0
95664,0,0
290280,2,1
340897,0,1
207414,2,1
157634,2,2
276257,1,1
2105,2,2
3113,2,2
403873,2,2
215662,1,1
286616,0,0
371349,2,2
137977,2,2
109866,2,2
30919,2,0
234118,2,2
374255,2,1
86174,2,2
275505,2,2
110665,1,1
129945,0,2
138446,0,2
89096,0,1
190755,2,2
400335,2,2
236048,1,1
228548,2,2
251071,0,2
125589,0,2
308281,0,0
210982,2,1
271974,0,0
375378,2,2
67368,1,1
328351,0,2
339273,2,2
181387,1,1
212633,0,0
90458,1,0
76837,2,2
169350,2,1
68352,2,2
24750,1,1
219471,0,0
314959,0,0
8858,0,2
158191,1,1
171814,2,2
373617,1,1
319203,0,2
292426,0,0
550,2,2
394254,2,2
216509,2,1
405673,2,2
90377,1,1
232170,0,2
100477,0,0
46670,2,1
335636,1,2
344510,2,2
100584,1,1
128248,1,1
151561,0,0
252234,1,1
115433,2,2
341077,1,1
164122,2,2
268262,2,2
78785,2,1
176180,1,1
104148,0,0
288265,2,2
183494,0,0
321610,2,2
110252,1,1
323322,1,1
195996,2,1
223951,2,2
46765,1,1
298406,2,1
348123,0,0
287502,0,0
16950,0,0
204066,1,1
38368,1,1
368990,1,0
88336,1,1
112601,2,2
219755,0,1
5401,0,0
391297,2,2
405192,2,2
274085,1,1
309129,1,1
233555,2,2
308615,2,2
120627,2,1
305348,0,2
36911,0,2
349599,1,1
328542,2,2
353839,2,2
340970,0,0
174214,0,0
229377,2,1
282696,2,2
82544,2,2
251995,2,1
44923,0,2
134602,0,2
329719,1,1
52282,2,1
284046,2,2
23283,1,1
64027,0,2
367129,2,2
167406,2,2
18989,0,2
18006,0,2
33307,2,2
263341,2,2
114431,2,1
339044,2,1
230671,2,2
199757,2,2
246434,0,2
186326,1,1
105253,2,2
377248,1,1
254074,0,0
205972,2,2
3255,2,2
391322,1,1
325950,1,1
214093,0,1
119369,2,2
96468,0,0
275327,2,1
139512,0,0
399095,1,1
250492,2,2
5006,2,2
24555,1,2
117392,0,2
91285,1,1
262991,2,2
100329,1,1
360758,1,1
280145,0,2
7690,0,2
54331,0,2
339055,2,1
80040,2,2
123979,2,2
305999,0,2
338106,1,2
163614,0,0
337687,1,1
236994,2,2
34847,0,0
198371,2,1
369992,2,2
351584,1,1
249813,2,2
382601,0,2
71958,0,0
50159,2,2
204982,0,0
285551,2,2
281528,2,2
52229,2,0
233651,2,2
12016,2,2
250502,2,1
218725,0,2
253982,2,2
162580,0,2
34337,2,2
377187,0,1
295076,2,2
315554,0,0
221535,0,1
26056,0,1
67520,2,1
340900,0,1
402186,0,2
167703,0,2
86170,0,0
250329,2,2
363832,1,1
236415,1,1
43918,2,2
369520,0,1
3750,0,1
75714,0,2
37961,2,1
266171,2,2
225475,2,1
351579,1,1
260287,2,2
13633,2,1
347866,0,2
191485,2,1
326504,2,0
103892,1,1
372372,0,2
141768,2,2
380453,2,0
197774,1,1
302617,0,0
244911,2,2
241643,0,2
70255,2,2
135983,0,1
253152,2,2
182241,1,1
152673,1,2
368779,0,1
76339,0,0
343823,0,0
137816,1,1
12627,0,0
192492,1,1
209700,0,2
218178,0,2
159582,0,2
224244,2,2
178182,2,2
146772,0,0
53648,2,2
244261,2,2
146140,2,2
392019,0,1
305415,2,2
91517,0,1
330295,2,2
56079,2,2
390455,1,1
145941,0,0
287152,2,2
276455,2,2
73739,2,2
335950,2,2
268192,2,1
116600,1,1
328474,1,1
156282,0,2
184745,0,0
160093,0,2
80378,0,2
210425,0,1
192580,2,1
245373,2,2
222100,1,1
45,1,1
254920,2,0
94499,2,2
94382,1,1
95955,0,2
66552,2,1
289915,2,1
27682,0,2
247867,0,0
10267,0,2
49654,0,0
158174,0,2
219434,2,2
351375,0,1
324338,2,0
47450,1,1
262054,0,2
230597,0,2
400904,2,0
156319,2,2
241174,2,2
119113,0,0
282222,2,2
296603,0,2
313829,2,2
93025,2,2
185639,0,2
118502,1,1
205809,2,1
290025,2,2
140192,1,1
361429,0,1
187538,2,2
36648,0,1
217090,0,0
77265,2,1
258290,2,2
348942,0,1
313542,2,2
358289,2,2
16957,2,2
296916,2,2
374365,2,2
125373,2,2
210499,2,2
347608,0,2
391508,2,2
169851,1,1
181020,2,0
348319,0,0
122585,2,1
143267,1,1
394807,0,0
6263,2,2
166064,2,0
117666,2,2
240288,0,0
400988,0,1
22501,0,0
329248,0,1
252281,1,2
126645,2,1
325810,2,1
265676,2,2
112212,0,0
106968,2,2
147926,0,2
218038,0,2
47908,0,2
191980,2,2
190941,2,2
368497,1,2
299335,2,2
269753,2,2
126981,2,2
199070,2,2
315996,2,2
250132,0,2
248055,0,2
223530,2,2
232502,0,0
49753,0,1
120660,2,2
111556,2,2
389624,0,0
99730,0,0
307192,0,0
201844,2,2
84172,2,2
386742,2,2
117278,0,0
68094,2,1
51915,0,0
12684,2,2
207963,0,2
394494,2,2
316911,0,0
207835,2,1
247025,2,2
27590,1,1
155172,2,1
184113,1,1
341729,1,1
82066,2,2
334604,0,0
402370,2,2
25791,0,2
30457,1,1
386374,2,2
369143,2,0
103037,1,1
2602,0,0
156757,1,1
207551,2,2
210391,2,2
362219,0,1
322421,2,2
319205,2,2
342118,1,1
321326,0,1
298794,0,0
223203,1,1
109837,2,2
194722,1,1
25530,0,0
396249,0,0
45721,2,2
338796,0,0
76630,0,2
62282,0,0
238685,2,1
106993,0,2
101649,2,1
145873,0,2
353749,2,2
114777,0,2
286771,2,2
9097,0,1
221530,2,2
610,2,2
106792,0,0
383792,0,0
234757,2,2
324590,2,2
117750,0,1
178839,1,1
191305,2,2
229463,0,0
76097,2,2
401713,2,1
400814,0,0
225077,2,2
192127,2,2
213825,2,2
145187,0,2
331981,2,2
230225,1,1
145950,1,2
406211,0,0
396538,2,2
214543,0,1
33455,1,1
140840,0,2
347083,0,1
67953,2,1
122789,1,1
176836,2,2
81632,1,1
225569,0,0
191187,2,1
23650,1,1
284603,2,2
32634,2,1
395831,1,1
117960,2,2
296552,2,2
384735,2,2
32530,0,2
191978,2,0
105143,2,2
126444,1,1
240037,2,2
93613,2,2
104275,2,2
367257,0,2
325008,1,1
70726,2,0
344110,1,1
211924,2,2
90137,0,0
320532,2,2
238041,1,2
274301,1,1
370697,0,2
283199,2,2
134577,0,1
123078,1,1
12967,0,1
204649,2,1
265931,2,2
205267,2,0
302552,0,0
328311,0,0
359872,1,1
386154,2,1
13636,2,2
36229,0,2
24435,2,2
69748,1,1
258154,0,0
80992,2,2
85216,1,1
378463,2,2
128115,0,2
121834,0,2
179893,2,2
50022,0,2
402304,2,2
158695,2,2
359858,1,1
226640,2,2
124665,2,2
27687,0,2
13153,0,0
71627,0,0
109906,0,2
66803,2,1
100096,2,2
294854,0,0
295027,2,2
209043,2,2
237594,0,1
404246,1,1
320498,2,2
96693,0,2
244295,2,2
21236,2,2
9934,0,0
30367,1,1
254590,2,1
327082,0,1
63942,0,0
355426,0,2
351171,2,2
54092,2,0
262569,2,2
29588,1,1
298121,2,2
275771,2,2
128511,2,2
365422,2,2
161764,0,1
42908,0,2
157836,0,2
219285,2,2
127426,0,2
57850,1,1
33163,2,1
118428,0,2
271370,2,1
155872,0,2
351299,2,2
284732,2,2
131003,0,0
32188,2,2
13032,2,1
284273,2,1
90146,2,1
48348,2,2
379933,1,2
199337,2,2
75637,0,0
17340,0,0
371721,0,2
212823,2,2
374885,0,2
91483,2,2
116881,1,0
39332,1,1
369012,0,0
301035,0,0
338513,1,1
3715,2,2
259706,0,2
344813,2,2
147994,2,2
365912,2,2
340300,2,1
225931,2,2
339299,2,2
16040,1,1
218866,0,2
136262,2,1
261446,0,2
392192,1,1
169404,2,1
373452,0,1
89836,1,1
189203,1,1
311918,2,2
107524,1,2
75869,2,2
299286,2,2
227288,2,2
118199,0,2
98338,1,2
255995,2,1
329413,0,0
41138,2,2
280692,2,2
298015,2,1
135452,1,1
221151,2,1
142673,0,0
309061,2,2
115215,2,1
299421,2,2
205280,0,0
291641,2,2
163877,2,1
288840,1,2
185935,1,1
176670,0,2
92322,2,1
243456,0,2
198551,1,1
263667,2,2
98696,0,0
363995,1,1
237980,1,1
164881,2,2
180917,1,1
66682,1,0
87943,0,2
246665,0,0
169205,0,0
62943,2,2
69741,2,2
127202,0,0
68011,0,0
77075,2,2
345073,2,2
299896,2,2
192349,1,1
341913,2,2
233383,2,2
251288,0,2
2893,0,2
222626,0,1
369533,0,1
197948,0,2
199850,2,1
128895,2,2
28219,0,2
51244,1,1
359189,2,2
176547,0,2
206778,1,1
29759,2,2
52,2,0
255588,2,2
7009,0,2
42334,0,1
99138,0,0
351304,1,1
329070,0,0
189048,1,1
376527,0,2
290194,2,2
215298,0,1
316233,0,0
940,1,1
119831,2,0
224329,1,1
325615,2,1
48969,2,1
75906,1,1
146863,0,2
294968,2,2
141669,2,2
144573,2,2
354057,0,2
159921,2,2
14131,0,2
180055,0,2
129410,1,1
7196,2,2
364467,2,2
76072,1,2
158713,2,2
180568,2,2
159168,0,0
17588,0,1
259539,0,1
248989,0,2
118587,0,0
322114,2,2
383371,2,2
272462,1,1
242327,2,2
100543,1,1
43475,2,2
172988,2,2
202067,0,0
11402,2,2
73801,1,1
333733,2,2
342872,2,2
127298,2,1
170384,2,2
42940,1,1
276742,0,0
364315,0,1
184755,2,2
208934,2,2
102591,0,0
53028,2,0
387633,0,2
85289,1,1
240659,2,2
134994,1,2
118287,0,0
376461,2,2
259597,2,1
353064,2,1
175156,2,1
179685,1,1
153656,2,2
66382,0,1
308241,2,2
364296,0,1
337353,2,2
294085,0,2
336521,1,2
78236,2,2
207148,0,0
111290,0,0
260758,0,2
138128,2,2
52666,0,2
321229,2,2
345600,0,0
398105,0,0
47556,2,2
163779,2,2
375105,2,2
172996,0,2
274447,1,1
97388,0,0
254803,2,2
303236,2,2
255767,2,2
57422,0,2
275567,2,2
232166,0,0
157694,2,2
262927,1,1
311613,1,2
292365,1,1
4070,2,1
80006,0,1
168350,2,2
305666,2,1
41456,2,0
364855,2,1
184780,0,0
93682,1,1
228074,2,1
377929,0,2
296802,0,1
230300,2,2
202741,2,2
293544,2,2
274794,1,1
319818,2,2
160737,2,2
88840,1,1
60012,0,2
402245,0,0
335094,1,1
296101,2,1
389963,0,0
377005,2,2
378325,2,2
52754,0,2
85512,0,0
393792,1,1
38340,0,0
49856,1,1
91677,0,0
176426,0,2
246462,1,1
210956,0,1
26638,2,2
165637,2,2
404843,2,2
64050,0,0
21485,1,1
149200,0,1
260654,0,0
86136,2,2
376475,2,2
395465,1,1
244843,2,2
243547,2,1
390103,2,1
219803,0,2
15559,2,2
382060,2,2
98834,0,0
121188,0,2
303972,0,0
290731,1,1
347499,2,1
81786,2,2
237164,0,2
21612,2,2
53199,0,0
341674,0,0
251253,1,1
185310,2,2
204022,1,1
202112,0,2
285937,0,0
49078,2,0
97400,2,1
39605,0,2
176459,2,2
317460,2,2
93447,0,2
48573,2,0
30887,2,2
159530,2,2
271424,2,2
4811,0,0
169145,1,1
248946,2,2
343983,2,2
51742,0,2
221742,0,2
19761,2,2
340551,2,2
90251,0,2
13220,0,0
261576,0,2
70443,2,2
3436,0,0
218593,2,2
302431,2,1
15110,0,1
69958,1,1
282540,1,1
367239,2,2
213778,0,0
107253,0,2
234236,0,2
51575,0,0
292210,0,2
47124,2,0
162980,0,2
401962,1,1
276697,0,2
40255,1,2
395203,0,2
300931,0,0
301197,1,1
295828,0,1
184856,2,2
99318,1,1
215485,0,0
252731,1,1
312609,2,2
223653,0,1
388342,0,1
377880,2,2
344352,2,1
113174,0,2
147022,0,2
196720,2,2
249441,1,1
188909,2,2
300934,0,2
252734,0,0
399744,0,0
91191,1,1
239924,0,2
143962,2,2
384059,0,0
209454,0,1
128599,0,2
157041,0,2
184575,1,1
270905,2,2
246664,0,0
154687,1,1
59894,2,1
173039,0,0
87664,2,2
141896,1,1
178551,1,1
147280,2,2
78051,2,1
397040,2,1
370393,0,0
195931,0,0
121756,0,2
325917,0,1
251736,0,0
242496,2,2
245697,2,2
8160,2,2
145921,2,2
383405,1,1
112441,2,2
228641,2,2
382240,2,2
85822,2,1
31227,2,2
116642,0,0
258635,1,1
135991,0,2
206473,2,2
86874,1,1
33101,0,2
111234,2,1
143326,2,2
247354,0,2
405791,2,2
339895,1,1
140222,0,2
123367,0,1
15246,2,1
27760,2,2
342012,1,1
338890,1,1
121278,2,2
158649,2,1
228121,2,2
317968,2,1
151885,2,1
263630,0,1
200149,2,2
293292,2,1
369503,2,2
255281,2,1
12409,2,2
336472,0,0
24059,0,0
406008,2,2
242887,0,2
150111,0,1
57046,0,1
313057,0,0
336642,0,2
92661,2,2
252469,2,2
313966,0,2
141458,0,2
97115,2,2
165123,2,2
272769,2,1
405760,2,2
183409,2,2
390377,0,0
309775,0,2
320482,2,2
3458,0,2
216984,2,2
344087,2,2
15829,0,2
235280,0,1
171515,0,2
188932,1,1
155592,1,1
46481,1,1
89079,0,0
320848,0,1
44537,0,0
281574,2,2
297654,1,1
328081,2,2
297218,2,2
226031,2,2
223814,0,2
78910,1,1
387934,2,2
99427,2,2
382246,2,2
216864,0,1
126724,2,2
101630,1,1
325396,2,2
398882,2,2
202930,0,2
142901,1,0
404909,0,1
205511,2,2
265325,1,1
241885,0,2
388658,2,2
301228,0,1
33679,2,2
255892,2,1
213606,2,2
332327,2,2
391982,0,1
63426,0,1
349685,0,2
145587,0,1
267576,0,1
242579,1,1
166154,0,2
376766,1,1
103221,1,1
393404,0,0
61392,2,1
189478,1,0
84232,0,1
53472,2,2
197115,0,2
106758,0,0
22598,2,2
109817,0,1
205497,0,2
285565,2,2
101681,2,2
297402,2,2
226419,2,2
385547,1,1
30119,2,2
121285,2,2
249540,0,1
163772,1,1
314171,2,1
59919,2,2
339582,1,1
120194,2,2
347072,0,2
26924,2,1
358128,2,2
368475,0,0
205962,2,2
180157,0,0
60368,2,2
342689,0,1
185883,2,2
112783,0,2
395299,2,2
20188,2,2
193561,0,1
58012,0,2
331242,0,0
183352,2,2
249197,0,0
63367,0,0
264887,0,2
17407,2,2
404433,0,2
261100,2,2
52724,0,1
95074,2,0
387197,2,1
227968,2,2
78001,2,2
347621,0,0
192129,2,1
335055,0,0
110549,0,2
166169,2,2
50028,2,2
319272,0,2
22089,2,2
388580,2,1
156931,2,2
323006,2,2
243447,2,1
146598,2,1
305685,2,0
193698,2,2
17491,2,2
197603,1,0
199536,2,2
269083,0,2
172276,0,0
178660,0,2
175309,0,2
117798,0,2
39232,0,0
324540,2,1
41752,2,1
65425,2,2
291710,2,1
260687,2,2
44456,1,1
166346,0,2
202460,0,1
14049,0,0
92984,2,2
388978,2,2
405092,0,2
87680,0,0
368360,2,2
185528,0,2
15870,2,2
32321,0,2
294365,1,1
100688,2,1
298432,2,2
258399,0,1
42589,2,2
98307,0,1
260040,2,2
380968,2,2
10559,0,2
8624,2,2
156,2,2
393572,2,2
43715,2,2
316990,1,2
294871,1,1
330811,0,1
53127,0,2
148379,2,1
329599,0,0
258172,1,1
306887,2,2
393191,2,1
366477,0,1
195984,2,2
95308,0,2
183400,1,1
384951,0,0
125353,2,2
264104,2,1
143591,2,2
297416,2,2
60011,0,2
185259,0,0
308084,2,0
404273,1,1
100803,0,1
314466,1,1
368049,1,1
353395,0,2
298788,1,1
201561,0,2
116781,2,2
394827,0,2
255541,1,2
392626,0,0
346285,0,0
110739,1,1
72528,0,0
383796,2,2
272703,1,1
372932,0,2
330114,2,1
179326,2,1
26446,0,1
144378,0,0
224460,0,2
87802,2,2
183685,2,1
375872,0,2
116241,2,2
376209,0,1
162986,1,1
157532,2,1
279310,2,2
230045,0,0
374491,0,1
290894,0,2
51140,2,1
160871,0,2
41111,2,2
44903,2,1
366837,0,1
343241,0,0
395749,2,1
179933,2,1
310640,0,0
382160,0,2
383985,2,2
47445,2,2
202723,1,1
287101,2,1
328367,2,2
5230,2,2
242117,2,2
376007,1,1
67252,1,1
33846,0,2
67372,2,1
304791,0,1
287890,1,1
292756,1,1
130560,1,1
301454,2,2
324778,1,1
161683,1,1
27046,0,0
161350,1,1
317009,2,2
197383,2,2
69937,0,0
122970,0,1
336734,2,2
54721,0,2
354723,0,1
264822,2,2
230568,2,2
30391,2,2
357766,0,1
190021,1,1
137941,1,1
395730,2,2
252939,0,0
42250,2,2
337781,1,1
27676,2,2
271701,2,2
268979,2,2
267163,0,2
132258,2,1
332065,1,1
5001,2,2
275741,2,2
73303,2,2
354783,2,2
69458,1,1
54528,2,2
315624,2,2
334116,0,1
230159,2,2
166118,0,0
174641,2,2
207889,0,2
199662,2,1
302931,0,2
160858,0,0
278463,0,0
201866,0,2
56761,0,0
219850,2,2
304439,1,1
103169,1,1
57943,2,2
315587,0,2
395229,2,1
40771,1,1
3275,2,2
234918,2,2
387998,2,1
271989,0,0
319847,0,2
282302,2,2
64711,2,2
234864,1,1
91302,0,0
191942,0,2
370402,0,0
43959,1,1
177024,2,2
148385,0,1
337169,2,2
18928,2,1
45625,2,2
180006,2,2
22385,2,2
143753,2,2
406031,1,1
387996,2,2
153076,2,2
155695,1,2
98223,2,2
104159,2,1
352263,2,2
112075,2,0
247250,1,1
221260,1,1
119167,2,2
266460,2,2
373439,1,1
55021,0,1
237652,2,0
523,0,2
75492,2,1
249453,2,2
364097,2,2
346476,1,2
69622,2,2
106092,2,0
371717,0,2
124058,2,2
52124,1,1
156360,2,2
367321,2,2
280054,1,1
109012,0,2
170338,2,1
171301,2,2
3292,0,1
374378,0,2
97185,1,1
48397,2,2
205162,2,2
219320,1,1
286358,1,1
27262,0,2
69834,2,2
182085,1,0
166237,0,0
256883,0,2
168448,2,2
299731,2,2
274239,2,2
348636,2,1
352933,2,2
221175,0,0
195140,0,2
342446,0,2
70681,0,0
103629,0,2
324296,0,0
348310,0,2
140563,1,1
1022,2,2
195948,2,1
391105,2,2
220517,0,0
255044,2,2
36976,2,2
218430,2,1
390184,0,1
358923,0,0
332838,2,2
257724,2,2
338583,2,1
83712,2,1
134295,2,2
137939,2,2
206132,2,2
194505,2,2
109424,2,2
274986,2,2
261884,0,2
177266,0,1
378139,0,2
331665,2,2
266214,2,2
151463,0,0
193853,2,2
405017,2,1
166705,2,2
333968,0,0
20443,0,2
205625,0,0
171762,1,2
337476,2,1
331695,1,1
208618,2,2
189127,1,1
93819,2,0
181226,0,0
43473,0,2
155787,2,2
283702,0,1
29108,2,2
83316,2,0
118772,0,1
206979,0,2
254408,1,1
400309,2,2
126457,2,2
250736,0,0
260963,2,2
187467,2,2
372769,0,0
275695,1,1
152716,2,2
79266,0,1
249057,1,1
68614,0,1
17377,2,2
297388,0,0
138974,0,0
91839,0,2
141343,0,0
331018,2,2
247441,2,2
86059,1,1
162852,0,1
156148,0,1
248513,2,2
195248,0,0
146374,0,2
368239,0,0
69713,1,1
186295,0,0
37127,2,2
49710,2,2
58082,1,1
320295,0,1
277626,1,1
42969,0,2
326515,2,1
365773,2,2
37896,2,2
354808,0,0
253714,0,2
194338,1,1
256334,0,1
269496,1,1
75184,1,1
373080,1,1
10365,0,1
10433,2,2
364225,2,1
103780,1,1
181280,2,2
73659,2,2
291650,2,2
401076,0,0
45767,2,2
318127,2,2
369538,2,1
210724,0,1
267746,1,1
201020,0,2
77721,1,1
224108,0,0
402081,0,2
282273,0,2
249080,2,2
20668,2,2
149993,2,2
73236,2,2
61389,2,2
179068,2,2
68363,2,2
318001,1,1
173432,2,2
187637,0,0
359907,0,1
363788,0,0
105044,0,0
64910,0,0
249940,0,2
124222,2,2
368616,2,2
182120,2,1
359104,2,2
290086,1,1
162900,2,2
197912,0,0
122513,0,0
181192,0,2
349419,2,2
281011,1,1
3251,0,2
192983,2,1
279393,0,1
145985,0,1
292383,0,2
114765,2,2
116755,0,1
55155,2,2
177133,1,1
362877,2,2
180854,1,1
307738,1,1
210185,2,1
262281,2,2
156684,2,2
149718,0,2
31160,2,2
283839,2,2
181397,2,2
168625,0,2
385768,0,0
272968,0,2
337619,0,2
295088,2,2
260386,2,2
35613,2,2
117784,0,0
197337,0,1
97364,2,2
83593,0,2
164101,0,2
151154,2,2
152340,0,2
340398,0,0
366023,1,1
329899,2,1
105997,2,2
113619,1,1
123761,2,2
154904,0,0
45946,1,1
148119,2,2
333635,1,1
83960,2,2
141757,2,2
288580,0,2
284389,2,1
56505,0,2
76844,2,2
44034,1,1
195785,0,0
133119,0,1
336546,2,2
311426,2,2
31846,2,2
259731,1,1
237551,1,1
67514,1,1
98844,0,0
264969,2,1
168214,2,2
16122,0,2
399619,0,1
236730,2,2
93868,1,1
261915,2,1
120861,2,2
344283,0,1
388479,2,2
345877,2,2
18506,0,2
113441,2,2
334331,1,1
256693,2,2
30059,0,0
244704,0,0
349434,0,0
232069,1,1
315594,2,2
374487,0,0
156385,1,1
45872,2,2
365741,0,2
287853,1,2
110576,0,2
23498,1,1
141762,2,2
238111,2,2
72567,1,1
290866,2,1
191774,0,0
340454,2,2
18102,2,2
222135,0,0
36496,2,1
184430,1,1
23340,1,1
305085,2,2
274629,1,1
328788,0,2
348557,1,1
353487,2,2
302956,0,2
257757,1,1
71574,2,2
136066,0,0
242119,0,2
234345,1,1
314300,0,2
156495,2,1
226263,2,2
237116,1,1
357767,1,1
297982,0,2
80042,0,2
186559,2,2
345054,1,1
3176,0,2
16432,1,2
65692,2,1
342817,2,2
182391,0,0
65468,2,2
292995,0,0
208124,0,1
378467,0,1
348820,0,0
339433,1,1
139058,2,1
366432,1,1
59683,2,2
263671,1,1
369356,2,2
7890,0,2
262946,2,2
183651,2,2
282069,0,0
342412,2,2
7095,2,2
127150,0,2
57876,0,0
60775,0,2
325086,2,0
204516,0,0
303314,2,2
226982,2,2
172647,2,2
234394,2,1
280197,2,0
390742,2,1
369422,2,2
232132,2,2
241408,1,1
48321,0,0
31578,2,1
385317,1,1
32119,2,2
110320,0,1
84991,1,1
360553,2,0
317758,0,0
211757,2,2
346983,0,1
110627,1,1
70832,0,2
327957,2,2
276429,1,1
24121,0,0
365223,0,1
215362,1,1
226714,2,1
166261,2,2
143002,1,1
293541,0,2
163342,1,1
121891,0,1
113177,2,1
133713,2,2
178169,1,1
363392,1,1
399785,0,1
25627,0,2
237247,0,0
378562,1,1
331919,1,0
315388,2,2
176136,2,1
40578,2,2
201965,0,0
78337,0,0
221212,2,2
318379,1,1
62640,0,0
281353,0,0
180241,1,1
198389,2,1
244435,0,0
356068,0,2
298848,2,2
315320,2,2
80674,0,0
382564,2,2
391746,0,2
253940,2,1
70829,2,2
109203,2,2
300862,2,2
56337,0,2
322019,2,2
296563,1,1
228718,2,2
239339,0,0
338070,2,1
32041,2,2
352749,0,2
12793,1,1
8995,2,2
284081,2,2
161746,2,2
77363,0,2
12388,2,2
345996,2,2
211062,0,0
348175,1,1
280387,2,2
98716,0,1
93177,0,0
404317,2,2
97270,2,1
303507,2,2
147121,2,2
300141,0,2
267053,0,2
365800,2,2
392541,2,2
349060,0,0
104504,0,0
285591,1,1
199129,1,0
61539,0,2
225651,1,1
291247,2,2
313378,2,2
336219,2,2
26936,0,2
10873,2,2
155297,2,0
333428,0,0
163309,2,2
313751,0,0
1903,1,0
118405,0,0
8937,0,0
94565,1,1
330676,0,0
58050,2,2
291633,0,1
296481,0,2
187858,0,0
333392,0,0
157486,2,2
243962,1,1
223199,2,2
191344,2,2
255718,0,2
309483,1,1
173662,1,0
117630,0,1
367177,0,1
225074,2,2
53606,2,2
170084,0,2
125577,2,1
12473,0,0
77773,0,0
84102,2,2
293509,1,1
76604,2,2
242311,2,2
138628,1,1
76019,1,1
354837,2,2
194535,2,0
101427,0,2
41594,2,2
93227,0,2
203498,2,2
343470,2,2
29545,2,2
100267,2,2
213758,0,2
391655,2,0
149499,2,0
293371,2,2
292348,0,0
46755,2,2
285701,2,1
252434,1,1
238966,2,2
123453,0,0
111988,2,2
194719,0,1
301110,2,2
180009,0,2
217356,1,1
261918,2,2
188685,0,2
253289,2,2
176273,1,1
231932,0,2
90843,1,1
23997,2,2
325650,0,2
312382,2,2
287336,1,1
254967,2,1
77264,1,1
215856,1,0
211747,2,2
9600,2,2
18919,0,2
104419,2,2
14821,2,2
290612,2,2
128982,2,2
312413,1,1
248666,1,1
13451,0,1
134413,2,2
66588,0,1
369307,0,0
60389,1,1
263038,0,0
350507,0,2
49004,1,1
20639,2,2
287613,1,1
270555,0,0
289960,0,1
355126,2,0
327032,0,2
328565,2,1
10738,2,2
261421,0,2
159401,0,2
371963,2,2
110121,1,1
179773,0,1
329119,2,2
98225,1,1
114163,0,1
51230,2,2
370351,0,1
230232,1,1
299905,2,2
399224,0,2
60685,0,2
256552,0,0
150091,0,2
172576,0,2
271646,2,2
289900,0,2
39924,0,0
292952,2,2
149672,0,2
203326,0,1
393078,1,2
276168,1,1
84660,1,1
372273,1,1
296331,2,2
15393,2,2
136597,0,0
214589,0,1
273456,2,2
77246,1,1
107869,2,2
375650,1,1
340263,0,2
248158,0,0
193518,1,0
286688,0,0
216103,0,2
288,2,2
125544,2,2
372348,2,1
33298,2,2
128540,2,2
312349,1,1
286337,2,2
50072,2,2
392688,0,2
87217,0,2
145955,0,1
156695,2,2
99519,0,2
65357,2,2
210332,0,1
394546,0,1
227462,0,0
218946,2,2
81300,2,1
194755,0,2
345217,2,2
352100,1,1
128882,1,2
260569,0,0
37833,2,2
377987,0,2
240143,2,2
66932,0,1
119757,0,1
145690,1,2
177296,1,0
383721,0,0
50208,2,2
140422,2,2
318910,1,1
373898,1,1
97913,2,1
288611,1,1
6835,0,2
330402,0,2
363279,0,1
391045,0,2
173837,2,2
121536,2,2
119590,2,1
119106,0,1
49046,2,2
258516,0,2
219748,0,2
260783,0,1
317914,2,2
181494,2,2
53257,1,1
77366,0,2
291263,2,2
304876,1,1
226116,2,2
176422,2,2
256118,2,2
404076,0,2
189466,2,2
4764,2,2
250147,2,1
4322,2,2
72150,2,2
51763,0,0
166656,0,2
47279,1,1
293822,1,1
281434,1,1
21472,2,2
267913,1,1
176369,2,2
219218,2,0
277258,1,1
196413,2,2
47011,2,2
137696,0,1
392034,2,2
288825,2,2
228368,2,2
256933,1,1
405425,0,2
351815,0,0
114524,1,1
324809,1,1
20637,2,2
341995,2,2
54827,2,2
299085,1,1
79616,0,2
311659,0,0
94448,0,2
381765,2,2
147640,2,2
25689,2,2
276143,2,2
157020,0,0
258188,1,2
25118,2,2
120192,2,2
48241,1,1
272274,2,2
61438,0,2
300869,0,2
105238,2,1
234318,0,2
36499,0,2
363369,2,0
377830,2,2
363556,0,2
168239,2,2
92362,1,1
124702,0,0
48494,2,1
377568,0,1
98395,2,2
276754,2,2
252662,0,2
18653,2,1
338064,0,0
102929,2,2
347861,0,2
22193,1,1
99744,2,1
82625,2,2
347833,2,2
318411,2,2
17342,2,2
30123,0,2
172226,1,1
109136,2,2
51680,2,2
367585,2,2
133366,0,1
150103,2,2
146527,0,2
326095,1,1
315983,2,1
395044,2,0
332034,2,1
312493,0,2
189944,0,1
68876,2,2
37727,2,2
21201,2,2
93283,0,0
151918,2,2
156607,1,1
138567,2,2
66020,2,2
64550,0,1
14342,1,1
329250,2,1
386845,0,1
148459,1,1
220660,0,0
376104,0,0
15500,0,0
211724,2,0
3267,1,1
256093,0,0
272135,2,2
59354,2,2
94283,0,0
109746,2,0
296699,1,1
50421,2,1
159304,1,1
329516,0,1
155482,2,1
356498,2,2
140723,2,1
13292,0,1
104932,1,1
215463,2,2
96708,0,2
210201,0,1
116954,1,1
218252,0,0
131846,1,1
244538,1,1
22107,0,0
228139,1,1
308695,0,1
174785,0,1
214467,2,2
333840,0,0
270279,2,1
253057,0,2
50101,0,0
262971,0,0
284542,2,2
196119,2,1
186461,1,1
218893,0,2
120127,0,0
198035,2,2
285950,2,2
386652,2,1
306996,2,1
108010,2,2
19917,2,1
110159,0,2
373185,0,1
402677,0,1
306678,2,1
349214,0,2
346069,1,1
310735,0,2
237768,2,2
137573,0,1
379769,2,2
29619,0,0
373834,2,2
294334,2,2
143207,0,1
339596,2,2
376746,1,1
208538,2,2
54071,0,0
317272,0,1
150669,2,2
123794,2,2
272443,2,1
368402,2,2
122323,2,2
238969,2,2
201823,1,1
101796,2,2
166410,0,2
128928,1,1
293533,2,2
319243,0,0
307026,2,1
56281,1,1
124697,0,2
204816,2,2
327572,1,1
77025,2,2
298792,2,2
231992,0,0
104349,0,2
279331,2,2
371500,0,2
281613,0,2
123527,2,2
137711,0,0
337434,0,2
320585,2,2
313869,2,2
70381,2,2
30223,2,2
177574,2,0
72238,1,1
19352,1,1
25574,0,2
106791,2,2
199976,2,2
287411,2,2
288357,1,1
43663,0,2
215533,2,1
102513,0,0
95035,0,0
68056,2,2
234036,0,0
216754,2,2
278383,0,0
248780,2,2
184193,2,2
275454,0,2
269727,2,2
236350,1,0
164195,2,1
57050,2,2
182666,0,0
2354,2,2
70523,0,1
34835,2,2
256049,0,0
259280,0,2
199245,2,2
64565,0,0
186430,2,2
376431,2,2
96043,2,1
75653,0,2
165970,0,0
249657,0,0
342335,1,1
233139,1,1
299637,1,1
156392,2,2
26451,0,0
205870,0,2
296095,0,2
291626,2,2
103790,2,1
44634,2,1
369310,0,0
329081,2,0
201353,1,1
159839,0,1
376215,2,2
148087,1,1
385834,1,1
391240,2,1
64823,0,1
281208,0,2
21342,2,2
66181,1,1
118073,1,1
118696,0,0
357378,0,0
7881,0,0
251501,2,2
252230,2,2
97190,2,2
381502,0,1
122697,0,1
241344,1,1
92263,1,1
45159,2,2
241824,0,1
6288,2,0
403241,0,1
163689,2,2
331677,0,0
362703,1,1
238992,2,2
342378,0,2
127017,1,1
240306,2,2
308985,0,1
62979,1,1
17109,2,2
103844,0,2
121084,0,0
387866,0,2
75179,2,0
137267,1,2
13968,2,1
249996,0,0
18043,0,0
297669,0,2
354925,1,1
71129,2,1
102752,2,0
329853,0,0
388003,0,2
343968,2,2
360166,2,2
199365,1,1
311454,2,2
148899,2,2
287769,0,0
43642,2,1
204355,2,1
173514,2,2
35771,1,1
348878,2,1
253593,2,1
349764,2,2
83445,0,1
281081,2,2
116792,0,0
397384,2,2
1456,0,0
263259,2,2
316305,0,2
378669,1,1
36818,0,0
149354,0,1
320421,1,1
72676,2,2
161705,1,1
358532,0,1
364705,0,0
152828,2,2
294917,0,2
43283,2,2
389743,1,1
103447,2,2
245374,1,1
391062,0,2
251247,2,2
136085,2,2
384500,0,2
14497,2,2
216690,0,1
339524,0,1
392426,1,1
10641,2,1
328097,2,2
4710,0,1
117193,2,1
333643,2,2
318049,0,2
160589,0,1
144754,2,2
106531,1,1
27609,2,1
240861,0,0
162894,0,0
89514,0,0
238096,2,2
128139,2,2
368685,0,1
247999,1,1
49061,1,1
395549,2,2
211042,2,1
29181,0,2
151967,2,1
287158,0,0
226536,0,0
62458,0,0
274878,1,1
191429,1,1
405653,0,2
313672,0,2
158445,0,2
205406,0,2
285462,2,2
250270,1,1
304595,2,2
383572,2,2
368468,1,1
121415,0,2
270594,0,0
329847,2,2
2031,0,0
133526,2,2
272531,0,2
403233,0,1
92823,2,1
149363,0,0
344839,2,2
344426,0,0
180971,2,2
186833,0,1
375666,0,2
41667,2,2
130423,0,2
304455,1,2
77955,0,0
293241,2,2
244409,2,1
402308,2,2
176620,2,2
161234,2,2
77142,1,1
21197,2,2
86748,0,0
194392,1,1
205483,0,1
228922,0,0
393240,0,2
15944,2,2
238075,0,2
361631,0,2
259218,2,2
159974,1,1
8521,2,2
400041,1,1
207913,0,2
200989,0,1
60136,1,1
29044,2,1
161819,0,2
134028,2,2
166675,2,2
152534,0,0
264375,2,2
359667,1,1
151344,2,1
24371,2,2
71424,2,2
357102,2,2
8679,2,1
204517,2,2
129193,2,2
23910,2,2
80266,1,1
257900,2,2
41013,2,1
219786,2,1
281669,1,2
127807,0,0
282641,2,2
280823,1,1
229056,0,1
369366,1,1
187103,1,1
190456,0,2
153218,2,2
42729,0,2
268809,2,1
223675,1,1
11162,0,0
8729,0,2
62056,0,2
313284,2,2
11823,0,1
227234,2,2
382227,0,2
60619,2,2
179902,0,1
330938,0,1
302607,2,0
405374,0,2
247630,0,2
134486,1,1
256981,2,2
183889,0,1
125184,2,1
27985,0,0
21672,0,2
134941,2,1
244457,2,2
199852,0,2
205706,2,2
112202,0,0
3520,1,1
376843,0,0
80094,2,2
159313,2,2
113795,1,0
341626,0,1
390111,2,2
311710,2,1
354005,0,2
319973,0,2
129082,0,1
328289,2,2
83368,2,2
66769,2,2
99523,1,1
167325,2,2
366135,2,2
388619,0,2
377746,0,1
41407,0,0
85652,2,2
311672,0,2
124171,1,1
47441,0,2
185847,0,1
1846,2,2
154598,0,0
364110,0,0
257011,0,0
45892,2,1
324437,2,2
83471,0,2
205452,0,2
39280,2,2
23192,0,0
216824,2,2
28550,1,1
186019,0,1
192342,0,2
338042,1,1
229681,0,1
20724,2,2
227628,1,1
300670,2,2
361630,1,1
171371,2,2
150235,0,2
355576,2,2
303664,1,1
33807,1,1
325375,2,1
1029,2,2
305346,0,1
35189,0,2
400116,1,1
402653,1,1
273176,2,2
211383,0,1
227737,0,2
36682,1,1
73387,2,2
195034,0,1
202084,2,2
206695,1,1
274852,0,0
122913,2,1
244109,2,2
132918,1,1
341460,0,2
88695,2,2
169337,1,1
242737,0,2
391592,2,2
206071,2,2
18660,1,1
323144,0,2
391564,2,2
110683,2,2
316088,1,1
214535,2,2
239342,2,0
324473,1,1
112943,0,1
112013,2,2
88240,2,1
79852,0,0
134505,0,0
236721,1,1
386250,0,2
288130,1,1
387481,2,1
225244,2,2
186821,2,2
152669,2,2
92844,0,1
83902,0,2
129722,2,2
298103,0,1
91859,2,0
77289,1,1
230245,2,1
155965,2,2
183723,2,2
167401,2,2
136071,2,1
226751,0,1
278747,2,1
247203,0,1
36892,1,1
6757,1,1
219635,0,2
152621,2,2
127033,0,0
247559,0,1
63461,1,1
227256,2,2
6607,0,2
280661,2,1
28873,2,2
230988,2,2
149199,2,2
161176,1,1
226480,0,1
157598,2,2
274469,0,2
318275,0,2
331547,2,2
166951,0,1
2315,0,0
342967,0,2
178073,1,1
171850,0,2
361552,0,0
372939,2,1
317686,0,0
69202,1,1
850,2,2
131089,2,2
379525,2,2
256591,1,1
273838,1,1
130164,0,2
122480,1,1
176942,0,1
316002,1,1
145661,2,2
278797,1,1
286334,1,1
165035,1,1
13553,1,1
205282,2,2
311196,0,0
230796,0,1
405103,0,0
345304,0,2
45403,0,2
30057,2,2
128734,0,2
236321,2,2
323442,2,1
402927,1,1
346588,1,2
390838,2,2
114408,0,0
373216,1,1
312674,0,2
122119,2,2
206982,0,1
9674,1,2
195530,2,2
262805,1,1
356896,2,2
380871,2,2
366222,2,2
107042,2,0
347295,0,0
366567,0,2
107527,0,0
107277,1,1
296310,2,2
170309,2,1
174186,2,2
353640,2,1
133723,2,2
10715,2,2
102953,2,2
144507,2,2
386407,2,2
99181,0,0
387972,0,2
304674,2,2
269971,0,1
182280,1,1
59131,2,2
16813,2,2
135114,0,2
270378,2,2
184903,0,1
10422,0,2
188236,0,1
198571,0,1
68165,2,2
44788,1,1
155325,1,1
49742,2,2
122318,1,1
73778,1,1
78118,1,1
281503,2,2
320946,2,2
393356,0,2
23373,0,2
255856,2,2
147169,2,1
304195,2,2
56007,1,1
388262,2,1
285599,2,2
311433,2,2
326590,1,1
314352,0,0
45706,2,2
310016,0,2
263464,0,2
264889,0,0
19458,2,2
21522,0,2
188403,2,1
146605,0,0
361124,2,2
363004,2,2
302961,2,1
342319,0,2
380819,2,2
97494,1,1
348866,0,2
309287,1,1
15801,2,2
223892,2,2
393968,0,2
41073,0,2
272907,0,0
21254,2,0
77625,1,1
74322,0,1
87712,0,0
235933,2,0
366443,1,1
157799,1,1
375941,2,2
107865,0,2
193418,2,2
263313,0,1
122071,0,1
199875,2,2
57445,2,2
59140,2,2
343626,2,2
293158,2,2
334050,1,1
85219,0,2
161673,2,1
267514,2,1
105814,0,2
186426,0,0
157221,0,1
372562,0,1
322737,2,0
277349,0,2
4137,0,0
208368,1,1
325912,2,2
332547,2,2
41688,0,0
58784,0,1
83910,1,1
337288,0,0
297022,0,1
351419,2,2
67209,2,1
394654,2,1
243101,0,2
276766,2,2
281036,1,0
191333,1,1
191066,0,2
299430,0,1
310910,2,2
235811,2,2
387344,2,2
113167,1,1
362848,2,1
166970,0,2
179827,1,1
87614,2,1
123725,1,1
285825,0,0
241161,0,2
47221,0,0
329695,2,2
390992,2,2
56666,2,1
377590,0,2
11549,0,2
263115,0,0
329191,2,2
182308,2,0
179015,2,2
105163,2,1
29984,2,1
317691,2,1
68144,2,1
48108,0,2
9660,2,2
5021,2,2
179768,2,2
111271,0,0
164668,1,1
198678,1,1
79350,1,1
401809,1,1
344276,2,2
206894,0,2
88831,2,2
16951,2,1
14324,0,0
99024,1,1
214011,0,0
70219,0,0
393437,2,2
362454,0,2
240981,0,0
86637,2,2
398201,2,1
205668,1,1
346938,0,1
353679,1,1
331177,1,1
202842,0,0
296659,2,1
368346,0,1
293173,0,2
235598,0,2
117803,2,2
53608,1,2
382961,0,2
283257,2,2
45044,0,1
73002,2,2
146650,2,2
229264,1,2
106786,2,1
242589,2,2
40187,2,2
272743,2,2
363750,2,2
228291,0,1
348441,2,2
155388,2,2
295441,2,2
267315,0,0
222858,0,2
206113,2,1
372734,2,1
369332,0,1
366488,2,1
43507,2,2
254011,0,1
372172,1,1
384114,1,1
238770,2,2
394686,0,1
379202,2,2
72931,2,2
152529,0,2
280873,1,1
338735,2,2
172227,0,0
328159,2,1
97717,0,0
277735,0,0
152099,0,2
166464,0,0
292546,1,0
96679,2,2
285660,2,2
334025,0,2
119922,0,2
156863,2,2
338212,0,2
242758,0,1
13398,2,2
158822,2,2
72769,2,2
47684,0,0
210910,2,2
182192,2,2
131202,0,2
107154,2,2
156691,1,1
162549,2,1
106644,2,2
320696,1,1
13850,1,1
153791,1,1
311210,0,1
348070,0,2
318135,2,2
266448,0,1
9425,2,2
157654,0,2
48739,1,1
34495,1,1
54239,1,1
34532,2,2
375267,2,1
47391,2,2
37387,2,2
336578,2,2
82154,0,1
88098,2,1
121267,2,2
168532,0,1
327310,2,0
270825,0,0
180642,2,2
356981,2,2
221704,2,1
259443,0,1
399487,2,2
271113,2,2
231438,0,2
362468,0,2
115464,0,2
232247,0,2
364030,0,2
91496,1,1
208496,0,1
64856,1,1
179707,0,2
328862,2,1
145803,2,2
295274,2,2
399222,2,2
368255,0,2
105536,2,2
287654,0,2
226851,2,2
120990,0,0
357600,0,0
130905,2,2
206553,2,2
404717,0,1
370580,2,2
401471,0,0
276867,2,2
39047,2,2
33933,2,1
58067,0,0
130143,1,1
371618,0,0
153977,0,0
140703,2,2
180769,0,0
270283,1,1
73965,2,2
117553,2,0
95954,2,2
340021,0,1
4834,2,2
187440,1,1
393314,1,1
202135,0,0
251527,2,2
79719,0,2
12904,2,2
209386,2,0
359010,0,0
203882,2,2
176870,2,0
205656,2,1
86988,1,1
125252,0,2
150208,1,1
26913,2,1
328111,1,1
322880,0,2
149743,2,2
98162,0,1
350689,1,1
48582,0,0
28326,2,0
203690,2,2
260121,2,2
344966,2,1
328456,0,0
350100,2,2
89176,1,1
91892,2,2
253405,0,1
377996,2,2
378113,1,1
155845,2,2
380984,0,0
223784,0,1
180934,0,1
3096,2,1
10278,2,2
65066,2,2
313291,2,0
172037,2,1
189542,2,2
337105,2,2
13218,2,2
6617,2,1
360937,2,2
293334,2,2
342249,0,1
382748,1,1
235680,0,0
149662,2,2
352769,0,0
160360,1,1
225305,2,1
129176,0,2
283459,0,2
192825,2,2
144326,2,2
150839,2,2
318895,0,2
373668,1,1
254474,1,2
13649,2,2
54064,2,2
282194,0,2
114631,2,2
18360,1,1
152320,0,0
60721,0,2
373362,1,1
49290,1,1
387843,2,1
9416,0,2
251789,0,1
219949,0,2
196862,0,2
180516,1,1
96003,2,2
150918,0,0
78737,2,2
229426,0,1
129155,2,1
283143,0,0
251046,2,2
4355,1,1
367293,0,0
284626,2,1
122147,2,0
239929,1,1
203711,0,2
95752,0,1
36853,1,1
205761,0,2
221021,0,2
67760,1,1
295800,1,1
356007,0,2
76051,0,0
3121,0,1
366834,2,1
87631,2,2
131056,2,2
285097,1,1
342649,0,0
338920,0,2
154091,1,1
151321,2,2
258056,1,1
79201,2,2
271637,2,2
190446,0,2
322029,2,2
303571,2,2
293060,0,2
163214,0,2
50222,0,0
74155,1,1
148374,0,2
78859,0,0
136378,0,2
378873,0,2
276125,0,1
327107,2,2
203606,2,2
297919,0,2
393604,0,0
48675,1,1
94733,1,1
178775,0,0
1744,0,0
57407,1,1
271456,0,2
262141,0,0
226086,0,2
351034,2,2
360144,1,1
28782,2,2
405745,2,2
106376,0,0
300009,1,1
325573,0,1
359873,0,2
35583,2,1
198150,0,2
322617,2,2
294376,2,2
259740,2,2
124275,2,2
175266,2,2
128679,1,1
346510,0,1
378610,0,2
292582,2,1
310600,1,1
21124,1,1
216375,1,1
233873,1,1
220773,0,0
309887,2,2
101808,2,2
261226,0,1
274304,2,2
179352,0,1
312699,0,1
54500,2,1
276189,2,2
192556,2,0
364730,0,1
344526,1,1
304160,0,1
368232,1,1
32507,1,1
389316,0,2
388185,0,2
99421,0,0
258849,2,2
226925,0,1
102460,1,1
222755,0,0
192188,2,2
170417,0,0
85504,0,2
401275,2,1
142392,2,2
9657,0,1
383433,2,2
327594,0,2
212661,2,0
53668,1,1
242739,2,2
122750,1,1
398701,2,0
13537,0,1
242940,0,0
11288,0,1
194514,2,1
261910,1,1
87690,2,2
57202,2,2
251255,2,1
396938,1,1
295678,0,1
174023,2,2
356396,0,0
273302,0,2
312867,2,2
9789,2,1
249947,1,1
405984,0,0
325993,2,2
354228,0,2
13853,2,2
227131,1,1
396028,0,2
231748,0,0
302256,2,2
34006,2,1
196806,2,2
164181,1,2
340641,0,2
115068,0,2
334951,2,2
186266,2,2
25722,0,2
125779,2,0
285559,1,2
528,2,1
127088,2,2
351028,0,2
205561,2,2
22192,2,1
68598,2,2
110821,1,1
181938,0,2
363334,2,2
183832,0,2
117190,0,2
57376,0,1
265686,2,2
388446,2,2
34912,2,2
240260,0,2
330537,1,1
157189,2,1
93823,2,1
262788,2,2
360266,2,2
181301,2,2
310570,1,1
16449,2,1
372909,1,1
124883,2,1
158661,0,2
319929,0,0
338674,0,0
84166,2,1
71169,2,2
187835,2,2
65683,0,2
93985,0,0
149264,2,1
358004,0,2
140767,2,2
287430,2,2
52378,2,2
107590,0,0
193319,0,2
189887,0,0
276422,0,1
255685,2,0
333007,2,2
106810,0,0
109294,0,2
373051,2,2
98526,0,0
78886,0,0
164565,2,2
199933,2,2
230718,2,1
362905,2,2
245648,2,2
104720,0,2
18068,0,2
238765,2,1
244852,1,1
361689,2,1
78848,0,0
313972,2,1
39087,2,2
247786,2,2
397192,0,1
300695,0,1
223870,0,1
316786,2,2
402362,0,2
301183,0,0
39296,0,1
294355,0,0
13250,0,1
54798,1,1
44775,0,2
162457,2,2
295055,2,2
118916,0,0
148947,0,1
204375,2,2
314328,2,1
277488,2,2
310781,2,2
158399,2,2
93346,0,1
69372,1,1
212680,2,2
128891,2,2
35040,1,1
197946,2,2
95017,2,2
304083,2,2
318978,2,2
118493,2,2
159436,0,0
309842,2,2
370878,2,1
29161,1,1
111966,1,1
260485,2,1
212343,2,0
53436,2,2
315238,2,2
330553,0,2
156819,0,0
43113,0,1
310041,2,2
139913,1,1
212670,2,2
157713,0,1
87489,0,0
204928,2,1
25336,2,2
357921,2,2
69783,1,1
5314,0,0
58174,0,1
368964,2,1
289362,2,2
137553,2,2
45543,0,1
35203,0,2
80223,2,2
355959,2,1
159334,0,2
325567,2,2
138796,2,2
238149,0,2
212808,2,2
25286,0,2
112294,2,2
86390,0,1
225630,0,2
68911,2,2
266861,2,2
149233,0,2
25749,2,2
42313,0,1
133386,2,2
297195,2,1
123036,0,2
264397,2,2
363812,0,2
50092,2,2
182395,2,2
272449,0,1
63305,1,2
252285,0,2
46126,0,2
225428,1,1
367076,0,1
272377,0,1
117063,2,2
103750,2,2
107329,2,1
164275,2,2
288767,2,1
176357,2,2
45794,1,1
149524,0,1
347837,2,2
198785,2,2
85641,0,2
325586,0,0
244498,2,2
221712,0,0
342381,0,2
212415,2,2
33938,1,2
151805,0,1
22666,2,2
75390,2,1
59686,1,1
245796,1,1
19869,2,2
54334,0,1
361310,2,0
118153,2,2
388960,0,1
177138,0,2
39196,2,1
299629,1,1
215020,2,2
155923,0,2
386838,0,0
43746,0,2
268528,0,1
399737,0,0
213735,0,0
405134,0,2
301823,0,0
333785,2,2
137738,0,0
195275,2,1
198290,2,2
235694,0,0
363251,0,1
94307,0,2
53546,0,1
287667,1,1
287473,1,1
352917,0,2
221204,0,0
209671,0,0
293362,2,2
126144,2,1
96898,0,0
203062,2,1
304957,0,2
27941,2,2
216272,2,0
255178,0,0
204525,0,2
81552,2,2
258784,0,1
359226,0,0
5780,2,1
313859,0,1
213235,2,1
355548,1,1
161079,2,1
56416,0,1
403733,2,1
113779,2,2
258743,0,2
308488,2,2
65703,2,0
180632,1,1
208428,0,2
231705,2,2
336268,0,2
194726,1,1
304502,0,1
119651,1,1
34804,2,2
243109,1,1
359777,2,2
378195,2,2
401068,0,1
204242,0,0
11029,0,1
71064,0,2
237556,2,2
33343,2,2
52861,0,1
46776,2,2
231454,2,2
114066,1,1
345314,2,1
49529,1,1
143264,2,1
57000,2,2
1843,2,2
139112,0,1
181450,1,1
352766,0,0
342070,2,1
350035,2,2
269620,2,2
232794,2,2
177036,2,2
164052,0,0
231051,2,1
153664,0,0
396763,2,2
352562,0,2
72289,2,2
150854,2,2
176809,2,1
322458,0,0
92246,0,2
296506,0,2
156573,0,1
218005,2,2
397560,2,2
211916,0,2
104260,0,2
7982,2,2
192012,0,0
140533,0,2
289500,0,1
230198,1,1
76744,0,2
391530,0,2
80865,0,2
153927,2,2
125,2,1
231351,1,1
218044,2,2
157080,0,2
76399,2,2
217279,2,2
292258,1,1
9615,2,2
13870,2,1
205058,0,2
88791,2,1
124359,0,0
189901,0,0
116810,2,2
153253,0,2
88598,1,1
59968,1,1
179095,0,2
265155,0,2
94437,2,2
61596,1,1
400810,0,0
48066,2,2
12782,1,1
249764,1,1
33580,2,0
346888,2,2
267263,1,1
159232,2,1
379565,2,1
360815,2,2
241588,1,2
362811,0,1
127327,0,1
23037,1,2
84655,2,2
191421,0,0
282725,2,0
40774,2,1
167566,0,2
259311,1,1
197087,2,2
260202,2,1
305652,2,1
327614,0,1
209169,0,1
105377,0,2
270831,1,1
390092,2,2
318745,2,2
163316,2,0
200786,2,2
188475,2,2
282169,1,1
231385,0,0
393508,0,0
265754,2,2
201075,2,1
188328,1,1
189931,2,1
249502,2,2
406292,0,1
104204,2,2
182662,2,2
351192,2,2
170586,0,0
41707,0,1
268199,1,1
288144,2,2
292277,0,2
206257,2,2
92848,1,1
242788,2,1
269906,2,2
187524,2,2
356162,0,2
33858,2,2
295764,1,1
141791,2,1
349585,0,0
89821,2,2
337379,2,2
223810,1,1
200983,2,1
211024,2,1
207891,2,0
216199,1,1
330050,2,2
400033,1,1
208695,2,2
36305,1,1
237180,1,1
79874,0,2
371534,0,1
394858,2,2
390915,2,2
368585,2,1
63284,2,2
217357,0,0
6619,2,2
32020,2,2
71034,0,1
127044,0,2
268938,0,0
313381,2,2
9049,2,2
14087,2,1
330712,0,0
14244,0,1
190348,0,2
363552,0,2
327677,1,1
137545,2,2
159954,0,2
284709,0,2
332628,0,0
176562,0,0
375890,2,2
364994,2,2
132536,2,2
72723,0,2
206823,2,2
61511,0,0
322013,0,1
67016,2,2
242188,2,2
109783,2,2
321820,2,1
42884,2,2
181340,2,0
162569,2,2
353764,2,2
147059,0,0
193875,2,1
210449,0,2
136314,0,0
162531,0,0
110957,0,2
227664,2,1
87081,2,0
66560,0,0
360724,2,2
294850,2,1
124488,2,2
91242,0,2
282451,1,1
74680,2,0
175635,0,2
184845,2,2
223367,2,2
48676,2,2
289727,0,2
65652,2,2
291558,1,1
266063,2,2
314231,2,2
165897,2,2
263640,2,1
31460,2,2
159653,1,1
363722,0,2
12445,2,2
121386,2,2
39769,0,1
40999,2,2
327600,0,1
108998,0,1
299723,2,2
57147,2,2
95223,2,0
205749,0,1
41891,1,1
82098,2,2
334352,2,2
235042,0,2
105311,0,2
26391,0,2
263076,2,2
371250,2,2
251753,1,1
87400,0,0
130413,0,2
284416,2,1
128550,2,1
36382,2,2
3456,2,2
292810,2,1
68868,0,2
259415,0,2
55128,0,1
293627,1,1
307717,1,1
133520,0,2
75417,1,1
219229,1,1
293814,0,1
232124,2,2
82102,0,2
352413,2,1
337886,1,1
388594,2,2
307603,2,2
350918,0,2
196896,0,0
201012,2,2
163094,0,2
149906,0,0
72795,0,0
305883,2,2
102089,2,2
242790,0,0
54853,0,0
252925,2,2
250560,0,1
271184,0,1
84376,0,1
288347,0,2
81827,2,2
115405,2,2
205362,2,2
273446,2,2
336898,2,1
329945,2,2
101502,0,0
6247,0,2
320053,2,2
214831,0,2
340272,2,2
399966,2,2
251305,2,1
175255,2,2
34973,2,2
59688,1,1
213030,2,0
183351,2,1
175108,2,2
121554,2,2
328534,2,1
39996,0,2
212356,2,1
358788,1,1
45030,1,1
305845,1,1
45951,2,1
146216,2,1
108675,2,1
142644,2,1
398214,2,2
395761,0,2
44236,1,1
131463,1,1
208490,1,1
223778,2,2
15616,2,2
222518,2,1
289606,2,2
285447,2,2
184183,0,0
75458,0,0
95370,0,2
242266,0,0
300616,1,1
11674,1,1
69875,2,2
27070,0,0
217769,2,2
380603,1,1
5556,0,0
156053,0,2
352875,0,2
271863,2,2
33406,0,2
273233,2,2
200468,2,2
49443,2,2
261673,1,1
299852,2,2
145240,0,1
383310,0,0
373695,2,2
43187,1,1
374694,2,2
191291,2,2
100184,2,2
84618,0,0
397334,0,0
54796,2,2
140179,1,1
105675,0,0
9159,2,2
264267,0,1
118644,2,0
177287,2,0
255192,0,0
125584,0,1
31114,0,0
241190,0,2
113896,1,1
359635,1,1
303426,0,0
192293,2,2
24946,0,1
129408,2,2
353898,2,2
96362,2,2
388828,2,1
339258,0,2
146000,1,1
332360,0,2
184730,2,1
263186,2,2
254203,2,2
248837,2,2
80884,0,1
200455,0,2
273928,2,2
292712,0,0
295748,0,2
36547,0,0
344491,0,0
52395,0,0
27744,2,0
152857,2,2
209282,2,2
139945,2,2
381714,2,2
158990,1,2
221619,2,2
160712,0,2
255790,0,0
28318,0,0
106881,0,0
140081,0,2
23291,2,1
81945,2,2
392689,0,0
70552,2,2
18470,2,2
157472,0,1
383963,0,0
246009,2,1
88062,2,1
379892,1,1
351768,2,1
3142,2,2
292674,2,1
394200,1,1
54512,2,2
310258,0,0
244615,0,0
251381,2,2
10754,1,1
302039,0,2
298153,2,2
267135,2,2
246100,2,1
22321,2,2
220072,1,1
77605,0,2
16322,2,1
157399,2,2
95117,2,2
128234,1,1
47493,0,2
277664,2,2
5826,0,0
227696,2,2
240698,2,2
196319,1,1
226570,2,2
130914,0,0
342883,0,1
57460,1,1
213369,2,2
236402,1,1
64649,2,2
232293,0,0
242269,1,1
255803,0,1
118425,0,0
73513,1,1
266354,0,0
306884,0,0
76542,1,0
237287,1,1
254951,1,2
343475,2,2
298693,0,0
380830,1,1
58030,2,0
93296,2,2
265746,0,0
327266,2,2
396652,2,1
160011,2,2
369738,0,2
842,0,2
270737,2,2
317094,2,2
234209,1,1
378070,0,0
289765,2,2
67952,1,1
315326,2,2
257300,2,2
100513,0,2
189089,2,2
112087,0,2
397491,0,2
39762,2,2
88032,1,1
60614,2,0
254564,1,1
329574,0,0
174119,2,2
41631,1,1
366367,1,1
5068,0,0
187510,0,2
177694,2,2
154930,2,2
218958,0,2
197180,0,2
8741,2,1
244056,0,0
169425,2,2
1380,1,2
61102,0,2
62309,0,1
126692,0,0
318773,0,1
353797,1,1
277659,2,2
299603,2,2
81353,1,1
71368,0,0
111986,2,1
288090,2,2
114986,1,1
106817,2,2
9624,0,1
8771,0,2
300305,2,2
246406,0,2
96867,2,2
292025,1,1
226093,2,2
243828,0,0
9210,2,2
82629,0,1
117576,2,2
168391,1,1
283179,0,0
70683,0,0
210444,2,2
187111,2,2
23345,1,1
112809,0,0
65315,2,1
125686,2,2
8976,0,1
65070,2,2
170855,1,1
306651,2,0
140313,0,2
38730,1,1
127331,0,2
143768,2,2
168007,2,1
253846,0,1
209740,2,2
391387,0,2
116259,1,1
242315,2,2
361681,0,1
239392,2,1
286699,2,2
115260,2,2
225087,2,2
344796,0,2
52073,1,1
29867,1,1
376816,2,2
282723,0,2
405222,0,2
145783,2,2
248888,0,0
202698,1,1
28110,0,2
228282,2,0
153342,2,0
128169,2,2
67566,2,2
349901,0,1
102385,1,1
100582,1,1
296907,0,0
143171,2,2
234968,0,2
244968,1,1
318592,2,2
374720,0,0
126257,2,2
5308,0,0
181538,2,2
319645,2,0
404880,0,2
46349,2,2
111765,0,1
202984,1,1
68117,0,2
8249,2,2
279357,2,1
352356,1,1
73579,2,2
347575,2,0
67818,2,2
214489,2,0
