regression_rank,rank_position,candidate_id,sequence,seed,mode,seed_index,seed_charge_ph7,seed_motif_count,charge_ph7,hydrophobicity,motif_count,active_probability,predicted_active_label,rank_score,rank_comparisons,pred_log2_mic,pred_mic_um
1,768,cand_00594512,GLLRRLKGLLRRLK,GLLRRLK,repeat,350357788,2.989786557468041,,5.989464105135091,0.2714285714285715,13,0.8013705,1,1561,7633,2.0222268,4.062103
2,131,cand_01843345,RLRRLGLLGLRRLR,RLRRLGL,mirror,927155709,2.9900995229980105,,5.9900900361950296,0.3571428571428571,13,0.6991421,1,2110,7529,2.0321538,4.0901504
3,865,cand_01088760,KRKLGLLLLGLKRK,KRKLGLL,mirror,558154189,2.989473591938072,,5.988838174075152,0.1857142857142857,13,0.62482923,1,1523,7646,2.1762013,4.5196195
4,660,cand_02250977,VVRKIVRVVRKIVR,VVRKIVR,repeat,1144707154,2.989786557468041,,5.989464105135091,-0.5999999999999999,13,0.81978846,1,1602,7675,2.2153373,4.6439013
5,427,cand_02241678,VRVVRVRVRVVRVR,VRVVRVR,repeat,1135661954,2.9900995229980105,,5.9900900361950296,-0.4714285714285715,13,0.6297329,1,1747,7544,2.2262447,4.6791444
6,991,cand_01838046,RLLLGLRRLLLGLR,RLLLGLR,repeat,926314194,1.9901026852656707,,3.9900963607303503,-0.8285714285714284,13,0.6224411,1,1484,7593,2.2576272,4.7820435
7,626,cand_00817774,IKRVVRVVRVVRKI,IKRVVRV,mirror,475983097,2.989786557468041,,5.989464105135091,-0.6,13,0.64617765,1,1620,7557,2.274485,4.838249
8,812,cand_02251204,VVRKVIRVVRKVIR,VVRKVIR,repeat,1144710954,2.989786557468041,,5.989464105135091,-0.5999999999999999,13,0.7539654,1,1542,7588,2.2823737,4.864777
9,749,cand_01842647,RLRLGLRRLGLRLR,RLRLGLR,mirror,927114194,2.9900995229980105,,5.9900900361950296,0.3571428571428572,13,0.6866654,1,1566,7632,2.2995863,4.923166
10,208,cand_01807344,RKLLGLRRLGLLKR,RKLLGLR,mirror,923114194,2.989786557468041,,5.989464105135091,0.2714285714285714,13,0.71637595,1,1994,7505,2.319874,4.992886
11,600,cand_01093053,KRLLRLGKRLLRLG,KRLLRLG,repeat,558317785,2.989786557468041,,5.989464105135092,0.2714285714285715,13,0.6709466,1,1636,7652,2.3374832,5.0542016
12,37,cand_01838743,RLLRLLKKLLRLLR,RLLRLLK,mirror,926355788,2.989786557468041,,5.989464105135092,-0.3285714285714284,13,0.6921641,1,2412,7528,2.3559568,5.119336
13,806,cand_02210727,VLRVVRRVLRVVRR,VLRVVRR,repeat,1119183094,2.9900995229980105,,5.9900900361950296,-0.4142857142857143,13,0.7668009,1,1544,7522,2.3576405,5.125314
14,306,cand_01063695,KLRRLLLLLLRRLK,KLRRLLL,mirror,543155789,2.989786557468041,,5.989464105135091,-0.3285714285714285,13,0.6405697,1,1871,7681,2.379102,5.2021284
15,890,cand_01911474,RVVRLVRRVVRLVR,RVVRLVR,repeat,953235954,2.9900995229980105,,5.9900900361950296,-0.4142857142857143,13,0.68660486,1,1515,7698,2.3801024,5.205737
16,983,cand_01838045,RLLLGLRRLGLLLR,RLLLGLR,mirror,926314194,1.9901026852656707,,3.9900963607303503,-0.8285714285714286,13,0.6613143,1,1486,7546,2.381304,5.2100744
17,712,cand_01826828,RLGLRLRRLRLGLR,RLGLRLR,mirror,925677794,2.9900995229980105,,5.9900900361950296,0.3571428571428572,13,0.681436,1,1583,7563,2.3821661,5.213189
18,655,cand_01001404,KIRVVRVVRVVRIK,KIRVVRV,mirror,536783097,2.989786557468041,,5.989464105135091,-0.6,13,0.6404537,1,1607,7516,2.4249496,5.3701024
19,493,cand_02233078,VRLLRIKVRLLRIK,VRLLRIK,repeat,1134317748,2.989786557468041,,5.989464105135091,-0.4857142857142856,13,0.6223667,1,1691,7483,2.4713461,5.54561
20,566,cand_01063223,KLRLLRVVRLLRLK,KLRLLRV,mirror,543115897,2.989786557468041,,5.989464105135091,-0.3857142857142857,13,0.72330266,1,1651,7694,2.4875824,5.6083736
21,230,cand_00965249,KGLLRRLLRRLLGK,KGLLRRL,mirror,529517889,2.989786557468041,,5.989464105135091,0.2714285714285714,13,0.6642225,1,1960,7501,2.4876208,5.608523
22,409,cand_02206515,VLKRLLRRLLRKLV,VLKRLLR,mirror,1118195794,2.989786557468041,,5.989464105135091,-0.3857142857142856,13,0.76199293,1,1761,7614,2.501209,5.661597
23,521,cand_01125104,KVRIVRVVRVIRVK,KVRIVRV,mirror,568703097,2.989786557468041,,5.989464105135091,-0.6,13,0.70374084,1,1674,7551,2.5065658,5.6826577
24,294,cand_01741281,RGLLRLRRGLLRLR,RGLLRLR,repeat,913517794,2.9900995229980105,,5.9900900361950296,0.3571428571428572,13,0.8018237,1,1882,7659,2.5075834,5.6866674
25,128,cand_01741935,RGLRLLRRLLRLGR,RGLRLLR,mirror,913555794,2.9900995229980105,,5.9900900361950296,0.3571428571428572,13,0.67283,1,2119,7638,2.514862,5.7154303
26,152,cand_01059273,KLLRLLRRLLRLLK,KLLRLLR,mirror,542355794,2.989786557468041,,5.989464105135091,-0.3285714285714284,13,0.68912643,1,2068,7726,2.5275288,5.765832
27,380,cand_01876225,RRRLLGLLGLLRRR,RRRLLGL,mirror,943115709,2.9900995229980105,,5.9900900361950296,0.3571428571428571,13,0.6976533,1,1778,7638,2.5322022,5.78454
28,315,cand_01873554,RRLRGLLRRLRGLL,RRLRGLL,repeat,942354189,2.9900995229980105,,5.9900900361950296,0.3571428571428572,13,0.745501,1,1852,7644,2.5525467,5.8666897
29,896,cand_01122169,KVLRRLLKVLRRLL,KVLRRLL,repeat,567957789,2.989786557468041,,5.989464105135092,-0.3857142857142857,13,0.77120095,1,1512,7728,2.5588508,5.892381
30,662,cand_02210333,VLRRLLKKLLRRLV,VLRRLLK,mirror,1119155788,2.989786557468041,,5.989464105135092,-0.3857142857142857,13,0.6279075,1,1602,7841,2.571543,5.9444485
31,580,cand_01873673,RRLRLGLLGLRLRR,RRLRLGL,mirror,942355709,2.9900995229980105,,5.9900900361950296,0.3571428571428571,13,0.6965411,1,1644,7626,2.572636,5.9489536
32,841,cand_01003810,KIVRVRVVRVRVIK,KIVRVRV,mirror,537239097,2.989786557468041,,5.989464105135091,-0.6,13,0.6406919,1,1532,7666,2.572698,5.94921
33,480,cand_01872976,RRLLGLRRRLLGLR,RRLLGLR,repeat,942314194,2.9900995229980105,,5.9900900361950296,0.3571428571428572,13,0.6307443,1,1704,7553,2.5782692,5.972228
34,846,cand_01220353,LKRVVRVLKRVVRV,LKRVVRV,repeat,603983097,2.989786557468041,,5.989464105135092,-0.5000000000000001,13,0.7501484,1,1530,7834,2.5838904,5.995543
35,583,cand_01807254,RKLLFRLLRFLLKR,RKLLFRL,mirror,923113889,2.989786557468041,,5.989464105135091,-0.1857142857142855,13,0.6341471,1,1643,7569,2.586648,6.007014
36,926,cand_02184592,VKIRVVRRVVRIKV,VKIRVVR,mirror,1114839154,2.989786557468041,,5.989464105135091,-0.6000000000000002,13,0.80394506,1,1499,7568,2.5872674,6.0095935
37,992,cand_01903874,RVLRVVKKVVRLVR,RVLRVVK,mirror,951959148,2.989786557468041,,5.989464105135092,-0.5,13,0.738769,1,1483,7480,2.6019254,6.070963
38,565,cand_01066896,KLVRRLLLLRRVLK,KLVRRLL,mirror,543637789,2.989786557468041,,5.989464105135091,-0.3857142857142857,13,0.78185964,1,1651,7827,2.6036954,6.078416
39,623,cand_01835195,RLKRLLGRLKRLLG,RLKRLLG,repeat,926195785,2.989786557468041,,5.989464105135091,0.2714285714285716,13,0.80266273,1,1621,7620,2.6059256,6.0878196
40,433,cand_01175581,LGLRRLLLGLRRLL,LGLRRLL,repeat,593557789,1.9901026852656707,,3.9900963607303503,-0.8285714285714285,13,0.63618594,1,1744,7542,2.6102583,6.10613
41,800,cand_01223177,LKVVVRRLKVVVRR,LKVVVRR,repeat,604463094,2.989786557468041,,5.989464105135092,-0.5,13,0.7503858,1,1545,7477,2.6146786,6.1248674
42,417,cand_02199033,VKVRIVRVKVRIVR,VKVRIVR,repeat,1116435154,2.989786557468041,,5.989464105135092,-0.5999999999999999,13,0.771837,1,1756,7695,2.623124,6.160826
43,913,cand_01091423,KRLGRLLKRLGRLL,KRLGRLL,repeat,558285789,2.989786557468041,,5.989464105135092,0.2714285714285716,13,0.6757331,1,1503,7638,2.6268334,6.1766877
44,405,cand_01871503,RRLGLRLRRLGLRL,RRLGLRL,repeat,942283889,2.9900995229980105,,5.9900900361950296,0.3571428571428572,13,0.7411395,1,1763,7537,2.6275418,6.1797214
45,590,cand_01175105,LGLLRRFLGLLRRF,LGLLRRF,repeat,593517884,1.9901026852656707,,3.9900963607303503,-0.6857142857142858,13,0.6338243,1,1641,7745,2.6314087,6.196307
46,544,cand_02184593,VKIRVVRVKIRVVR,VKIRVVR,repeat,1114839154,2.989786557468041,,5.989464105135092,-0.6000000000000002,13,0.77739143,1,1664,7764,2.633491,6.2052574
47,674,cand_02067342,TKRLLLRRLLLRKT,TKRLLLR,mirror,1051915794,2.989786557468041,,5.989464105135091,0.3142857142857143,11,0.6995551,1,1597,7690,2.6349635,6.211594
48,687,cand_01838128,RLLLKLRRLLLKLR,RLLLKLR,repeat,926315394,2.989786557468041,,5.989464105135091,-0.3285714285714284,13,0.64406174,1,1593,7676,2.64174,6.2408395
49,224,cand_02231532,VRLFRRLLRRFLRV,VRLFRRL,mirror,1134277889,2.9900995229980105,,5.9900900361950296,-0.157142857142857,13,0.64627504,1,1965,7611,2.6456237,6.257662
50,634,cand_01790676,RKFLRGLLGRLFKR,RKFLRGL,mirror,922317709,2.989786557468041,,5.989464105135091,0.4142857142857145,13,0.7649585,1,1615,7697,2.6475968,6.2662263
51,76,cand_01175583,LGLRRLRLGLRRLR,LGLRRLR,repeat,593557794,2.9900995229980105,,5.9900900361950296,0.3571428571428572,13,0.68968207,1,2244,7685,2.6485994,6.270582
52,250,cand_01834712,RLKLLLRRLLLKLR,RLKLLLR,mirror,926155794,2.989786557468041,,5.989464105135091,-0.3285714285714284,13,0.6355315,1,1947,7561,2.6507125,6.279773
53,745,cand_01835198,RLKRLLLLLLRKLR,RLKRLLL,mirror,926195789,2.989786557468041,,5.989464105135091,-0.3285714285714284,13,0.63786644,1,1568,7682,2.6587427,6.3148246
54,288,cand_01234737,LLRRLGRLLRRLGR,LLRRLGR,repeat,607155714,2.9900995229980105,,5.9900900361950296,0.3571428571428572,13,0.7365978,1,1891,7638,2.6646485,6.3407283
55,620,cand_01246832,LRGLKRLLRGLKRL,LRGLKRL,repeat,621675489,2.989786557468041,,5.989464105135091,0.2714285714285715,13,0.757026,1,1624,7668,2.670986,6.368643
56,301,cand_01059068,KLLRGLRRLGRLLK,KLLRGLR,mirror,542354194,2.989786557468041,,5.989464105135091,0.2714285714285714,13,0.75084966,1,1872,7651,2.677216,6.3962045
57,677,cand_01903875,RVLRVVKRVLRVVK,RVLRVVK,repeat,951959148,2.989786557468041,,5.989464105135091,-0.5,13,0.75035465,1,1596,7483,2.6791162,6.4046345
58,867,cand_00870083,IVRKVVRRVVKRVI,IVRKVVR,mirror,504711154,2.989786557468041,,5.989464105135091,-0.5999999999999999,13,0.67427385,1,1522,7585,2.6791348,6.404717
59,139,cand_01836571,RLLFRRLLRRFLLR,RLLFRRL,mirror,926277889,2.9900995229980105,,5.9900900361950296,-0.0999999999999999,13,0.6328185,1,2093,7544,2.6821322,6.4180374
60,884,cand_01870637,RRLFKFLRRLFKFL,RRLFKFL,repeat,942275289,2.989786557468041,,5.989464105135091,-0.0428571428571427,13,0.70009255,1,1517,7664,2.6831977,6.4227796
61,473,cand_01826841,RLGLRRLRLGLRRL,RLGLRRL,repeat,925677889,2.9900995229980105,,5.9900900361950296,0.3571428571428572,13,0.6591282,1,1711,7810,2.683678,6.424917
62,97,cand_01092990,KRLLLRLLRLLLRK,KRLLLRL,mirror,558315889,2.989786557468041,,5.989464105135091,-0.3285714285714285,13,0.6821774,1,2190,7561,2.6968462,6.48383
63,910,cand_01834713,RLKLLLRRLKLLLR,RLKLLLR,repeat,926155794,2.989786557468041,,5.989464105135091,-0.3285714285714284,13,0.6866279,1,1504,7703,2.6984181,6.490898
64,341,cand_00853211,IRLRLLRRLLRLRI,IRLRLLR,mirror,494355794,2.9900995229980105,,5.9900900361950296,-0.3428571428571428,13,0.6514078,1,1822,7596,2.705671,6.5236125
65,568,cand_01903877,RVLRVVRRVLRVVR,RVLRVVR,repeat,951959154,2.9900995229980105,,5.9900900361950296,-0.4142857142857143,13,0.77746904,1,1648,7593,2.7067616,6.5285454
66,699,cand_01115139,KVIVRRVVRRVIVK,KVIVRRV,mirror,567661897,2.989786557468041,,5.989464105135091,-0.6,13,0.78931105,1,1587,7542,2.7121804,6.553113
67,350,cand_01838754,RLLRLRLLRLRLLR,RLLRLRL,mirror,926355889,2.9900995229980105,,5.9900900361950296,-0.2428571428571427,13,0.69933015,1,1809,7595,2.7170527,6.5752816
68,246,cand_01837050,RLLGRLRRLRGLLR,RLLGRLR,mirror,926285794,2.9900995229980105,,5.9900900361950296,0.3571428571428571,13,0.7356961,1,1951,7735,2.72338,6.604183
69,312,cand_01873275,RRLLRLGGLRLLRR,RRLLRLG,mirror,942317785,2.9900995229980105,,5.9900900361950296,0.3571428571428572,13,0.7555315,1,1863,7490,2.7236488,6.605413
70,215,cand_01838412,RLLRFLRRLLRFLR,RLLRFLR,repeat,926353794,2.9900995229980105,,5.9900900361950296,-0.0999999999999999,13,0.6348201,1,1986,7663,2.7240095,6.6070647
71,686,cand_00870079,IVRKVRVVRVKRVI,IVRKVRV,mirror,504711097,2.989786557468041,,5.989464105135091,-0.6000000000000002,13,0.7272442,1,1593,7660,2.724237,6.6081066
72,415,cand_00627465,GRLLRLRRLRLLRG,GRLLRLR,mirror,366317794,2.9900995229980105,,5.9900900361950296,0.3571428571428572,13,0.7138605,1,1759,7484,2.730515,6.636925
73,585,cand_01838676,RLLRKLVRLLRKLV,RLLRKLV,repeat,926355397,2.989786557468041,,5.989464105135091,-0.3857142857142856,13,0.7059783,1,1642,7557,2.734521,6.6553793
74,486,cand_00996622,KILRVRLLRVRLIK,KILRVRL,mirror,535959089,2.989786557468041,,5.989464105135091,-0.4857142857142856,13,0.7687429,1,1697,7501,2.736974,6.6667056
75,524,cand_01837051,RLLGRLRRLLGRLR,RLLGRLR,repeat,926285794,2.9900995229980105,,5.9900900361950296,0.3571428571428572,13,0.6253102,1,1673,7588,2.7371864,6.6676874
76,235,cand_02233098,VRLLRLRVRLLRLR,VRLLRLR,repeat,1134317794,2.9900995229980105,,5.9900900361950296,-0.2999999999999999,13,0.6526659,1,1958,7523,2.7420497,6.6902018
77,549,cand_01896281,RVIVKRVVRKVIVR,RVIVKRV,mirror,951659497,2.989786557468041,,5.989464105135091,-0.5999999999999999,13,0.8132947,1,1661,7610,2.7481747,6.718665
78,809,cand_02236687,VRRIVKVVRRIVKV,VRRIVKV,repeat,1135102977,2.989786557468041,,5.989464105135091,-0.6000000000000002,13,0.7755826,1,1543,7579,2.7487645,6.7214127
79,106,cand_01096024,KRRLLLLLLLLRRK,KRRLLLL,mirror,559115789,2.989786557468041,,5.989464105135091,-0.3285714285714285,13,0.63537526,1,2170,7651,2.752832,6.7403893
80,298,cand_01838737,RLLRLKLLKLRLLR,RLLRLKL,mirror,926355769,2.989786557468041,,5.989464105135092,-0.3285714285714285,13,0.7057564,1,1874,7732,2.753731,6.744591
81,220,cand_01247641,LRGRLLRLRGRLLR,LRGRLLR,repeat,621715794,2.9900995229980105,,5.9900900361950296,0.3571428571428572,13,0.69553506,1,1969,7463,2.7553039,6.7519484
82,414,cand_01908821,RVRVRLLRVRVRLL,RVRVRLL,repeat,952781789,2.9900995229980105,,5.9900900361950296,-0.3571428571428571,13,0.6440132,1,1761,7600,2.7617419,6.782146
83,976,cand_00860732,IRVRLLRIRVRLLR,IRVRLLR,repeat,495635794,2.9900995229980105,,5.9900900361950296,-0.3999999999999999,13,0.7669008,1,1488,7686,2.7684383,6.8136997
84,129,cand_01219175,LKRLLGRLKRLLGR,LKRLLGR,repeat,603915714,2.989786557468041,,5.989464105135092,0.2714285714285714,13,0.7013377,1,2114,7612,2.772639,6.833568
85,604,cand_00913896,KFFRRLFKFFRRLF,KFFRRLF,repeat,525557784,2.989786557468041,,5.989464105135092,0.1,13,0.7586491,1,1632,7597,2.784605,6.8904824
86,552,cand_01841161,RLRGLLRRLLGRLR,RLRGLLR,mirror,927083794,2.9900995229980105,,5.9900900361950296,0.3571428571428572,13,0.6364079,1,1660,7574,2.7851038,6.892865
87,91,cand_01838817,RLLRRLGRLLRRLG,RLLRRLG,repeat,926357785,2.9900995229980105,,5.9900900361950296,0.3571428571428573,13,0.7565858,1,2196,7534,2.7879438,6.9064474
88,648,cand_01896331,RVIVRKVVKRVIVR,RVIVRKV,mirror,951661777,2.989786557468041,,5.989464105135092,-0.5999999999999999,13,0.81200325,1,1609,7359,2.792967,6.9305367
89,291,cand_01838674,RLLRKLLRLLRKLL,RLLRKLL,repeat,926355389,2.989786557468041,,5.989464105135091,-0.3285714285714284,13,0.6957737,1,1887,7681,2.799807,6.9634733
90,266,cand_01826734,RLGLLRRRRLLGLR,RLGLLRR,mirror,925675894,2.9900995229980105,,5.9900900361950296,0.3571428571428572,13,0.7784142,1,1922,7539,2.8006887,6.96773
91,597,cand_00598771,GLRRRLLGLRRRLL,GLRRRLL,repeat,351157789,2.9900995229980105,,5.9900900361950296,0.3571428571428572,13,0.7480082,1,1636,7602,2.8041542,6.984487
92,500,cand_01234771,LLRRLRILLRRLRI,LLRRLRI,repeat,607155887,2.9900995229980105,,5.9900900361950296,-0.3428571428571428,13,0.62885594,1,1688,7832,2.8055243,6.9911237
93,730,cand_01262921,LRRLKGFLRRLKGF,LRRLKGF,repeat,623115304,2.989786557468041,,5.989464105135091,0.4142857142857144,13,0.67016006,1,1577,7782,2.807653,7.0014462
94,798,cand_01846768,RLVRLLRRLLRVLR,RLVRLLR,mirror,927635794,2.9900995229980105,,5.9900900361950296,-0.2999999999999999,13,0.6291268,1,1547,7624,2.8084464,7.005298
95,445,cand_01233829,LLRKLLRRLLKRLL,LLRKLLR,mirror,607107794,2.989786557468041,,5.989464105135091,-0.3285714285714284,13,0.75556165,1,1729,7613,2.81176,7.021406
96,953,cand_01206208,LKIGLRRLKIGLRR,LKIGLRR,repeat,602763894,2.989786557468041,,5.989464105135092,0.1714285714285714,13,0.6791981,1,1493,7723,2.8127725,7.0263357
97,640,cand_01126113,KVRLVRVVRVLRVK,KVRLVRV,mirror,568719097,2.989786557468041,,5.989464105135091,-0.5000000000000001,13,0.7575489,1,1612,7597,2.8182445,7.053036
98,247,cand_01907732,RVRLLRLLRLLRVR,RVRLLRL,mirror,952715889,2.9900995229980105,,5.9900900361950296,-0.2999999999999999,13,0.7282151,1,1949,7578,2.8248734,7.0855184
99,936,cand_02241675,VRVVRVKKVRVVRV,VRVVRVK,mirror,1135661948,2.989786557468041,,5.989464105135092,-0.5571428571428573,13,0.7178581,1,1498,7826,2.8269227,7.09559
100,202,cand_01870823,RRLFRLLRRLFRLL,RRLFRLL,repeat,942277789,2.9900995229980105,,5.9900900361950296,-0.0999999999999999,13,0.69869727,1,1999,7607,2.8287673,7.104668
101,265,cand_01838368,RLLRFFKRLLRFFK,RLLRFFK,repeat,926353688,2.989786557468041,,5.989464105135091,-0.0428571428571427,13,0.68332916,1,1923,7835,2.8333545,7.127294
102,968,cand_01832701,RLKGFLRRLKGFLR,RLKGFLR,repeat,926121794,2.989786557468041,,5.989464105135091,0.4142857142857143,13,0.6817629,1,1490,7611,2.8348546,7.134709
103,164,cand_01233623,LLRKGLRRLGKRLL,LLRKGLR,mirror,607106194,2.989786557468041,,5.989464105135091,0.2714285714285714,13,0.65396374,1,2052,7619,2.8401885,7.161136
104,795,cand_01873256,RRLLRGLRRLLRGL,RRLLRGL,repeat,942317709,2.9900995229980105,,5.9900900361950296,0.3571428571428572,13,0.6295899,1,1549,7659,2.8402119,7.161252
105,85,cand_01861100,RRGLLLRRRGLLLR,RRGLLLR,repeat,941675794,2.9900995229980105,,5.9900900361950296,0.3571428571428572,13,0.7008645,1,2208,7573,2.8431284,7.175744
106,950,cand_02209329,VLRKILRRLIKRLV,VLRKILR,mirror,1119106994,2.989786557468041,,5.989464105135091,-0.4857142857142857,13,0.63162875,1,1494,7556,2.843937,7.1797667
107,702,cand_01693427,RFGRLLRRFGRLLR,RFGRLLR,repeat,909715794,2.9900995229980105,,5.9900900361950296,0.5000000000000001,13,0.67067814,1,1587,7516,2.845022,7.1851683
108,739,cand_01872959,RRLLGKLLKGLLRR,RRLLGKL,mirror,942314169,2.989786557468041,,5.989464105135092,0.2714285714285714,13,0.63905,1,1570,7668,2.8481245,7.200637
109,398,cand_01257105,LRLGLRRLRLGLRR,LRLGLRR,repeat,622283894,2.9900995229980105,,5.9900900361950296,0.3571428571428572,13,0.72334445,1,1766,7592,2.852017,7.2200904
110,708,cand_01876106,RRRLGLLRRRLGLL,RRRLGLL,repeat,943114189,2.9900995229980105,,5.9900900361950296,0.3571428571428572,13,0.82193726,1,1585,7666,2.852741,7.2237153
111,402,cand_01872988,RRLLGRLRRLLGRL,RRLLGRL,repeat,942314289,2.9900995229980105,,5.9900900361950296,0.3571428571428572,13,0.64493877,1,1765,7616,2.8551564,7.2358193
112,611,cand_01044417,KLFRRLFKLFRRLF,KLFRRLF,repeat,541557784,2.989786557468041,,5.989464105135092,-0.0428571428571427,13,0.6439824,1,1630,7648,2.8597636,7.2589636
113,791,cand_01234914,LLRRVRILLRRVRI,LLRRVRI,repeat,607159087,2.9900995229980105,,5.9900900361950296,-0.3999999999999999,13,0.76414454,1,1551,7572,2.8610172,7.265274
114,957,cand_01873342,RRLLVKVRRLLVKV,RRLLVKV,repeat,942318977,2.989786557468041,,5.989464105135091,-0.4428571428571428,13,0.7479065,1,1492,7659,2.864956,7.285136
115,917,cand_02233600,VRLRLRIVRLRLRI,VRLRLRI,repeat,1134355887,2.9900995229980105,,5.9900900361950296,-0.3999999999999999,13,0.6288866,1,1502,7635,2.8661578,7.291208
116,540,cand_01213624,LKLGLRRLKLGLRR,LKLGLRR,repeat,603083894,2.989786557468041,,5.989464105135092,0.2714285714285714,13,0.6904502,1,1667,7622,2.867478,7.2978826
117,814,cand_01277652,LVRLRRILVRLRRI,LVRLRRI,repeat,632717887,2.9900995229980105,,5.9900900361950296,-0.4000000000000001,13,0.6354891,1,1542,7666,2.869375,7.307485
118,173,cand_01153558,LFKGLRRLFKGLRR,LFKGLRR,repeat,590123894,2.989786557468041,,5.989464105135092,0.4142857142857143,13,0.68675494,1,2037,7707,2.8737907,7.329886
119,974,cand_00896538,KALLRRLLRRLLAK,KALLRRL,mirror,513517889,2.989786557468041,,5.989464105135091,-0.0428571428571428,13,0.6641545,1,1489,7744,2.8769944,7.3461804
120,825,cand_01278145,LVRRLRILVRRLRI,LVRRLRI,repeat,632755887,2.9900995229980105,,5.9900900361950296,-0.4,13,0.63925207,1,1538,7546,2.882665,7.3751116
121,624,cand_02230627,VRKVIRVVRIVKRV,VRKVIRV,mirror,1134219097,2.989786557468041,,5.989464105135091,-0.6000000000000002,13,0.7908324,1,1621,7618,2.884405,7.384012
122,995,cand_00348810,FGRLLRRFGRLLRR,FGRLLRR,repeat,274315894,2.9900995229980105,,5.9900900361950296,0.5000000000000001,13,0.62987685,1,1483,7719,2.88634,7.3939223
123,179,cand_01872879,RRLLFRLLRFLLRR,RRLLFRL,mirror,942313889,2.9900995229980105,,5.9900900361950296,-0.0999999999999999,13,0.67994785,1,2030,7759,2.887375,7.39923
124,355,cand_00970348,KGRLLRLKGRLLRL,KGRLLRL,repeat,530315889,2.989786557468041,,5.989464105135092,0.2714285714285715,13,0.8007759,1,1801,7807,2.887467,7.3997006
125,667,cand_02237586,VRRLLKLLKLLRRV,VRRLLKL,mirror,1135115769,2.989786557468041,,5.989464105135092,-0.3857142857142857,13,0.6969692,1,1600,7676,2.892954,7.4278984
126,338,cand_01842885,RLRLLRLLRLLRLR,RLRLLRL,mirror,927115889,2.9900995229980105,,5.9900900361950296,-0.2428571428571427,13,0.63497084,1,1823,7578,2.8957686,7.442404
127,40,cand_01838755,RLLRLRLRLLRLRL,RLLRLRL,repeat,926355889,2.9900995229980105,,5.9900900361950296,-0.2428571428571427,13,0.64535195,1,2398,7632,2.9009001,7.4689226
128,967,cand_02235196,VRRFLRLLRLFRRV,VRRFLRL,mirror,1135075889,2.9900995229980105,,5.9900900361950296,-0.157142857142857,13,0.69321644,1,1490,7769,2.9033403,7.4815664
129,181,cand_01903729,RVLRLRLLRLRLVR,RVLRLRL,mirror,951955889,2.9900995229980105,,5.9900900361950296,-0.2999999999999999,13,0.7112303,1,2028,7715,2.907206,7.5016403
130,499,cand_01807628,RKLLRLVVLRLLKR,RKLLRLV,mirror,923117797,2.989786557468041,,5.989464105135091,-0.3857142857142857,13,0.70066226,1,1688,7521,2.90823,7.5069666
131,987,cand_02196513,VKRVIRVVKRVIRV,VKRVIRV,repeat,1115979097,2.989786557468041,,5.989464105135092,-0.5999999999999999,13,0.7555751,1,1484,7603,2.909789,7.5150833
132,176,cand_01823028,RLFRLLRRLLRFLR,RLFRLLR,mirror,925555794,2.9900995229980105,,5.9900900361950296,-0.0999999999999999,13,0.62571734,1,2033,7603,2.912611,7.529797
133,470,cand_01870747,RRLFLLKRRLFLLK,RRLFLLK,repeat,942275788,2.989786557468041,,5.989464105135091,-0.1857142857142855,13,0.7103623,1,1715,7638,2.9146085,7.54023
134,779,cand_01234023,LLRLFKRLLRLFKR,LLRLFKR,repeat,607113774,2.989786557468041,,5.989464105135091,-0.1857142857142857,13,0.7466484,1,1556,7710,2.9181235,7.5586233
135,141,cand_01841173,RLRGLRLLRLGRLR,RLRGLRL,mirror,927083889,2.9900995229980105,,5.9900900361950296,0.3571428571428572,13,0.63637125,1,2092,7586,2.9239726,7.58933
136,282,cand_01790666,RKFLRFLLFRLFKR,RKFLRFL,mirror,922317689,2.989786557468041,,5.989464105135091,-0.0428571428571427,13,0.7896946,1,1904,7742,2.9265506,7.6029043
137,916,cand_02099457,TRVVRVRRVRVVRT,TRVVRVR,mirror,1071661954,2.9900995229980105,,5.9900900361950296,0.2285714285714286,11,0.6977549,1,1502,7544,2.9269068,7.6047816
138,726,cand_01841104,RLRGLFRRLRGLFR,RLRGLFR,repeat,927083694,2.9900995229980105,,5.9900900361950296,0.5,13,0.65286165,1,1578,7731,2.9273274,7.606999
139,615,cand_02209594,VLRKVLRRLVKRLV,VLRKVLR,mirror,1119110994,2.989786557468041,,5.989464105135091,-0.4428571428571428,13,0.7026089,1,1628,7767,2.9329517,7.6367126
140,743,cand_01125051,KVRIRVVKVRIRVV,KVRIRVV,repeat,568701957,2.989786557468041,,5.989464105135092,-0.6000000000000002,13,0.67845744,1,1568,7726,2.9354992,7.650209
141,461,cand_01710185,RFRLLRLLRLLRFR,RFRLLRL,mirror,911115889,2.9900995229980105,,5.9900900361950296,-0.0999999999999999,13,0.7662237,1,1718,7583,2.9383016,7.665084
142,530,cand_01001351,KIRVRVVKIRVRVV,KIRVRVV,repeat,536781957,2.989786557468041,,5.989464105135092,-0.6000000000000002,13,0.69761103,1,1670,7497,2.9397411,7.672736
143,69,cand_01630136,QRLLRRLLRRLLRQ,QRLLRRL,mirror,878317889,2.9900995229980105,,5.9900900361950296,0.8,11,0.6699979,1,2264,7548,2.941287,7.680962
144,930,cand_01838384,RLLRFGRRLLRFGR,RLLRFGR,repeat,926353714,2.9900995229980105,,5.9900900361950296,0.5,13,0.6621668,1,1499,7560,2.943774,7.6942143
145,175,cand_01261321,LRRGLRLLRRGLRL,LRRGLRL,repeat,623083889,2.9900995229980105,,5.9900900361950296,0.3571428571428572,13,0.70213187,1,2033,7598,2.9438396,7.694564
146,349,cand_01233350,LLRIRLRLLRIRLR,LLRIRLR,repeat,607101794,2.9900995229980105,,5.9900900361950296,-0.3428571428571429,13,0.643954,1,1811,7554,2.9456675,7.7043195
147,548,cand_01835199,RLKRLLLRLKRLLL,RLKRLLL,repeat,926195789,2.989786557468041,,5.989464105135091,-0.3285714285714283,13,0.661712,1,1662,7730,2.9469147,7.7109823
148,860,cand_01233524,LLRKFLRLLRKFLR,LLRKFLR,repeat,607105794,2.989786557468041,,5.989464105135091,-0.1857142857142855,13,0.68628895,1,1525,7559,2.9522183,7.739382
149,465,cand_01872982,RRLLGRFRRLLGRF,RRLLGRF,repeat,942314284,2.9900995229980105,,5.9900900361950296,0.5000000000000001,13,0.62740153,1,1718,7482,2.9556508,7.7578173
150,182,cand_00852745,IRLLRRLLRRLLRI,IRLLRRL,mirror,494317889,2.9900995229980105,,5.9900900361950296,-0.3428571428571428,13,0.6318799,1,2027,7534,2.9568627,7.7643366
151,892,cand_02210709,VLRVRRVVLRVRRV,VLRVRRV,repeat,1119181897,2.9900995229980105,,5.9900900361950296,-0.4142857142857144,13,0.73162895,1,1514,7625,2.9604316,7.7835674
152,972,cand_02252840,VVVRRKIVVVRRKI,VVVRRKI,repeat,1145237767,2.989786557468041,,5.989464105135091,-0.6,13,0.70206356,1,1489,7649,2.961375,7.788659
153,872,cand_01617721,QLRRVLRRLVRRLQ,QLRRVLR,mirror,863158994,2.9900995229980105,,5.9900900361950296,0.7428571428571428,11,0.6997506,1,1520,7387,2.9615884,7.789811
154,494,cand_02210296,VLRRLFRVLRRLFR,VLRRLFR,repeat,1119155694,2.9900995229980105,,5.9900900361950296,-0.157142857142857,13,0.77566886,1,1690,7540,2.9632633,7.79886
155,488,cand_01843366,RLRRLLGRLRRLLG,RLRRLLG,repeat,927155785,2.9900995229980105,,5.9900900361950296,0.3571428571428571,13,0.6313196,1,1696,7535,2.9638207,7.801874
156,818,cand_02233116,VRLLRVRVRLLRVR,VRLLRVR,repeat,1134317954,2.9900995229980105,,5.9900900361950296,-0.3571428571428571,13,0.74103993,1,1539,7757,2.9639454,7.8025484
157,603,cand_00348807,FGRLLRLLRLLRGF,FGRLLRL,mirror,274315889,1.9901026852656707,,3.9900963607303503,-0.6857142857142856,13,0.69272023,1,1634,7551,2.965933,7.813306
158,948,cand_01907734,RVRLLRVVRLLRVR,RVRLLRV,mirror,952715897,2.9900995229980105,,5.9900900361950296,-0.3571428571428571,13,0.6835844,1,1495,7627,2.9689488,7.8296556
159,959,cand_01234903,LLRRVLKKLVRRLL,LLRRVLK,mirror,607158988,2.989786557468041,,5.989464105135092,-0.3857142857142857,13,0.71152157,1,1492,7557,2.9700143,7.83544
160,118,cand_00929503,KFLLRRLLRRLLFK,KFLLRRL,mirror,526317889,2.989786557468041,,5.989464105135091,-0.1857142857142856,13,0.70777327,1,2143,7625,2.970317,7.837084
161,820,cand_01644820,QVVKRVKKVRKVVQ,QVVKRVK,mirror,889189948,2.989473591938072,,5.988838174075152,0.457142857142857,11,0.7042388,1,1539,7861,2.970855,7.8400073
162,673,cand_02207311,VLLKRVRVLLKRVR,VLLKRVR,repeat,1118309954,2.989786557468041,,5.989464105135092,-0.442857142857143,13,0.65149057,1,1598,7532,2.9732838,7.853217
163,797,cand_02248397,VVKRRIVVIRRKVV,VVKRRIV,mirror,1143797757,2.989786557468041,,5.989464105135091,-0.6000000000000002,13,0.6493963,1,1547,7707,2.9761477,7.868822
164,347,cand_01266915,LRVRLLRLRVRLLR,LRVRLLR,repeat,623635794,2.9900995229980105,,5.9900900361950296,-0.2999999999999999,13,0.71164775,1,1815,7687,2.9766312,7.8714595
165,970,cand_01277636,LVRLRKLLVRLRKL,LVRLRKL,repeat,632717769,2.989786557468041,,5.989464105135091,-0.3857142857142857,13,0.72628415,1,1489,7670,2.9772682,7.874936
166,672,cand_01264216,LRRVVRLLRRVVRL,LRRVVRL,repeat,623183089,2.9900995229980105,,5.9900900361950296,-0.3571428571428571,13,0.704361,1,1598,7548,2.9781146,7.8795576
167,588,cand_02211383,VLVRVKRVLVRVKR,VLVRVKR,repeat,1119638974,2.989786557468041,,5.989464105135091,-0.4999999999999999,13,0.6261317,1,1642,7658,2.9789712,7.884238
168,460,cand_01903868,RVLRVRLLRVRLVR,RVLRVRL,mirror,951959089,2.9900995229980105,,5.9900900361950296,-0.3571428571428571,13,0.7641694,1,1719,7573,2.9798691,7.889146
169,750,cand_02233677,VRLRRVIVRLRRVI,VRLRRVI,repeat,1134357947,2.9900995229980105,,5.9900900361950296,-0.457142857142857,13,0.6635922,1,1566,7518,2.9817066,7.8992004
170,740,cand_01617654,QLRRLRLLRLRRLQ,QLRRLRL,mirror,863155889,2.9900995229980105,,5.9900900361950296,0.7999999999999999,11,0.65229106,1,1569,7547,2.9849076,7.916746
171,985,cand_02238625,VRRVLRLLRLVRRV,VRRVLRL,mirror,1135179889,2.9900995229980105,,5.9900900361950296,-0.3571428571428572,13,0.7137496,1,1485,7635,2.98588,7.9220834
172,642,cand_02233466,VRLRIVRVRLRIVR,VRLRIVR,repeat,1134355154,2.9900995229980105,,5.9900900361950296,-0.457142857142857,13,0.6599979,1,1612,7707,2.986061,7.9230785
173,650,cand_02209313,VLRKIIRRIIKRLV,VLRKIIR,mirror,1119106954,2.989786557468041,,5.989464105135091,-0.5857142857142856,13,0.64144856,1,1609,7416,2.9938674,7.966066
174,619,cand_02233749,VRLRVVRVRLRVVR,VRLRVVR,repeat,1134359154,2.9900995229980105,,5.9900900361950296,-0.4142857142857143,13,0.7537379,1,1625,7568,2.9952128,7.973498
175,462,cand_01903871,RVLRVRVRVLRVRV,RVLRVRV,repeat,951959097,2.9900995229980105,,5.9900900361950296,-0.4142857142857143,13,0.7399264,1,1718,7705,2.995692,7.976147
176,468,cand_01835734,RLKVLRLLRLVKLR,RLKVLRL,mirror,926219889,2.989786557468041,,5.989464105135091,-0.3857142857142856,13,0.71381205,1,1716,7698,2.9961681,7.97878
177,119,cand_01873274,RRLLRLFRRLLRLF,RRLLRLF,repeat,942317784,2.9900995229980105,,5.9900900361950296,-0.0999999999999999,13,0.6502476,1,2141,7705,3.0073225,8.040708
178,255,cand_01634767,QRVVKRVVRKVVRQ,QRVVKRV,mirror,879659497,2.989786557468041,,5.989464105135091,0.5428571428571428,11,0.8009498,1,1934,7559,3.0075135,8.041773
179,964,cand_00870276,IVRLRLRIVRLRLR,IVRLRLR,repeat,504717794,2.9900995229980105,,5.9900900361950296,-0.4000000000000001,13,0.6572165,1,1492,7523,3.011475,8.063885
180,935,cand_02251922,VVRRLRVVVRRLRV,VVRRLRV,repeat,1144755897,2.9900995229980105,,5.9900900361950296,-0.4142857142857143,13,0.7283418,1,1498,7577,3.0116906,8.06509
181,551,cand_01277267,LVRKLLRRLLKRVL,LVRKLLR,mirror,632707794,2.989786557468041,,5.989464105135091,-0.3857142857142856,13,0.79358774,1,1660,7487,3.0122457,8.068193
182,73,cand_01640729,QVKRVRVVRVRKVQ,QVKRVRV,mirror,887799097,2.989786557468041,,5.989464105135091,0.5428571428571428,11,0.64642453,1,2255,7590,3.0135124,8.07528
183,432,cand_01846845,RLVRRLLRLVRRLL,RLVRRLL,repeat,927637789,2.9900995229980105,,5.9900900361950296,-0.2999999999999999,13,0.6642675,1,1744,7640,3.0136564,8.076087
184,845,cand_01263097,LRRLRLILRRLRLI,LRRLRLI,repeat,623117787,2.9900995229980105,,5.9900900361950296,-0.3428571428571428,13,0.6305883,1,1531,7652,3.014955,8.08336
185,778,cand_01814706,RKVLRLLLLRLVKR,RKVLRLL,mirror,924397789,2.989786557468041,,5.989464105135091,-0.3857142857142855,13,0.78235394,1,1556,7886,3.0159159,8.088745
186,724,cand_01275390,LVLRRLKLVLRRLK,LVLRRLK,repeat,631957788,2.989786557468041,,5.989464105135091,-0.3857142857142857,13,0.7596623,1,1578,7503,3.0165708,8.092418
187,713,cand_02216008,VRFFRRLLRRFFRV,VRFFRRL,mirror,1133477889,2.9900995229980105,,5.9900900361950296,-0.0142857142857142,13,0.6743394,1,1583,7634,3.019221,8.107297
188,399,cand_01634754,QRVVKKVVKKVVRQ,QRVVKKV,mirror,879659377,2.989473591938072,,5.988838174075152,0.457142857142857,11,0.79191905,1,1765,7657,3.0196826,8.109892
189,57,cand_00632540,GRRLLRLLRLLRRG,GRRLLRL,mirror,367115889,2.9900995229980105,,5.9900900361950296,0.3571428571428572,13,0.7751533,1,2314,7732,3.0197208,8.110106
190,214,cand_01029471,KKLLKLLLLKLLKK,KKLLKLL,mirror,539115389,2.9891606264081023,,5.988212243015213,-0.5,13,0.7139765,1,1986,7555,3.0230792,8.129007
191,688,cand_01907810,RVRLRVLLVRLRVR,RVRLRVL,mirror,952717949,2.9900995229980105,,5.9900900361950296,-0.3571428571428571,13,0.69132924,1,1592,7535,3.0249312,8.139449
192,961,cand_01258356,LRLLRKGLRLLRKG,LRLLRKG,repeat,622317765,2.989786557468041,,5.989464105135091,0.2714285714285714,13,0.7044238,1,1492,7574,3.025357,8.141852
193,639,cand_02238627,VRRVLRVVRLVRRV,VRRVLRV,mirror,1135179897,2.9900995229980105,,5.9900900361950296,-0.4142857142857144,13,0.76390904,1,1612,7732,3.0268126,8.15007
194,522,cand_01836956,RLLGLRRRRLGLLR,RLLGLRR,mirror,926283894,2.9900995229980105,,5.9900900361950296,0.3571428571428571,13,0.6275606,1,1674,7573,3.0268548,8.150309
195,741,cand_02079509,TLRRLRLLRLRRLT,TLRRLRL,mirror,1055155889,2.9900995229980105,,5.9900900361950296,0.4000000000000001,11,0.7309455,1,1568,7530,3.029081,8.162896
196,79,cand_02237529,VRRLKLVVRRLKLV,VRRLKLV,repeat,1135115397,2.989786557468041,,5.989464105135091,-0.4428571428571429,13,0.62508863,1,2235,7631,3.029482,8.165164
197,322,cand_01617675,QLRRRLLLLRRRLQ,QLRRRLL,mirror,863157789,2.9900995229980105,,5.9900900361950296,0.7999999999999999,11,0.6840992,1,1843,7516,3.032974,8.184953
198,694,cand_01873698,RRLRLLLRRLRLLL,RRLRLLL,repeat,942355789,2.9900995229980105,,5.9900900361950296,-0.2428571428571428,13,0.6270566,1,1590,7735,3.0336382,8.188722
199,652,cand_01896154,RVIRVVKRVIRVVK,RVIRVVK,repeat,951639148,2.989786557468041,,5.989464105135091,-0.6,13,0.77563095,1,1607,7574,3.0336483,8.188779
200,372,cand_00632512,GRRLLKLLKLLRRG,GRRLLKL,mirror,367115769,2.989786557468041,,5.989464105135092,0.2714285714285714,13,0.6470367,1,1785,7681,3.038516,8.2164545
201,945,cand_01634858,QRVVRVRRVRVVRQ,QRVVRVR,mirror,879661954,2.9900995229980105,,5.9900900361950296,0.6285714285714284,11,0.7813614,1,1495,7611,3.0385408,8.216596
202,331,cand_01258368,LRLLRLRLRLLRLR,LRLLRLR,repeat,622317794,2.9900995229980105,,5.9900900361950296,-0.2428571428571427,13,0.633242,1,1829,7564,3.041318,8.232428
203,735,cand_01777947,RIRLVRLLRVLRIR,RIRLVRL,mirror,920719089,2.9900995229980105,,5.9900900361950296,-0.3999999999999999,13,0.6526243,1,1574,7689,3.043137,8.242815
204,706,cand_01846287,RLVLRRVVRRLVLR,RLVLRRV,mirror,927597897,2.9900995229980105,,5.9900900361950296,-0.3571428571428571,13,0.6867262,1,1586,7754,3.0481489,8.2715
205,334,cand_01861111,RRGLLRLLRLLGRR,RRGLLRL,mirror,941675889,2.9900995229980105,,5.9900900361950296,0.3571428571428571,13,0.6792676,1,1824,7577,3.0491314,8.277135
206,998,cand_01060511,KLRFFRLLRFFRLK,KLRFFRL,mirror,543073889,2.989786557468041,,5.989464105135091,-0.0428571428571428,13,0.631963,1,1481,7712,3.0522003,8.294761
207,333,cand_01634838,QRVVRKVVKRVVRQ,QRVVRKV,mirror,879661777,2.989786557468041,,5.989464105135092,0.5428571428571428,11,0.73316,1,1825,7643,3.052767,8.298019
208,142,cand_01059283,KLLRLRLLRLRLLK,KLLRLRL,mirror,542355889,2.989786557468041,,5.989464105135091,-0.3285714285714285,13,0.6472352,1,2091,7510,3.0531251,8.300079
209,799,cand_00442542,FRRLLIRFRRLLIR,FRRLLIR,repeat,303115754,2.9900995229980105,,5.9900900361950296,-0.1999999999999999,13,0.6244345,1,1546,7619,3.0538921,8.304493
210,946,cand_01063359,KLRLVRVVRVLRLK,KLRLVRV,mirror,543119097,2.989786557468041,,5.989464105135091,-0.4428571428571429,13,0.7428929,1,1495,7657,3.0547285,8.309309
211,508,cand_01258376,LRLLRRILRLLRRI,LRLLRRI,repeat,622317887,2.9900995229980105,,5.9900900361950296,-0.3428571428571429,13,0.77109337,1,1681,7688,3.0555096,8.313808
212,747,cand_00500745,GFRLLRLLRLLRFG,GFRLLRL,mirror,335115889,1.9901026852656707,,3.9900963607303503,-0.6857142857142857,13,0.673242,1,1567,7557,3.0580819,8.328646
213,989,cand_02241659,VRVVRLKKLRVVRV,VRVVRLK,mirror,1135661788,2.989786557468041,,5.989464105135092,-0.5000000000000001,13,0.6936682,1,1484,7528,3.0586166,8.331733
214,594,cand_02238609,VRRVLKVVKLVRRV,VRRVLKV,mirror,1135179777,2.989786557468041,,5.989464105135092,-0.5000000000000001,13,0.7380258,1,1637,7682,3.0588706,8.3331995
215,868,cand_01234887,LLRRVIRRIVRRLL,LLRRVIR,mirror,607158954,2.9900995229980105,,5.9900900361950296,-0.3999999999999999,13,0.7328164,1,1521,7607,3.0593798,8.336142
216,495,cand_01838815,RLLRRLFRLLRRLF,RLLRRLF,repeat,926357784,2.9900995229980105,,5.9900900361950296,-0.0999999999999999,13,0.64657736,1,1690,7535,3.0650036,8.368701
217,484,cand_01058806,KLLLRRLLRRLLLK,KLLLRRL,mirror,542317889,2.989786557468041,,5.989464105135091,-0.3285714285714285,13,0.71608955,1,1699,7706,3.0652637,8.37021
218,760,cand_01846844,RLVRRLLLLRRVLR,RLVRRLL,mirror,927637789,2.9900995229980105,,5.9900900361950296,-0.2999999999999999,13,0.73160523,1,1563,7784,3.065517,8.371678
219,68,cand_01838785,RLLRRFLRLLRRFL,RLLRRFL,repeat,926357689,2.9900995229980105,,5.9900900361950296,-0.0999999999999999,13,0.671344,1,2268,7607,3.0698318,8.396754
220,707,cand_00411824,FLRRLFRRFLRRLF,FLRRLFR,mirror,287155694,2.9900995229980105,,5.9900900361950296,0.0428571428571429,13,0.65778965,1,1586,7462,3.0707755,8.402248
221,439,cand_01838610,RLLRIRVRLLRIRV,RLLRIRV,repeat,926355097,2.9900995229980105,,5.9900900361950296,-0.3999999999999999,13,0.6626287,1,1738,7637,3.0728412,8.414288
222,927,cand_02233969,VRLVRVKVRLVRVK,VRLVRVK,repeat,1134381948,2.989786557468041,,5.989464105135091,-0.5000000000000001,13,0.77980316,1,1499,7527,3.0756087,8.430445
223,903,cand_01820619,RLFFRRFRLFFRRF,RLFFRRF,repeat,925477884,2.9900995229980105,,5.9900900361950296,0.1857142857142857,13,0.72380114,1,1507,7631,3.076108,8.433363
224,407,cand_01617662,QLRRLVRRVLRRLQ,QLRRLVR,mirror,863155954,2.9900995229980105,,5.9900900361950296,0.7428571428571428,11,0.7032664,1,1762,7617,3.0761712,8.433732
225,516,cand_01231816,LLLRRKILLLRRKI,LLLRRKI,repeat,606357767,2.989786557468041,,5.989464105135091,-0.4285714285714284,13,0.7009269,1,1676,7704,3.0798037,8.454994
226,975,cand_02238082,VRRRLLIVRRRLLI,VRRRLLI,repeat,1135155787,2.9900995229980105,,5.9900900361950296,-0.3999999999999997,13,0.62669885,1,1489,7595,3.084915,8.485002
227,199,cand_01231824,LLLRRLKLLLRRLK,LLLRRLK,repeat,606357788,2.989786557468041,,5.989464105135091,-0.3285714285714285,13,0.6234572,1,2002,7647,3.0853305,8.487446
228,443,cand_01234744,LLRRLIRRILRRLL,LLRRLIR,mirror,607155754,2.9900995229980105,,5.9900900361950296,-0.3428571428571428,13,0.64441943,1,1732,7490,3.0859182,8.490904
229,498,cand_01837888,RLLKRLLRLLKRLL,RLLKRLL,repeat,926309789,2.989786557468041,,5.989464105135091,-0.3285714285714284,13,0.6273367,1,1689,7528,3.0884821,8.506007
230,578,cand_00598691,GLRRLLLLLLRRLG,GLRRLLL,mirror,351155789,1.9901026852656707,,3.9900963607303503,-0.8285714285714285,13,0.6476975,1,1646,7715,3.090148,8.515835
231,560,cand_01847141,RLVVRRVVRRVVLR,RLVVRRV,mirror,927661897,2.9900995229980105,,5.9900900361950296,-0.4142857142857143,13,0.6418226,1,1655,7614,3.0916932,8.5249605
232,1000,cand_01807704,RKLLVVRRKLLVVR,RKLLVVR,repeat,923119154,2.989786557468041,,5.989464105135091,-0.4428571428571428,13,0.7125579,1,1480,7605,3.0921276,8.527528
233,663,cand_01876105,RRRLGLLLLGLRRR,RRRLGLL,mirror,943114189,2.9900995229980105,,5.9900900361950296,0.3571428571428571,13,0.75601864,1,1601,7494,3.0962756,8.552081
234,457,cand_01903795,RVLRRLLRVLRRLL,RVLRRLL,repeat,951957789,2.9900995229980105,,5.9900900361950296,-0.2999999999999999,13,0.63925534,1,1721,7604,3.09684,8.555428
235,703,cand_01234632,LLRRIVRRVIRRLL,LLRRIVR,mirror,607155154,2.9900995229980105,,5.9900900361950296,-0.3999999999999999,13,0.6424726,1,1587,7805,3.0976534,8.560253
236,944,cand_02233935,VRLVRIRVRLVRIR,VRLVRIR,repeat,1134381754,2.9900995229980105,,5.9900900361950296,-0.4571428571428572,13,0.6592212,1,1496,7680,3.0982888,8.564024
237,723,cand_01903870,RVLRVRVVRVRLVR,RVLRVRV,mirror,951959097,2.9900995229980105,,5.9900900361950296,-0.4142857142857143,13,0.76609683,1,1578,7651,3.1033401,8.594062
238,805,cand_01232394,LLRFGRLLRGFRLL,LLRFGRL,mirror,607074289,1.9901026852656707,,3.9900963607303503,-0.6857142857142856,13,0.6260841,1,1545,7660,3.1041741,8.599031
239,340,cand_01044422,KLFRRLLLLRRFLK,KLFRRLL,mirror,541557789,2.989786557468041,,5.989464105135091,-0.1857142857142855,13,0.70082873,1,1822,7427,3.1042309,8.599369
240,828,cand_01192025,LIRLRRLLRRLRIL,LIRLRRL,mirror,600717889,2.9900995229980105,,5.9900900361950296,-0.3428571428571428,13,0.71531105,1,1537,7595,3.104915,8.603448
241,447,cand_01262951,LRRLKLLLRRLKLL,LRRLKLL,repeat,623115389,2.989786557468041,,5.989464105135091,-0.3285714285714285,13,0.7524148,1,1727,7654,3.104969,8.60377
242,790,cand_01626212,QRIRLRVVRLRIRQ,QRIRLRV,mirror,878035897,2.9900995229980105,,5.9900900361950296,0.6428571428571429,11,0.69498736,1,1552,7484,3.1087554,8.626381
243,816,cand_02249234,VVLRKRVVVLRKRV,VVLRKRV,repeat,1143955497,2.989786557468041,,5.989464105135091,-0.4999999999999999,13,0.64665395,1,1541,7518,3.1125517,8.64911
244,483,cand_01742013,RGLRRLLLLRRLGR,RGLRRLL,mirror,913557789,2.9900995229980105,,5.9900900361950296,0.3571428571428572,13,0.74055815,1,1701,7648,3.112606,8.649436
245,196,cand_00830716,ILRRRLLLLRRRLI,ILRRRLL,mirror,479157789,2.9900995229980105,,5.9900900361950296,-0.3428571428571428,13,0.64277434,1,2006,7658,3.1138113,8.656665
246,307,cand_01234755,LLRRLKLLLRRLKL,LLRRLKL,repeat,607155769,2.989786557468041,,5.989464105135091,-0.3285714285714284,13,0.6379997,1,1870,7479,3.1148612,8.662967
247,167,cand_01234173,LLRLLKRLLRLLKR,LLRLLKR,repeat,607115774,2.989786557468041,,5.989464105135091,-0.3285714285714285,13,0.6748938,1,2049,7727,3.1162689,8.671424
248,533,cand_01838814,RLLRRLFFLRRLLR,RLLRRLF,mirror,926357784,2.9900995229980105,,5.9900900361950296,-0.0999999999999999,13,0.6789843,1,1669,7683,3.1163602,8.671972
249,240,cand_00594513,GLLRRLLLLRRLLG,GLLRRLL,mirror,350357789,1.9901026852656707,,3.9900963607303503,-0.8285714285714285,13,0.65643466,1,1956,7766,3.1169612,8.675586
250,370,cand_01705917,RFLRRLFRFLRRLF,RFLRRLF,repeat,910357784,2.9900995229980105,,5.9900900361950296,0.0428571428571429,13,0.64514154,1,1786,7689,3.1179323,8.681428
251,614,cand_01856238,RRFLRLLLLRLFRR,RRFLRLL,mirror,941517789,2.9900995229980105,,5.9900900361950296,-0.0999999999999999,13,0.7202258,1,1628,7600,3.1181,8.682436
252,268,cand_01823103,RLFRRLLRLFRRLL,RLFRRLL,repeat,925557789,2.9900995229980105,,5.9900900361950296,-0.0999999999999999,13,0.6650644,1,1921,7586,3.118807,8.686693
253,571,cand_01822986,RLFRLFRRFLRFLR,RLFRLFR,mirror,925555694,2.9900995229980105,,5.9900900361950296,0.0428571428571429,13,0.70400023,1,1647,7538,3.1211123,8.700584
254,188,cand_01257198,LRLGRLRRLRGLRL,LRLGRLR,mirror,622285794,2.9900995229980105,,5.9900900361950296,0.3571428571428572,13,0.67568517,1,2020,7653,3.124711,8.722315
255,82,cand_01192491,LIRRLLRRLLRRIL,LIRRLLR,mirror,600755794,2.9900995229980105,,5.9900900361950296,-0.3428571428571428,13,0.77526885,1,2227,7610,3.125317,8.72598
256,576,cand_02207602,VLLRRVRVLLRRVR,VLLRRVR,repeat,1118357954,2.9900995229980105,,5.9900900361950296,-0.3571428571428571,13,0.709731,1,1646,7600,3.1256175,8.727797
257,630,cand_00860743,IRVRLRVVRLRVRI,IRVRLRV,mirror,495635897,2.9900995229980105,,5.9900900361950296,-0.4571428571428572,13,0.65332186,1,1618,7607,3.125689,8.7282295
258,711,cand_01873281,RRLLRLVVLRLLRR,RRLLRLV,mirror,942317797,2.9900995229980105,,5.9900900361950296,-0.2999999999999999,13,0.7298205,1,1583,7616,3.1264935,8.733097
259,231,cand_00437445,FRLLFKRFRLLFKR,FRLLFKR,repeat,302313774,2.989786557468041,,5.989464105135091,-0.0428571428571428,13,0.7588781,1,1959,7568,3.1285288,8.745427
260,592,cand_00442519,FRRLLFRRFLLRRF,FRRLLFR,mirror,303115694,2.9900995229980105,,5.9900900361950296,0.0428571428571429,13,0.66203845,1,1639,7730,3.129697,8.752512
261,183,cand_01616757,QLRIRRLLRRIRLQ,QLRIRRL,mirror,863101889,2.9900995229980105,,5.9900900361950296,0.7000000000000001,11,0.67636234,1,2026,7638,3.1297996,8.753134
262,117,cand_01842659,RLRLGRLLRGLRLR,RLRLGRL,mirror,927114289,2.9900995229980105,,5.9900900361950296,0.3571428571428572,13,0.6401861,1,2145,7558,3.1311285,8.7612
263,423,cand_00857140,IRRLLLRRLLLRRI,IRRLLLR,mirror,495115794,2.9900995229980105,,5.9900900361950296,-0.3428571428571428,13,0.6339413,1,1751,7565,3.1327038,8.770772
264,464,cand_02233522,VRLRKLIVRLRKLI,VRLRKLI,repeat,1134355387,2.989786557468041,,5.989464105135091,-0.4857142857142856,13,0.67939556,1,1718,7663,3.1327536,8.771074
265,364,cand_00598037,GLRLRLRRLRLRLG,GLRLRLR,mirror,351117794,2.9900995229980105,,5.9900900361950296,0.3571428571428572,13,0.71294355,1,1790,7421,3.134092,8.779216
266,842,cand_02134502,VFKVRFRVFKVRFR,VFKVRFR,repeat,1102221694,2.989786557468041,,5.989464105135092,-0.1571428571428572,13,0.62277496,1,1532,7659,3.1361105,8.791508
267,679,cand_01904090,RVLVRRLLRRVLVR,RVLVRRL,mirror,951981889,2.9900995229980105,,5.9900900361950296,-0.3571428571428571,13,0.75505507,1,1595,7710,3.1363988,8.793264
268,505,cand_02241341,VRVRLVRVRVRLVR,VRVRLVR,repeat,1135635954,2.9900995229980105,,5.9900900361950296,-0.4142857142857143,13,0.7498434,1,1682,7552,3.1366448,8.794764
269,84,cand_01837467,RLLKFFRRLLKFFR,RLLKFFR,repeat,926305694,2.989786557468041,,5.989464105135091,-0.0428571428571427,13,0.65785927,1,2211,7642,3.1394904,8.812127
270,978,cand_01258967,LRLRRLILRLRRLI,LRLRRLI,repeat,622357787,2.9900995229980105,,5.9900900361950296,-0.3428571428571428,13,0.69233286,1,1488,7632,3.1398737,8.814469
271,136,cand_01838779,RLLRRFFRLLRRFF,RLLRRFF,repeat,926357684,2.9900995229980105,,5.9900900361950296,0.0428571428571429,13,0.70072454,1,2099,7781,3.1427686,8.832174
272,421,cand_01838211,RLLLRKLLKRLLLR,RLLLRKL,mirror,926317769,2.989786557468041,,5.989464105135092,-0.3285714285714284,13,0.6557056,1,1751,7650,3.143643,8.837528
273,72,cand_01044012,KLFRFLRKLFRFLR,KLFRFLR,repeat,541553794,2.989786557468041,,5.989464105135092,-0.0428571428571427,13,0.65254647,1,2257,7560,3.1450515,8.846161
274,351,cand_01227177,LLGRRLRLLGRRLR,LLGRRLR,repeat,605717794,2.9900995229980105,,5.9900900361950296,0.3571428571428572,13,0.75843805,1,1808,7509,3.1452358,8.847291
275,311,cand_01175115,LGLLRRRLGLLRRR,LGLLRRR,repeat,593517894,2.9900995229980105,,5.9900900361950296,0.3571428571428571,13,0.6885638,1,1865,7725,3.1463726,8.854265
276,877,cand_01896021,RVIRLRVVRLRIVR,RVIRLRV,mirror,951635897,2.9900995229980105,,5.9900900361950296,-0.4571428571428572,13,0.6584562,1,1519,7776,3.1467414,8.856529
277,582,cand_02099431,TRVVRIRRIRVVRT,TRVVRIR,mirror,1071661754,2.9900995229980105,,5.9900900361950296,0.1857142857142857,11,0.6668977,1,1643,7546,3.1481035,8.864895
278,159,cand_01258374,LRLLRRGLRLLRRG,LRLLRRG,repeat,622317885,2.9900995229980105,,5.9900900361950296,0.3571428571428572,13,0.6284508,1,2056,7773,3.148337,8.866329
279,886,cand_01251265,LRIVRLRRLRVIRL,LRIVRLR,mirror,622061794,2.9900995229980105,,5.9900900361950296,-0.3999999999999999,13,0.6497404,1,1517,7723,3.148693,8.868518
280,59,cand_01235903,LLVRRLKLLVRRLK,LLVRRLK,repeat,607637788,2.989786557468041,,5.989464105135091,-0.3857142857142857,13,0.64796567,1,2302,7695,3.150584,8.88015
281,826,cand_00934731,KFRRLLLLLLRRFK,KFRRLLL,mirror,527155789,2.989786557468041,,5.989464105135091,-0.1857142857142856,13,0.76665765,1,1537,7648,3.150654,8.880581
282,555,cand_01261293,LRRGLKLLRRGLKL,LRRGLKL,repeat,623083769,2.989786557468041,,5.989464105135091,0.2714285714285715,13,0.7760682,1,1658,7680,3.151387,8.885094
283,570,cand_02241438,VRVRVIKKIVRVRV,VRVRVIK,mirror,1135638948,2.989786557468041,,5.989464105135092,-0.5999999999999999,13,0.7697454,1,1647,7593,3.1558805,8.91281
284,752,cand_01228659,LLKFRLRLLKFRLR,LLKFRLR,repeat,606117794,2.989786557468041,,5.989464105135092,-0.1857142857142855,13,0.77553946,1,1565,7581,3.1597972,8.93704
285,286,cand_01234077,LLRLGRRLLRLGRR,LLRLGRR,repeat,607114294,2.9900995229980105,,5.9900900361950296,0.3571428571428572,13,0.71209306,1,1897,7607,3.1614556,8.94732
286,225,cand_00348529,FGRLFRLLRFLRGF,FGRLFRL,mirror,274313889,1.9901026852656707,,3.9900963607303503,-0.5428571428571428,13,0.6649095,1,1962,7733,3.1615324,8.947796
287,526,cand_02206525,VLKRLRLLRLRKLV,VLKRLRL,mirror,1118195889,2.989786557468041,,5.989464105135091,-0.3857142857142856,13,0.7317759,1,1672,7468,3.161968,8.950499
288,123,cand_01630135,QRLLRRIIRRLLRQ,QRLLRRI,mirror,878317887,2.9900995229980105,,5.9900900361950296,0.7000000000000001,11,0.63202745,1,2139,7654,3.165072,8.969776
289,485,cand_01838220,RLLLRLRRLLLRLR,RLLLRLR,repeat,926317794,2.9900995229980105,,5.9900900361950296,-0.2428571428571428,13,0.6446273,1,1699,7612,3.1687064,8.992401
290,668,cand_01265581,LRVIRLRRLRIVRL,LRVIRLR,mirror,623581794,2.9900995229980105,,5.9900900361950296,-0.3999999999999999,13,0.6719734,1,1600,7575,3.1727316,9.017526
291,487,cand_01234255,LLRLRVRLLRLRVR,LLRLRVR,repeat,607117954,2.9900995229980105,,5.9900900361950296,-0.2999999999999999,13,0.7697825,1,1696,7563,3.173577,9.022812
292,249,cand_01840429,RLRFLRLLRLFRLR,RLRFLRL,mirror,927075889,2.9900995229980105,,5.9900900361950296,-0.0999999999999999,13,0.64869523,1,1947,7542,3.1788003,9.055538
293,233,cand_00857216,IRRLRLLLLRLRRI,IRRLRLL,mirror,495117789,2.9900995229980105,,5.9900900361950296,-0.3428571428571429,13,0.73864293,1,1958,7651,3.1788661,9.055951
294,647,cand_01701403,RFKLLRLLRLLKFR,RFKLLRL,mirror,910155889,2.989786557468041,,5.989464105135091,-0.1857142857142856,13,0.64230984,1,1610,7568,3.1837718,9.086797
295,633,cand_02096465,TRRLLRLLRLLRRT,TRRLLRL,mirror,1071115889,2.9900995229980105,,5.9900900361950296,0.4000000000000001,11,0.64135,1,1617,7585,3.1844392,9.0910015
296,938,cand_02209834,VLRLRKLVLRLRKL,VLRLRKL,repeat,1119117769,2.989786557468041,,5.989464105135091,-0.3857142857142857,13,0.633094,1,1498,7603,3.1848392,9.093522
297,918,cand_01911678,RVVVIKRRVVVIKR,RVVVIKR,repeat,953258974,2.989786557468041,,5.989464105135091,-0.6,13,0.6238019,1,1502,7687,3.1875293,9.110495
298,305,cand_01843333,RLRRLFLLFLRRLR,RLRRLFL,mirror,927155689,2.9900995229980105,,5.9900900361950296,-0.0999999999999999,13,0.64910746,1,1871,7558,3.1884735,9.116458
299,823,cand_01830841,RLIRRLLRLIRRLL,RLIRRLL,repeat,926037789,2.9900995229980105,,5.9900900361950296,-0.3428571428571428,13,0.6352519,1,1539,7633,3.1889951,9.119756
300,543,cand_01837062,RLLGRRLLRRGLLR,RLLGRRL,mirror,926285889,2.9900995229980105,,5.9900900361950296,0.3571428571428572,13,0.75160545,1,1665,7768,3.1913753,9.134813
301,459,cand_02199261,VKVRVIRVKVRVIR,VKVRVIR,repeat,1116438954,2.989786557468041,,5.989464105135092,-0.5999999999999999,13,0.77616614,1,1720,7694,3.1917856,9.137412
302,236,cand_01617642,QLRRLKLLKLRRLQ,QLRRLKL,mirror,863155769,2.989786557468041,,5.989464105135092,0.7142857142857143,11,0.77074546,1,1957,7523,3.1920183,9.1388855
303,838,cand_01907856,RVRLVKVVKVLRVR,RVRLVKV,mirror,952718977,2.989786557468041,,5.989464105135092,-0.5,13,0.72946477,1,1534,7677,3.1922941,9.140634
304,914,cand_01263109,LRRLRVILRRLRVI,LRRLRVI,repeat,623117947,2.9900995229980105,,5.9900900361950296,-0.3999999999999999,13,0.6500688,1,1503,7568,3.1927176,9.143316
305,625,cand_01880441,RRVLRLLRRVLRLL,RRVLRLL,repeat,943597789,2.9900995229980105,,5.9900900361950296,-0.2999999999999999,13,0.6769746,1,1621,7652,3.193186,9.146286
306,156,cand_01644214,QVRVRKVVKRVRVQ,QVRVRKV,mirror,888781777,2.989786557468041,,5.989464105135092,0.5428571428571429,11,0.72331864,1,2058,7732,3.1964693,9.167125
307,378,cand_01250456,LRILRRLLRRLIRL,LRILRRL,mirror,621997889,2.9900995229980105,,5.9900900361950296,-0.3428571428571428,13,0.66626275,1,1779,7718,3.1966312,9.168154
308,318,cand_01058800,KLLLRRFFRRLLLK,KLLLRRF,mirror,542317884,2.989786557468041,,5.989464105135091,-0.1857142857142856,13,0.66624635,1,1849,7595,3.2009003,9.195323
309,287,cand_01807623,RKLLRLGRKLLRLG,RKLLRLG,repeat,923117785,2.989786557468041,,5.989464105135091,0.2714285714285715,13,0.77013993,1,1894,7546,3.2010157,9.196059
310,18,cand_01260577,LRRFLRLLRRFLRL,LRRFLRL,repeat,623075889,2.9900995229980105,,5.9900900361950296,-0.0999999999999999,13,0.6523824,1,2584,7688,3.2027485,9.207111
311,454,cand_01230652,LLKRLLRRLLRKLL,LLKRLLR,mirror,606195794,2.989786557468041,,5.989464105135091,-0.3285714285714284,13,0.7085644,1,1723,7697,3.203038,9.208959
312,271,cand_01263034,LRRLLRVVRLLRRL,LRRLLRV,mirror,623115897,2.9900995229980105,,5.9900900361950296,-0.2999999999999999,13,0.7290951,1,1916,7616,3.2063453,9.230094
313,754,cand_01873068,RRLLIRVRRLLIRV,RRLLIRV,repeat,942315097,2.9900995229980105,,5.9900900361950296,-0.3999999999999999,13,0.66217613,1,1565,7707,3.2069333,9.233856
314,210,cand_01278136,LVRRLLRRLLRRVL,LVRRLLR,mirror,632755794,2.9900995229980105,,5.9900900361950296,-0.2999999999999999,13,0.7599191,1,1991,7639,3.2078316,9.239608
315,693,cand_01843850,RLRVKLLLLKVRLR,RLRVKLL,mirror,927179389,2.989786557468041,,5.989464105135092,-0.3857142857142858,13,0.7341506,1,1590,7504,3.211426,9.262656
316,894,cand_01839168,RLLVVRRRLLVVRR,RLLVVRR,repeat,926383094,2.9900995229980105,,5.9900900361950296,-0.3571428571428571,13,0.67867464,1,1513,7614,3.2114263,9.262658
317,441,cand_00442562,FRRLLLRFRRLLLR,FRRLLLR,repeat,303115794,2.9900995229980105,,5.9900900361950296,-0.0999999999999999,13,0.7348665,1,1735,7636,3.2126455,9.27049
318,761,cand_01705916,RFLRRLFFLRRLFR,RFLRRLF,mirror,910357784,2.9900995229980105,,5.9900900361950296,0.0428571428571429,13,0.71934056,1,1563,7701,3.2126706,9.270651
319,847,cand_02226025,VRIRVVKKVVRIRV,VRIRVVK,mirror,1134039148,2.989786557468041,,5.989464105135092,-0.6000000000000002,13,0.7724686,1,1529,7633,3.2160332,9.292284
320,420,cand_01258378,LRLLRRLLRLLRRL,LRLLRRL,repeat,622317889,2.9900995229980105,,5.9900900361950296,-0.2428571428571427,13,0.7389639,1,1752,7509,3.219315,9.313446
321,883,cand_01856087,RRFLKLLRRFLKLL,RRFLKLL,repeat,941515389,2.989786557468041,,5.989464105135091,-0.1857142857142855,13,0.7175693,1,1517,7593,3.2202892,9.3197365
322,537,cand_01278134,LVRRLLKKLLRRVL,LVRRLLK,mirror,632755788,2.989786557468041,,5.989464105135092,-0.3857142857142857,13,0.7388356,1,1668,7689,3.220907,9.323729
323,41,cand_01645087,QVVRKRVVRKRVVQ,QVVRKRV,mirror,889235497,2.989786557468041,,5.989464105135091,0.5428571428571429,11,0.70502883,1,2387,7845,3.2209468,9.323986
324,469,cand_01257046,LRLGKRLLRLGKRL,LRLGKRL,repeat,622283489,2.989786557468041,,5.989464105135091,0.2714285714285715,13,0.73408115,1,1715,7678,3.223147,9.338216
325,373,cand_01900960,RVKVRVLRVKVRVL,RVKVRVL,repeat,951821949,2.989786557468041,,5.989464105135091,-0.5000000000000001,13,0.73667634,1,1783,7582,3.227334,9.365357
326,345,cand_01264075,LRRVLRLLRLVRRL,LRRVLRL,mirror,623179889,2.9900995229980105,,5.9900900361950296,-0.2999999999999999,13,0.7932046,1,1816,7723,3.2276754,9.367574
327,684,cand_01263033,LRRLLRLLRRLLRL,LRRLLRL,repeat,623115889,2.9900995229980105,,5.9900900361950296,-0.2428571428571427,13,0.63365483,1,1594,7589,3.2287629,9.374638
328,384,cand_01234837,LLRRRLILLRRRLI,LLRRRLI,repeat,607157787,2.9900995229980105,,5.9900900361950296,-0.3428571428571428,13,0.6390269,1,1775,7697,3.2295952,9.380047
329,871,cand_01258294,LRLLKVRLRLLKVR,LRLLKVR,repeat,622315554,2.989786557468041,,5.989464105135091,-0.3857142857142856,13,0.71300924,1,1520,7534,3.2325578,9.399329
330,859,cand_01906831,RVRIVRVRVRIVRV,RVRIVRV,repeat,952703097,2.9900995229980105,,5.9900900361950296,-0.5142857142857143,13,0.6871894,1,1525,7538,3.2338674,9.407866
331,391,cand_01707658,RFRFLRLLRLFRFR,RFRFLRL,mirror,911075889,2.9900995229980105,,5.9900900361950296,0.0428571428571429,13,0.7105784,1,1771,7625,3.2360847,9.422336
332,728,cand_02079543,TLRRRLVVLRRRLT,TLRRRLV,mirror,1055157797,2.9900995229980105,,5.9900900361950296,0.3428571428571429,11,0.6435384,1,1578,7750,3.2372923,9.430225
333,547,cand_01250800,LRIRIVRLRIRIVR,LRIRIVR,repeat,622035154,2.9900995229980105,,5.9900900361950296,-0.5,13,0.6659832,1,1662,7682,3.2379394,9.434456
334,274,cand_01254943,LRKLRLLLRKLRLL,LRKLRLL,repeat,622157789,2.989786557468041,,5.989464105135091,-0.3285714285714285,13,0.6327081,1,1915,7586,3.2380805,9.435379
335,605,cand_00411248,FLRLLRRRRLLRLF,FLRLLRR,mirror,287115894,2.9900995229980105,,5.9900900361950296,-0.0999999999999999,13,0.7278474,1,1632,7536,3.2401552,9.448957
336,773,cand_01781404,RIVRLRVVRLRVIR,RIVRLRV,mirror,921235897,2.9900995229980105,,5.9900900361950296,-0.4571428571428572,13,0.7178749,1,1558,7531,3.2404594,9.450951
337,242,cand_01838821,RLLRRLLRLLRRLL,RLLRRLL,repeat,926357789,2.9900995229980105,,5.9900900361950296,-0.2428571428571427,13,0.62543434,1,1955,7685,3.240603,9.451891
338,837,cand_02210343,VLRRLRIIRLRRLV,VLRRLRI,mirror,1119155887,2.9900995229980105,,5.9900900361950296,-0.4,13,0.62793666,1,1535,7440,3.2408428,9.453463
339,519,cand_02236572,VRRILRVVRLIRRV,VRRILRV,mirror,1135099897,2.9900995229980105,,5.9900900361950296,-0.4571428571428571,13,0.72363967,1,1674,7766,3.2412689,9.456255
340,518,cand_01643371,QVRKVRVVRVKRVQ,QVRKVRV,mirror,888711097,2.989786557468041,,5.989464105135091,0.5428571428571428,11,0.6305375,1,1675,7605,3.242238,9.462609
341,109,cand_01244693,LRGFRRLLRRFGRL,LRGFRRL,mirror,621637889,2.9900995229980105,,5.9900900361950296,0.5000000000000001,13,0.64913386,1,2161,7624,3.2428482,9.466612
342,840,cand_01228799,LLKGFRRLLKGFRR,LLKGFRR,repeat,606121894,2.989786557468041,,5.989464105135092,0.4142857142857143,13,0.7802931,1,1533,7622,3.2464151,9.4900465
343,810,cand_01842879,RLRLLRFFRLLRLR,RLRLLRF,mirror,927115884,2.9900995229980105,,5.9900900361950296,-0.0999999999999999,13,0.71108335,1,1543,7544,3.2469642,9.493659
344,906,cand_02240387,VRVKIRVVRVKIRV,VRVKIRV,repeat,1135587097,2.989786557468041,,5.989464105135091,-0.6000000000000002,13,0.7468097,1,1505,7456,3.2493932,9.509657
345,748,cand_01907799,RVRLRLLRVRLRLL,RVRLRLL,repeat,952717789,2.9900995229980105,,5.9900900361950296,-0.2999999999999999,13,0.6297308,1,1567,7563,3.249619,9.511145
346,563,cand_01219274,LKRLRLLLLRLRKL,LKRLRLL,mirror,603917789,2.989786557468041,,5.989464105135091,-0.3285714285714285,13,0.6445263,1,1652,7579,3.2499464,9.513303
347,781,cand_01906700,RVRILRVVRLIRVR,RVRILRV,mirror,952699897,2.9900995229980105,,5.9900900361950296,-0.457142857142857,13,0.6653271,1,1555,7719,3.2541134,9.540821
348,348,cand_01843930,RLRVLRVVRLVRLR,RLRVLRV,mirror,927179897,2.9900995229980105,,5.9900900361950296,-0.3571428571428571,13,0.75120246,1,1813,7642,3.2557652,9.551751
349,257,cand_01746345,RGRLLLRRLLLRGR,RGRLLLR,mirror,914315794,2.9900995229980105,,5.9900900361950296,0.3571428571428572,13,0.74077255,1,1931,7565,3.2579494,9.566222
350,742,cand_00411524,FLRRFLRRLFRRLF,FLRRFLR,mirror,287153794,2.9900995229980105,,5.9900900361950296,0.0428571428571429,13,0.68608266,1,1568,7704,3.2584667,9.5696535
351,323,cand_01822476,RLFLRLRRLFLRLR,RLFLRLR,repeat,925517794,2.9900995229980105,,5.9900900361950296,-0.0999999999999999,13,0.6742004,1,1843,7692,3.2589173,9.572643
352,491,cand_02241332,VRVRLRIVRVRLRI,VRVRLRI,repeat,1135635887,2.9900995229980105,,5.9900900361950296,-0.4571428571428571,13,0.638736,1,1694,7765,3.2590268,9.573369
353,980,cand_01899956,RVKLRLLRVKLRLL,RVKLRLL,repeat,951757789,2.989786557468041,,5.989464105135091,-0.3857142857142857,13,0.74983644,1,1487,7720,3.2608023,9.585158
354,589,cand_01258379,LRLLRRVVRRLLRL,LRLLRRV,mirror,622317897,2.9900995229980105,,5.9900900361950296,-0.2999999999999999,13,0.69274163,1,1641,7522,3.2633278,9.601953
355,283,cand_01872873,RRLLFRFFRFLLRR,RRLLFRF,mirror,942313884,2.9900995229980105,,5.9900900361950296,0.0428571428571429,13,0.7730762,1,1902,7672,3.2634995,9.603095
356,329,cand_01234772,LLRRLRLLRLRRLL,LLRRLRL,mirror,607155889,2.9900995229980105,,5.9900900361950296,-0.2428571428571427,13,0.74692833,1,1831,7530,3.2697847,9.645023
357,954,cand_01246637,LRGLFRRLRGLFRR,LRGLFRR,repeat,621673894,2.9900995229980105,,5.9900900361950296,0.5000000000000001,13,0.67296714,1,1493,7556,3.2699006,9.645798
358,557,cand_00411271,FLRLRFRFLRLRFR,FLRLRFR,repeat,287117694,2.9900995229980105,,5.9900900361950296,0.0428571428571429,13,0.6316907,1,1658,7662,3.271081,9.653693
359,889,cand_01838156,RLLLLKRRLLLLKR,RLLLLKR,repeat,926315774,2.989786557468041,,5.989464105135091,-0.3285714285714285,13,0.70105094,1,1515,7759,3.2736204,9.6707
360,831,cand_02210483,VLRRVRIVLRRVRI,VLRRVRI,repeat,1119159087,2.9900995229980105,,5.9900900361950296,-0.4571428571428571,13,0.666858,1,1536,7612,3.273677,9.671081
361,907,cand_01233703,LLRKIRVVRIKRLL,LLRKIRV,mirror,607107097,2.989786557468041,,5.989464105135091,-0.4857142857142856,13,0.7252396,1,1505,7629,3.2779367,9.6996765
362,979,cand_01846638,RLVRIRVVRIRVLR,RLVRIRV,mirror,927635097,2.9900995229980105,,5.9900900361950296,-0.4571428571428572,13,0.65046495,1,1488,7598,3.279293,9.7088
363,802,cand_01896356,RVIVVKRRVIVVKR,RVIVVKR,repeat,951662974,2.989786557468041,,5.989464105135091,-0.5999999999999998,13,0.67751485,1,1545,7537,3.2849205,9.746745
364,400,cand_02138317,VFRRFLRRLFRRFV,VFRRFLR,mirror,1103153794,2.9900995229980105,,5.9900900361950296,-0.0142857142857142,13,0.7562898,1,1765,7531,3.285948,9.75369
365,425,cand_01741213,RGLLRFFRGLLRFF,RGLLRFF,repeat,913517684,1.9901026852656707,,3.9900963607303503,-0.5428571428571427,13,0.63688415,1,1748,7476,3.2883773,9.770126
366,921,cand_01275372,LVLRRIKLVLRRIK,LVLRRIK,repeat,631957748,2.989786557468041,,5.989464105135091,-0.4857142857142856,13,0.65534997,1,1501,7582,3.2886486,9.771964
367,598,cand_01234905,LLRRVLRRLVRRLL,LLRRVLR,mirror,607158994,2.9900995229980105,,5.9900900361950296,-0.2999999999999999,13,0.7107121,1,1636,7583,3.2895944,9.778373
368,613,cand_02094260,TRLRLLRRLLRLRT,TRLRLLR,mirror,1070355794,2.9900995229980105,,5.9900900361950296,0.4000000000000001,11,0.6597052,1,1629,7582,3.289982,9.781001
369,431,cand_01258384,LRLLRVKLRLLRVK,LRLLRVK,repeat,622317948,2.989786557468041,,5.989464105135091,-0.3857142857142857,13,0.71243274,1,1744,7553,3.2904205,9.783974
370,804,cand_01776797,RIRILRVVRLIRIR,RIRILRV,mirror,920699897,2.9900995229980105,,5.9900900361950296,-0.5,13,0.6313462,1,1545,7649,3.2908158,9.786654
371,489,cand_00393895,FKRLRLLLLRLRKF,FKRLRLL,mirror,283917789,2.989786557468041,,5.989464105135091,-0.1857142857142856,13,0.7178588,1,1695,7627,3.2911484,9.788912
372,418,cand_01254942,LRKLRLLLLRLKRL,LRKLRLL,mirror,622157789,2.989786557468041,,5.989464105135091,-0.3285714285714284,13,0.64798105,1,1755,7737,3.2956662,9.819613
373,63,cand_01263493,LRRRLGLLRRRLGL,LRRRLGL,repeat,623155709,2.9900995229980105,,5.9900900361950296,0.3571428571428571,13,0.72013557,1,2289,7589,3.2957957,9.820495
374,171,cand_00437696,FRLLRRLLRRLLRF,FRLLRRL,mirror,302317889,2.9900995229980105,,5.9900900361950296,-0.0999999999999999,13,0.7771993,1,2044,7759,3.2984154,9.838344
375,219,cand_00442572,FRRLLRLFRRLLRL,FRRLLRL,repeat,303115889,2.9900995229980105,,5.9900900361950296,-0.0999999999999999,13,0.7477567,1,1980,7595,3.2985814,9.839475
376,450,cand_00349544,FGRRLLRRLLRRGF,FGRRLLR,mirror,274355794,2.9900995229980105,,5.9900900361950296,0.5000000000000001,13,0.7448562,1,1725,7585,3.303551,9.873427
377,874,cand_02195714,VKRLRLVVLRLRKV,VKRLRLV,mirror,1115917797,2.989786557468041,,5.989464105135091,-0.442857142857143,13,0.65715593,1,1520,7565,3.3045118,9.880005
378,104,cand_00420612,FRFLLKRFRFLLKR,FRFLLKR,repeat,301515774,2.989786557468041,,5.989464105135091,-0.0428571428571428,13,0.8116,1,2172,7664,3.3046901,9.881227
379,395,cand_00371344,FKFGRFRRFRGFKF,FKFGRFR,mirror,282285694,2.989786557468041,,5.989464105135091,0.7000000000000001,13,0.637716,1,1767,7589,3.3047009,9.8813
380,229,cand_01258983,LRLRRVVLRLRRVV,LRLRRVV,repeat,622357957,2.9900995229980105,,5.9900900361950296,-0.3571428571428571,13,0.6887069,1,1960,7691,3.3066864,9.894909
381,193,cand_01234031,LLRLFRRLLRLFRR,LLRLFRR,repeat,607113894,2.9900995229980105,,5.9900900361950296,-0.0999999999999999,13,0.62455416,1,2009,7675,3.3070974,9.897728
382,904,cand_01192501,LIRRLRLLRLRRIL,LIRRLRL,mirror,600755889,2.9900995229980105,,5.9900900361950296,-0.3428571428571428,13,0.64192027,1,1507,7650,3.3077984,9.902538
383,951,cand_01843430,RLRRVILRLRRVIL,RLRRVIL,repeat,927158949,2.9900995229980105,,5.9900900361950296,-0.3999999999999999,13,0.6264884,1,1494,7609,3.3107097,9.922542
384,931,cand_01258114,LRLKVVRLRLKVVR,LRLKVVR,repeat,622311154,2.989786557468041,,5.989464105135091,-0.4428571428571428,13,0.62604135,1,1499,7528,3.3112004,9.925917
385,940,cand_00341995,FGKLLRRFGKLLRR,FGKLLRR,repeat,273355894,2.989786557468041,,5.989464105135092,0.4142857142857143,13,0.7745245,1,1496,7607,3.311334,9.926836
386,358,cand_01255888,LRKVLRLLRLVKRL,LRKVLRL,mirror,622219889,2.989786557468041,,5.989464105135091,-0.3857142857142857,13,0.64509875,1,1800,7600,3.312015,9.931523
387,765,cand_02229830,VRKLRLVVRKLRLV,VRKLRLV,repeat,1134157797,2.989786557468041,,5.989464105135091,-0.4428571428571429,13,0.69574815,1,1562,7566,3.314857,9.951107
388,595,cand_01232559,LLRFRIRLLRFRIR,LLRFRIR,repeat,607077754,2.9900995229980105,,5.9900900361950296,-0.1999999999999999,13,0.71531284,1,1637,7497,3.3166637,9.963576
389,772,cand_01254866,LRKLLLRRLLLKRL,LRKLLLR,mirror,622155794,2.989786557468041,,5.989464105135091,-0.3285714285714284,13,0.7052119,1,1559,7559,3.3194888,9.983106
390,507,cand_00597944,GLRLLRRRRLLRLG,GLRLLRR,mirror,351115894,2.9900995229980105,,5.9900900361950296,0.3571428571428572,13,0.6851856,1,1682,7442,3.3195922,9.983822
391,994,cand_00860748,IRVRLVRIRVRLVR,IRVRLVR,repeat,495635954,2.9900995229980105,,5.9900900361950296,-0.4571428571428572,13,0.65348756,1,1483,7515,3.3197298,9.984775
392,511,cand_01230184,LLKLRRLLLKLRRL,LLKLRRL,repeat,606157889,2.989786557468041,,5.989464105135092,-0.3285714285714283,13,0.7036895,1,1679,7601,3.3203242,9.988889
393,472,cand_01910994,RVVLRRVVRRLVVR,RVVLRRV,mirror,953197897,2.9900995229980105,,5.9900900361950296,-0.4142857142857143,13,0.7452983,1,1711,7552,3.3224545,10.003649
394,393,cand_00830717,ILRRRLLILRRRLL,ILRRRLL,repeat,479157789,2.9900995229980105,,5.9900900361950296,-0.3428571428571429,13,0.7127107,1,1769,7678,3.3237998,10.012982
395,612,cand_00857289,IRRLVRVIRRLVRV,IRRLVRV,repeat,495119097,2.9900995229980105,,5.9900900361950296,-0.457142857142857,13,0.6316428,1,1630,7675,3.324275,10.016281
396,757,cand_02241470,VRVRVVKKVVRVRV,VRVRVVK,mirror,1135639148,2.989786557468041,,5.989464105135092,-0.5571428571428573,13,0.72615606,1,1564,7598,3.3254542,10.024471
397,685,cand_01256709,LRLFRLRRLRFLRL,LRLFRLR,mirror,622277794,2.9900995229980105,,5.9900900361950296,-0.0999999999999999,13,0.76157147,1,1593,7602,3.3273954,10.037969
398,490,cand_01263515,LRRRLLILRRRLLI,LRRRLLI,repeat,623155787,2.9900995229980105,,5.9900900361950296,-0.3428571428571429,13,0.6363046,1,1695,7584,3.3278248,10.0409565
399,401,cand_01234157,LLRLKRVLLRLKRV,LLRLKRV,repeat,607115497,2.989786557468041,,5.989464105135091,-0.3857142857142855,13,0.71997523,1,1765,7609,3.3278337,10.0410185
400,542,cand_01263093,LRRLRLFLRRLRLF,LRRLRLF,repeat,623117784,2.9900995229980105,,5.9900900361950296,-0.0999999999999999,13,0.69003826,1,1666,7614,3.32829,10.044194
401,682,cand_01634608,QRVRVVKKVVRVRQ,QRVRVVK,mirror,879639148,2.989786557468041,,5.989464105135092,0.5428571428571428,11,0.6284778,1,1595,7664,3.3300471,10.056436
402,714,cand_01843358,RLRRLILRLRRLIL,RLRRLIL,repeat,927155749,2.9900995229980105,,5.9900900361950296,-0.3428571428571429,13,0.6521766,1,1583,7745,3.3307354,10.061234
403,670,cand_02251987,VVRRRLVVVRRRLV,VVRRRLV,repeat,1144757797,2.9900995229980105,,5.9900900361950296,-0.4142857142857143,13,0.6262414,1,1600,7646,3.3310003,10.063082
404,429,cand_01644815,QVVKRRVVRRKVVQ,QVVKRRV,mirror,889189897,2.989786557468041,,5.989464105135091,0.5428571428571429,11,0.6801434,1,1745,7635,3.332772,10.075447
405,62,cand_00598770,GLRRRLLLLRRRLG,GLRRRLL,mirror,351157789,2.9900995229980105,,5.9900900361950296,0.3571428571428572,13,0.7968626,1,2292,7757,3.3363874,10.100728
406,717,cand_01258380,LRLLRRVLRLLRRV,LRLLRRV,repeat,622317897,2.9900995229980105,,5.9900900361950296,-0.3,13,0.7805276,1,1581,7750,3.3364565,10.1012125
407,644,cand_01634851,QRVVRRVVRRVVRQ,QRVVRRV,mirror,879661897,2.9900995229980105,,5.9900900361950296,0.6285714285714284,11,0.7856239,1,1611,7552,3.3401985,10.127446
408,764,cand_01263514,LRRRLLIILLRRRL,LRRRLLI,mirror,623155787,2.9900995229980105,,5.9900900361950296,-0.3428571428571431,13,0.6597987,1,1563,7578,3.3424346,10.143155
409,496,cand_01226709,LLGLRRRLLGLRRR,LLGLRRR,repeat,605677894,2.9900995229980105,,5.9900900361950296,0.3571428571428571,13,0.7146669,1,1689,7626,3.342472,10.143418
410,200,cand_01201685,LKGFLRRLKGFLRR,LKGFLRR,repeat,602435894,2.989786557468041,,5.989464105135092,0.4142857142857143,13,0.65547264,1,2001,7455,3.3452232,10.16278
411,977,cand_02197973,VKVIRVRVKVIRVR,VKVIRVR,repeat,1116381954,2.989786557468041,,5.989464105135092,-0.5999999999999999,13,0.73473674,1,1488,7673,3.347164,10.17646
412,259,cand_01262698,LRRLFRLLRFLRRL,LRRLFRL,mirror,623113889,2.9900995229980105,,5.9900900361950296,-0.0999999999999999,13,0.7668282,1,1929,7615,3.3475728,10.179345
413,893,cand_02198866,VKVRFRVVRFRVKV,VKVRFRV,mirror,1116433897,2.989786557468041,,5.989464105135091,-0.3571428571428572,13,0.7037225,1,1514,7701,3.3489673,10.189189
414,733,cand_01841239,RLRGRLLLLRGRLR,RLRGRLL,mirror,927085789,2.9900995229980105,,5.9900900361950296,0.3571428571428572,13,0.7374996,1,1575,7715,3.3492134,10.190927
415,456,cand_01188914,LIKRLRVVRLRKIL,LIKRLRV,mirror,599795897,2.989786557468041,,5.989464105135091,-0.4857142857142857,13,0.6740603,1,1721,7378,3.349263,10.1912775
416,993,cand_01279187,LVVRVRKLVVRVRK,LVVRVRK,repeat,633239088,2.989786557468041,,5.989464105135091,-0.4999999999999999,13,0.6848457,1,1483,7688,3.3518686,10.209701
417,971,cand_01906689,RVRILLRRVRILLR,RVRILLR,repeat,952699794,2.9900995229980105,,5.9900900361950296,-0.3999999999999999,13,0.71074367,1,1489,7590,3.352313,10.212846
418,656,cand_01179838,LGRRRLLLGRRRLL,LGRRRLL,repeat,594357789,2.9900995229980105,,5.9900900361950296,0.3571428571428572,13,0.6978797,1,1606,7563,3.3539958,10.224765
419,3,cand_01644822,QVVKRVRRVRKVVQ,QVVKRVR,mirror,889189954,2.989786557468041,,5.989464105135091,0.5428571428571429,11,0.7339084,1,2868,7616,3.3542206,10.226358
420,330,cand_01231513,LLLKRRLLRRKLLL,LLLKRRL,mirror,606309889,2.989786557468041,,5.989464105135091,-0.3285714285714284,13,0.8081,1,1829,7584,3.356274,10.240923
421,163,cand_01256710,LRLFRLRLRLFRLR,LRLFRLR,repeat,622277794,2.9900995229980105,,5.9900900361950296,-0.0999999999999999,13,0.6591294,1,2053,7691,3.3574064,10.248965
422,919,cand_01233805,LLRKLGRRGLKRLL,LLRKLGR,mirror,607107714,2.989786557468041,,5.989464105135091,0.2714285714285714,13,0.7419609,1,1501,7598,3.3577156,10.251163
423,133,cand_01873238,RRLLRFFRRLLRFF,RRLLRFF,repeat,942317684,2.9900995229980105,,5.9900900361950296,0.0428571428571429,13,0.6694739,1,2105,7681,3.3588421,10.259171
424,502,cand_00425098,FRGLLRLLRLLGRF,FRGLLRL,mirror,301675889,1.9901026852656707,,3.9900963607303503,-0.6857142857142856,13,0.63881123,1,1686,7609,3.3663707,10.312846
425,121,cand_01524871,PLRKLLKKLLKRLP,PLRKLLK,mirror,799107788,2.989473591938072,,5.988838174075152,0.3571428571428572,11,0.63953066,1,2141,7658,3.3685079,10.3281355
426,535,cand_01247718,LRGRRLLLLRRGRL,LRGRRLL,mirror,621717789,2.9900995229980105,,5.9900900361950296,0.3571428571428572,13,0.6586423,1,1669,7571,3.3695428,10.335547
427,888,cand_01179116,LGRLRRLLRRLRGL,LGRLRRL,mirror,594317889,2.9900995229980105,,5.9900900361950296,0.3571428571428573,13,0.7159951,1,1516,7636,3.3699477,10.338448
428,137,cand_01843370,RLRRLLLRLRRLLL,RLRRLLL,repeat,927155789,2.9900995229980105,,5.9900900361950296,-0.2428571428571428,13,0.6275018,1,2095,7705,3.371527,10.3497715
429,368,cand_01234904,LLRRVLKLLRRVLK,LLRRVLK,repeat,607158988,2.989786557468041,,5.989464105135091,-0.3857142857142857,13,0.6821204,1,1787,7509,3.3729982,10.360332
430,857,cand_01258755,LRLRIRLLRIRLRL,LRLRIRL,mirror,622355089,2.9900995229980105,,5.9900900361950296,-0.3428571428571428,13,0.7013445,1,1526,7684,3.3732522,10.362155
431,541,cand_01254803,LRKLKLLLRKLKLL,LRKLKLL,repeat,622155389,2.989473591938072,,5.988838174075152,-0.4142857142857142,13,0.6631356,1,1667,7559,3.3736405,10.364944
432,187,cand_01643904,QVRRLRVVRLRRVQ,QVRRLRV,mirror,888755897,2.9900995229980105,,5.9900900361950296,0.6857142857142858,11,0.6378118,1,2023,7638,3.3747337,10.372802
433,701,cand_01226524,LLGKRLRLLGKRLR,LLGKRLR,repeat,605669794,2.989786557468041,,5.989464105135092,0.2714285714285715,13,0.718089,1,1587,7728,3.3786573,10.401051
434,873,cand_01251000,LRIRRLVLRIRRLV,LRIRRLV,repeat,622037797,2.9900995229980105,,5.9900900361950296,-0.3999999999999999,13,0.66075116,1,1520,7482,3.3789372,10.403069
435,277,cand_01256719,LRLFRRLLRRFLRL,LRLFRRL,mirror,622277889,2.9900995229980105,,5.9900900361950296,-0.0999999999999999,13,0.7604749,1,1910,7614,3.3803875,10.413532
436,579,cand_00412306,FLRVRLRFLRVRLR,FLRVRLR,repeat,287181794,2.9900995229980105,,5.9900900361950296,-0.157142857142857,13,0.6624024,1,1645,7566,3.3827238,10.4304085
437,591,cand_01263035,LRRLLRVLRRLLRV,LRRLLRV,repeat,623115897,2.9900995229980105,,5.9900900361950296,-0.2999999999999999,13,0.7774853,1,1640,7501,3.3838692,10.438693
438,771,cand_01234626,LLRRIRVVRIRRLL,LLRRIRV,mirror,607155097,2.9900995229980105,,5.9900900361950296,-0.3999999999999999,13,0.7903036,1,1559,7622,3.3875682,10.465492
439,245,cand_01640651,QVKRLRVVRLRKVQ,QVKRLRV,mirror,887795897,2.989786557468041,,5.989464105135091,0.5999999999999999,11,0.71269745,1,1952,7646,3.389221,10.477488
440,194,cand_01233079,LLRGRRLLRRGRLL,LLRGRRL,mirror,607085889,2.9900995229980105,,5.9900900361950296,0.3571428571428572,13,0.79474556,1,2008,7613,3.38944,10.479079
441,824,cand_01266432,LRVLRRLLRVLRRL,LRVLRRL,repeat,623597889,2.9900995229980105,,5.9900900361950296,-0.2999999999999999,13,0.7972342,1,1538,7718,3.389851,10.482065
442,813,cand_00497226,GFLRRLLLLRRLFG,GFLRRLL,mirror,334357789,1.9901026852656707,,3.9900963607303503,-0.6857142857142856,13,0.6373432,1,1542,7569,3.3905218,10.486939
443,471,cand_00838485,IRFRVRLLRVRFRI,IRFRVRL,mirror,493559089,2.9900995229980105,,5.9900900361950296,-0.2571428571428571,13,0.666989,1,1713,7609,3.3933418,10.507458
444,811,cand_02093928,TRLLRLRRLRLLRT,TRLLRLR,mirror,1070317794,2.9900995229980105,,5.9900900361950296,0.4,11,0.69749415,1,1543,7494,3.394437,10.515438
445,556,cand_01234770,LLRRLRIIRLRRLL,LLRRLRI,mirror,607155887,2.9900995229980105,,5.9900900361950296,-0.3428571428571428,13,0.6604043,1,1658,7653,3.3944483,10.51552
446,844,cand_02233461,VRLRIRVVRIRLRV,VRLRIRV,mirror,1134355097,2.9900995229980105,,5.9900900361950296,-0.4571428571428572,13,0.6568395,1,1531,7461,3.394965,10.519286
447,637,cand_02240516,VRVKLRVVRLKVRV,VRVKLRV,mirror,1135587897,2.989786557468041,,5.989464105135091,-0.5000000000000001,13,0.7234929,1,1613,7600,3.3954132,10.522555
448,185,cand_01226438,LLGKLRRLLGKLRR,LLGKLRR,repeat,605667894,2.989786557468041,,5.989464105135092,0.2714285714285714,13,0.7712202,1,2025,7582,3.397004,10.534163
449,680,cand_01258971,LRLRRLVLRLRRLV,LRLRRLV,repeat,622357797,2.9900995229980105,,5.9900900361950296,-0.2999999999999999,13,0.7283255,1,1595,7568,3.3994615,10.552124
450,924,cand_01262779,LRRLGKLLRRLGKL,LRRLGKL,repeat,623114169,2.989786557468041,,5.989464105135091,0.2714285714285714,13,0.62909067,1,1500,7554,3.4019055,10.570015
451,553,cand_01244694,LRGFRRLLRGFRRL,LRGFRRL,repeat,621637889,2.9900995229980105,,5.9900900361950296,0.5000000000000001,13,0.6272995,1,1660,7576,3.4027317,10.57607
452,705,cand_01774024,RILRVRVVRVRLIR,RILRVRV,mirror,919959097,2.9900995229980105,,5.9900900361950296,-0.4571428571428573,13,0.6952534,1,1586,7484,3.4027708,10.576356
453,697,cand_02218417,VRFRRLVVRFRRLV,VRFRRLV,repeat,1133557797,2.9900995229980105,,5.9900900361950296,-0.2142857142857142,13,0.6722506,1,1588,7823,3.4027834,10.576448
454,278,cand_01278516,LVRVRVRLVRVRVR,LVRVRVR,repeat,632781954,2.9900995229980105,,5.9900900361950296,-0.4142857142857143,13,0.73185515,1,1909,7671,3.4028227,10.576737
455,632,cand_01264128,LRRVRIILRRVRII,LRRVRII,repeat,623181747,2.9900995229980105,,5.9900900361950296,-0.5000000000000001,13,0.6655443,1,1617,7684,3.4049265,10.592172
456,39,cand_01539606,PRLLRKLLKRLLRP,PRLLRKL,mirror,814317769,2.989786557468041,,5.989464105135092,0.4428571428571429,11,0.6252724,1,2402,7538,3.4073434,10.609931
457,636,cand_02211340,VLVRRIRRIRRVLV,VLVRRIR,mirror,1119637754,2.9900995229980105,,5.9900900361950296,-0.4571428571428572,13,0.7379053,1,1614,7638,3.4081793,10.61608
458,362,cand_01541986,PRRLLGLLGLLRRP,PRRLLGL,mirror,815115709,1.9901026852656707,,3.9900963607303503,-0.057142857142857,11,0.6887768,1,1792,7726,3.4106805,10.634501
459,755,cand_01277568,LVRLKRLLVRLKRL,LVRLKRL,repeat,632715489,2.989786557468041,,5.989464105135091,-0.3857142857142857,13,0.6374058,1,1565,7593,3.4110146,10.636964
460,973,cand_01235162,LLRVRRILLRVRRI,LLRVRRI,repeat,607181887,2.9900995229980105,,5.9900900361950296,-0.4000000000000001,13,0.68113524,1,1489,7703,3.412752,10.649781
461,346,cand_01234835,LLRRRLGLLRRRLG,LLRRRLG,repeat,607157785,2.9900995229980105,,5.9900900361950296,0.3571428571428572,13,0.7250606,1,1816,7586,3.4168491,10.68007
462,93,cand_01537299,PRKLLKLLKLLKRP,PRKLLKL,mirror,814155769,2.989473591938072,,5.988838174075152,0.3571428571428571,11,0.7297561,1,2196,7633,3.4185686,10.692806
463,649,cand_02241305,VRVRLIRRILRVRV,VRVRLIR,mirror,1135635754,2.9900995229980105,,5.9900900361950296,-0.4571428571428572,13,0.74943155,1,1609,7595,3.420179,10.704748
464,722,cand_01063215,KLRLLRFFRLLRLK,KLRLLRF,mirror,543115884,2.989786557468041,,5.989464105135091,-0.1857142857142856,13,0.65855074,1,1579,7634,3.4218678,10.717287
465,581,cand_00437697,FRLLRRLFRLLRRL,FRLLRRL,repeat,302317889,2.9900995229980105,,5.9900900361950296,-0.0999999999999999,13,0.75220037,1,1643,7554,3.422855,10.724622
466,692,cand_01155498,LFKRRLLLFKRRLL,LFKRRLL,repeat,590197789,2.989786557468041,,5.989464105135092,-0.1857142857142855,13,0.70658106,1,1591,7596,3.4235816,10.730025
467,515,cand_01688621,RFFRGLRRFFRGLR,RFFRGLR,repeat,909554194,2.9900995229980105,,5.9900900361950296,0.6428571428571429,13,0.6428778,1,1677,7613,3.4243248,10.735554
468,584,cand_01643984,QVRRVVKKVVRRVQ,QVRRVVK,mirror,888759148,2.989786557468041,,5.989464105135092,0.5428571428571429,11,0.75880575,1,1642,7754,3.4249146,10.739944
469,172,cand_01842952,RLRLRLLRLRLRLL,RLRLRLL,repeat,927117789,2.9900995229980105,,5.9900900361950296,-0.2428571428571427,13,0.66368085,1,2043,7635,3.4273767,10.758289
470,887,cand_01774023,RILRVRLRILRVRL,RILRVRL,repeat,919959089,2.9900995229980105,,5.9900900361950296,-0.3999999999999999,13,0.63316673,1,1517,7604,3.42744,10.75876
471,622,cand_02230631,VRKVIVRRVIVKRV,VRKVIVR,mirror,1134219154,2.989786557468041,,5.989464105135091,-0.6000000000000002,13,0.7777198,1,1623,7587,3.4282806,10.765031
472,309,cand_01243636,LRFVRRLLRFVRRL,LRFVRRL,repeat,621581889,2.9900995229980105,,5.9900900361950296,-0.157142857142857,13,0.7376433,1,1867,7697,3.4288988,10.769645
473,629,cand_01710175,RFRLLLRRLLLRFR,RFRLLLR,mirror,911115794,2.9900995229980105,,5.9900900361950296,-0.0999999999999999,13,0.6593755,1,1618,7358,3.4308612,10.784305
474,126,cand_01263099,LRRLRLLLRRLRLL,LRRLRLL,repeat,623117789,2.9900995229980105,,5.9900900361950296,-0.2428571428571427,13,0.7497971,1,2137,7546,3.4314954,10.789046
475,885,cand_02233724,VRLRVKVVKVRLRV,VRLRVKV,mirror,1134358977,2.989786557468041,,5.989464105135092,-0.5000000000000001,13,0.65373856,1,1517,7700,3.4340193,10.807938
476,849,cand_01364674,MVKRIRVVRIRKVM,MVKRIRV,mirror,695795097,2.989786557468041,,5.989464105135091,-0.2714285714285714,11,0.6633496,1,1529,7614,3.4355166,10.81916
477,762,cand_01264065,LRRVLLRRLLVRRL,LRRVLLR,mirror,623179794,2.9900995229980105,,5.9900900361950296,-0.2999999999999999,13,0.70622116,1,1563,7597,3.4367933,10.828739
478,900,cand_01172542,LGKLLRRLGKLLRR,LGKLLRR,repeat,593355894,2.989786557468041,,5.989464105135092,0.2714285714285714,13,0.626733,1,1511,7632,3.4379265,10.837248
479,376,cand_01231834,LLLRRRILLLRRRI,LLLRRRI,repeat,606357887,2.9900995229980105,,5.9900900361950296,-0.3428571428571429,13,0.67755246,1,1781,7516,3.4425514,10.872045
480,653,cand_01881387,RRVVLLRRRVVLLR,RRVVLLR,repeat,943659794,2.9900995229980105,,5.9900900361950296,-0.3571428571428571,13,0.76161504,1,1607,7661,3.4461102,10.898897
481,510,cand_01225377,LLFRLRRLLFRLRR,LLFRLRR,repeat,605555894,2.9900995229980105,,5.9900900361950296,-0.0999999999999999,13,0.73660207,1,1679,7543,3.4475005,10.909405
482,925,cand_01278211,LVRRRLILVRRRLI,LVRRRLI,repeat,632757787,2.9900995229980105,,5.9900900361950296,-0.4,13,0.62361,1,1500,7430,3.449644,10.925627
483,564,cand_01258377,LRLLRRLLRRLLRL,LRLLRRL,mirror,622317889,2.9900995229980105,,5.9900900361950296,-0.2428571428571427,13,0.6345369,1,1652,7897,3.449931,10.927798
484,514,cand_02420442,YLRRRLLLLRRRLY,YLRRRLL,mirror,1247157789,2.989305825219841,,5.988502640638691,0.4857142857142857,11,0.6503212,1,1677,7569,3.4507353,10.933893
485,165,cand_01523323,PLLRKLKKLKRLLP,PLLRKLK,mirror,798355388,2.989473591938072,,5.988838174075152,0.3571428571428571,11,0.6970992,1,2051,7554,3.4540048,10.9587
486,36,cand_01522088,PLKRLFRRFLRKLP,PLKRLFR,mirror,798195694,2.989786557468041,,5.989464105135091,0.585714285714286,11,0.6698509,1,2422,7686,3.4579709,10.988868
487,792,cand_01234237,LLRLRLRLLRLRLR,LLRLRLR,repeat,607117794,2.9900995229980105,,5.9900900361950296,-0.2428571428571427,13,0.73821783,1,1551,7624,3.458378,10.99197
488,990,cand_01262109,LRRIVRVLRRIVRV,LRRIVRV,repeat,623103097,2.9900995229980105,,5.9900900361950296,-0.4571428571428572,13,0.67604727,1,1484,7640,3.4595852,11.001171
489,997,cand_01710649,RFRRLLFFLLRRFR,RFRRLLF,mirror,911155784,2.9900995229980105,,5.9900900361950296,0.0428571428571428,13,0.7409517,1,1481,7697,3.4610007,11.01197
490,324,cand_01179105,LGRLRLRLGRLRLR,LGRLRLR,repeat,594317794,2.9900995229980105,,5.9900900361950296,0.3571428571428572,13,0.66908944,1,1843,7639,3.4618747,11.018643
491,835,cand_02249310,VVLRRRLVVLRRRL,VVLRRRL,repeat,1143957889,2.9900995229980105,,5.9900900361950296,-0.3571428571428571,13,0.6289379,1,1536,7629,3.4624865,11.023317
492,698,cand_01638588,QVIRRKVVKRRIVQ,QVIRRKV,mirror,887637777,2.989786557468041,,5.989464105135092,0.4999999999999999,11,0.65633327,1,1588,7622,3.463163,11.028486
493,466,cand_01156873,LFLRRRLLRRRLFL,LFLRRRL,mirror,590357889,2.9900995229980105,,5.9900900361950296,-0.0999999999999999,13,0.62709844,1,1718,7609,3.4639752,11.034698
494,759,cand_01777949,RIRLVRVVRVLRIR,RIRLVRV,mirror,920719097,2.9900995229980105,,5.9900900361950296,-0.4571428571428573,13,0.66289234,1,1564,7714,3.4652164,11.044195
495,822,cand_02210327,VLRRLKLLKLRRLV,VLRRLKL,mirror,1119155769,2.989786557468041,,5.989464105135092,-0.3857142857142857,13,0.6879006,1,1539,7561,3.4661317,11.051205
496,534,cand_01710655,RFRRLLLLLLRRFR,RFRRLLL,mirror,911155789,2.9900995229980105,,5.9900900361950296,-0.1,13,0.67241055,1,1669,7542,3.4673502,11.060542
497,226,cand_01873164,RRLLLFRRRLLLFR,RRLLLFR,repeat,942315694,2.9900995229980105,,5.9900900361950296,-0.0999999999999999,13,0.6574373,1,1962,7706,3.4686491,11.070505
498,127,cand_01875418,RRRGLLLRRRGLLL,RRRGLLL,repeat,943083789,2.9900995229980105,,5.9900900361950296,0.3571428571428569,13,0.72088003,1,2130,7670,3.4711032,11.089353
499,690,cand_01235905,LLVRRLRLLVRRLR,LLVRRLR,repeat,607637794,2.9900995229980105,,5.9900900361950296,-0.2999999999999999,13,0.72357374,1,1591,7708,3.4714327,11.091886
500,638,cand_00442574,FRRLLRVFRRLLRV,FRRLLRV,repeat,303115897,2.9900995229980105,,5.9900900361950296,-0.157142857142857,13,0.7215095,1,1613,7440,3.4722977,11.098537
501,851,cand_01840191,RLRFGRLLRGFRLR,RLRFGRL,mirror,927074289,2.9900995229980105,,5.9900900361950296,0.5000000000000001,13,0.70390046,1,1528,7636,3.4741058,11.112456
502,751,cand_02233934,VRLVRIRRIRVLRV,VRLVRIR,mirror,1134381754,2.9900995229980105,,5.9900900361950296,-0.4571428571428572,13,0.649487,1,1566,7689,3.4771552,11.135969
503,808,cand_01822880,RLFRIRFFRIRFLR,RLFRIRF,mirror,925555084,2.9900995229980105,,5.9900900361950296,-0.057142857142857,13,0.63829046,1,1544,7592,3.4792497,11.152148
504,731,cand_01906699,RVRILRLRVRILRL,RVRILRL,repeat,952699889,2.9900995229980105,,5.9900900361950296,-0.3999999999999999,13,0.6259466,1,1577,7503,3.479369,11.1530695
505,408,cand_01266422,LRVLRLRLRVLRLR,LRVLRLR,repeat,623597794,2.9900995229980105,,5.9900900361950296,-0.2999999999999999,13,0.68318,1,1762,7575,3.4802585,11.159948
506,721,cand_01234836,LLRRRLIILRRRLL,LLRRRLI,mirror,607157787,2.9900995229980105,,5.9900900361950296,-0.3428571428571428,13,0.6412817,1,1580,7516,3.4813528,11.168417
507,782,cand_01266755,LRVRIIRLRVRIIR,LRVRIIR,repeat,623634954,2.9900995229980105,,5.9900900361950296,-0.5,13,0.65253574,1,1555,7566,3.4819732,11.173221
508,965,cand_01258372,LRLLRRFLRLLRRF,LRLLRRF,repeat,622317884,2.9900995229980105,,5.9900900361950296,-0.0999999999999999,13,0.70179147,1,1491,7708,3.4850307,11.196925
509,982,cand_02233679,VRLRRVLVRLRRVL,VRLRRVL,repeat,1134357949,2.9900995229980105,,5.9900900361950296,-0.3571428571428571,13,0.6689066,1,1486,7683,3.4856813,11.201976
510,354,cand_02241196,VRVRIRLLRIRVRV,VRVRIRL,mirror,1135635089,2.9900995229980105,,5.9900900361950296,-0.4571428571428572,13,0.624782,1,1803,7669,3.4887676,11.2259655
511,763,cand_02191314,VKLLRVRVKLLRVR,VKLLRVR,repeat,1115117954,2.989786557468041,,5.989464105135092,-0.4428571428571428,13,0.67780656,1,1563,7662,3.4897156,11.233344
512,897,cand_01214768,LKLLRRFLKLLRRF,LKLLRRF,repeat,603117884,2.989786557468041,,5.989464105135092,-0.1857142857142857,13,0.8061641,1,1511,7575,3.491934,11.250631
513,661,cand_01266062,LRVKLVRLRVKLVR,LRVKLVR,repeat,623587954,2.989786557468041,,5.989464105135091,-0.4428571428571428,13,0.7006396,1,1602,7609,3.4920626,11.251634
514,879,cand_01840493,RLRFRLLLLRFRLR,RLRFRLL,mirror,927077789,2.9900995229980105,,5.9900900361950296,-0.0999999999999999,13,0.748253,1,1518,7820,3.492741,11.256927
515,621,cand_01273862,LVKLRLRLVKLRLR,LVKLRLR,repeat,631757794,2.989786557468041,,5.989464105135092,-0.3857142857142856,13,0.6495961,1,1624,7565,3.4927912,11.257318
516,529,cand_02225893,VRIRLRVVRLRIRV,VRIRLRV,mirror,1134035897,2.9900995229980105,,5.9900900361950296,-0.4571428571428572,13,0.6706661,1,1672,7622,3.494286,11.268988
517,189,cand_01250933,LRIRLRVVRLRIRL,LRIRLRV,mirror,622035897,2.9900995229980105,,5.9900900361950296,-0.3999999999999999,13,0.62293327,1,2020,7612,3.4952118,11.276221
518,575,cand_01250998,LRIRRLLLRIRRLL,LRIRRLL,repeat,622037789,2.9900995229980105,,5.9900900361950296,-0.3428571428571428,13,0.7498376,1,1646,7433,3.495469,11.278233
519,738,cand_01266789,LRVRIVRLRVRIVR,LRVRIVR,repeat,623635154,2.9900995229980105,,5.9900900361950296,-0.457142857142857,13,0.70799345,1,1571,7728,3.4971251,11.291186
520,852,cand_02251420,VVRLRIRRIRLRVV,VVRLRIR,mirror,1144717754,2.9900995229980105,,5.9900900361950296,-0.4571428571428572,13,0.6613455,1,1528,7484,3.5008712,11.320542
521,442,cand_01709082,RFRILLRRFRILLR,RFRILLR,repeat,911099794,2.9900995229980105,,5.9900900361950296,-0.1999999999999999,13,0.7953691,1,1734,7620,3.5017204,11.3272085
522,481,cand_02225446,VRILRVRRVRLIRV,VRILRVR,mirror,1133997954,2.9900995229980105,,5.9900900361950296,-0.4571428571428571,13,0.62818784,1,1704,7728,3.5019774,11.3292265
523,627,cand_01230185,LLKLRRVVRRLKLL,LLKLRRV,mirror,606157897,2.989786557468041,,5.989464105135091,-0.3857142857142857,13,0.6869107,1,1619,7638,3.5048213,11.351581
524,558,cand_01266924,LRVRLRLLRLRVRL,LRVRLRL,mirror,623635889,2.9900995229980105,,5.9900900361950296,-0.2999999999999999,13,0.7068463,1,1657,7497,3.5074787,11.372509
525,775,cand_01258665,LRLRGLRRLGRLRL,LRLRGLR,mirror,622354194,2.9900995229980105,,5.9900900361950296,0.3571428571428572,13,0.7014021,1,1557,7540,3.5078347,11.375316
526,55,cand_01645094,QVVRKVRRVKRVVQ,QVVRKVR,mirror,889235554,2.989786557468041,,5.989464105135091,0.5428571428571426,11,0.74394953,1,2318,7617,3.508552,11.380974
527,952,cand_01232719,LLRGFRRLLRGFRR,LLRGFRR,repeat,607081894,2.9900995229980105,,5.9900900361950296,0.5000000000000001,13,0.68251216,1,1493,7592,3.5087285,11.382365
528,866,cand_01234624,LLRRIRLLRIRRLL,LLRRIRL,mirror,607155089,2.9900995229980105,,5.9900900361950296,-0.3428571428571428,13,0.7338794,1,1522,7511,3.509768,11.39057
529,899,cand_01231715,LLLRKIRRIKRLLL,LLLRKIR,mirror,606355354,2.989786557468041,,5.989464105135091,-0.4285714285714285,13,0.62840897,1,1511,7673,3.5115802,11.404887
530,359,cand_01523354,PLLRLKRRKLRLLP,PLLRLKR,mirror,798355774,2.989786557468041,,5.989464105135091,0.4428571428571428,11,0.6401662,1,1800,7578,3.5130355,11.416397
531,161,cand_00853359,IRLRVRVIRLRVRV,IRLRVRV,repeat,494359097,2.9900995229980105,,5.9900900361950296,-0.457142857142857,13,0.6621225,1,2054,7589,3.5142243,11.425808
532,643,cand_02226022,VRIRVRLVRIRVRL,VRIRVRL,repeat,1134039089,2.9900995229980105,,5.9900900361950296,-0.4571428571428572,13,0.6475793,1,1612,7637,3.514606,11.428831
533,880,cand_01838161,RLLLLRRRRLLLLR,RLLLLRR,mirror,926315894,2.9900995229980105,,5.9900900361950296,-0.2428571428571428,13,0.6569866,1,1518,7533,3.5195863,11.468353
534,125,cand_01250457,LRILRRLLRILRRL,LRILRRL,repeat,621997889,2.9900995229980105,,5.9900900361950296,-0.3428571428571428,13,0.62834334,1,2138,7475,3.5195978,11.468444
535,932,cand_01278513,LVRVRVKKVRVRVL,LVRVRVK,mirror,632781948,2.989786557468041,,5.989464105135092,-0.5000000000000001,13,0.76981664,1,1498,7748,3.5208454,11.478366
536,833,cand_01264130,LRRVRILLRRVRIL,LRRVRIL,repeat,623181749,2.9900995229980105,,5.9900900361950296,-0.3999999999999999,13,0.6528862,1,1536,7669,3.521145,11.480751
537,504,cand_01710243,RFRLRLFFLRLRFR,RFRLRLF,mirror,911117784,2.9900995229980105,,5.9900900361950296,0.0428571428571429,13,0.6767958,1,1684,7669,3.5213506,11.482387
538,328,cand_01233368,LLRIRVRLLRIRVR,LLRIRVR,repeat,607101954,2.9900995229980105,,5.9900900361950296,-0.3999999999999998,13,0.76914245,1,1833,7517,3.5229862,11.495411
539,154,cand_01261387,LRRGRLLLRRGRLL,LRRGRLL,repeat,623085789,2.9900995229980105,,5.9900900361950296,0.3571428571428572,13,0.77254486,1,2063,7698,3.524144,11.50464
540,996,cand_01231255,LLLGRRLLLLGRRL,LLLGRRL,repeat,606285889,1.9901026852656707,,3.9900963607303503,-0.8285714285714286,13,0.6229084,1,1482,7756,3.524675,11.508875
541,528,cand_00828033,ILLRRRLILLRRRL,ILLRRRL,repeat,478357889,2.9900995229980105,,5.9900900361950296,-0.3428571428571428,13,0.67860967,1,1672,7582,3.5254192,11.514814
542,332,cand_00437615,FRLLLKRFRLLLKR,FRLLLKR,repeat,302315774,2.989786557468041,,5.989464105135091,-0.1857142857142857,13,0.70586735,1,1826,7615,3.5296252,11.548432
543,933,cand_01214776,LKLLRRVLKLLRRV,LKLLRRV,repeat,603117897,2.989786557468041,,5.989464105135092,-0.3857142857142857,13,0.7620946,1,1498,7646,3.5306046,11.556275
544,756,cand_01267036,LRVRVIRRIVRVRL,LRVRVIR,mirror,623638954,2.9900995229980105,,5.9900900361950296,-0.4571428571428571,13,0.731798,1,1564,7708,3.5309052,11.558684
545,422,cand_01192365,LIRRIRVVRIRRIL,LIRRIRV,mirror,600755097,2.9900995229980105,,5.9900900361950296,-0.5000000000000001,13,0.64937514,1,1751,7630,3.5328946,11.574634
546,878,cand_01710216,RFRLRFLRFRLRFL,RFRLRFL,repeat,911117689,2.9900995229980105,,5.9900900361950296,0.0428571428571429,13,0.62317264,1,1519,7653,3.539087,11.624422
547,506,cand_01630739,QRLVRRVVRRVLRQ,QRLVRRV,mirror,878381897,2.9900995229980105,,5.9900900361950296,0.6857142857142857,11,0.736562,1,1682,7646,3.5404892,11.635725
548,497,cand_02210345,VLRRLRLLRLRRLV,VLRRLRL,mirror,1119155889,2.9900995229980105,,5.9900900361950296,-0.2999999999999999,13,0.673001,1,1689,7528,3.5415497,11.644281
549,881,cand_01264047,LRRVLIRRILVRRL,LRRVLIR,mirror,623179754,2.9900995229980105,,5.9900900361950296,-0.4,13,0.6330459,1,1518,7432,3.543046,11.656364
550,562,cand_02225897,VRIRLVRRVLRIRV,VRIRLVR,mirror,1134035954,2.9900995229980105,,5.9900900361950296,-0.4571428571428572,13,0.7151945,1,1654,7678,3.5441396,11.665204
551,856,cand_01263063,LRRLRFLLRRLRFL,LRRLRFL,repeat,623117689,2.9900995229980105,,5.9900900361950296,-0.0999999999999999,13,0.6373051,1,1527,7671,3.5465827,11.684975
552,440,cand_01260338,LRRFGRLLRGFRRL,LRRFGRL,mirror,623074289,2.9900995229980105,,5.9900900361950296,0.5000000000000001,13,0.72208357,1,1736,7564,3.5466428,11.685461
553,285,cand_01523330,PLLRKRLLRKRLLP,PLLRKRL,mirror,798355489,2.989786557468041,,5.989464105135091,0.442857142857143,11,0.6593671,1,1900,7581,3.5476785,11.693853
554,308,cand_01579284,QGLLRRLLRRLLGQ,QGLLRRL,mirror,849517889,1.9901026852656707,,3.9900963607303503,0.2142857142857143,11,0.69225526,1,1868,7495,3.548526,11.700726
555,610,cand_01258969,LRLRRLLLRLRRLL,LRLRRLL,repeat,622357789,2.9900995229980105,,5.9900900361950296,-0.2428571428571427,13,0.7142328,1,1630,7471,3.5539532,11.744823
556,302,cand_01539450,PRLLGLRRLGLLRP,PRLLGLR,mirror,814314194,1.9901026852656707,,3.9900963607303503,-0.0571428571428571,11,0.7139606,1,1872,7680,3.5553732,11.75639
557,843,cand_02241186,VRVRILRRLIRVRV,VRVRILR,mirror,1135634994,2.9900995229980105,,5.9900900361950296,-0.4571428571428572,13,0.68051606,1,1531,7756,3.5582387,11.779764
558,107,cand_01523362,PLLRLRKKRLRLLP,PLLRLRK,mirror,798355888,2.989786557468041,,5.989464105135092,0.4428571428571428,11,0.730024,1,2169,7674,3.559109,11.786872
559,501,cand_01256720,LRLFRRLLRLFRRL,LRLFRRL,repeat,622277889,2.9900995229980105,,5.9900900361950296,-0.0999999999999999,13,0.71847534,1,1687,7569,3.5608778,11.801332
560,166,cand_01243188,LRFRLLRRLLRFRL,LRFRLLR,mirror,621555794,2.9900995229980105,,5.9900900361950296,-0.0999999999999999,13,0.7304189,1,2050,7656,3.5690243,11.868159
561,923,cand_01908785,RVRVRFLRVRVRFL,RVRVRFL,repeat,952781689,2.9900995229980105,,5.9900900361950296,-0.2142857142857142,13,0.7006602,1,1500,7698,3.5693536,11.870869
562,776,cand_01843163,RLRRFLLLLFRRLR,RLRRFLL,mirror,927153789,2.9900995229980105,,5.9900900361950296,-0.1,13,0.66012776,1,1557,7572,3.5694544,11.871698
563,284,cand_01234247,LLRLRRLLLRLRRL,LLRLRRL,repeat,607117889,2.9900995229980105,,5.9900900361950296,-0.2428571428571427,13,0.75570625,1,1902,7592,3.5703058,11.878706
564,88,cand_00411940,FLRRRLLFLRRRLL,FLRRRLL,repeat,287157789,2.9900995229980105,,5.9900900361950296,-0.0999999999999999,13,0.770948,1,2203,7702,3.5723763,11.895766
565,821,cand_01902401,RVLIRVRRVRILVR,RVLIRVR,mirror,951901954,2.9900995229980105,,5.9900900361950296,-0.457142857142857,13,0.69987243,1,1539,7560,3.5727582,11.898915
566,787,cand_00457793,FVRFRKFFVRFRKF,FVRFRKF,repeat,312677764,2.989786557468041,,5.989464105135091,0.0428571428571429,13,0.62487704,1,1553,7601,3.5732636,11.903085
567,396,cand_01876245,RRRLLLGGLLLRRR,RRRLLLG,mirror,943115785,2.9900995229980105,,5.9900900361950296,0.3571428571428571,13,0.7682767,1,1766,7672,3.5737011,11.906695
568,794,cand_01126048,KVRLRLVKVRLRLV,KVRLRLV,repeat,568717797,2.989786557468041,,5.989464105135092,-0.4428571428571429,13,0.62391335,1,1550,7566,3.5741088,11.910061
569,536,cand_01233067,LLRGRLRRLRGRLL,LLRGRLR,mirror,607085794,2.9900995229980105,,5.9900900361950296,0.3571428571428572,13,0.62563294,1,1669,7667,3.5743144,11.911757
570,474,cand_01159535,LFRLLRRRRLLRFL,LFRLLRR,mirror,591115894,2.9900995229980105,,5.9900900361950296,-0.0999999999999999,13,0.64251477,1,1711,7634,3.5824578,11.979184
571,531,cand_02207596,VLLRRRVVLLRRRV,VLLRRRV,repeat,1118357897,2.9900995229980105,,5.9900900361950296,-0.3571428571428572,13,0.6902676,1,1670,7623,3.5826056,11.980412
572,371,cand_02241317,VRVRLKVVKLRVRV,VRVRLKV,mirror,1135635777,2.989786557468041,,5.989464105135092,-0.5000000000000001,13,0.73959595,1,1785,7651,3.5827358,11.981493
573,404,cand_01234546,LLRRGRLLRGRRLL,LLRRGRL,mirror,607154289,2.9900995229980105,,5.9900900361950296,0.3571428571428572,13,0.6303644,1,1764,7595,3.5827675,11.981756
574,658,cand_01908818,RVRVRLIILRVRVR,RVRVRLI,mirror,952781787,2.9900995229980105,,5.9900900361950296,-0.457142857142857,13,0.68266857,1,1605,7516,3.583558,11.988324
575,449,cand_01266922,LRVRLRIIRLRVRL,LRVRLRI,mirror,623635887,2.9900995229980105,,5.9900900361950296,-0.4,13,0.62812227,1,1726,7679,3.5858166,12.007107
576,602,cand_01834676,RLKLLFRRFLLKLR,RLKLLFR,mirror,926155694,2.989786557468041,,5.989464105135091,-0.1857142857142857,13,0.6698943,1,1635,7609,3.5877538,12.02324
577,453,cand_01263935,LRRVIRVVRIVRRL,LRRVIRV,mirror,623179097,2.9900995229980105,,5.9900900361950296,-0.4571428571428572,13,0.6409753,1,1724,7613,3.5879703,12.0250435
578,943,cand_01278146,LVRRLRLLRLRRVL,LVRRLRL,mirror,632755889,2.9900995229980105,,5.9900900361950296,-0.2999999999999999,13,0.6781672,1,1496,7585,3.5908642,12.04919
579,593,cand_01643925,QVRRRLLLLRRRVQ,QVRRRLL,mirror,888757789,2.9900995229980105,,5.9900900361950296,0.742857142857143,11,0.7076418,1,1638,7718,3.5913858,12.053547
580,482,cand_02225894,VRIRLRVVRIRLRV,VRIRLRV,repeat,1134035897,2.9900995229980105,,5.9900900361950296,-0.4571428571428572,13,0.71289855,1,1703,7797,3.5928164,12.065505
581,356,cand_01234178,LLRLLRRRRLLRLL,LLRLLRR,mirror,607115894,2.9900995229980105,,5.9900900361950296,-0.2428571428571428,13,0.7625598,1,1801,7460,3.595217,12.085598
582,476,cand_01517704,PLFKRRLLRRKFLP,PLFKRRL,mirror,797509889,2.989786557468041,,5.989464105135091,0.585714285714286,11,0.66712517,1,1709,7598,3.5980966,12.109745
583,444,cand_01278270,LVRRVKVLVRRVKV,LVRRVKV,repeat,632758977,2.989786557468041,,5.989464105135091,-0.5,13,0.62880725,1,1731,7617,3.599101,12.118179
584,397,cand_02077382,TLLRRRLLRRRLLT,TLLRRRL,mirror,1054357889,2.9900995229980105,,5.9900900361950296,0.3999999999999999,11,0.744027,1,1766,7637,3.601256,12.136292
585,981,cand_02210206,VLRRIRVVLRRIRV,VLRRIRV,repeat,1119155097,2.9900995229980105,,5.9900900361950296,-0.4571428571428571,13,0.690422,1,1487,7544,3.6025846,12.147475
586,855,cand_01192834,LIRVRLRRLRVRIL,LIRVRLR,mirror,600781794,2.9900995229980105,,5.9900900361950296,-0.4,13,0.6769858,1,1527,7568,3.603315,12.153627
587,651,cand_01242635,LRFLRLRRLRLFRL,LRFLRLR,mirror,621517794,2.9900995229980105,,5.9900900361950296,-0.0999999999999999,13,0.67063725,1,1608,7728,3.6042798,12.1617565
588,963,cand_01544981,PRVVRVRRVRVVRP,PRVVRVR,mirror,815661954,2.9900995229980105,,5.9900900361950296,0.3571428571428571,11,0.6706349,1,1492,7661,3.6045349,12.163908
589,6,cand_01525528,PLRRLLRRLLRRLP,PLRRLLR,mirror,799155794,2.9900995229980105,,5.9900900361950296,0.5285714285714287,11,0.71707594,1,2829,7649,3.6056132,12.173003
590,326,cand_01234815,LLRRRGLLLRRRGL,LLRRRGL,repeat,607157709,2.9900995229980105,,5.9900900361950296,0.3571428571428573,13,0.78127116,1,1840,7685,3.6091254,12.202674
591,854,cand_01837343,RLLIRRLRLLIRRL,RLLIRRL,repeat,926301889,2.9900995229980105,,5.9900900361950296,-0.3428571428571428,13,0.6268389,1,1528,7739,3.6133876,12.238778
592,455,cand_01645171,QVVRRRVVRRRVVQ,QVVRRRV,mirror,889237897,2.9900995229980105,,5.9900900361950296,0.6285714285714287,11,0.62668234,1,1723,7646,3.6133893,12.238791
593,942,cand_00860807,IRVRRLVVLRRVRI,IRVRRLV,mirror,495637797,2.9900995229980105,,5.9900900361950296,-0.4571428571428571,13,0.72380024,1,1496,7572,3.6142097,12.245753
594,861,cand_00830997,ILRVRRVILRVRRV,ILRVRRV,repeat,479181897,2.9900995229980105,,5.9900900361950296,-0.4571428571428571,13,0.65932477,1,1525,7547,3.6156285,12.257803
595,227,cand_01900024,RVKLVRVRVKLVRV,RVKLVRV,repeat,951759097,2.989786557468041,,5.989464105135091,-0.5000000000000001,13,0.7181954,1,1960,7457,3.6159582,12.260605
596,646,cand_01160163,LFRRLRLLRLRRFL,LFRRLRL,mirror,591155889,2.9900995229980105,,5.9900900361950296,-0.0999999999999999,13,0.6946948,1,1610,7523,3.617579,12.274386
597,410,cand_01258560,LRLRFLRLRLRFLR,LRLRFLR,repeat,622353794,2.9900995229980105,,5.9900900361950296,-0.0999999999999999,13,0.74881274,1,1761,7517,3.6180506,12.278399
598,984,cand_02226221,VRIVRVKKVRVIRV,VRIVRVK,mirror,1134061948,2.989786557468041,,5.989464105135092,-0.5999999999999999,13,0.65094554,1,1486,7634,3.620913,12.302785
599,788,cand_01189865,LILRRKLLILRRKL,LILRRKL,repeat,599957769,2.989786557468041,,5.989464105135091,-0.4285714285714287,13,0.62324387,1,1553,7487,3.6237926,12.327366
600,237,cand_01266788,LRVRIVRRVIRVRL,LRVRIVR,mirror,623635154,2.9900995229980105,,5.9900900361950296,-0.4571428571428571,13,0.78208286,1,1956,7627,3.6242964,12.331671
601,279,cand_01836572,RLLFRRLRLLFRRL,RLLFRRL,repeat,926277889,2.9900995229980105,,5.9900900361950296,-0.0999999999999999,13,0.66281486,1,1907,7671,3.6254463,12.341504
602,832,cand_01192026,LIRLRRLLIRLRRL,LIRLRRL,repeat,600717889,2.9900995229980105,,5.9900900361950296,-0.3428571428571428,13,0.6603736,1,1536,7482,3.6262672,12.348528
603,103,cand_01235154,LLRVRLRLLRVRLR,LLRVRLR,repeat,607181794,2.9900995229980105,,5.9900900361950296,-0.2999999999999999,13,0.6303288,1,2173,7792,3.6270673,12.355379
604,253,cand_01275306,LVLRKLRLVLRKLR,LVLRKLR,repeat,631955394,2.989786557468041,,5.989464105135091,-0.3857142857142856,13,0.73951906,1,1941,7533,3.6282387,12.365415
605,297,cand_00442561,FRRLLLRRLLLRRF,FRRLLLR,mirror,303115794,2.9900995229980105,,5.9900900361950296,-0.0999999999999999,13,0.7126183,1,1874,7662,3.6284585,12.367298
606,144,cand_01258758,LRLRIRVLRLRIRV,LRLRIRV,repeat,622355097,2.9900995229980105,,5.9900900361950296,-0.3999999999999999,13,0.7275496,1,2084,7626,3.6305077,12.384877
607,357,cand_01262096,LRRIVLRRLVIRRL,LRRIVLR,mirror,623102994,2.9900995229980105,,5.9900900361950296,-0.4,13,0.71703273,1,1800,7673,3.6333704,12.409477
608,316,cand_01234773,LLRRLRLLLRRLRL,LLRRLRL,repeat,607155889,2.9900995229980105,,5.9900900361950296,-0.2428571428571427,13,0.6773457,1,1852,7560,3.6354396,12.427288
609,130,cand_01234838,LLRRRLLLLRRRLL,LLRRRLL,mirror,607157789,2.9900995229980105,,5.9900900361950296,-0.2428571428571427,13,0.76403475,1,2113,7627,3.6389372,12.457453
610,947,cand_01250997,LRIRRLLLLRRIRL,LRIRRLL,mirror,622037789,2.9900995229980105,,5.9900900361950296,-0.3428571428571428,13,0.7353695,1,1495,7605,3.6417413,12.481689
611,928,cand_00830789,ILRRVRVILRRVRV,ILRRVRV,repeat,479159097,2.9900995229980105,,5.9900900361950296,-0.4571428571428572,13,0.6935284,1,1499,7572,3.6454492,12.513809
612,908,cand_02192103,VKLVRVRVKLVRVR,VKLVRVR,repeat,1115181954,2.989786557468041,,5.989464105135092,-0.5,13,0.7666236,1,1504,7591,3.64582,12.517026
613,105,cand_01525526,PLRRLLKKLLRRLP,PLRRLLK,mirror,799155788,2.989786557468041,,5.989464105135092,0.442857142857143,11,0.7662469,1,2170,7562,3.6506398,12.558913
614,437,cand_01275416,LVLRVKRLVLRVKR,LVLRVKR,repeat,631958974,2.989786557468041,,5.989464105135091,-0.4428571428571429,13,0.6305874,1,1741,7693,3.652301,12.573384
615,448,cand_00632606,GRRLRLLLLRLRRG,GRRLRLL,mirror,367117789,2.9900995229980105,,5.9900900361950296,0.3571428571428572,13,0.738303,1,1726,7785,3.653357,12.58259
616,325,cand_01231825,LLLRRLRRLRRLLL,LLLRRLR,mirror,606357794,2.9900995229980105,,5.9900900361950296,-0.2428571428571428,13,0.8002502,1,1840,7751,3.6566744,12.611556
617,276,cand_02209839,VLRLRLKKLRLRLV,VLRLRLK,mirror,1119117788,2.989786557468041,,5.989464105135092,-0.3857142857142857,13,0.6241453,1,1912,7544,3.659065,12.632471
618,110,cand_01263367,LRRRGLFLRRRGLF,LRRRGLF,repeat,623154184,2.9900995229980105,,5.9900900361950296,0.5000000000000001,13,0.6252329,1,2158,7520,3.659295,12.634486
619,909,cand_01266784,LRVRIRVVRIRVRL,LRVRIRV,mirror,623635097,2.9900995229980105,,5.9900900361950296,-0.4571428571428572,13,0.7271271,1,1504,7597,3.6598606,12.63944
620,95,cand_01539311,PRLKRLLLLRKLRP,PRLKRLL,mirror,814309789,2.989786557468041,,5.989464105135091,0.4428571428571428,11,0.71046245,1,2191,7563,3.6604798,12.644865
621,898,cand_02211238,VLVRIRRRRIRVLV,VLVRIRR,mirror,1119635094,2.9900995229980105,,5.9900900361950296,-0.4571428571428572,13,0.69679046,1,1511,7453,3.6606457,12.64632
622,241,cand_01228021,LLIRRVKLLIRRVK,LLIRRVK,repeat,606037948,2.989786557468041,,5.989464105135091,-0.4857142857142856,13,0.6523727,1,1955,7549,3.6612275,12.651421
623,645,cand_01524550,PLRIRRLLRRIRLP,PLRIRRL,mirror,799101889,2.9900995229980105,,5.9900900361950296,0.4285714285714287,11,0.7216537,1,1610,7555,3.661751,12.656013
624,875,cand_01234918,LLRRVRVLLRRVRV,LLRRVRV,repeat,607159097,2.9900995229980105,,5.9900900361950296,-0.3571428571428571,13,0.698778,1,1519,7647,3.663764,12.673683
625,261,cand_01618910,QLVRRRLLRRRVLQ,QLVRRRL,mirror,863637889,2.9900995229980105,,5.9900900361950296,0.7428571428571428,11,0.6256097,1,1928,7732,3.6645668,12.6807375
626,150,cand_01219649,LKRRLFLLKRRLFL,LKRRLFL,repeat,603955689,2.989786557468041,,5.989464105135092,-0.1857142857142856,13,0.8041667,1,2070,7546,3.668074,12.711601
627,13,cand_01525520,PLRRLKLLKLRRLP,PLRRLKL,mirror,799155769,2.989786557468041,,5.989464105135092,0.4428571428571429,11,0.7177603,1,2688,7645,3.6683471,12.714009
628,313,cand_00438313,FRLRRLLLLRRLRF,FRLRRLL,mirror,302357789,2.9900995229980105,,5.9900900361950296,-0.0999999999999999,13,0.72869486,1,1863,7565,3.6695418,12.724542
629,477,cand_01615459,QLLLRRRRRRLLLQ,QLLLRRR,mirror,862317894,2.9900995229980105,,5.9900900361950296,0.7999999999999999,11,0.7196863,1,1705,7610,3.6701465,12.729876
630,520,cand_02210678,VLRVRIRRIRVRLV,VLRVRIR,mirror,1119181754,2.9900995229980105,,5.9900900361950296,-0.4571428571428572,13,0.71490264,1,1674,7638,3.6729689,12.754805
631,216,cand_01242646,LRFLRRLLRFLRRL,LRFLRRL,repeat,621517889,2.9900995229980105,,5.9900900361950296,-0.0999999999999999,13,0.7890693,1,1985,7496,3.676138,12.782853
632,492,cand_01234775,LLRRLRVLLRRLRV,LLRRLRV,repeat,607155897,2.9900995229980105,,5.9900900361950296,-0.2999999999999999,13,0.72522765,1,1692,7699,3.6774094,12.794124
633,64,cand_01522152,PLKRRLLLLRRKLP,PLKRRLL,mirror,798197789,2.989786557468041,,5.989464105135091,0.442857142857143,11,0.6444654,1,2284,7495,3.678168,12.800853
634,862,cand_01189883,LILRRRLLILRRRL,LILRRRL,repeat,599957889,2.9900995229980105,,5.9900900361950296,-0.3428571428571428,13,0.6513964,1,1525,7609,3.6792798,12.810721
635,606,cand_01630088,QRLLLRRRRLLLRQ,QRLLLRR,mirror,878315894,2.9900995229980105,,5.9900900361950296,0.8,11,0.7515238,1,1631,7566,3.6819293,12.8342705
636,539,cand_02210201,VLRRIRIIRIRRLV,VLRRIRI,mirror,1119155087,2.9900995229980105,,5.9900900361950296,-0.5,13,0.6342338,1,1668,7651,3.6826682,12.840845
637,876,cand_02210412,VLRRRLLVLRRRLL,VLRRRLL,repeat,1119157789,2.9900995229980105,,5.9900900361950296,-0.2999999999999999,13,0.68685716,1,1519,7650,3.690035,12.906582
638,966,cand_01518008,PLFRLRKKRLRFLP,PLFRLRK,mirror,797555888,2.989786557468041,,5.989464105135092,0.5857142857142856,11,0.7251366,1,1490,7747,3.6914837,12.919548
639,151,cand_01617969,QLRVRRIIRRVRLQ,QLRVRRI,mirror,863181887,2.9900995229980105,,5.9900900361950296,0.6428571428571429,11,0.72142655,1,2068,7566,3.6927912,12.931262
640,664,cand_01234197,LLRLRFRLLRLRFR,LLRLRFR,repeat,607117694,2.9900995229980105,,5.9900900361950296,-0.0999999999999999,13,0.72730577,1,1601,7475,3.6963534,12.963231
641,201,cand_01260576,LRRFLRLLRLFRRL,LRRFLRL,mirror,623075889,2.9900995229980105,,5.9900900361950296,-0.0999999999999999,13,0.7137446,1,1999,7583,3.6964178,12.963809
642,669,cand_00838695,IRFVRFRRFRVFRI,IRFVRFR,mirror,493581694,2.9900995229980105,,5.9900900361950296,-0.1142857142857143,13,0.637266,1,1600,7629,3.700191,12.997759
643,14,cand_01275384,LVLRRKLLVLRRKL,LVLRRKL,repeat,631957769,2.989786557468041,,5.989464105135091,-0.3857142857142857,13,0.7430187,1,2666,7767,3.704196,13.033892
644,784,cand_01275420,LVLRVRKLVLRVRK,LVLRVRK,repeat,631959088,2.989786557468041,,5.989464105135091,-0.4428571428571429,13,0.73888296,1,1554,7596,3.705508,13.04575
645,344,cand_01278275,LVRRVLRRLVRRVL,LVRRVLR,mirror,632758994,2.9900995229980105,,5.9900900361950296,-0.3571428571428571,13,0.75696194,1,1818,7518,3.7081842,13.069973
646,882,cand_01263098,LRRLRLLLLRLRRL,LRRLRLL,mirror,623117789,2.9900995229980105,,5.9900900361950296,-0.2428571428571427,13,0.62789387,1,1518,7557,3.713172,13.115237
647,955,cand_01626538,QRIVRRVVRRVIRQ,QRIVRRV,mirror,878061897,2.9900995229980105,,5.9900900361950296,0.5857142857142856,11,0.664222,1,1493,7626,3.7141774,13.12438
648,140,cand_01192567,LIRRRLLLIRRRLL,LIRRRLL,repeat,600757789,2.9900995229980105,,5.9900900361950296,-0.3428571428571428,13,0.6664115,1,2092,7608,3.71555,13.136872
649,830,cand_01192353,LIRRILRRLIRRIL,LIRRILR,mirror,600754994,2.9900995229980105,,5.9900900361950296,-0.4428571428571429,13,0.6803334,1,1536,7709,3.715907,13.140125
650,725,cand_01159609,LFRLRRLLRRLRFL,LFRLRRL,mirror,591117889,2.9900995229980105,,5.9900900361950296,-0.0999999999999999,13,0.6753821,1,1578,7348,3.7168882,13.149064
651,801,cand_02030632,TFRRRLLLLRRRFT,TFRRRLL,mirror,1039157789,2.9900995229980105,,5.9900900361950296,0.5428571428571429,11,0.71160996,1,1545,7591,3.7200909,13.178287
652,631,cand_01160532,LFRVLRRLFRVLRR,LFRVLRR,repeat,591179894,2.9900995229980105,,5.9900900361950296,-0.157142857142857,13,0.68413824,1,1617,7679,3.7226188,13.201398
653,937,cand_00854655,IRRFKFVIRRFKFV,IRRFKFV,repeat,495075297,2.989786557468041,,5.989464105135091,-0.1999999999999999,13,0.6743386,1,1498,7673,3.725737,13.229962
654,609,cand_02094354,TRLRVRIIRVRLRT,TRLRVRI,mirror,1070359087,2.9900995229980105,,5.9900900361950296,0.2428571428571429,11,0.66911703,1,1631,7723,3.728122,13.251851
655,710,cand_01227954,LLIRLRRRRLRILL,LLIRLRR,mirror,606035894,2.9900995229980105,,5.9900900361950296,-0.3428571428571428,13,0.74897027,1,1583,7528,3.7306526,13.275116
656,986,cand_01618905,QLVRRLLLLRRVLQ,QLVRRLL,mirror,863637789,1.9901026852656707,,3.9900963607303503,-0.4428571428571428,11,0.6768418,1,1485,7518,3.7316449,13.28425
657,149,cand_01523357,PLLRLLRRLLRLLP,PLLRLLR,mirror,798355794,1.9901026852656707,,3.9900963607303503,-0.6571428571428571,11,0.70367086,1,2071,7680,3.7358234,13.322782
658,281,cand_01231836,LLLRRRLLLLRRRL,LLLRRRL,repeat,606357889,2.9900995229980105,,5.9900900361950296,-0.2428571428571427,13,0.7536345,1,1906,7590,3.736359,13.327727
659,939,cand_01231838,LLLRRRVLLLRRRV,LLLRRRV,repeat,606357897,2.9900995229980105,,5.9900900361950296,-0.3,13,0.71577835,1,1497,7748,3.7374806,13.338094
660,272,cand_01234826,LLRRRILLIRRRLL,LLRRRIL,mirror,607157749,2.9900995229980105,,5.9900900361950296,-0.3428571428571428,13,0.69709617,1,1916,7621,3.7377813,13.340874
661,251,cand_01645176,QVVRRVKKVRRVVQ,QVVRRVK,mirror,889237948,2.989786557468041,,5.989464105135092,0.5428571428571429,11,0.77073663,1,1944,7767,3.73813,13.3441
662,864,cand_01263519,LRRRLLVLRRRLLV,LRRRLLV,repeat,623155797,2.9900995229980105,,5.9900900361950296,-0.3,13,0.64842117,1,1524,7639,3.7403116,13.364293
663,780,cand_01534067,PRIIKIRRIKIIRP,PRIIKIR,mirror,813979354,2.989786557468041,,5.989464105135091,0.1428571428571428,11,0.6503452,1,1556,7663,3.7410152,13.370812
664,262,cand_01160153,LFRRLLRRLLRRFL,LFRRLLR,mirror,591155794,2.9900995229980105,,5.9900900361950296,-0.0999999999999999,13,0.7742536,1,1924,7668,3.7477446,13.433325
665,572,cand_01230693,LLKRRFLLLKRRFL,LLKRRFL,repeat,606197689,2.989786557468041,,5.989464105135092,-0.1857142857142855,13,0.6565962,1,1647,7612,3.7480662,13.43632
666,475,cand_02209017,VLRIRVRRVRIRLV,VLRIRVR,mirror,1119101954,2.9900995229980105,,5.9900900361950296,-0.4571428571428571,13,0.70803833,1,1709,7570,3.7514627,13.467991
667,205,cand_01263022,LRRLLLRRLLLRRL,LRRLLLR,mirror,623115794,2.9900995229980105,,5.9900900361950296,-0.2428571428571427,13,0.7511803,1,1996,7723,3.7533562,13.485679
668,390,cand_01192504,LIRRLRVLIRRLRV,LIRRLRV,repeat,600755897,2.9900995229980105,,5.9900900361950296,-0.4000000000000001,13,0.7181339,1,1771,7445,3.754987,13.500931
669,769,cand_01229995,LLKLFRRLLKLFRR,LLKLFRR,repeat,606153894,2.989786557468041,,5.989464105135092,-0.1857142857142855,13,0.6786472,1,1561,7479,3.7626348,13.57269
670,850,cand_01230186,LLKLRRVLLKLRRV,LLKLRRV,repeat,606157897,2.989786557468041,,5.989464105135092,-0.3857142857142857,13,0.7752259,1,1528,7778,3.7626512,13.5728445
671,827,cand_01871568,RRLGRLLLLRGLRR,RRLGRLL,mirror,942285789,2.9900995229980105,,5.9900900361950296,0.3571428571428571,13,0.7453456,1,1537,7750,3.7639184,13.584771
672,394,cand_02096459,TRRLLLRRLLLRRT,TRRLLLR,mirror,1071115794,2.9900995229980105,,5.9900900361950296,0.4000000000000001,11,0.68676245,1,1767,7629,3.7645268,13.590502
673,587,cand_01278010,LVRRIVRRVIRRVL,LVRRIVR,mirror,632755154,2.9900995229980105,,5.9900900361950296,-0.4571428571428571,13,0.65549827,1,1642,7515,3.7693992,13.636478
674,654,cand_01192847,LIRVRRVLIRVRRV,LIRVRRV,repeat,600781897,2.9900995229980105,,5.9900900361950296,-0.4571428571428571,13,0.6740276,1,1607,7690,3.7696028,13.638403
675,729,cand_01234828,LLRRRIVVIRRRLL,LLRRRIV,mirror,607157757,2.9900995229980105,,5.9900900361950296,-0.3999999999999999,13,0.69064325,1,1577,7649,3.771533,13.656662
676,162,cand_01537256,PRKLKLLLLKLKRP,PRKLKLL,mirror,814155389,2.989473591938072,,5.988838174075152,0.3571428571428571,11,0.6604364,1,2054,7753,3.782169,13.757716
677,22,cand_01525499,PLRRLFKKFLRRLP,PLRRLFK,mirror,799155688,2.989786557468041,,5.989464105135092,0.5857142857142857,11,0.67294234,1,2548,7651,3.7845669,13.780601
678,5,cand_01541999,PRRLLKLLKLLRRP,PRRLLKL,mirror,815115769,2.989786557468041,,5.989464105135092,0.4428571428571428,11,0.7355808,1,2859,7721,3.7891877,13.824809
679,238,cand_01539613,PRLLRLLLLRLLRP,PRLLRLL,mirror,814317789,1.9901026852656707,,3.9900963607303503,-0.6571428571428573,11,0.7066003,1,1956,7613,3.8002799,13.931511
680,360,cand_01263517,LRRRLLLLRRRLLL,LRRRLLL,repeat,623155789,2.9900995229980105,,5.9900900361950296,-0.2428571428571428,13,0.6641188,1,1799,7664,3.800708,13.935647
681,819,cand_01580539,QGRLLRLLRLLRGQ,QGRLLRL,mirror,850315889,1.9901026852656707,,3.9900963607303503,0.2142857142857143,11,0.7278132,1,1539,7472,3.8025057,13.953022
682,786,cand_01495459,PIRKFRIIRFKRIP,PIRKFRI,mirror,792705887,2.989786557468041,,5.989464105135091,0.3857142857142857,11,0.65722644,1,1553,7601,3.8032575,13.960295
683,335,cand_01529456,PRFFKFRRFKFFRP,PRFFKFR,mirror,813475294,2.989786557468041,,5.989464105135091,0.8714285714285712,11,0.6290145,1,1824,7568,3.804105,13.968498
684,960,cand_01266288,LRVLIRRRRILVRL,LRVLIRR,mirror,623595094,2.9900995229980105,,5.9900900361950296,-0.3999999999999999,13,0.70855814,1,1492,7619,3.805841,13.985316
685,379,cand_01525025,PLRLFRKKRFLRLP,PLRLFRK,mirror,799113888,2.989786557468041,,5.989464105135092,0.5857142857142856,11,0.6394063,1,1779,7738,3.8071198,13.997719
686,361,cand_01263166,LRRLVLRRLVLRRL,LRRLVLR,mirror,623118994,2.9900995229980105,,5.9900900361950296,-0.2999999999999999,13,0.7207773,1,1795,7574,3.80764,14.002768
687,607,cand_01258309,LRLLLRRRRLLLRL,LRLLLRR,mirror,622315894,2.9900995229980105,,5.9900900361950296,-0.2428571428571428,13,0.67714393,1,1631,7587,3.809404,14.019897
688,387,cand_01227161,LLGRRKLLLGRRKL,LLGRRKL,repeat,605717769,2.989786557468041,,5.989464105135091,0.2714285714285715,13,0.7263284,1,1772,7672,3.8142836,14.067398
689,132,cand_01537342,PRKLRLLLLRLKRP,PRKLRLL,mirror,814157789,2.989786557468041,,5.989464105135091,0.4428571428571428,11,0.64906657,1,2108,7653,3.8206344,14.129459
690,956,cand_01644234,QVRVRVRRVRVRVQ,QVRVRVR,mirror,888781954,2.9900995229980105,,5.9900900361950296,0.6285714285714287,11,0.7737756,1,1492,7439,3.8215196,14.138132
691,737,cand_01517976,PLFRKRLLRKRFLP,PLFRKRL,mirror,797555489,2.989786557468041,,5.989464105135091,0.585714285714286,11,0.64724857,1,1573,7596,3.822973,14.152382
692,599,cand_01263936,LRRVIRVLRRVIRV,LRRVIRV,repeat,623179097,2.9900995229980105,,5.9900900361950296,-0.4571428571428572,13,0.6992249,1,1636,7663,3.8239472,14.161942
693,363,cand_01160227,LFRRRLLLFRRRLL,LFRRRLL,repeat,591157789,2.9900995229980105,,5.9900900361950296,-0.0999999999999999,13,0.80046517,1,1791,7650,3.8245597,14.167955
694,934,cand_01907656,RVRLKLVVLKLRVR,RVRLKLV,mirror,952715397,2.989786557468041,,5.989464105135092,-0.4428571428571428,13,0.74967605,1,1498,7583,3.8312516,14.233827
695,789,cand_01151258,LFGRRRLLFGRRRL,LFGRRRL,repeat,589717889,2.9900995229980105,,5.9900900361950296,0.5000000000000001,13,0.73316723,1,1552,7548,3.838102,14.301575
696,292,cand_01525159,PLRLLLRRLLLRLP,PLRLLLR,mirror,799115794,1.9901026852656707,,3.9900963607303503,-0.6571428571428573,11,0.655165,1,1885,7575,3.8386922,14.3074255
697,689,cand_01257493,LRLIRRVLRLIRRV,LRLIRRV,repeat,622301897,2.9900995229980105,,5.9900900361950296,-0.4,13,0.6539934,1,1592,7597,3.8392124,14.312586
698,895,cand_01279038,LVVRIRRRRIRVVL,LVVRIRR,mirror,633235094,2.9900995229980105,,5.9900900361950296,-0.4571428571428572,13,0.66012615,1,1513,7649,3.8414288,14.33459
699,81,cand_01539936,PRLRLRLLRLRLRP,PRLRLRL,mirror,814355889,2.9900995229980105,,5.9900900361950296,0.5285714285714286,11,0.71617335,1,2230,7523,3.8447404,14.367533
700,902,cand_01231833,LLLRRRIIRRRLLL,LLLRRRI,mirror,606357887,2.9900995229980105,,5.9900900361950296,-0.3428571428571428,13,0.6868307,1,1509,7523,3.8487968,14.407987
701,198,cand_01523163,PLLLRRKKRRLLLP,PLLLRRK,mirror,798317888,2.989786557468041,,5.989464105135092,0.4428571428571428,11,0.6420335,1,2003,7679,3.8507516,14.427522
702,385,cand_01165487,LGFRRLRLGFRRLR,LGFRRLR,repeat,592757794,2.9900995229980105,,5.9900900361950296,0.5000000000000001,13,0.705358,1,1773,7696,3.8542922,14.462973
703,815,cand_01234428,LLRRFLRRLFRRLL,LLRRFLR,mirror,607153794,2.9900995229980105,,5.9900900361950296,-0.0999999999999999,13,0.6737873,1,1541,7536,3.8555303,14.4753895
704,377,cand_00443042,FRRRLLLFRRRLLL,FRRRLLL,repeat,303155789,2.9900995229980105,,5.9900900361950296,-0.0999999999999999,13,0.76053244,1,1780,7672,3.8599854,14.520159
705,413,cand_00329623,FFRVRLRFFRVRLR,FFRVRLR,repeat,271181794,2.9900995229980105,,5.9900900361950296,-0.0142857142857142,13,0.6467717,1,1761,7562,3.8643115,14.563765
706,691,cand_01278006,LVRRIRVVRIRRVL,LVRRIRV,mirror,632755097,2.9900995229980105,,5.9900900361950296,-0.4571428571428572,13,0.7081417,1,1591,7515,3.8665435,14.586315
707,941,cand_01225145,LLFLRRRLLFLRRR,LLFLRRR,repeat,605517894,2.9900995229980105,,5.9900900361950296,-0.1000000000000001,13,0.7744459,1,1496,7611,3.866738,14.588282
708,270,cand_01242598,LRFLRGFLRFLRGF,LRFLRGF,repeat,621517704,1.9901026852656707,,3.9900963607303503,-0.5428571428571428,13,0.6511427,1,1918,7576,3.8724015,14.645661
709,280,cand_01703387,RFLFRFLRFLFRFL,RFLFRFL,repeat,910277689,1.9901026852656707,,3.9900963607303503,-1.0,13,0.6283628,1,1907,7752,3.8754919,14.677068
710,479,cand_01231572,LLLLRRRLLLLRRR,LLLLRRR,repeat,606317894,2.9900995229980105,,5.9900900361950296,-0.242857142857143,13,0.7064791,1,1704,7751,3.8791306,14.714132
711,74,cand_01234762,LLRRLLRRLLRRLL,LLRRLLR,mirror,607155794,2.9900995229980105,,5.9900900361950296,-0.2428571428571427,13,0.64709365,1,2252,7597,3.8830175,14.753829
712,375,cand_01227997,LLIRRKLLLIRRKL,LLIRRKL,repeat,606037769,2.989786557468041,,5.989464105135091,-0.4285714285714284,13,0.645476,1,1782,7674,3.8844955,14.768951
713,101,cand_01263026,LRRLLRFFRLLRRL,LRRLLRF,mirror,623115884,2.9900995229980105,,5.9900900361950296,-0.0999999999999999,13,0.7823217,1,2175,7662,3.8880317,14.805197
714,58,cand_01539567,PRLLLRKKRLLLRP,PRLLLRK,mirror,814315888,2.989786557468041,,5.989464105135092,0.4428571428571429,11,0.70758504,1,2312,7559,3.8896997,14.822324
715,264,cand_01539559,PRLLLKRRKLLLRP,PRLLLKR,mirror,814315774,2.989786557468041,,5.989464105135091,0.4428571428571429,11,0.77639955,1,1923,7602,3.8910236,14.835932
716,949,cand_02225454,VRILVRRRRVLIRV,VRILVRR,mirror,1133999094,2.9900995229980105,,5.9900900361950296,-0.4571428571428571,13,0.7019939,1,1494,7464,3.8952758,14.879724
717,836,cand_01250476,LRILVRRRRVLIRL,LRILVRR,mirror,621999094,2.9900995229980105,,5.9900900361950296,-0.3999999999999999,13,0.7361122,1,1535,7577,3.8987608,14.91571
718,628,cand_01544895,PRVVKVRRVKVVRP,PRVVKVR,mirror,815659554,2.989786557468041,,5.989464105135091,0.2714285714285712,11,0.73203784,1,1618,7643,3.8992817,14.921098
719,734,cand_01231571,LLLLRRRRRRLLLL,LLLLRRR,mirror,606317894,2.9900995229980105,,5.9900900361950296,-0.2428571428571428,13,0.69986296,1,1574,7718,3.906386,14.994754
720,863,cand_01541871,PRRLGLLLLGLRRP,PRRLGLL,mirror,815114189,1.9901026852656707,,3.9900963607303503,-0.057142857142857,11,0.738922,1,1524,7592,3.9081085,15.012668
721,195,cand_01231628,LLLRGFRLLLRGFR,LLLRGFR,repeat,606354094,1.9901026852656707,,3.9900963607303503,-0.6857142857142856,13,0.6552972,1,2007,7554,3.9151773,15.086407
722,671,cand_01192639,LIRRVRVLIRRVRV,LIRRVRV,repeat,600759097,2.9900995229980105,,5.9900900361950296,-0.4571428571428572,13,0.7389982,1,1599,7644,3.9202745,15.139803
723,744,cand_02210028,VLRRFRVVLRRFRV,VLRRFRV,repeat,1119153897,2.9900995229980105,,5.9900900361950296,-0.2142857142857142,13,0.65447944,1,1568,7525,3.9208539,15.145884
724,559,cand_01474742,PFLRLKRRKLRLFP,PFLRLKR,mirror,782355774,2.989786557468041,,5.989464105135091,0.5857142857142856,11,0.63031375,1,1656,7516,3.923798,15.176825
725,24,cand_01525211,PLRLRLRRLRLRLP,PLRLRLR,mirror,799117794,2.9900995229980105,,5.9900900361950296,0.5285714285714285,11,0.6859018,1,2538,7595,3.9248521,15.187917
726,146,cand_01521739,PLKLLRRRRLLKLP,PLKLLRR,mirror,798155894,2.989786557468041,,5.989464105135091,0.4428571428571429,11,0.73511285,1,2081,7618,3.926075,15.200796
727,43,cand_01523407,PLLRRLKKLRRLLP,PLLRRLK,mirror,798357788,2.989786557468041,,5.989464105135092,0.4428571428571428,11,0.7266422,1,2379,7743,3.9273477,15.214211
728,567,cand_01643978,QVRRVRLLRVRRVQ,QVRRVRL,mirror,888759089,2.9900995229980105,,5.9900900361950296,0.6857142857142858,11,0.6931502,1,1649,7508,3.9273546,15.214284
729,222,cand_01537932,PRKVVRVVRVVKRP,PRKVVRV,mirror,814223097,2.989786557468041,,5.989464105135091,0.2714285714285712,11,0.69506097,1,1967,7499,3.9283178,15.224445
730,317,cand_01261386,LRRGRLLLLRGRRL,LRRGRLL,mirror,623085789,2.9900995229980105,,5.9900900361950296,0.3571428571428572,13,0.7543656,1,1849,7530,3.9403687,15.352148
731,10,cand_01524908,PLRKRLLLLRKRLP,PLRKRLL,mirror,799109789,2.989786557468041,,5.989464105135091,0.442857142857143,11,0.75551933,1,2716,7661,3.9412105,15.36111
732,574,cand_01263372,LRRRGLLLLGRRRL,LRRRGLL,mirror,623154189,2.9900995229980105,,5.9900900361950296,0.3571428571428572,13,0.80100614,1,1646,7720,3.9468381,15.421146
733,374,cand_01263577,LRRRVILLRRRVIL,LRRRVIL,repeat,623158949,2.9900995229980105,,5.9900900361950296,-0.3999999999999998,13,0.694694,1,1783,7604,3.9506092,15.461509
734,319,cand_01263311,LRRRFLLLRRRFLL,LRRRFLL,repeat,623153789,2.9900995229980105,,5.9900900361950296,-0.0999999999999999,13,0.7613528,1,1848,7728,3.9507153,15.462646
735,719,cand_02369237,YFLLRRRRRRLLFY,YFLLRRR,mirror,1230317894,2.989305825219841,,5.988502640638691,0.6285714285714283,11,0.6889119,1,1580,7547,3.9551105,15.509826
736,124,cand_01539568,PRLLLRLLRLLLRP,PRLLLRL,mirror,814315889,1.9901026852656707,,3.9900963607303503,-0.6571428571428569,11,0.7168973,1,2138,7676,3.9559302,15.5186405
737,269,cand_01513119,PKRLLLKKLLLRKP,PKRLLLK,mirror,795915788,2.989473591938072,,5.988838174075152,0.3571428571428572,11,0.70451003,1,1920,7611,3.9579244,15.540105
738,29,cand_01539587,PRLLRFRRFRLLRP,PRLLRFR,mirror,814317694,2.9900995229980105,,5.9900900361950296,0.6714285714285714,11,0.64640945,1,2476,7548,3.9592671,15.554576
739,817,cand_01250627,LRIRFRLLRIRFRL,LRIRFRL,repeat,622033889,2.9900995229980105,,5.9900900361950296,-0.1999999999999999,13,0.7438503,1,1540,7494,3.9604962,15.567833
740,736,cand_01231767,LLLRLRRRRLRLLL,LLLRLRR,mirror,606355894,2.9900995229980105,,5.9900900361950296,-0.2428571428571428,13,0.633484,1,1574,7532,3.9623957,15.588343
741,206,cand_01523409,PLLRRLRRLRRLLP,PLLRRLR,mirror,798357794,2.9900995229980105,,5.9900900361950296,0.5285714285714285,11,0.732174,1,1996,7681,3.969802,15.668573
742,147,cand_01539276,PRLKLLRRLLKLRP,PRLKLLR,mirror,814307794,2.989786557468041,,5.989464105135091,0.4428571428571428,11,0.7362084,1,2077,7544,3.9703145,15.674141
743,962,cand_00831616,ILVRVRRRRVRVLI,ILVRVRR,mirror,479639094,2.9900995229980105,,5.9900900361950296,-0.4571428571428571,13,0.6735641,1,1492,7594,3.9745398,15.720114
744,145,cand_01539247,PRLKLFRRFLKLRP,PRLKLFR,mirror,814307694,2.989786557468041,,5.989464105135091,0.5857142857142857,11,0.6493143,1,2084,7647,3.9752824,15.728209
745,715,cand_01231837,LLLRRRVVRRRLLL,LLLRRRV,mirror,606357897,2.9900995229980105,,5.9900900361950296,-0.2999999999999999,13,0.78126687,1,1582,7616,3.9757876,15.733717
746,170,cand_01525560,PLRRRLLLLRRRLP,PLRRRLL,mirror,799157789,2.9900995229980105,,5.9900900361950296,0.5285714285714287,11,0.688207,1,2045,7613,3.9759688,15.735693
747,683,cand_01165497,LGFRRRLLGFRRRL,LGFRRRL,repeat,592757889,2.9900995229980105,,5.9900900361950296,0.5000000000000001,13,0.7131681,1,1594,7630,3.97646,15.741051
748,50,cand_01524906,PLRKRLFFLRKRLP,PLRKRLF,mirror,799109784,2.989786557468041,,5.989464105135091,0.585714285714286,11,0.75827694,1,2362,7641,3.9832916,15.815767
749,424,cand_01496419,PIRRVVRRVVRRIP,PIRRVVR,mirror,792759154,2.9900995229980105,,5.9900900361950296,0.3142857142857141,11,0.7094897,1,1748,7642,3.9840903,15.824526
750,78,cand_01525127,PLRLKLRRLKLRLP,PLRLKLR,mirror,799115394,2.989786557468041,,5.989464105135091,0.4428571428571428,11,0.6360657,1,2239,7583,3.986685,15.853012
751,720,cand_01263310,LRRRFLLLLFRRRL,LRRRFLL,mirror,623153789,2.9900995229980105,,5.9900900361950296,-0.1,13,0.66899514,1,1580,7653,3.9884639,15.87257
752,793,cand_01539562,PRLLLLRRLLLLRP,PRLLLLR,mirror,814315794,1.9901026852656707,,3.9900963607303503,-0.6571428571428573,11,0.6737678,1,1551,7751,3.9891303,15.879904
753,243,cand_01539225,PRLKKLLLLKKLRP,PRLKKLL,mirror,814307389,2.989473591938072,,5.988838174075152,0.3571428571428571,11,0.756948,1,1954,7565,3.991738,15.908634
754,30,cand_01539619,PRLLRRLLRRLLRP,PRLLRRL,mirror,814317889,2.9900995229980105,,5.9900900361950296,0.5285714285714286,11,0.67811584,1,2444,7551,3.992571,15.917823
755,135,cand_01476008,PFRKFKFFKFKRFP,PFRKFKF,mirror,783105764,2.989473591938072,,5.988838174075152,0.7857142857142858,11,0.63826305,1,2103,7647,3.9959962,15.955658
756,858,cand_01906775,RVRIRVLRVRIRVL,RVRIRVL,repeat,952701949,2.9900995229980105,,5.9900900361950296,-0.4571428571428572,13,0.6798022,1,1526,7548,3.9976277,15.973712
757,112,cand_01525166,PLRLLRRRRLLRLP,PLRLLRR,mirror,799115894,2.9900995229980105,,5.9900900361950296,0.5285714285714285,11,0.6923127,1,2157,7607,4.004016,16.0446
758,47,cand_01525479,PLRRKLLLLKRRLP,PLRRKLL,mirror,799155389,2.989786557468041,,5.989464105135092,0.4428571428571429,11,0.68607974,1,2370,7698,4.0049224,16.054684
759,550,cand_01495328,PIRIRRVVRRIRIP,PIRIRRV,mirror,792701897,2.9900995229980105,,5.9900900361950296,0.2714285714285714,11,0.7131997,1,1661,7550,4.011542,16.128517
760,197,cand_01530368,PRFKLRLLRLKFRP,PRFKLRL,mirror,813507889,2.989786557468041,,5.989464105135091,0.5857142857142857,11,0.6479745,1,2003,7531,4.014901,16.166115
761,178,cand_01537496,PRKRLFLLFLRKRP,PRKRLFL,mirror,814195689,2.989786557468041,,5.989464105135091,0.5857142857142857,11,0.6917879,1,2031,7716,4.016634,16.185545
762,343,cand_01235897,LLVRRKLLLVRRKL,LLVRRKL,repeat,607637769,2.989786557468041,,5.989464105135091,-0.3857142857142857,13,0.73056036,1,1819,7657,4.02528,16.282835
763,203,cand_01525216,PLRLRRLLRRLRLP,PLRLRRL,mirror,799117889,2.9900995229980105,,5.9900900361950296,0.5285714285714287,11,0.6675182,1,1998,7675,4.033496,16.375828
764,190,cand_01530642,PRFLLRKKRLLFRP,PRFLLRK,mirror,813515888,2.989786557468041,,5.989464105135092,0.5857142857142856,11,0.732946,1,2017,7667,4.0378275,16.425068
765,988,cand_02209025,VLRIVRRRRVIRLV,VLRIVRR,mirror,1119103094,2.9900995229980105,,5.9900900361950296,-0.4571428571428571,13,0.74488956,1,1484,7504,4.0379324,16.426264
766,321,cand_01525504,PLRRLGFFGLRRLP,PLRRLGF,mirror,799155704,1.9901026852656707,,3.9900963607303503,0.0857142857142857,11,0.6411881,1,1847,7669,4.042143,16.474272
767,392,cand_01231835,LLLRRRLLRRRLLL,LLLRRRL,mirror,606357889,2.9900995229980105,,5.9900900361950296,-0.2428571428571428,13,0.7883047,1,1770,7674,4.049356,16.556847
768,554,cand_01553777,PVRKVRVVRVKRVP,PVRKVRV,mirror,824711097,2.989786557468041,,5.989464105135091,0.2714285714285713,11,0.6849272,1,1659,7529,4.0551915,16.623953
769,681,cand_01551041,PVKRVRVVRVRKVP,PVKRVRV,mirror,823799097,2.989786557468041,,5.989464105135091,0.2714285714285713,11,0.7170137,1,1595,7613,4.0596175,16.675032
770,532,cand_01476467,PFRLLRKKRLLRFP,PFRLLRK,mirror,783115888,2.989786557468041,,5.989464105135092,0.5857142857142856,11,0.66497004,1,1670,7708,4.060049,16.68002
771,114,cand_01530644,PRFLLRRRRLLFRP,PRFLLRR,mirror,813515894,2.9900995229980105,,5.9900900361950296,0.6714285714285714,11,0.6575956,1,2155,7567,4.067838,16.770319
772,71,cand_01192566,LIRRRLLLLRRRIL,LIRRRLL,mirror,600757789,2.9900995229980105,,5.9900900361950296,-0.3428571428571428,13,0.7692041,1,2258,7657,4.069611,16.79094
773,411,cand_01234852,LLRRRVVLLRRRVV,LLRRRVV,repeat,607157957,2.9900995229980105,,5.9900900361950296,-0.3571428571428571,13,0.7076443,1,1761,7623,4.070409,16.800226
774,102,cand_01530689,PRFLRLRRLRLFRP,PRFLRLR,mirror,813517794,2.9900995229980105,,5.9900900361950296,0.6714285714285714,11,0.7142773,1,2175,7475,4.0713773,16.811508
775,1,cand_01530991,PRFRLRLLRLRFRP,PRFRLRL,mirror,813555889,2.9900995229980105,,5.9900900361950296,0.6714285714285715,11,0.77224565,1,2925,7787,4.0745163,16.848127
776,96,cand_01539963,PRLRRLLLLRRLRP,PRLRRLL,mirror,814357789,2.9900995229980105,,5.9900900361950296,0.5285714285714286,11,0.7080124,1,2191,7481,4.0757556,16.862606
777,406,cand_01857117,RRFVKFFRRFVKFF,RRFVKFF,repeat,941579284,2.989786557468041,,5.989464105135091,0.0428571428571429,13,0.69676703,1,1763,7579,4.077898,16.887667
778,586,cand_01856645,RRFRLLLRRFRLLL,RRFRLLL,repeat,941555789,2.9900995229980105,,5.9900900361950296,-0.0999999999999999,13,0.6930689,1,1642,7801,4.07799,16.888742
779,192,cand_01518314,PLGFRRLLRRFGLP,PLGFRRL,mirror,797637889,1.9901026852656707,,3.9900963607303503,0.0857142857142857,11,0.6943006,1,2013,7617,4.0787826,16.898024
780,27,cand_01539530,PRLLKLRRLKLLRP,PRLLKLR,mirror,814315394,2.989786557468041,,5.989464105135091,0.4428571428571428,11,0.77266634,1,2480,7549,4.0796943,16.908705
781,700,cand_01554453,PVRRVVRRVVRRVP,PVRRVVR,mirror,824759154,2.9900995229980105,,5.9900900361950296,0.3571428571428571,11,0.7624821,1,1587,7717,4.0953255,17.092903
782,807,cand_01542588,PRRVVKVVKVVRRP,PRRVVKV,mirror,815182977,2.989786557468041,,5.989464105135092,0.2714285714285712,11,0.7102879,1,1544,7574,4.1041126,17.197329
783,451,cand_01228015,LLIRRRLLLIRRRL,LLIRRRL,repeat,606037889,2.9900995229980105,,5.9900900361950296,-0.3428571428571428,13,0.7505646,1,1724,7698,4.1052604,17.211016
784,17,cand_01539755,PRLRFRLLRFRLRP,PRLRFRL,mirror,814353889,2.9900995229980105,,5.9900900361950296,0.6714285714285715,11,0.6744986,1,2592,7594,4.1083665,17.248112
785,52,cand_01542005,PRRLLLKKLLLRRP,PRRLLLK,mirror,815115788,2.989786557468041,,5.989464105135092,0.4428571428571429,11,0.7044554,1,2345,7493,4.1146555,17.323463
786,758,cand_01555519,PVVRKRVVRKRVVP,PVVRKRV,mirror,825235497,2.989786557468041,,5.989464105135091,0.2714285714285714,11,0.67253065,1,1564,7491,4.11594,17.338896
787,7,cand_01538440,PRLFRLRRLRFLRP,PRLFRLR,mirror,814277794,2.9900995229980105,,5.9900900361950296,0.6714285714285714,11,0.67452955,1,2751,7652,4.1161227,17.341091
788,512,cand_01525215,PLRLRRIIRRLRLP,PLRLRRI,mirror,799117887,2.9900995229980105,,5.9900900361950296,0.4285714285714285,11,0.6412448,1,1679,7628,4.118609,17.371
789,999,cand_01151257,LFGRRRLLRRRGFL,LFGRRRL,mirror,589717889,2.9900995229980105,,5.9900900361950296,0.5000000000000001,13,0.76838624,1,1480,7734,4.13206,17.533718
790,353,cand_01525527,PLRRLLLLLLRRLP,PLRRLLL,mirror,799155789,1.9901026852656707,,3.9900963607303503,-0.6571428571428573,11,0.6833585,1,1804,7633,4.132505,17.539125
791,186,cand_01539904,PRLRLFRRFLRLRP,PRLRLFR,mirror,814355694,2.9900995229980105,,5.9900900361950296,0.6714285714285715,11,0.7021239,1,2025,7465,4.1394444,17.623693
792,665,cand_01278283,LVRRVRIIRVRRVL,LVRRVRI,mirror,632759087,2.9900995229980105,,5.9900900361950296,-0.4571428571428571,13,0.709721,1,1601,7578,4.1419854,17.654762
793,207,cand_01225451,LLFRRRLLLFRRRL,LLFRRRL,repeat,605557889,2.9900995229980105,,5.9900900361950296,-0.0999999999999998,13,0.7471773,1,1994,7656,4.1613235,17.893002
794,426,cand_01522649,PLLFRRLLRRFLLP,PLLFRRL,mirror,798277889,1.9901026852656707,,3.9900963607303503,-0.5142857142857141,11,0.623896,1,1748,7645,4.161475,17.894882
795,382,cand_01232718,LLRGFRRRRFGRLL,LLRGFRR,mirror,607081894,2.9900995229980105,,5.9900900361950296,0.5000000000000001,13,0.6549516,1,1777,7707,4.1654887,17.944735
796,608,cand_01525337,PLRRFKFFKFRRLP,PLRRFKF,mirror,799153764,2.989786557468041,,5.989464105135092,0.7285714285714286,11,0.67129314,1,1631,7710,4.1702843,18.004482
797,8,cand_01541831,PRRLFRLLRFLRRP,PRRLFRL,mirror,815113889,2.9900995229980105,,5.9900900361950296,0.6714285714285715,11,0.6376154,1,2745,7558,4.1739435,18.050207
798,848,cand_01266992,LRVRRLVVLRRVRL,LRVRRLV,mirror,623637797,2.9900995229980105,,5.9900900361950296,-0.3571428571428571,13,0.67747754,1,1529,7615,4.180756,18.135645
799,596,cand_01523158,PLLLRLRRLRLLLP,PLLLRLR,mirror,798317794,1.9901026852656707,,3.9900963607303503,-0.6571428571428571,11,0.68428254,1,1637,7625,4.186302,18.205496
800,434,cand_01530634,PRFLLKRRKLLFRP,PRFLLKR,mirror,813515774,2.989786557468041,,5.989464105135091,0.5857142857142856,11,0.6234394,1,1743,7753,4.1877103,18.223274
801,767,cand_01888278,RVFRIFKKFIRFVR,RVFRIFK,mirror,951154888,2.989786557468041,,5.989464105135092,-0.1999999999999999,13,0.6580719,1,1562,7799,4.1898127,18.24985
802,381,cand_01523948,PLRFKLRRLKFRLP,PLRFKLR,mirror,799075394,2.989786557468041,,5.989464105135091,0.5857142857142856,11,0.69092995,1,1777,7568,4.1925716,18.284784
803,66,cand_01525345,PLRRFLKKLFRRLP,PLRRFLK,mirror,799153788,2.989786557468041,,5.989464105135092,0.5857142857142857,11,0.67708147,1,2275,7754,4.196626,18.336243
804,51,cand_01540880,PRRFLLRRLLFRRP,PRRFLLR,mirror,815075794,2.9900995229980105,,5.9900900361950296,0.6714285714285715,11,0.69156027,1,2356,7599,4.2015257,18.39862
805,53,cand_01539750,PRLRFLRRLFRLRP,PRLRFLR,mirror,814353794,2.9900995229980105,,5.9900900361950296,0.6714285714285715,11,0.629437,1,2327,7747,4.202395,18.40971
806,958,cand_01523223,PLLRFRKKRFRLLP,PLLRFRK,mirror,798353888,2.989786557468041,,5.989464105135092,0.5857142857142856,11,0.7171059,1,1492,7787,4.204873,18.441359
807,891,cand_01708386,RFRGLLLLLLGRFR,RFRGLLL,mirror,911083789,1.9901026852656707,,3.9900963607303503,-0.6857142857142856,13,0.6349418,1,1515,7674,4.2074456,18.474272
808,34,cand_01530957,PRFRLFKKFLRFRP,PRFRLFK,mirror,813555688,2.989786557468041,,5.989464105135092,0.7285714285714286,11,0.6362135,1,2430,7680,4.2132583,18.548855
809,678,cand_01539740,PRLRFKFFKFRLRP,PRLRFKF,mirror,814353764,2.989786557468041,,5.989464105135092,0.7285714285714285,11,0.6660811,1,1596,7721,4.2201896,18.638186
810,718,cand_01537327,PRKLRFFFFRLKRP,PRKLRFF,mirror,814157684,2.989786557468041,,5.989464105135091,0.7285714285714285,11,0.68012434,1,1581,7728,4.220329,18.639986
811,204,cand_01524032,PLRFRLRRLRFRLP,PLRFRLR,mirror,799077794,2.9900995229980105,,5.9900900361950296,0.6714285714285714,11,0.6413839,1,1997,7631,4.2232804,18.67816
812,388,cand_01474718,PFLRKRLLRKRLFP,PFLRKRL,mirror,782355489,2.989786557468041,,5.989464105135091,0.585714285714286,11,0.71816134,1,1772,7519,4.226066,18.71426
813,153,cand_01473554,PFKRRLLLLRRKFP,PFKRRLL,mirror,782197789,2.989786557468041,,5.989464105135091,0.585714285714286,11,0.62964004,1,2067,7503,4.2282853,18.743069
814,61,cand_01555525,PVVRKVRRVKRVVP,PVVRKVR,mirror,825235554,2.989786557468041,,5.989464105135091,0.2714285714285712,11,0.7223869,1,2295,7546,4.229793,18.762669
815,342,cand_01517944,PLFRKFRRFKRFLP,PLFRKFR,mirror,797555294,2.989786557468041,,5.989464105135091,0.7285714285714284,11,0.7389537,1,1820,7828,4.229919,18.764305
816,458,cand_01231620,LLLRFRRLLLRFRR,LLLRFRR,repeat,606353894,2.9900995229980105,,5.9900900361950296,-0.0999999999999999,13,0.79345113,1,1720,7705,4.2398715,18.8942
817,99,cand_01541958,PRRLKLLLLKLRRP,PRRLKLL,mirror,815115389,2.989786557468041,,5.989464105135092,0.4428571428571428,11,0.7662451,1,2183,7600,4.2421174,18.923635
818,92,cand_01494195,PILRRRLLRRRLIP,PILRRRL,mirror,791957889,2.9900995229980105,,5.9900900361950296,0.4285714285714287,11,0.73837817,1,2196,7730,4.264761,19.222992
819,901,cand_01555264,PVVKRVRRVRKVVP,PVVKRVR,mirror,825189954,2.989786557468041,,5.989464105135091,0.2714285714285714,11,0.6913106,1,1509,7564,4.265471,19.232454
820,304,cand_01554446,PVRRVRVVRVRRVP,PVRRVRV,mirror,824759097,2.9900995229980105,,5.9900900361950296,0.357142857142857,11,0.77438265,1,1871,7616,4.274441,19.352402
821,157,cand_01523363,PLLRLRLLRLRLLP,PLLRLRL,mirror,798355889,1.9901026852656707,,3.9900963607303503,-0.6571428571428569,11,0.65928745,1,2058,7594,4.2797422,19.423647
822,438,cand_01539569,PRLLLRRRRLLLRP,PRLLLRR,mirror,814315894,2.9900995229980105,,5.9900900361950296,0.5285714285714285,11,0.7294435,1,1740,7639,4.2887526,19.545338
823,416,cand_01519984,PLIRRRLLRRRILP,PLIRRRL,mirror,798037889,2.9900995229980105,,5.9900900361950296,0.4285714285714287,11,0.67770517,1,1757,7725,4.289303,19.552794
824,641,cand_01553783,PVRKVVRRVVKRVP,PVRKVVR,mirror,824711154,2.989786557468041,,5.989464105135091,0.2714285714285714,11,0.7260926,1,1612,7628,4.294737,19.62658
825,60,cand_01541797,PRRLFFKKFFLRRP,PRRLFFK,mirror,815113688,2.989786557468041,,5.989464105135092,0.7285714285714286,11,0.75087464,1,2295,7774,4.298375,19.676138
826,56,cand_01541980,PRRLLFRRFLLRRP,PRRLLFR,mirror,815115694,2.9900995229980105,,5.9900900361950296,0.6714285714285715,11,0.6266232,1,2317,7599,4.3009396,19.711143
827,223,cand_01538388,PRLFLLRRLLFLRP,PRLFLLR,mirror,814275794,1.9901026852656707,,3.9900963607303503,-0.5142857142857143,11,0.6620608,1,1965,7664,4.3025126,19.732647
828,569,cand_01524037,PLRFRRLLRRFRLP,PLRFRRL,mirror,799077889,2.9900995229980105,,5.9900900361950296,0.6714285714285716,11,0.6781969,1,1648,7665,4.3052835,19.770584
829,783,cand_01471893,PFKFFRRRRFFKFP,PFKFFRR,mirror,782113894,2.989786557468041,,5.989464105135091,0.8714285714285716,11,0.6281422,1,1555,7637,4.3075275,19.80136
830,252,cand_01510228,PKLKKLLLLKKLKP,PKLKKLL,mirror,795107389,2.9891606264081023,,5.988212243015213,0.2714285714285714,11,0.6402835,1,1942,7674,4.309696,19.831146
831,517,cand_01525518,PLRRLKFFKLRRLP,PLRRLKF,mirror,799155764,2.989786557468041,,5.989464105135092,0.585714285714286,11,0.62771255,1,1676,7669,4.312561,19.870565
832,89,cand_01542010,PRRLLRFFRLLRRP,PRRLLRF,mirror,815115884,2.9900995229980105,,5.9900900361950296,0.6714285714285715,11,0.6269524,1,2201,7722,4.330622,20.12089
833,168,cand_01539528,PRLLKLKKLKLLRP,PRLLKLK,mirror,814315388,2.989473591938072,,5.988838174075152,0.3571428571428571,11,0.6521856,1,2046,7564,4.3323164,20.144533
834,546,cand_01530498,PRFLFKRRKFLFRP,PRFLFKR,mirror,813513774,2.989786557468041,,5.989464105135091,0.7285714285714285,11,0.67998266,1,1662,7592,4.3335304,20.161491
835,785,cand_01510541,PKLLKRLLRKLLKP,PKLLKRL,mirror,795115489,2.989473591938072,,5.988838174075152,0.3571428571428572,11,0.6261189,1,1554,7581,4.339831,20.249731
836,922,cand_01523343,PLLRLFRRFLRLLP,PLLRLFR,mirror,798355694,1.9901026852656707,,3.9900963607303503,-0.5142857142857142,11,0.6474202,1,1501,7565,4.34196,20.279638
837,75,cand_01530926,PRFRKFFFFKRFRP,PRFRKFF,mirror,813555284,2.989786557468041,,5.989464105135092,0.8714285714285716,11,0.6243269,1,2245,7695,4.342421,20.28612
838,383,cand_01263343,LRRRGFLLRRRGFL,LRRRGFL,repeat,623154089,2.9900995229980105,,5.9900900361950296,0.5000000000000001,13,0.625457,1,1777,7573,4.3437676,20.305063
839,366,cand_01554703,PVRVRVRRVRVRVP,PVRVRVR,mirror,824781954,2.9900995229980105,,5.9900900361950296,0.3571428571428571,11,0.74140066,1,1787,7447,4.3482385,20.368086
840,523,cand_01476469,PFRLLRRRRLLRFP,PFRLLRR,mirror,783115894,2.9900995229980105,,5.9900900361950296,0.6714285714285714,11,0.62253004,1,1674,7790,4.3503675,20.398167
841,177,cand_01523364,PLLRLRRRRLRLLP,PLLRLRR,mirror,798355894,2.9900995229980105,,5.9900900361950296,0.5285714285714285,11,0.7155443,1,2031,7656,4.352361,20.426374
842,920,cand_01231831,LLLRRRGGRRRLLL,LLLRRRG,mirror,606357885,2.9900995229980105,,5.9900900361950296,0.3571428571428572,13,0.71506333,1,1501,7664,4.360404,20.540565
843,635,cand_01485526,PGRLLLRRLLLRGP,PGRLLLR,mirror,786315794,1.9901026852656707,,3.9900963607303503,-0.057142857142857,11,0.70730865,1,1615,7531,4.3680596,20.649853
844,155,cand_01539753,PRLRFRFFRFRLRP,PRLRFRF,mirror,814353884,2.9900995229980105,,5.9900900361950296,0.8142857142857143,11,0.6610097,1,2062,7605,4.36854,20.656727
845,70,cand_01540853,PRRFLFRRFLFRRP,PRRFLFR,mirror,815075694,2.9900995229980105,,5.9900900361950296,0.8142857142857143,11,0.8091966,1,2258,7577,4.369658,20.672745
846,675,cand_01525210,PLRLRLLLLRLRLP,PLRLRLL,mirror,799117789,1.9901026852656707,,3.9900963607303503,-0.6571428571428573,11,0.68865246,1,1597,7522,4.37344,20.727005
847,239,cand_01554694,PVRVRRIIRRVRVP,PVRVRRI,mirror,824781887,2.9900995229980105,,5.9900900361950296,0.3142857142857141,11,0.7045636,1,1956,7609,4.3777795,20.789448
848,49,cand_01538283,PRLFGRLLRGFLRP,PRLFGRL,mirror,814274289,1.9901026852656707,,3.9900963607303503,0.0857142857142858,11,0.66289604,1,2370,7677,4.3782077,20.795618
849,232,cand_01275404,LVLRRRVLVLRRRV,LVLRRRV,repeat,631957897,2.9900995229980105,,5.9900900361950296,-0.3571428571428572,13,0.6447708,1,1959,7638,4.380157,20.823736
850,4,cand_01539617,PRLLRRFFRRLLRP,PRLLRRF,mirror,814317884,2.9900995229980105,,5.9900900361950296,0.6714285714285715,11,0.626659,1,2863,7600,4.382811,20.86208
851,211,cand_01542191,PRRRLLIILLRRRP,PRRRLLI,mirror,815155787,2.9900995229980105,,5.9900900361950296,0.4285714285714284,11,0.6679779,1,1991,7703,4.39411,21.026112
852,969,cand_01554305,PVRRKLLLLKRRVP,PVRRKLL,mirror,824755389,2.989786557468041,,5.989464105135092,0.3857142857142857,11,0.6778707,1,1490,7612,4.3958545,21.051548
853,428,cand_01530605,PRFLKLRRLKLFRP,PRFLKLR,mirror,813515394,2.989786557468041,,5.989464105135091,0.5857142857142856,11,0.72102296,1,1745,7626,4.40611,21.201727
854,618,cand_01523413,PLLRRRIIRRRLLP,PLLRRRI,mirror,798357887,2.9900995229980105,,5.9900900361950296,0.4285714285714285,11,0.6483139,1,1627,7731,4.406852,21.212633
855,525,cand_01523003,PLLKLRRRRLKLLP,PLLKLRR,mirror,798307894,2.989786557468041,,5.989464105135091,0.442857142857143,11,0.8177418,1,1672,7726,4.4140515,21.318758
856,299,cand_01518053,PLFRRLKKLRRFLP,PLFRRLK,mirror,797557788,2.989786557468041,,5.989464105135092,0.5857142857142856,11,0.6541517,1,1874,7643,4.419167,21.394485
857,352,cand_01523160,PLLLRRFFRRLLLP,PLLLRRF,mirror,798317884,1.9901026852656707,,3.9900963607303503,-0.5142857142857141,11,0.68860734,1,1804,7602,4.4196515,21.40167
858,143,cand_01542039,PRRLRLLLLRLRRP,PRRLRLL,mirror,815117789,2.9900995229980105,,5.9900900361950296,0.5285714285714286,11,0.6793435,1,2085,7648,4.4204555,21.4136
859,870,cand_01535948,PRKFFRFFRFFKRP,PRKFFRF,mirror,814113884,2.989786557468041,,5.989464105135091,0.8714285714285713,11,0.63921714,1,1521,7613,4.420908,21.420319
860,709,cand_01618911,QLVRRRVVRRRVLQ,QLVRRRV,mirror,863637897,2.9900995229980105,,5.9900900361950296,0.6857142857142856,11,0.66112185,1,1584,7789,4.421174,21.424269
861,912,cand_01555609,PVVRRVKKVRRVVP,PVVRRVK,mirror,825237948,2.989786557468041,,5.989464105135092,0.2714285714285712,11,0.8262206,1,1503,7604,4.432451,21.592386
862,467,cand_01529377,PRFFFKRRKFFFRP,PRFFFKR,mirror,813473774,2.989786557468041,,5.989464105135091,0.8714285714285712,11,0.6344268,1,1717,7607,4.4338737,21.613693
863,25,cand_01522961,PLLKKLKKLKKLLP,PLLKKLK,mirror,798307388,2.9891606264081023,,5.988212243015213,0.2714285714285715,11,0.78348297,1,2488,7730,4.434055,21.616407
864,337,cand_01539561,PRLLLLKKLLLLRP,PRLLLLK,mirror,814315788,1.9897897197357013,,3.989470429670412,-0.7428571428571429,11,0.64773506,1,1823,7649,4.436315,21.6503
865,42,cand_01496354,PIRRRLLLLRRRIP,PIRRRLL,mirror,792757789,2.9900995229980105,,5.9900900361950296,0.4285714285714285,11,0.75361747,1,2386,7590,4.4418354,21.733301
866,746,cand_01554433,PVRRVKVVKVRRVP,PVRRVKV,mirror,824758977,2.989786557468041,,5.989464105135092,0.2714285714285713,11,0.6762984,1,1567,7561,4.4449553,21.780352
867,180,cand_01537509,PRKRLLLLLLRKRP,PRKRLLL,mirror,814195789,2.989786557468041,,5.989464105135091,0.4428571428571429,11,0.69586545,1,2029,7684,4.4499264,21.855528
868,48,cand_01541694,PRRKLLLLLLKRRP,PRRKLLL,mirror,815107789,2.989786557468041,,5.989464105135092,0.4428571428571429,11,0.67124104,1,2370,7572,4.474081,22.224531
869,770,cand_01551202,PVKVKVRRVKVKVP,PVKVKVR,mirror,823819554,2.989473591938072,,5.988838174075152,0.1857142857142855,11,0.6551102,1,1561,7637,4.4750156,22.238934
870,115,cand_01540885,PRRFLRLLRLFRRP,PRRFLRL,mirror,815075889,2.9900995229980105,,5.9900900361950296,0.6714285714285715,11,0.6270418,1,2154,7681,4.4781237,22.286894
871,138,cand_01513121,PKRLLLRRLLLRKP,PKRLLLR,mirror,795915794,2.989786557468041,,5.989464105135091,0.4428571428571429,11,0.6355699,1,2094,7834,4.479821,22.313133
872,561,cand_01473358,PFKRFRLLRFRKFP,PFKRFRL,mirror,782193889,2.989786557468041,,5.989464105135091,0.7285714285714286,11,0.7316635,1,1654,7477,4.4800305,22.316372
873,134,cand_01530984,PRFRLLKKLLRFRP,PRFRLLK,mirror,813555788,2.989786557468041,,5.989464105135092,0.5857142857142857,11,0.62388825,1,2104,7586,4.483203,22.365498
874,174,cand_01539749,PRLRFLLLLFRLRP,PRLRFLL,mirror,814353789,1.9901026852656707,,3.9900963607303503,-0.5142857142857143,11,0.68087566,1,2034,7540,4.487827,22.437294
875,120,cand_01529485,PRFFKRFFRKFFRP,PRFFKRF,mirror,813475484,2.989786557468041,,5.989464105135091,0.8714285714285716,11,0.64009106,1,2141,7488,4.4934497,22.524914
876,15,cand_01539723,PRLRFFRRFFRLRP,PRLRFFR,mirror,814353694,2.9900995229980105,,5.9900900361950296,0.8142857142857143,11,0.6918034,1,2627,7712,4.49754,22.588867
877,452,cand_01540684,PRRFFFKKFFFRRP,PRRFFFK,mirror,815073688,2.989786557468041,,5.989464105135092,0.8714285714285716,11,0.67365205,1,1724,7752,4.504553,22.698936
878,94,cand_01510568,PKLLLLRRLLLLKP,PKLLLLR,mirror,795115794,1.9897897197357013,,3.989470429670412,-0.7428571428571428,11,0.7041512,1,2195,7729,4.5048885,22.70422
879,12,cand_01538413,PRLFRFRRFRFLRP,PRLFRFR,mirror,814277694,2.9900995229980105,,5.9900900361950296,0.8142857142857141,11,0.7463778,1,2702,7559,4.5215397,22.967783
880,31,cand_01542182,PRRRLFLLFLRRRP,PRRRLFL,mirror,815155689,2.9900995229980105,,5.9900900361950296,0.6714285714285715,11,0.6809232,1,2434,7580,4.523399,22.9974
881,11,cand_01530818,PRFRFLRRLFRFRP,PRFRFLR,mirror,813553794,2.9900995229980105,,5.9900900361950296,0.8142857142857143,11,0.6470487,1,2706,7650,4.533155,23.153444
882,436,cand_01539961,PRLRRLFFLRRLRP,PRLRRLF,mirror,814357784,2.9900995229980105,,5.9900900361950296,0.6714285714285715,11,0.63245845,1,1741,7630,4.5334888,23.158802
883,23,cand_01530662,PRFLRFRRFRLFRP,PRFLRFR,mirror,813517694,2.9900995229980105,,5.9900900361950296,0.8142857142857141,11,0.65213984,1,2545,7743,4.5377035,23.226559
884,213,cand_01523987,PLRFLRRRRLFRLP,PLRFLRR,mirror,799075894,2.9900995229980105,,5.9900900361950296,0.6714285714285714,11,0.65469533,1,1988,7692,4.540521,23.271965
885,293,cand_01530506,PRFLFRKKRFLFRP,PRFLFRK,mirror,813513888,2.989786557468041,,5.989464105135092,0.7285714285714285,11,0.7390629,1,1883,7696,4.5465274,23.369053
886,753,cand_01541462,PRRILFRRFLIRRP,PRRILFR,mirror,815099694,2.9900995229980105,,5.9900900361950296,0.5714285714285714,11,0.7110947,1,1565,7508,4.548986,23.40891
887,369,cand_01542002,PRRLLLFFLLLRRP,PRRLLLF,mirror,815115784,1.9901026852656707,,3.9900963607303503,-0.5142857142857143,11,0.6635987,1,1786,7534,4.5535746,23.483484
888,20,cand_01523414,PLLRRRLLRRRLLP,PLLRRRL,mirror,798357889,2.9900995229980105,,5.9900900361950296,0.5285714285714287,11,0.6654165,1,2564,7678,4.55701,23.539474
889,116,cand_01475404,PFRFRRLLRRFRFP,PFRFRRL,mirror,783077889,2.9900995229980105,,5.9900900361950296,0.8142857142857143,11,0.787009,1,2148,7752,4.5574584,23.54679
890,217,cand_01263591,LRRRVLVLRRRVLV,LRRRVLV,repeat,623158997,2.9900995229980105,,5.9900900361950296,-0.3571428571428572,13,0.6335783,1,1984,7714,4.5642605,23.65807
891,657,cand_01225453,LLFRRRVLLFRRRV,LLFRRRV,repeat,605557897,2.9900995229980105,,5.9900900361950296,-0.1571428571428571,13,0.6818667,1,1606,7768,4.584524,23.992708
892,803,cand_01536011,PRKFIFRRFIFKRP,PRKFIFR,mirror,814114894,2.989786557468041,,5.989464105135091,0.6285714285714284,11,0.6520789,1,1545,7701,4.585785,24.013685
893,28,cand_01525320,PLRRFFRRFFRRLP,PLRRFFR,mirror,799153694,2.9900995229980105,,5.9900900361950296,0.8142857142857143,11,0.72011995,1,2478,7626,4.5893474,24.073055
894,33,cand_01531006,PRFRRFLLFRRFRP,PRFRRFL,mirror,813557689,2.9900995229980105,,5.9900900361950296,0.8142857142857143,11,0.725301,1,2433,7729,4.5947013,24.162558
895,21,cand_01530959,PRFRLFRRFLRFRP,PRFRLFR,mirror,813555694,2.9900995229980105,,5.9900900361950296,0.8142857142857143,11,0.6430519,1,2562,7557,4.601004,24.26835
896,435,cand_01529567,PRFFRRLLRRFFRP,PRFFRRL,mirror,813477889,2.9900995229980105,,5.9900900361950296,0.8142857142857143,11,0.65680146,1,1742,7717,4.602015,24.28536
897,83,cand_01512794,PKRKLLLLLLKRKP,PKRKLLL,mirror,795907789,2.989473591938072,,5.988838174075152,0.3571428571428572,11,0.7172672,1,2216,7777,4.60462,24.32925
898,87,cand_01530989,PRFRLRFFRLRFRP,PRFRLRF,mirror,813555884,2.9900995229980105,,5.9900900361950296,0.8142857142857143,11,0.72261745,1,2205,7662,4.605596,24.345716
899,339,cand_01531068,PRFRVRIIRVRFRP,PRFRVRI,mirror,813559087,2.9900995229980105,,5.9900900361950296,0.5142857142857143,11,0.7515633,1,1822,7549,4.625831,24.689592
900,2,cand_01476782,PFRRLFKKFLRRFP,PFRRLFK,mirror,783155688,2.989786557468041,,5.989464105135092,0.7285714285714286,11,0.6676693,1,2908,7691,4.6278286,24.7238
901,290,cand_01530921,PRFRIVRRVIRFRP,PRFRIVR,mirror,813555154,2.9900995229980105,,5.9900900361950296,0.5142857142857143,11,0.7448876,1,1888,7588,4.632169,24.79829
902,915,cand_01554432,PVRRVKLLKVRRVP,PVRRVKL,mirror,824758969,2.989786557468041,,5.989464105135092,0.3285714285714285,11,0.6335367,1,1503,7749,4.6382966,24.903845
903,191,cand_01473354,PFKRFLRRLFRKFP,PFKRFLR,mirror,782193794,2.989786557468041,,5.989464105135091,0.7285714285714286,11,0.73153096,1,2017,7613,4.6429043,24.983511
904,617,cand_01546933,PVFRRLLLLRRFVP,PVFRRLL,mirror,823157789,1.9901026852656707,,3.9900963607303503,-0.5714285714285713,11,0.6783451,1,1627,7462,4.6487794,25.085459
905,911,cand_01496130,PIRRFRFFRFRRIP,PIRRFRF,mirror,792753884,2.9900995229980105,,5.9900900361950296,0.7142857142857143,11,0.67826194,1,1504,7654,4.6754775,25.554005
906,766,cand_01529563,PRFFRLRRLRFFRP,PRFFRLR,mirror,813477794,2.9900995229980105,,5.9900900361950296,0.8142857142857141,11,0.6706846,1,1562,7639,4.686104,25.74292
907,509,cand_01529483,PRFFKLRRLKFFRP,PRFFKLR,mirror,813475394,2.989786557468041,,5.989464105135091,0.7285714285714285,11,0.664416,1,1681,7567,4.6889133,25.793102
908,244,cand_01508322,PKKLRLLLLRLKKP,PKKLRLL,mirror,794957789,2.989473591938072,,5.988838174075152,0.3571428571428571,11,0.65189016,1,1954,7575,4.696722,25.933086
909,228,cand_01476816,PFRRLRLLRLRRFP,PFRRLRL,mirror,783155889,2.9900995229980105,,5.9900900361950296,0.6714285714285716,11,0.6998871,1,1960,7511,4.707687,26.130936
910,289,cand_01539430,PRLLFRRRRFLLRP,PRLLFRR,mirror,814313894,2.9900995229980105,,5.9900900361950296,0.6714285714285714,11,0.7544045,1,1888,7581,4.7164454,26.290058
911,67,cand_01474802,PFLRRRLLRRRLFP,PFLRRRL,mirror,782357889,2.9900995229980105,,5.9900900361950296,0.6714285714285716,11,0.7434958,1,2268,7592,4.719856,26.352278
912,732,cand_02084043,TRFIRFRRFRIFRT,TRFIRFR,mirror,1069501694,2.9900995229980105,,5.9900900361950296,0.5857142857142857,11,0.67065686,1,1576,7522,4.720073,26.35625
913,46,cand_01530822,PRFRFRLLRFRFRP,PRFRFRL,mirror,813553889,2.9900995229980105,,5.9900900361950296,0.8142857142857143,11,0.64929664,1,2374,7645,4.730945,26.555616
914,295,cand_01511935,PKRFLLRRLLFRKP,PKRFLLR,mirror,795875794,2.989786557468041,,5.989464105135091,0.5857142857142857,11,0.7246628,1,1881,7610,4.7370667,26.668537
915,169,cand_01513324,PKRRLLLLLLRRKP,PKRRLLL,mirror,795955789,2.989786557468041,,5.989464105135091,0.4428571428571429,11,0.7114233,1,2045,7580,4.7371063,26.669268
916,258,cand_01538443,PRLFRRFFRRFLRP,PRLFRRF,mirror,814277884,2.9900995229980105,,5.9900900361950296,0.8142857142857143,11,0.697074,1,1930,7652,4.746992,26.852642
917,45,cand_01509440,PKLFRRLLRRFLKP,PKLFRRL,mirror,795077889,2.989786557468041,,5.989464105135091,0.5857142857142857,11,0.7885646,1,2375,7548,4.748131,26.873844
918,100,cand_01542190,PRRRLLFFLLRRRP,PRRRLLF,mirror,815155784,2.9900995229980105,,5.9900900361950296,0.6714285714285715,11,0.6471031,1,2180,7575,4.7505374,26.91871
919,300,cand_01508499,PKKRLLLLLLRKKP,PKKRLLL,mirror,794995789,2.989473591938072,,5.988838174075152,0.3571428571428572,11,0.63375837,1,1874,7494,4.75846,27.066942
920,77,cand_01542167,PRRRILLLLIRRRP,PRRRILL,mirror,815154989,2.9900995229980105,,5.9900900361950296,0.4285714285714284,11,0.702701,1,2239,7648,4.7611876,27.118164
921,80,cand_01475400,PFRFRLRRLRFRFP,PFRFRLR,mirror,783077794,2.9900995229980105,,5.9900900361950296,0.8142857142857141,11,0.7078229,1,2234,7943,4.770863,27.300644
922,327,cand_01554355,PVRRLLLLLLRRVP,PVRRLLL,mirror,824755789,1.9901026852656707,,3.9900963607303503,-0.7142857142857142,11,0.6845384,1,1837,7727,4.7824583,27.520948
923,310,cand_01523412,PLLRRRFFRRRLLP,PLLRRRF,mirror,798357884,2.9900995229980105,,5.9900900361950296,0.6714285714285716,11,0.6715566,1,1867,7631,4.7955484,27.771793
924,90,cand_01476487,PFRLRFRRFRLRFP,PFRLRFR,mirror,783117694,2.9900995229980105,,5.9900900361950296,0.8142857142857141,11,0.66043526,1,2199,7608,4.7979274,27.817625
925,403,cand_01474551,PFLLRRFFRRLLFP,PFLLRRF,mirror,782317884,1.9901026852656707,,3.9900963607303503,-0.3714285714285713,11,0.64181095,1,1765,7611,4.8016586,27.889664
926,218,cand_01513156,PKRLRLLLLRLRKP,PKRLRLL,mirror,795917789,2.989786557468041,,5.989464105135091,0.4428571428571429,11,0.6511575,1,1982,7516,4.8032823,27.921068
927,122,cand_01475388,PFRFRIRRIRFRFP,PFRFRIR,mirror,783077754,2.9900995229980105,,5.9900900361950296,0.7142857142857142,11,0.7000504,1,2139,7678,4.8126335,28.102634
928,545,cand_01555604,PVVRRRVVRRRVVP,PVVRRRV,mirror,825237897,2.9900995229980105,,5.9900900361950296,0.357142857142857,11,0.6598888,1,1663,7723,4.8186255,28.219597
929,98,cand_01510953,PKLRLLRRLLRLKP,PKLRLLR,mirror,795155794,2.989786557468041,,5.989464105135091,0.4428571428571429,11,0.81679034,1,2184,7593,4.8206496,28.259218
930,26,cand_01474770,PFLRRFRRFRRLFP,PFLRRFR,mirror,782357694,2.9900995229980105,,5.9900900361950296,0.8142857142857141,11,0.6888398,1,2488,7650,4.824518,28.335096
931,573,cand_01539425,PRLLFRFFRFLLRP,PRLLFRF,mirror,814313884,1.9901026852656707,,3.9900963607303503,-0.3714285714285714,11,0.62251115,1,1647,7568,4.826438,28.372826
932,148,cand_01518060,PLFRRRLLRRRFLP,PLFRRRL,mirror,797557889,2.9900995229980105,,5.9900900361950296,0.6714285714285716,11,0.6747356,1,2073,7657,4.829996,28.442888
933,446,cand_01501505,PKFLRKFFKRLFKP,PKFLRKF,mirror,794317764,2.989473591938072,,5.988838174075152,0.642857142857143,11,0.6323389,1,1729,7491,4.831079,28.464247
934,9,cand_01541829,PRRLFRFFRFLRRP,PRRLFRF,mirror,815113884,2.9900995229980105,,5.9900900361950296,0.8142857142857143,11,0.63434196,1,2744,7575,4.8368583,28.578499
935,260,cand_01510627,PKLLRRLLRRLLKP,PKLLRRL,mirror,795117889,2.989786557468041,,5.989464105135091,0.4428571428571429,11,0.73104876,1,1928,7620,4.843446,28.709291
936,275,cand_01531016,PRFRRLLLLRRFRP,PRFRRLL,mirror,813557789,2.9900995229980105,,5.9900900361950296,0.6714285714285715,11,0.6729648,1,1912,7604,4.847657,28.793219
937,209,cand_01476191,PFRKLRFFRLKRFP,PFRKLRF,mirror,783107884,2.989786557468041,,5.989464105135091,0.7285714285714286,11,0.6441355,1,1992,7606,4.863579,29.112741
938,463,cand_01510988,PKLRRLLLLRRLKP,PKLRRLL,mirror,795157789,2.989786557468041,,5.989464105135091,0.4428571428571429,11,0.6945755,1,1718,7578,4.863808,29.11737
939,834,cand_01542027,PRRLRFFFFRLRRP,PRRLRFF,mirror,815117684,2.9900995229980105,,5.9900900361950296,0.8142857142857143,11,0.6399371,1,1536,7513,4.8639045,29.119314
940,113,cand_01529535,PRFFRFKKFRFFRP,PRFFRFK,mirror,813477688,2.989786557468041,,5.989464105135092,0.8714285714285712,11,0.6224689,1,2157,7707,4.874729,29.338621
941,774,cand_01540867,PRRFLIRRILFRRP,PRRFLIR,mirror,815075754,2.9900995229980105,,5.9900900361950296,0.5714285714285714,11,0.6562558,1,1558,7696,4.8914585,29.680809
942,601,cand_01546940,PVFRRRVVRRRFVP,PVFRRRV,mirror,823157897,2.9900995229980105,,5.9900900361950296,0.557142857142857,11,0.701085,1,1635,7632,4.893783,29.728672
943,365,cand_01554026,PVRLRLLLLRLRVP,PVRLRLL,mirror,824717789,1.9901026852656707,,3.9900963607303503,-0.7142857142857142,11,0.6590958,1,1790,7504,4.9090223,30.044361
944,111,cand_01476784,PFRRLFRRFLRRFP,PFRRLFR,mirror,783155694,2.9900995229980105,,5.9900900361950296,0.8142857142857143,11,0.70935154,1,2157,7871,4.91794,30.230652
945,389,cand_01488849,PIFRKFRRFKRFIP,PIFRKFR,mirror,791155294,2.989786557468041,,5.989464105135091,0.6285714285714284,11,0.6483722,1,1772,7669,4.9248085,30.374916
946,676,cand_01542293,PRRVFFRRFFVRRP,PRRVFFR,mirror,815177694,2.9900995229980105,,5.9900900361950296,0.7571428571428571,11,0.6704154,1,1597,7641,4.927544,30.432568
947,905,cand_01475322,PFRFKRFFRKFRFP,PFRFKRF,mirror,783075484,2.989786557468041,,5.989464105135091,0.8714285714285716,11,0.6442163,1,1506,7667,4.939987,30.696178
948,256,cand_01542192,PRRRLLLLLLRRRP,PRRRLLL,mirror,815155789,2.9900995229980105,,5.9900900361950296,0.5285714285714286,11,0.73166806,1,1932,7410,4.9459686,30.82371
949,696,cand_01531014,PRFRRLFFLRRFRP,PRFRRLF,mirror,813557784,2.9900995229980105,,5.9900900361950296,0.8142857142857143,11,0.64198726,1,1589,7578,4.954471,31.005905
950,16,cand_01530508,PRFLFRRRRFLFRP,PRFLFRR,mirror,813513894,2.9900995229980105,,5.9900900361950296,0.8142857142857141,11,0.7495697,1,2623,7703,4.9583807,31.090042
951,839,cand_01550221,PVKKKGFFGKKKVP,PVKKKGF,mirror,823747304,2.9891606264081023,,5.988212243015213,0.9571428571428572,11,0.64505595,1,1534,7640,4.991619,31.814646
952,929,cand_01516040,PKVVKVRRVKVVKP,PKVVKVR,mirror,796459554,2.989473591938072,,5.988838174075152,0.1857142857142855,11,0.6667791,1,1499,7496,5.032551,32.730206
953,666,cand_01510080,PKLKFKLLKFKLKP,PKLKFKL,mirror,795105769,2.9891606264081023,,5.988212243015213,0.4142857142857142,11,0.6246968,1,1601,7497,5.0449514,33.01275
954,184,cand_01510765,PKLRFRLLRFRLKP,PKLRFRL,mirror,795153889,2.989786557468041,,5.989464105135091,0.5857142857142857,11,0.6612446,1,2026,7705,5.045428,33.02365
955,616,cand_01513258,PKRRFLLLLFRRKP,PKRRFLL,mirror,795953789,2.989786557468041,,5.989464105135091,0.5857142857142857,11,0.63363403,1,1628,7685,5.0455484,33.026413
956,254,cand_01533637,PRIFRKIIKRFIRP,PRIFRKI,mirror,813957767,2.989786557468041,,5.989464105135092,0.3857142857142857,11,0.6422393,1,1937,7656,5.0584846,33.323883
957,273,cand_01531067,PRFRVRFFRVRFRP,PRFRVRF,mirror,813559084,2.9900995229980105,,5.9900900361950296,0.7571428571428571,11,0.63405275,1,1916,7718,5.0659533,33.496845
958,829,cand_01530911,PRFRIRFFRIRFRP,PRFRIRF,mirror,813555084,2.9900995229980105,,5.9900900361950296,0.7142857142857143,11,0.6278204,1,1537,7584,5.0770354,33.755142
959,320,cand_01476807,PFRRLLGGLLRRFP,PFRRLLG,mirror,783155785,1.9901026852656707,,3.9900963607303503,0.0857142857142858,11,0.71341366,1,1847,7600,5.1019516,34.343178
960,32,cand_01476517,PFRLRRFFRRLRFP,PFRLRRF,mirror,783117884,2.9900995229980105,,5.9900900361950296,0.8142857142857143,11,0.76438427,1,2433,7477,5.111637,34.574516
961,212,cand_01512933,PKRLFRLLRFLRKP,PKRLFRL,mirror,795913889,2.989786557468041,,5.989464105135091,0.5857142857142857,11,0.7212629,1,1989,7556,5.1169496,34.702065
962,367,cand_01475858,PFRIRFRRFRIRFP,PFRIRFR,mirror,783101694,2.9900995229980105,,5.9900900361950296,0.7142857142857142,11,0.70289046,1,1787,7571,5.119199,34.756207
963,503,cand_01538259,PRLFFRRRRFFLRP,PRLFFRR,mirror,814273894,2.9900995229980105,,5.9900900361950296,0.8142857142857141,11,0.6337223,1,1685,7811,5.129215,34.998344
964,430,cand_01511963,PKRFRLFFLRFRKP,PKRFRLF,mirror,795877784,2.989786557468041,,5.989464105135091,0.7285714285714286,11,0.67352545,1,1745,7540,5.1567016,35.67154
965,234,cand_01476763,PFRRKLLLLKRRFP,PFRRKLL,mirror,783155389,2.989786557468041,,5.989464105135092,0.5857142857142857,11,0.67642725,1,1958,7653,5.169021,35.97745
966,54,cand_01541304,PRRIFRIIRFIRRP,PRRIFRI,mirror,815097887,2.9900995229980105,,5.9900900361950296,0.4714285714285714,11,0.7214077,1,2320,7551,5.1775646,36.19114
967,19,cand_01530792,PRFRFFRRFFRFRP,PRFRFFR,mirror,813553694,2.9900995229980105,,5.9900900361950296,0.957142857142857,11,0.64067584,1,2567,7564,5.1946964,36.623466
968,716,cand_01505981,PKIRIIRRIIRIKP,PKIRIIR,mirror,794834954,2.989786557468041,,5.989464105135091,0.1428571428571428,11,0.66926956,1,1582,7603,5.2035203,36.848152
969,659,cand_01533619,PRIFRFRRFRFIRP,PRIFRFR,mirror,813957694,2.9900995229980105,,5.9900900361950296,0.7142857142857142,11,0.7093382,1,1603,7595,5.213005,37.0912
970,513,cand_01511938,PKRFLRFFRLFRKP,PKRFLRF,mirror,795875884,2.989786557468041,,5.989464105135091,0.7285714285714286,11,0.66441435,1,1678,7584,5.247605,37.9915
971,86,cand_01476647,PFRRFRLLRFRRFP,PFRRFRL,mirror,783153889,2.9900995229980105,,5.9900900361950296,0.8142857142857143,11,0.7238615,1,2205,7593,5.261123,38.349163
972,853,cand_01501488,PKFLRFRRFRLFKP,PKFLRFR,mirror,794317694,2.989786557468041,,5.989464105135091,0.7285714285714286,11,0.65918595,1,1528,7728,5.27235,38.64875
973,386,cand_01540910,PRRFRLLLLRFRRP,PRRFRLL,mirror,815077789,2.9900995229980105,,5.9900900361950296,0.6714285714285715,11,0.75950027,1,1772,7544,5.277254,38.780354
974,727,cand_01530973,PRFRLIRRILRFRP,PRFRLIR,mirror,813555754,2.9900995229980105,,5.9900900361950296,0.5714285714285714,11,0.64920753,1,1578,7663,5.277527,38.78769
975,577,cand_01530060,PRFIRRVVRRIFRP,PRFIRRV,mirror,813501897,2.9900995229980105,,5.9900900361950296,0.5142857142857142,11,0.6607904,1,1646,7715,5.2833614,38.94487
976,263,cand_01501829,PKFRLRLLRLRFKP,PKFRLRL,mirror,794355889,2.989786557468041,,5.989464105135091,0.5857142857142857,11,0.68020034,1,1924,7632,5.290115,39.127605
977,527,cand_01515883,PKVRVVRRVVRVKP,PKVRVVR,mirror,796439154,2.989786557468041,,5.989464105135091,0.2714285714285713,11,0.7217058,1,1672,7719,5.318578,39.907215
978,38,cand_01469530,PFFRLRRRRLRFFP,PFFRLRR,mirror,781555894,2.9900995229980105,,5.9900900361950296,0.8142857142857141,11,0.6993078,1,2407,7720,5.341772,40.553993
979,419,cand_01529860,PRFIFKRRKFIFRP,PRFIFKR,mirror,813497774,2.989786557468041,,5.989464105135091,0.6285714285714287,11,0.71046716,1,1754,7558,5.3726997,41.43275
980,303,cand_01501334,PKFLFRRRRFLFKP,PKFLFRR,mirror,794313894,2.989786557468041,,5.989464105135091,0.7285714285714286,11,0.6797213,1,1872,7782,5.3906965,41.95284
981,44,cand_01476841,PFRRRLLLLRRRFP,PFRRRLL,mirror,783157789,2.9900995229980105,,5.9900900361950296,0.6714285714285716,11,0.74500364,1,2376,7599,5.3916554,41.980732
982,538,cand_01488931,PIFRRFKKFRRFIP,PIFRRFK,mirror,791157688,2.989786557468041,,5.989464105135092,0.6285714285714284,11,0.7012681,1,1668,7679,5.426255,42.999718
983,869,cand_01488965,PIFRRRLLRRRFIP,PIFRRRL,mirror,791157889,2.9900995229980105,,5.9900900361950296,0.5714285714285715,11,0.70844656,1,1521,7642,5.4540596,43.836468
984,695,cand_01541374,PRRIIFRRFIIRRP,PRRIIFR,mirror,815098894,2.9900995229980105,,5.9900900361950296,0.4714285714285714,11,0.66097397,1,1589,7522,5.4597187,44.008755
985,221,cand_01530560,PRFLIRRRRILFRP,PRFLIRR,mirror,813515094,2.9900995229980105,,5.9900900361950296,0.5714285714285714,11,0.65441614,1,1968,7536,5.4907155,44.96453
986,314,cand_01533649,PRIFRRFFRRFIRP,PRIFRRF,mirror,813957884,2.9900995229980105,,5.9900900361950296,0.7142857142857142,11,0.6512988,1,1855,7666,5.5033355,45.359585
987,296,cand_01540775,PRRFIFRRFIFRRP,PRRFIFR,mirror,815074894,2.9900995229980105,,5.9900900361950296,0.7142857142857143,11,0.686446,1,1881,7542,5.512977,45.66374
988,158,cand_01510625,PKLLRRFFRRLLKP,PKLLRRF,mirror,795117884,2.989786557468041,,5.989464105135091,0.5857142857142857,11,0.68467057,1,2056,7644,5.541806,46.585407
989,412,cand_01509438,PKLFRRFFRRFLKP,PKLFRRF,mirror,795077884,2.989786557468041,,5.989464105135091,0.7285714285714285,11,0.6845161,1,1761,7800,5.544013,46.656723
990,796,cand_01469576,PFFRRRLLRRRFFP,PFFRRRL,mirror,781557889,2.9900995229980105,,5.9900900361950296,0.8142857142857143,11,0.6631711,1,1548,7583,5.647411,50.12335
991,65,cand_01501797,PKFRLFRRFLRFKP,PKFRLFR,mirror,794355694,2.989786557468041,,5.989464105135091,0.7285714285714286,11,0.6238891,1,2282,7646,5.65964,50.550022
992,704,cand_01540700,PRRFFIRRIFFRRP,PRRFFIR,mirror,815073754,2.9900995229980105,,5.9900900361950296,0.7142857142857143,11,0.6962593,1,1586,7691,5.709034,52.31069
993,248,cand_01530252,PRFKIFRRFIKFRP,PRFKIFR,mirror,813506894,2.989786557468041,,5.989464105135091,0.6285714285714284,11,0.6666478,1,1949,7635,5.7376184,53.35747
994,35,cand_01476704,PFRRIFKKFIRRFP,PFRRIFK,mirror,783154888,2.989786557468041,,5.989464105135092,0.6285714285714287,11,0.6739593,1,2423,7642,5.779851,54.942513
995,160,cand_01538311,PRLFIRRRRIFLRP,PRLFIRR,mirror,814275094,2.9900995229980105,,5.9900900361950296,0.5714285714285714,11,0.71546364,1,2055,7684,5.90268,59.825138
996,336,cand_01510435,PKLLFRRRRFLLKP,PKLLFRR,mirror,795113894,2.989786557468041,,5.989464105135091,0.5857142857142857,11,0.6741545,1,1823,7689,6.0475383,66.144
997,478,cand_01500359,PKFFRRVVRRFFKP,PKFFRRV,mirror,794277897,2.989786557468041,,5.989464105135091,0.6714285714285715,11,0.7310298,1,1704,7566,6.1204743,69.573906
998,777,cand_01501905,PKFRVRFFRVRFKP,PKFRVRF,mirror,794359084,2.989786557468041,,5.989464105135091,0.6714285714285715,11,0.6507207,1,1557,7510,6.2322254,75.177315
999,267,cand_01530009,PRFILRRRRLIFRP,PRFILRR,mirror,813499894,2.9900995229980105,,5.9900900361950296,0.5714285714285714,11,0.6880712,1,1921,7603,6.2542334,76.33292
1000,108,cand_01511856,PKRFIRFFRIFRKP,PKRFIRF,mirror,795875084,2.989786557468041,,5.989464105135091,0.6285714285714287,11,0.62734115,1,2165,7416,6.672991,102.039986
