rank_position,candidate_id,sequence,seed,mode,seed_index,seed_charge_ph7,seed_motif_count,charge_ph7,hydrophobicity,motif_count,active_probability,predicted_active_label,rank_score,rank_comparisons
1,cand_01530991,PRFRLRLLRLRFRP,PRFRLRL,mirror,813555889,2.9900995229980105,,5.9900900361950296,0.6714285714285715,11,0.77224565,1,2925,7787
2,cand_01476782,PFRRLFKKFLRRFP,PFRRLFK,mirror,783155688,2.989786557468041,,5.989464105135092,0.7285714285714286,11,0.6676693,1,2908,7691
3,cand_01644822,QVVKRVRRVRKVVQ,QVVKRVR,mirror,889189954,2.989786557468041,,5.989464105135091,0.5428571428571429,11,0.7339084,1,2868,7616
4,cand_01539617,PRLLRRFFRRLLRP,PRLLRRF,mirror,814317884,2.9900995229980105,,5.9900900361950296,0.6714285714285715,11,0.626659,1,2863,7600
5,cand_01541999,PRRLLKLLKLLRRP,PRRLLKL,mirror,815115769,2.989786557468041,,5.989464105135092,0.4428571428571428,11,0.7355808,1,2859,7721
6,cand_01525528,PLRRLLRRLLRRLP,PLRRLLR,mirror,799155794,2.9900995229980105,,5.9900900361950296,0.5285714285714287,11,0.71707594,1,2829,7649
7,cand_01538440,PRLFRLRRLRFLRP,PRLFRLR,mirror,814277794,2.9900995229980105,,5.9900900361950296,0.6714285714285714,11,0.67452955,1,2751,7652
8,cand_01541831,PRRLFRLLRFLRRP,PRRLFRL,mirror,815113889,2.9900995229980105,,5.9900900361950296,0.6714285714285715,11,0.6376154,1,2745,7558
9,cand_01541829,PRRLFRFFRFLRRP,PRRLFRF,mirror,815113884,2.9900995229980105,,5.9900900361950296,0.8142857142857143,11,0.63434196,1,2744,7575
10,cand_01524908,PLRKRLLLLRKRLP,PLRKRLL,mirror,799109789,2.989786557468041,,5.989464105135091,0.442857142857143,11,0.75551933,1,2716,7661
11,cand_01530818,PRFRFLRRLFRFRP,PRFRFLR,mirror,813553794,2.9900995229980105,,5.9900900361950296,0.8142857142857143,11,0.6470487,1,2706,7650
12,cand_01538413,PRLFRFRRFRFLRP,PRLFRFR,mirror,814277694,2.9900995229980105,,5.9900900361950296,0.8142857142857141,11,0.7463778,1,2702,7559
13,cand_01525520,PLRRLKLLKLRRLP,PLRRLKL,mirror,799155769,2.989786557468041,,5.989464105135092,0.4428571428571429,11,0.7177603,1,2688,7645
14,cand_01275384,LVLRRKLLVLRRKL,LVLRRKL,repeat,631957769,2.989786557468041,,5.989464105135091,-0.3857142857142857,13,0.7430187,1,2666,7767
15,cand_01539723,PRLRFFRRFFRLRP,PRLRFFR,mirror,814353694,2.9900995229980105,,5.9900900361950296,0.8142857142857143,11,0.6918034,1,2627,7712
16,cand_01530508,PRFLFRRRRFLFRP,PRFLFRR,mirror,813513894,2.9900995229980105,,5.9900900361950296,0.8142857142857141,11,0.7495697,1,2623,7703
17,cand_01539755,PRLRFRLLRFRLRP,PRLRFRL,mirror,814353889,2.9900995229980105,,5.9900900361950296,0.6714285714285715,11,0.6744986,1,2592,7594
18,cand_01260577,LRRFLRLLRRFLRL,LRRFLRL,repeat,623075889,2.9900995229980105,,5.9900900361950296,-0.0999999999999999,13,0.6523824,1,2584,7688
19,cand_01530792,PRFRFFRRFFRFRP,PRFRFFR,mirror,813553694,2.9900995229980105,,5.9900900361950296,0.957142857142857,11,0.64067584,1,2567,7564
20,cand_01523414,PLLRRRLLRRRLLP,PLLRRRL,mirror,798357889,2.9900995229980105,,5.9900900361950296,0.5285714285714287,11,0.6654165,1,2564,7678
21,cand_01530959,PRFRLFRRFLRFRP,PRFRLFR,mirror,813555694,2.9900995229980105,,5.9900900361950296,0.8142857142857143,11,0.6430519,1,2562,7557
22,cand_01525499,PLRRLFKKFLRRLP,PLRRLFK,mirror,799155688,2.989786557468041,,5.989464105135092,0.5857142857142857,11,0.67294234,1,2548,7651
23,cand_01530662,PRFLRFRRFRLFRP,PRFLRFR,mirror,813517694,2.9900995229980105,,5.9900900361950296,0.8142857142857141,11,0.65213984,1,2545,7743
24,cand_01525211,PLRLRLRRLRLRLP,PLRLRLR,mirror,799117794,2.9900995229980105,,5.9900900361950296,0.5285714285714285,11,0.6859018,1,2538,7595
25,cand_01522961,PLLKKLKKLKKLLP,PLLKKLK,mirror,798307388,2.9891606264081023,,5.988212243015213,0.2714285714285715,11,0.78348297,1,2488,7730
26,cand_01474770,PFLRRFRRFRRLFP,PFLRRFR,mirror,782357694,2.9900995229980105,,5.9900900361950296,0.8142857142857141,11,0.6888398,1,2488,7650
27,cand_01539530,PRLLKLRRLKLLRP,PRLLKLR,mirror,814315394,2.989786557468041,,5.989464105135091,0.4428571428571428,11,0.77266634,1,2480,7549
28,cand_01525320,PLRRFFRRFFRRLP,PLRRFFR,mirror,799153694,2.9900995229980105,,5.9900900361950296,0.8142857142857143,11,0.72011995,1,2478,7626
29,cand_01539587,PRLLRFRRFRLLRP,PRLLRFR,mirror,814317694,2.9900995229980105,,5.9900900361950296,0.6714285714285714,11,0.64640945,1,2476,7548
30,cand_01539619,PRLLRRLLRRLLRP,PRLLRRL,mirror,814317889,2.9900995229980105,,5.9900900361950296,0.5285714285714286,11,0.67811584,1,2444,7551
31,cand_01542182,PRRRLFLLFLRRRP,PRRRLFL,mirror,815155689,2.9900995229980105,,5.9900900361950296,0.6714285714285715,11,0.6809232,1,2434,7580
32,cand_01476517,PFRLRRFFRRLRFP,PFRLRRF,mirror,783117884,2.9900995229980105,,5.9900900361950296,0.8142857142857143,11,0.76438427,1,2433,7477
33,cand_01531006,PRFRRFLLFRRFRP,PRFRRFL,mirror,813557689,2.9900995229980105,,5.9900900361950296,0.8142857142857143,11,0.725301,1,2433,7729
34,cand_01530957,PRFRLFKKFLRFRP,PRFRLFK,mirror,813555688,2.989786557468041,,5.989464105135092,0.7285714285714286,11,0.6362135,1,2430,7680
35,cand_01476704,PFRRIFKKFIRRFP,PFRRIFK,mirror,783154888,2.989786557468041,,5.989464105135092,0.6285714285714287,11,0.6739593,1,2423,7642
36,cand_01522088,PLKRLFRRFLRKLP,PLKRLFR,mirror,798195694,2.989786557468041,,5.989464105135091,0.585714285714286,11,0.6698509,1,2422,7686
37,cand_01838743,RLLRLLKKLLRLLR,RLLRLLK,mirror,926355788,2.989786557468041,,5.989464105135092,-0.3285714285714284,13,0.6921641,1,2412,7528
38,cand_01469530,PFFRLRRRRLRFFP,PFFRLRR,mirror,781555894,2.9900995229980105,,5.9900900361950296,0.8142857142857141,11,0.6993078,1,2407,7720
39,cand_01539606,PRLLRKLLKRLLRP,PRLLRKL,mirror,814317769,2.989786557468041,,5.989464105135092,0.4428571428571429,11,0.6252724,1,2402,7538
40,cand_01838755,RLLRLRLRLLRLRL,RLLRLRL,repeat,926355889,2.9900995229980105,,5.9900900361950296,-0.2428571428571427,13,0.64535195,1,2398,7632
41,cand_01645087,QVVRKRVVRKRVVQ,QVVRKRV,mirror,889235497,2.989786557468041,,5.989464105135091,0.5428571428571429,11,0.70502883,1,2387,7845
42,cand_01496354,PIRRRLLLLRRRIP,PIRRRLL,mirror,792757789,2.9900995229980105,,5.9900900361950296,0.4285714285714285,11,0.75361747,1,2386,7590
43,cand_01523407,PLLRRLKKLRRLLP,PLLRRLK,mirror,798357788,2.989786557468041,,5.989464105135092,0.4428571428571428,11,0.7266422,1,2379,7743
44,cand_01476841,PFRRRLLLLRRRFP,PFRRRLL,mirror,783157789,2.9900995229980105,,5.9900900361950296,0.6714285714285716,11,0.74500364,1,2376,7599
45,cand_01509440,PKLFRRLLRRFLKP,PKLFRRL,mirror,795077889,2.989786557468041,,5.989464105135091,0.5857142857142857,11,0.7885646,1,2375,7548
46,cand_01530822,PRFRFRLLRFRFRP,PRFRFRL,mirror,813553889,2.9900995229980105,,5.9900900361950296,0.8142857142857143,11,0.64929664,1,2374,7645
47,cand_01525479,PLRRKLLLLKRRLP,PLRRKLL,mirror,799155389,2.989786557468041,,5.989464105135092,0.4428571428571429,11,0.68607974,1,2370,7698
48,cand_01541694,PRRKLLLLLLKRRP,PRRKLLL,mirror,815107789,2.989786557468041,,5.989464105135092,0.4428571428571429,11,0.67124104,1,2370,7572
49,cand_01538283,PRLFGRLLRGFLRP,PRLFGRL,mirror,814274289,1.9901026852656707,,3.9900963607303503,0.0857142857142858,11,0.66289604,1,2370,7677
50,cand_01524906,PLRKRLFFLRKRLP,PLRKRLF,mirror,799109784,2.989786557468041,,5.989464105135091,0.585714285714286,11,0.75827694,1,2362,7641
51,cand_01540880,PRRFLLRRLLFRRP,PRRFLLR,mirror,815075794,2.9900995229980105,,5.9900900361950296,0.6714285714285715,11,0.69156027,1,2356,7599
52,cand_01542005,PRRLLLKKLLLRRP,PRRLLLK,mirror,815115788,2.989786557468041,,5.989464105135092,0.4428571428571429,11,0.7044554,1,2345,7493
53,cand_01539750,PRLRFLRRLFRLRP,PRLRFLR,mirror,814353794,2.9900995229980105,,5.9900900361950296,0.6714285714285715,11,0.629437,1,2327,7747
54,cand_01541304,PRRIFRIIRFIRRP,PRRIFRI,mirror,815097887,2.9900995229980105,,5.9900900361950296,0.4714285714285714,11,0.7214077,1,2320,7551
55,cand_01645094,QVVRKVRRVKRVVQ,QVVRKVR,mirror,889235554,2.989786557468041,,5.989464105135091,0.5428571428571426,11,0.74394953,1,2318,7617
56,cand_01541980,PRRLLFRRFLLRRP,PRRLLFR,mirror,815115694,2.9900995229980105,,5.9900900361950296,0.6714285714285715,11,0.6266232,1,2317,7599
57,cand_00632540,GRRLLRLLRLLRRG,GRRLLRL,mirror,367115889,2.9900995229980105,,5.9900900361950296,0.3571428571428572,13,0.7751533,1,2314,7732
58,cand_01539567,PRLLLRKKRLLLRP,PRLLLRK,mirror,814315888,2.989786557468041,,5.989464105135092,0.4428571428571429,11,0.70758504,1,2312,7559
59,cand_01235903,LLVRRLKLLVRRLK,LLVRRLK,repeat,607637788,2.989786557468041,,5.989464105135091,-0.3857142857142857,13,0.64796567,1,2302,7695
60,cand_01541797,PRRLFFKKFFLRRP,PRRLFFK,mirror,815113688,2.989786557468041,,5.989464105135092,0.7285714285714286,11,0.75087464,1,2295,7774
61,cand_01555525,PVVRKVRRVKRVVP,PVVRKVR,mirror,825235554,2.989786557468041,,5.989464105135091,0.2714285714285712,11,0.7223869,1,2295,7546
62,cand_00598770,GLRRRLLLLRRRLG,GLRRRLL,mirror,351157789,2.9900995229980105,,5.9900900361950296,0.3571428571428572,13,0.7968626,1,2292,7757
63,cand_01263493,LRRRLGLLRRRLGL,LRRRLGL,repeat,623155709,2.9900995229980105,,5.9900900361950296,0.3571428571428571,13,0.72013557,1,2289,7589
64,cand_01522152,PLKRRLLLLRRKLP,PLKRRLL,mirror,798197789,2.989786557468041,,5.989464105135091,0.442857142857143,11,0.6444654,1,2284,7495
65,cand_01501797,PKFRLFRRFLRFKP,PKFRLFR,mirror,794355694,2.989786557468041,,5.989464105135091,0.7285714285714286,11,0.6238891,1,2282,7646
66,cand_01525345,PLRRFLKKLFRRLP,PLRRFLK,mirror,799153788,2.989786557468041,,5.989464105135092,0.5857142857142857,11,0.67708147,1,2275,7754
67,cand_01474802,PFLRRRLLRRRLFP,PFLRRRL,mirror,782357889,2.9900995229980105,,5.9900900361950296,0.6714285714285716,11,0.7434958,1,2268,7592
68,cand_01838785,RLLRRFLRLLRRFL,RLLRRFL,repeat,926357689,2.9900995229980105,,5.9900900361950296,-0.0999999999999999,13,0.671344,1,2268,7607
69,cand_01630136,QRLLRRLLRRLLRQ,QRLLRRL,mirror,878317889,2.9900995229980105,,5.9900900361950296,0.8,11,0.6699979,1,2264,7548
70,cand_01540853,PRRFLFRRFLFRRP,PRRFLFR,mirror,815075694,2.9900995229980105,,5.9900900361950296,0.8142857142857143,11,0.8091966,1,2258,7577
71,cand_01192566,LIRRRLLLLRRRIL,LIRRRLL,mirror,600757789,2.9900995229980105,,5.9900900361950296,-0.3428571428571428,13,0.7692041,1,2258,7657
72,cand_01044012,KLFRFLRKLFRFLR,KLFRFLR,repeat,541553794,2.989786557468041,,5.989464105135092,-0.0428571428571427,13,0.65254647,1,2257,7560
73,cand_01640729,QVKRVRVVRVRKVQ,QVKRVRV,mirror,887799097,2.989786557468041,,5.989464105135091,0.5428571428571428,11,0.64642453,1,2255,7590
74,cand_01234762,LLRRLLRRLLRRLL,LLRRLLR,mirror,607155794,2.9900995229980105,,5.9900900361950296,-0.2428571428571427,13,0.64709365,1,2252,7597
75,cand_01530926,PRFRKFFFFKRFRP,PRFRKFF,mirror,813555284,2.989786557468041,,5.989464105135092,0.8714285714285716,11,0.6243269,1,2245,7695
76,cand_01175583,LGLRRLRLGLRRLR,LGLRRLR,repeat,593557794,2.9900995229980105,,5.9900900361950296,0.3571428571428572,13,0.68968207,1,2244,7685
77,cand_01542167,PRRRILLLLIRRRP,PRRRILL,mirror,815154989,2.9900995229980105,,5.9900900361950296,0.4285714285714284,11,0.702701,1,2239,7648
78,cand_01525127,PLRLKLRRLKLRLP,PLRLKLR,mirror,799115394,2.989786557468041,,5.989464105135091,0.4428571428571428,11,0.6360657,1,2239,7583
79,cand_02237529,VRRLKLVVRRLKLV,VRRLKLV,repeat,1135115397,2.989786557468041,,5.989464105135091,-0.4428571428571429,13,0.62508863,1,2235,7631
80,cand_01475400,PFRFRLRRLRFRFP,PFRFRLR,mirror,783077794,2.9900995229980105,,5.9900900361950296,0.8142857142857141,11,0.7078229,1,2234,7943
81,cand_01539936,PRLRLRLLRLRLRP,PRLRLRL,mirror,814355889,2.9900995229980105,,5.9900900361950296,0.5285714285714286,11,0.71617335,1,2230,7523
82,cand_01192491,LIRRLLRRLLRRIL,LIRRLLR,mirror,600755794,2.9900995229980105,,5.9900900361950296,-0.3428571428571428,13,0.77526885,1,2227,7610
83,cand_01512794,PKRKLLLLLLKRKP,PKRKLLL,mirror,795907789,2.989473591938072,,5.988838174075152,0.3571428571428572,11,0.7172672,1,2216,7777
84,cand_01837467,RLLKFFRRLLKFFR,RLLKFFR,repeat,926305694,2.989786557468041,,5.989464105135091,-0.0428571428571427,13,0.65785927,1,2211,7642
85,cand_01861100,RRGLLLRRRGLLLR,RRGLLLR,repeat,941675794,2.9900995229980105,,5.9900900361950296,0.3571428571428572,13,0.7008645,1,2208,7573
86,cand_01476647,PFRRFRLLRFRRFP,PFRRFRL,mirror,783153889,2.9900995229980105,,5.9900900361950296,0.8142857142857143,11,0.7238615,1,2205,7593
87,cand_01530989,PRFRLRFFRLRFRP,PRFRLRF,mirror,813555884,2.9900995229980105,,5.9900900361950296,0.8142857142857143,11,0.72261745,1,2205,7662
88,cand_00411940,FLRRRLLFLRRRLL,FLRRRLL,repeat,287157789,2.9900995229980105,,5.9900900361950296,-0.0999999999999999,13,0.770948,1,2203,7702
89,cand_01542010,PRRLLRFFRLLRRP,PRRLLRF,mirror,815115884,2.9900995229980105,,5.9900900361950296,0.6714285714285715,11,0.6269524,1,2201,7722
90,cand_01476487,PFRLRFRRFRLRFP,PFRLRFR,mirror,783117694,2.9900995229980105,,5.9900900361950296,0.8142857142857141,11,0.66043526,1,2199,7608
91,cand_01838817,RLLRRLGRLLRRLG,RLLRRLG,repeat,926357785,2.9900995229980105,,5.9900900361950296,0.3571428571428573,13,0.7565858,1,2196,7534
92,cand_01494195,PILRRRLLRRRLIP,PILRRRL,mirror,791957889,2.9900995229980105,,5.9900900361950296,0.4285714285714287,11,0.73837817,1,2196,7730
93,cand_01537299,PRKLLKLLKLLKRP,PRKLLKL,mirror,814155769,2.989473591938072,,5.988838174075152,0.3571428571428571,11,0.7297561,1,2196,7633
94,cand_01510568,PKLLLLRRLLLLKP,PKLLLLR,mirror,795115794,1.9897897197357013,,3.989470429670412,-0.7428571428571428,11,0.7041512,1,2195,7729
95,cand_01539311,PRLKRLLLLRKLRP,PRLKRLL,mirror,814309789,2.989786557468041,,5.989464105135091,0.4428571428571428,11,0.71046245,1,2191,7563
96,cand_01539963,PRLRRLLLLRRLRP,PRLRRLL,mirror,814357789,2.9900995229980105,,5.9900900361950296,0.5285714285714286,11,0.7080124,1,2191,7481
97,cand_01092990,KRLLLRLLRLLLRK,KRLLLRL,mirror,558315889,2.989786557468041,,5.989464105135091,-0.3285714285714285,13,0.6821774,1,2190,7561
98,cand_01510953,PKLRLLRRLLRLKP,PKLRLLR,mirror,795155794,2.989786557468041,,5.989464105135091,0.4428571428571429,11,0.81679034,1,2184,7593
99,cand_01541958,PRRLKLLLLKLRRP,PRRLKLL,mirror,815115389,2.989786557468041,,5.989464105135092,0.4428571428571428,11,0.7662451,1,2183,7600
100,cand_01542190,PRRRLLFFLLRRRP,PRRRLLF,mirror,815155784,2.9900995229980105,,5.9900900361950296,0.6714285714285715,11,0.6471031,1,2180,7575
101,cand_01263026,LRRLLRFFRLLRRL,LRRLLRF,mirror,623115884,2.9900995229980105,,5.9900900361950296,-0.0999999999999999,13,0.7823217,1,2175,7662
102,cand_01530689,PRFLRLRRLRLFRP,PRFLRLR,mirror,813517794,2.9900995229980105,,5.9900900361950296,0.6714285714285714,11,0.7142773,1,2175,7475
103,cand_01235154,LLRVRLRLLRVRLR,LLRVRLR,repeat,607181794,2.9900995229980105,,5.9900900361950296,-0.2999999999999999,13,0.6303288,1,2173,7792
104,cand_00420612,FRFLLKRFRFLLKR,FRFLLKR,repeat,301515774,2.989786557468041,,5.989464105135091,-0.0428571428571428,13,0.8116,1,2172,7664
105,cand_01525526,PLRRLLKKLLRRLP,PLRRLLK,mirror,799155788,2.989786557468041,,5.989464105135092,0.442857142857143,11,0.7662469,1,2170,7562
106,cand_01096024,KRRLLLLLLLLRRK,KRRLLLL,mirror,559115789,2.989786557468041,,5.989464105135091,-0.3285714285714285,13,0.63537526,1,2170,7651
107,cand_01523362,PLLRLRKKRLRLLP,PLLRLRK,mirror,798355888,2.989786557468041,,5.989464105135092,0.4428571428571428,11,0.730024,1,2169,7674
108,cand_01511856,PKRFIRFFRIFRKP,PKRFIRF,mirror,795875084,2.989786557468041,,5.989464105135091,0.6285714285714287,11,0.62734115,1,2165,7416
109,cand_01244693,LRGFRRLLRRFGRL,LRGFRRL,mirror,621637889,2.9900995229980105,,5.9900900361950296,0.5000000000000001,13,0.64913386,1,2161,7624
110,cand_01263367,LRRRGLFLRRRGLF,LRRRGLF,repeat,623154184,2.9900995229980105,,5.9900900361950296,0.5000000000000001,13,0.6252329,1,2158,7520
111,cand_01476784,PFRRLFRRFLRRFP,PFRRLFR,mirror,783155694,2.9900995229980105,,5.9900900361950296,0.8142857142857143,11,0.70935154,1,2157,7871
112,cand_01525166,PLRLLRRRRLLRLP,PLRLLRR,mirror,799115894,2.9900995229980105,,5.9900900361950296,0.5285714285714285,11,0.6923127,1,2157,7607
113,cand_01529535,PRFFRFKKFRFFRP,PRFFRFK,mirror,813477688,2.989786557468041,,5.989464105135092,0.8714285714285712,11,0.6224689,1,2157,7707
114,cand_01530644,PRFLLRRRRLLFRP,PRFLLRR,mirror,813515894,2.9900995229980105,,5.9900900361950296,0.6714285714285714,11,0.6575956,1,2155,7567
115,cand_01540885,PRRFLRLLRLFRRP,PRRFLRL,mirror,815075889,2.9900995229980105,,5.9900900361950296,0.6714285714285715,11,0.6270418,1,2154,7681
116,cand_01475404,PFRFRRLLRRFRFP,PFRFRRL,mirror,783077889,2.9900995229980105,,5.9900900361950296,0.8142857142857143,11,0.787009,1,2148,7752
117,cand_01842659,RLRLGRLLRGLRLR,RLRLGRL,mirror,927114289,2.9900995229980105,,5.9900900361950296,0.3571428571428572,13,0.6401861,1,2145,7558
118,cand_00929503,KFLLRRLLRRLLFK,KFLLRRL,mirror,526317889,2.989786557468041,,5.989464105135091,-0.1857142857142856,13,0.70777327,1,2143,7625
119,cand_01873274,RRLLRLFRRLLRLF,RRLLRLF,repeat,942317784,2.9900995229980105,,5.9900900361950296,-0.0999999999999999,13,0.6502476,1,2141,7705
120,cand_01529485,PRFFKRFFRKFFRP,PRFFKRF,mirror,813475484,2.989786557468041,,5.989464105135091,0.8714285714285716,11,0.64009106,1,2141,7488
121,cand_01524871,PLRKLLKKLLKRLP,PLRKLLK,mirror,799107788,2.989473591938072,,5.988838174075152,0.3571428571428572,11,0.63953066,1,2141,7658
122,cand_01475388,PFRFRIRRIRFRFP,PFRFRIR,mirror,783077754,2.9900995229980105,,5.9900900361950296,0.7142857142857142,11,0.7000504,1,2139,7678
123,cand_01630135,QRLLRRIIRRLLRQ,QRLLRRI,mirror,878317887,2.9900995229980105,,5.9900900361950296,0.7000000000000001,11,0.63202745,1,2139,7654
124,cand_01539568,PRLLLRLLRLLLRP,PRLLLRL,mirror,814315889,1.9901026852656707,,3.9900963607303503,-0.6571428571428569,11,0.7168973,1,2138,7676
125,cand_01250457,LRILRRLLRILRRL,LRILRRL,repeat,621997889,2.9900995229980105,,5.9900900361950296,-0.3428571428571428,13,0.62834334,1,2138,7475
126,cand_01263099,LRRLRLLLRRLRLL,LRRLRLL,repeat,623117789,2.9900995229980105,,5.9900900361950296,-0.2428571428571427,13,0.7497971,1,2137,7546
127,cand_01875418,RRRGLLLRRRGLLL,RRRGLLL,repeat,943083789,2.9900995229980105,,5.9900900361950296,0.3571428571428569,13,0.72088003,1,2130,7670
128,cand_01741935,RGLRLLRRLLRLGR,RGLRLLR,mirror,913555794,2.9900995229980105,,5.9900900361950296,0.3571428571428572,13,0.67283,1,2119,7638
129,cand_01219175,LKRLLGRLKRLLGR,LKRLLGR,repeat,603915714,2.989786557468041,,5.989464105135092,0.2714285714285714,13,0.7013377,1,2114,7612
130,cand_01234838,LLRRRLLLLRRRLL,LLRRRLL,mirror,607157789,2.9900995229980105,,5.9900900361950296,-0.2428571428571427,13,0.76403475,1,2113,7627
131,cand_01843345,RLRRLGLLGLRRLR,RLRRLGL,mirror,927155709,2.9900995229980105,,5.9900900361950296,0.3571428571428571,13,0.6991421,1,2110,7529
132,cand_01537342,PRKLRLLLLRLKRP,PRKLRLL,mirror,814157789,2.989786557468041,,5.989464105135091,0.4428571428571428,11,0.64906657,1,2108,7653
133,cand_01873238,RRLLRFFRRLLRFF,RRLLRFF,repeat,942317684,2.9900995229980105,,5.9900900361950296,0.0428571428571429,13,0.6694739,1,2105,7681
134,cand_01530984,PRFRLLKKLLRFRP,PRFRLLK,mirror,813555788,2.989786557468041,,5.989464105135092,0.5857142857142857,11,0.62388825,1,2104,7586
135,cand_01476008,PFRKFKFFKFKRFP,PFRKFKF,mirror,783105764,2.989473591938072,,5.988838174075152,0.7857142857142858,11,0.63826305,1,2103,7647
136,cand_01838779,RLLRRFFRLLRRFF,RLLRRFF,repeat,926357684,2.9900995229980105,,5.9900900361950296,0.0428571428571429,13,0.70072454,1,2099,7781
137,cand_01843370,RLRRLLLRLRRLLL,RLRRLLL,repeat,927155789,2.9900995229980105,,5.9900900361950296,-0.2428571428571428,13,0.6275018,1,2095,7705
138,cand_01513121,PKRLLLRRLLLRKP,PKRLLLR,mirror,795915794,2.989786557468041,,5.989464105135091,0.4428571428571429,11,0.6355699,1,2094,7834
139,cand_01836571,RLLFRRLLRRFLLR,RLLFRRL,mirror,926277889,2.9900995229980105,,5.9900900361950296,-0.0999999999999999,13,0.6328185,1,2093,7544
140,cand_01192567,LIRRRLLLIRRRLL,LIRRRLL,repeat,600757789,2.9900995229980105,,5.9900900361950296,-0.3428571428571428,13,0.6664115,1,2092,7608
141,cand_01841173,RLRGLRLLRLGRLR,RLRGLRL,mirror,927083889,2.9900995229980105,,5.9900900361950296,0.3571428571428572,13,0.63637125,1,2092,7586
142,cand_01059283,KLLRLRLLRLRLLK,KLLRLRL,mirror,542355889,2.989786557468041,,5.989464105135091,-0.3285714285714285,13,0.6472352,1,2091,7510
143,cand_01542039,PRRLRLLLLRLRRP,PRRLRLL,mirror,815117789,2.9900995229980105,,5.9900900361950296,0.5285714285714286,11,0.6793435,1,2085,7648
144,cand_01258758,LRLRIRVLRLRIRV,LRLRIRV,repeat,622355097,2.9900995229980105,,5.9900900361950296,-0.3999999999999999,13,0.7275496,1,2084,7626
145,cand_01539247,PRLKLFRRFLKLRP,PRLKLFR,mirror,814307694,2.989786557468041,,5.989464105135091,0.5857142857142857,11,0.6493143,1,2084,7647
146,cand_01521739,PLKLLRRRRLLKLP,PLKLLRR,mirror,798155894,2.989786557468041,,5.989464105135091,0.4428571428571429,11,0.73511285,1,2081,7618
147,cand_01539276,PRLKLLRRLLKLRP,PRLKLLR,mirror,814307794,2.989786557468041,,5.989464105135091,0.4428571428571428,11,0.7362084,1,2077,7544
148,cand_01518060,PLFRRRLLRRRFLP,PLFRRRL,mirror,797557889,2.9900995229980105,,5.9900900361950296,0.6714285714285716,11,0.6747356,1,2073,7657
149,cand_01523357,PLLRLLRRLLRLLP,PLLRLLR,mirror,798355794,1.9901026852656707,,3.9900963607303503,-0.6571428571428571,11,0.70367086,1,2071,7680
150,cand_01219649,LKRRLFLLKRRLFL,LKRRLFL,repeat,603955689,2.989786557468041,,5.989464105135092,-0.1857142857142856,13,0.8041667,1,2070,7546
151,cand_01617969,QLRVRRIIRRVRLQ,QLRVRRI,mirror,863181887,2.9900995229980105,,5.9900900361950296,0.6428571428571429,11,0.72142655,1,2068,7566
152,cand_01059273,KLLRLLRRLLRLLK,KLLRLLR,mirror,542355794,2.989786557468041,,5.989464105135091,-0.3285714285714284,13,0.68912643,1,2068,7726
153,cand_01473554,PFKRRLLLLRRKFP,PFKRRLL,mirror,782197789,2.989786557468041,,5.989464105135091,0.585714285714286,11,0.62964004,1,2067,7503
154,cand_01261387,LRRGRLLLRRGRLL,LRRGRLL,repeat,623085789,2.9900995229980105,,5.9900900361950296,0.3571428571428572,13,0.77254486,1,2063,7698
155,cand_01539753,PRLRFRFFRFRLRP,PRLRFRF,mirror,814353884,2.9900995229980105,,5.9900900361950296,0.8142857142857143,11,0.6610097,1,2062,7605
156,cand_01644214,QVRVRKVVKRVRVQ,QVRVRKV,mirror,888781777,2.989786557468041,,5.989464105135092,0.5428571428571429,11,0.72331864,1,2058,7732
157,cand_01523363,PLLRLRLLRLRLLP,PLLRLRL,mirror,798355889,1.9901026852656707,,3.9900963607303503,-0.6571428571428569,11,0.65928745,1,2058,7594
158,cand_01510625,PKLLRRFFRRLLKP,PKLLRRF,mirror,795117884,2.989786557468041,,5.989464105135091,0.5857142857142857,11,0.68467057,1,2056,7644
159,cand_01258374,LRLLRRGLRLLRRG,LRLLRRG,repeat,622317885,2.9900995229980105,,5.9900900361950296,0.3571428571428572,13,0.6284508,1,2056,7773
160,cand_01538311,PRLFIRRRRIFLRP,PRLFIRR,mirror,814275094,2.9900995229980105,,5.9900900361950296,0.5714285714285714,11,0.71546364,1,2055,7684
161,cand_00853359,IRLRVRVIRLRVRV,IRLRVRV,repeat,494359097,2.9900995229980105,,5.9900900361950296,-0.457142857142857,13,0.6621225,1,2054,7589
162,cand_01537256,PRKLKLLLLKLKRP,PRKLKLL,mirror,814155389,2.989473591938072,,5.988838174075152,0.3571428571428571,11,0.6604364,1,2054,7753
163,cand_01256710,LRLFRLRLRLFRLR,LRLFRLR,repeat,622277794,2.9900995229980105,,5.9900900361950296,-0.0999999999999999,13,0.6591294,1,2053,7691
164,cand_01233623,LLRKGLRRLGKRLL,LLRKGLR,mirror,607106194,2.989786557468041,,5.989464105135091,0.2714285714285714,13,0.65396374,1,2052,7619
165,cand_01523323,PLLRKLKKLKRLLP,PLLRKLK,mirror,798355388,2.989473591938072,,5.988838174075152,0.3571428571428571,11,0.6970992,1,2051,7554
166,cand_01243188,LRFRLLRRLLRFRL,LRFRLLR,mirror,621555794,2.9900995229980105,,5.9900900361950296,-0.0999999999999999,13,0.7304189,1,2050,7656
167,cand_01234173,LLRLLKRLLRLLKR,LLRLLKR,repeat,607115774,2.989786557468041,,5.989464105135091,-0.3285714285714285,13,0.6748938,1,2049,7727
168,cand_01539528,PRLLKLKKLKLLRP,PRLLKLK,mirror,814315388,2.989473591938072,,5.988838174075152,0.3571428571428571,11,0.6521856,1,2046,7564
169,cand_01513324,PKRRLLLLLLRRKP,PKRRLLL,mirror,795955789,2.989786557468041,,5.989464105135091,0.4428571428571429,11,0.7114233,1,2045,7580
170,cand_01525560,PLRRRLLLLRRRLP,PLRRRLL,mirror,799157789,2.9900995229980105,,5.9900900361950296,0.5285714285714287,11,0.688207,1,2045,7613
171,cand_00437696,FRLLRRLLRRLLRF,FRLLRRL,mirror,302317889,2.9900995229980105,,5.9900900361950296,-0.0999999999999999,13,0.7771993,1,2044,7759
172,cand_01842952,RLRLRLLRLRLRLL,RLRLRLL,repeat,927117789,2.9900995229980105,,5.9900900361950296,-0.2428571428571427,13,0.66368085,1,2043,7635
173,cand_01153558,LFKGLRRLFKGLRR,LFKGLRR,repeat,590123894,2.989786557468041,,5.989464105135092,0.4142857142857143,13,0.68675494,1,2037,7707
174,cand_01539749,PRLRFLLLLFRLRP,PRLRFLL,mirror,814353789,1.9901026852656707,,3.9900963607303503,-0.5142857142857143,11,0.68087566,1,2034,7540
175,cand_01261321,LRRGLRLLRRGLRL,LRRGLRL,repeat,623083889,2.9900995229980105,,5.9900900361950296,0.3571428571428572,13,0.70213187,1,2033,7598
176,cand_01823028,RLFRLLRRLLRFLR,RLFRLLR,mirror,925555794,2.9900995229980105,,5.9900900361950296,-0.0999999999999999,13,0.62571734,1,2033,7603
177,cand_01523364,PLLRLRRRRLRLLP,PLLRLRR,mirror,798355894,2.9900995229980105,,5.9900900361950296,0.5285714285714285,11,0.7155443,1,2031,7656
178,cand_01537496,PRKRLFLLFLRKRP,PRKRLFL,mirror,814195689,2.989786557468041,,5.989464105135091,0.5857142857142857,11,0.6917879,1,2031,7716
179,cand_01872879,RRLLFRLLRFLLRR,RRLLFRL,mirror,942313889,2.9900995229980105,,5.9900900361950296,-0.0999999999999999,13,0.67994785,1,2030,7759
180,cand_01537509,PRKRLLLLLLRKRP,PRKRLLL,mirror,814195789,2.989786557468041,,5.989464105135091,0.4428571428571429,11,0.69586545,1,2029,7684
181,cand_01903729,RVLRLRLLRLRLVR,RVLRLRL,mirror,951955889,2.9900995229980105,,5.9900900361950296,-0.2999999999999999,13,0.7112303,1,2028,7715
182,cand_00852745,IRLLRRLLRRLLRI,IRLLRRL,mirror,494317889,2.9900995229980105,,5.9900900361950296,-0.3428571428571428,13,0.6318799,1,2027,7534
183,cand_01616757,QLRIRRLLRRIRLQ,QLRIRRL,mirror,863101889,2.9900995229980105,,5.9900900361950296,0.7000000000000001,11,0.67636234,1,2026,7638
184,cand_01510765,PKLRFRLLRFRLKP,PKLRFRL,mirror,795153889,2.989786557468041,,5.989464105135091,0.5857142857142857,11,0.6612446,1,2026,7705
185,cand_01226438,LLGKLRRLLGKLRR,LLGKLRR,repeat,605667894,2.989786557468041,,5.989464105135092,0.2714285714285714,13,0.7712202,1,2025,7582
186,cand_01539904,PRLRLFRRFLRLRP,PRLRLFR,mirror,814355694,2.9900995229980105,,5.9900900361950296,0.6714285714285715,11,0.7021239,1,2025,7465
187,cand_01643904,QVRRLRVVRLRRVQ,QVRRLRV,mirror,888755897,2.9900995229980105,,5.9900900361950296,0.6857142857142858,11,0.6378118,1,2023,7638
188,cand_01257198,LRLGRLRRLRGLRL,LRLGRLR,mirror,622285794,2.9900995229980105,,5.9900900361950296,0.3571428571428572,13,0.67568517,1,2020,7653
189,cand_01250933,LRIRLRVVRLRIRL,LRIRLRV,mirror,622035897,2.9900995229980105,,5.9900900361950296,-0.3999999999999999,13,0.62293327,1,2020,7612
190,cand_01530642,PRFLLRKKRLLFRP,PRFLLRK,mirror,813515888,2.989786557468041,,5.989464105135092,0.5857142857142856,11,0.732946,1,2017,7667
191,cand_01473354,PFKRFLRRLFRKFP,PFKRFLR,mirror,782193794,2.989786557468041,,5.989464105135091,0.7285714285714286,11,0.73153096,1,2017,7613
192,cand_01518314,PLGFRRLLRRFGLP,PLGFRRL,mirror,797637889,1.9901026852656707,,3.9900963607303503,0.0857142857142857,11,0.6943006,1,2013,7617
193,cand_01234031,LLRLFRRLLRLFRR,LLRLFRR,repeat,607113894,2.9900995229980105,,5.9900900361950296,-0.0999999999999999,13,0.62455416,1,2009,7675
194,cand_01233079,LLRGRRLLRRGRLL,LLRGRRL,mirror,607085889,2.9900995229980105,,5.9900900361950296,0.3571428571428572,13,0.79474556,1,2008,7613
195,cand_01231628,LLLRGFRLLLRGFR,LLLRGFR,repeat,606354094,1.9901026852656707,,3.9900963607303503,-0.6857142857142856,13,0.6552972,1,2007,7554
196,cand_00830716,ILRRRLLLLRRRLI,ILRRRLL,mirror,479157789,2.9900995229980105,,5.9900900361950296,-0.3428571428571428,13,0.64277434,1,2006,7658
197,cand_01530368,PRFKLRLLRLKFRP,PRFKLRL,mirror,813507889,2.989786557468041,,5.989464105135091,0.5857142857142857,11,0.6479745,1,2003,7531
198,cand_01523163,PLLLRRKKRRLLLP,PLLLRRK,mirror,798317888,2.989786557468041,,5.989464105135092,0.4428571428571428,11,0.6420335,1,2003,7679
199,cand_01231824,LLLRRLKLLLRRLK,LLLRRLK,repeat,606357788,2.989786557468041,,5.989464105135091,-0.3285714285714285,13,0.6234572,1,2002,7647
200,cand_01201685,LKGFLRRLKGFLRR,LKGFLRR,repeat,602435894,2.989786557468041,,5.989464105135092,0.4142857142857143,13,0.65547264,1,2001,7455
201,cand_01260576,LRRFLRLLRLFRRL,LRRFLRL,mirror,623075889,2.9900995229980105,,5.9900900361950296,-0.0999999999999999,13,0.7137446,1,1999,7583
202,cand_01870823,RRLFRLLRRLFRLL,RRLFRLL,repeat,942277789,2.9900995229980105,,5.9900900361950296,-0.0999999999999999,13,0.69869727,1,1999,7607
203,cand_01525216,PLRLRRLLRRLRLP,PLRLRRL,mirror,799117889,2.9900995229980105,,5.9900900361950296,0.5285714285714287,11,0.6675182,1,1998,7675
204,cand_01524032,PLRFRLRRLRFRLP,PLRFRLR,mirror,799077794,2.9900995229980105,,5.9900900361950296,0.6714285714285714,11,0.6413839,1,1997,7631
205,cand_01263022,LRRLLLRRLLLRRL,LRRLLLR,mirror,623115794,2.9900995229980105,,5.9900900361950296,-0.2428571428571427,13,0.7511803,1,1996,7723
206,cand_01523409,PLLRRLRRLRRLLP,PLLRRLR,mirror,798357794,2.9900995229980105,,5.9900900361950296,0.5285714285714285,11,0.732174,1,1996,7681
207,cand_01225451,LLFRRRLLLFRRRL,LLFRRRL,repeat,605557889,2.9900995229980105,,5.9900900361950296,-0.0999999999999998,13,0.7471773,1,1994,7656
208,cand_01807344,RKLLGLRRLGLLKR,RKLLGLR,mirror,923114194,2.989786557468041,,5.989464105135091,0.2714285714285714,13,0.71637595,1,1994,7505
209,cand_01476191,PFRKLRFFRLKRFP,PFRKLRF,mirror,783107884,2.989786557468041,,5.989464105135091,0.7285714285714286,11,0.6441355,1,1992,7606
210,cand_01278136,LVRRLLRRLLRRVL,LVRRLLR,mirror,632755794,2.9900995229980105,,5.9900900361950296,-0.2999999999999999,13,0.7599191,1,1991,7639
211,cand_01542191,PRRRLLIILLRRRP,PRRRLLI,mirror,815155787,2.9900995229980105,,5.9900900361950296,0.4285714285714284,11,0.6679779,1,1991,7703
212,cand_01512933,PKRLFRLLRFLRKP,PKRLFRL,mirror,795913889,2.989786557468041,,5.989464105135091,0.5857142857142857,11,0.7212629,1,1989,7556
213,cand_01523987,PLRFLRRRRLFRLP,PLRFLRR,mirror,799075894,2.9900995229980105,,5.9900900361950296,0.6714285714285714,11,0.65469533,1,1988,7692
214,cand_01029471,KKLLKLLLLKLLKK,KKLLKLL,mirror,539115389,2.9891606264081023,,5.988212243015213,-0.5,13,0.7139765,1,1986,7555
215,cand_01838412,RLLRFLRRLLRFLR,RLLRFLR,repeat,926353794,2.9900995229980105,,5.9900900361950296,-0.0999999999999999,13,0.6348201,1,1986,7663
216,cand_01242646,LRFLRRLLRFLRRL,LRFLRRL,repeat,621517889,2.9900995229980105,,5.9900900361950296,-0.0999999999999999,13,0.7890693,1,1985,7496
217,cand_01263591,LRRRVLVLRRRVLV,LRRRVLV,repeat,623158997,2.9900995229980105,,5.9900900361950296,-0.3571428571428572,13,0.6335783,1,1984,7714
218,cand_01513156,PKRLRLLLLRLRKP,PKRLRLL,mirror,795917789,2.989786557468041,,5.989464105135091,0.4428571428571429,11,0.6511575,1,1982,7516
219,cand_00442572,FRRLLRLFRRLLRL,FRRLLRL,repeat,303115889,2.9900995229980105,,5.9900900361950296,-0.0999999999999999,13,0.7477567,1,1980,7595
220,cand_01247641,LRGRLLRLRGRLLR,LRGRLLR,repeat,621715794,2.9900995229980105,,5.9900900361950296,0.3571428571428572,13,0.69553506,1,1969,7463
221,cand_01530560,PRFLIRRRRILFRP,PRFLIRR,mirror,813515094,2.9900995229980105,,5.9900900361950296,0.5714285714285714,11,0.65441614,1,1968,7536
222,cand_01537932,PRKVVRVVRVVKRP,PRKVVRV,mirror,814223097,2.989786557468041,,5.989464105135091,0.2714285714285712,11,0.69506097,1,1967,7499
223,cand_01538388,PRLFLLRRLLFLRP,PRLFLLR,mirror,814275794,1.9901026852656707,,3.9900963607303503,-0.5142857142857143,11,0.6620608,1,1965,7664
224,cand_02231532,VRLFRRLLRRFLRV,VRLFRRL,mirror,1134277889,2.9900995229980105,,5.9900900361950296,-0.157142857142857,13,0.64627504,1,1965,7611
225,cand_00348529,FGRLFRLLRFLRGF,FGRLFRL,mirror,274313889,1.9901026852656707,,3.9900963607303503,-0.5428571428571428,13,0.6649095,1,1962,7733
226,cand_01873164,RRLLLFRRRLLLFR,RRLLLFR,repeat,942315694,2.9900995229980105,,5.9900900361950296,-0.0999999999999999,13,0.6574373,1,1962,7706
227,cand_01900024,RVKLVRVRVKLVRV,RVKLVRV,repeat,951759097,2.989786557468041,,5.989464105135091,-0.5000000000000001,13,0.7181954,1,1960,7457
228,cand_01476816,PFRRLRLLRLRRFP,PFRRLRL,mirror,783155889,2.9900995229980105,,5.9900900361950296,0.6714285714285716,11,0.6998871,1,1960,7511
229,cand_01258983,LRLRRVVLRLRRVV,LRLRRVV,repeat,622357957,2.9900995229980105,,5.9900900361950296,-0.3571428571428571,13,0.6887069,1,1960,7691
230,cand_00965249,KGLLRRLLRRLLGK,KGLLRRL,mirror,529517889,2.989786557468041,,5.989464105135091,0.2714285714285714,13,0.6642225,1,1960,7501
231,cand_00437445,FRLLFKRFRLLFKR,FRLLFKR,repeat,302313774,2.989786557468041,,5.989464105135091,-0.0428571428571428,13,0.7588781,1,1959,7568
232,cand_01275404,LVLRRRVLVLRRRV,LVLRRRV,repeat,631957897,2.9900995229980105,,5.9900900361950296,-0.3571428571428572,13,0.6447708,1,1959,7638
233,cand_00857216,IRRLRLLLLRLRRI,IRRLRLL,mirror,495117789,2.9900995229980105,,5.9900900361950296,-0.3428571428571429,13,0.73864293,1,1958,7651
234,cand_01476763,PFRRKLLLLKRRFP,PFRRKLL,mirror,783155389,2.989786557468041,,5.989464105135092,0.5857142857142857,11,0.67642725,1,1958,7653
235,cand_02233098,VRLLRLRVRLLRLR,VRLLRLR,repeat,1134317794,2.9900995229980105,,5.9900900361950296,-0.2999999999999999,13,0.6526659,1,1958,7523
236,cand_01617642,QLRRLKLLKLRRLQ,QLRRLKL,mirror,863155769,2.989786557468041,,5.989464105135092,0.7142857142857143,11,0.77074546,1,1957,7523
237,cand_01266788,LRVRIVRRVIRVRL,LRVRIVR,mirror,623635154,2.9900995229980105,,5.9900900361950296,-0.4571428571428571,13,0.78208286,1,1956,7627
238,cand_01539613,PRLLRLLLLRLLRP,PRLLRLL,mirror,814317789,1.9901026852656707,,3.9900963607303503,-0.6571428571428573,11,0.7066003,1,1956,7613
239,cand_01554694,PVRVRRIIRRVRVP,PVRVRRI,mirror,824781887,2.9900995229980105,,5.9900900361950296,0.3142857142857141,11,0.7045636,1,1956,7609
240,cand_00594513,GLLRRLLLLRRLLG,GLLRRLL,mirror,350357789,1.9901026852656707,,3.9900963607303503,-0.8285714285714285,13,0.65643466,1,1956,7766
241,cand_01228021,LLIRRVKLLIRRVK,LLIRRVK,repeat,606037948,2.989786557468041,,5.989464105135091,-0.4857142857142856,13,0.6523727,1,1955,7549
242,cand_01838821,RLLRRLLRLLRRLL,RLLRRLL,repeat,926357789,2.9900995229980105,,5.9900900361950296,-0.2428571428571427,13,0.62543434,1,1955,7685
243,cand_01539225,PRLKKLLLLKKLRP,PRLKKLL,mirror,814307389,2.989473591938072,,5.988838174075152,0.3571428571428571,11,0.756948,1,1954,7565
244,cand_01508322,PKKLRLLLLRLKKP,PKKLRLL,mirror,794957789,2.989473591938072,,5.988838174075152,0.3571428571428571,11,0.65189016,1,1954,7575
245,cand_01640651,QVKRLRVVRLRKVQ,QVKRLRV,mirror,887795897,2.989786557468041,,5.989464105135091,0.5999999999999999,11,0.71269745,1,1952,7646
246,cand_01837050,RLLGRLRRLRGLLR,RLLGRLR,mirror,926285794,2.9900995229980105,,5.9900900361950296,0.3571428571428571,13,0.7356961,1,1951,7735
247,cand_01907732,RVRLLRLLRLLRVR,RVRLLRL,mirror,952715889,2.9900995229980105,,5.9900900361950296,-0.2999999999999999,13,0.7282151,1,1949,7578
248,cand_01530252,PRFKIFRRFIKFRP,PRFKIFR,mirror,813506894,2.989786557468041,,5.989464105135091,0.6285714285714284,11,0.6666478,1,1949,7635
249,cand_01840429,RLRFLRLLRLFRLR,RLRFLRL,mirror,927075889,2.9900995229980105,,5.9900900361950296,-0.0999999999999999,13,0.64869523,1,1947,7542
250,cand_01834712,RLKLLLRRLLLKLR,RLKLLLR,mirror,926155794,2.989786557468041,,5.989464105135091,-0.3285714285714284,13,0.6355315,1,1947,7561
251,cand_01645176,QVVRRVKKVRRVVQ,QVVRRVK,mirror,889237948,2.989786557468041,,5.989464105135092,0.5428571428571429,11,0.77073663,1,1944,7767
252,cand_01510228,PKLKKLLLLKKLKP,PKLKKLL,mirror,795107389,2.9891606264081023,,5.988212243015213,0.2714285714285714,11,0.6402835,1,1942,7674
253,cand_01275306,LVLRKLRLVLRKLR,LVLRKLR,repeat,631955394,2.989786557468041,,5.989464105135091,-0.3857142857142856,13,0.73951906,1,1941,7533
254,cand_01533637,PRIFRKIIKRFIRP,PRIFRKI,mirror,813957767,2.989786557468041,,5.989464105135092,0.3857142857142857,11,0.6422393,1,1937,7656
255,cand_01634767,QRVVKRVVRKVVRQ,QRVVKRV,mirror,879659497,2.989786557468041,,5.989464105135091,0.5428571428571428,11,0.8009498,1,1934,7559
256,cand_01542192,PRRRLLLLLLRRRP,PRRRLLL,mirror,815155789,2.9900995229980105,,5.9900900361950296,0.5285714285714286,11,0.73166806,1,1932,7410
257,cand_01746345,RGRLLLRRLLLRGR,RGRLLLR,mirror,914315794,2.9900995229980105,,5.9900900361950296,0.3571428571428572,13,0.74077255,1,1931,7565
258,cand_01538443,PRLFRRFFRRFLRP,PRLFRRF,mirror,814277884,2.9900995229980105,,5.9900900361950296,0.8142857142857143,11,0.697074,1,1930,7652
259,cand_01262698,LRRLFRLLRFLRRL,LRRLFRL,mirror,623113889,2.9900995229980105,,5.9900900361950296,-0.0999999999999999,13,0.7668282,1,1929,7615
260,cand_01510627,PKLLRRLLRRLLKP,PKLLRRL,mirror,795117889,2.989786557468041,,5.989464105135091,0.4428571428571429,11,0.73104876,1,1928,7620
261,cand_01618910,QLVRRRLLRRRVLQ,QLVRRRL,mirror,863637889,2.9900995229980105,,5.9900900361950296,0.7428571428571428,11,0.6256097,1,1928,7732
262,cand_01160153,LFRRLLRRLLRRFL,LFRRLLR,mirror,591155794,2.9900995229980105,,5.9900900361950296,-0.0999999999999999,13,0.7742536,1,1924,7668
263,cand_01501829,PKFRLRLLRLRFKP,PKFRLRL,mirror,794355889,2.989786557468041,,5.989464105135091,0.5857142857142857,11,0.68020034,1,1924,7632
264,cand_01539559,PRLLLKRRKLLLRP,PRLLLKR,mirror,814315774,2.989786557468041,,5.989464105135091,0.4428571428571429,11,0.77639955,1,1923,7602
265,cand_01838368,RLLRFFKRLLRFFK,RLLRFFK,repeat,926353688,2.989786557468041,,5.989464105135091,-0.0428571428571427,13,0.68332916,1,1923,7835
266,cand_01826734,RLGLLRRRRLLGLR,RLGLLRR,mirror,925675894,2.9900995229980105,,5.9900900361950296,0.3571428571428572,13,0.7784142,1,1922,7539
267,cand_01530009,PRFILRRRRLIFRP,PRFILRR,mirror,813499894,2.9900995229980105,,5.9900900361950296,0.5714285714285714,11,0.6880712,1,1921,7603
268,cand_01823103,RLFRRLLRLFRRLL,RLFRRLL,repeat,925557789,2.9900995229980105,,5.9900900361950296,-0.0999999999999999,13,0.6650644,1,1921,7586
269,cand_01513119,PKRLLLKKLLLRKP,PKRLLLK,mirror,795915788,2.989473591938072,,5.988838174075152,0.3571428571428572,11,0.70451003,1,1920,7611
270,cand_01242598,LRFLRGFLRFLRGF,LRFLRGF,repeat,621517704,1.9901026852656707,,3.9900963607303503,-0.5428571428571428,13,0.6511427,1,1918,7576
271,cand_01263034,LRRLLRVVRLLRRL,LRRLLRV,mirror,623115897,2.9900995229980105,,5.9900900361950296,-0.2999999999999999,13,0.7290951,1,1916,7616
272,cand_01234826,LLRRRILLIRRRLL,LLRRRIL,mirror,607157749,2.9900995229980105,,5.9900900361950296,-0.3428571428571428,13,0.69709617,1,1916,7621
273,cand_01531067,PRFRVRFFRVRFRP,PRFRVRF,mirror,813559084,2.9900995229980105,,5.9900900361950296,0.7571428571428571,11,0.63405275,1,1916,7718
274,cand_01254943,LRKLRLLLRKLRLL,LRKLRLL,repeat,622157789,2.989786557468041,,5.989464105135091,-0.3285714285714285,13,0.6327081,1,1915,7586
275,cand_01531016,PRFRRLLLLRRFRP,PRFRRLL,mirror,813557789,2.9900995229980105,,5.9900900361950296,0.6714285714285715,11,0.6729648,1,1912,7604
276,cand_02209839,VLRLRLKKLRLRLV,VLRLRLK,mirror,1119117788,2.989786557468041,,5.989464105135092,-0.3857142857142857,13,0.6241453,1,1912,7544
277,cand_01256719,LRLFRRLLRRFLRL,LRLFRRL,mirror,622277889,2.9900995229980105,,5.9900900361950296,-0.0999999999999999,13,0.7604749,1,1910,7614
278,cand_01278516,LVRVRVRLVRVRVR,LVRVRVR,repeat,632781954,2.9900995229980105,,5.9900900361950296,-0.4142857142857143,13,0.73185515,1,1909,7671
279,cand_01836572,RLLFRRLRLLFRRL,RLLFRRL,repeat,926277889,2.9900995229980105,,5.9900900361950296,-0.0999999999999999,13,0.66281486,1,1907,7671
280,cand_01703387,RFLFRFLRFLFRFL,RFLFRFL,repeat,910277689,1.9901026852656707,,3.9900963607303503,-1.0,13,0.6283628,1,1907,7752
281,cand_01231836,LLLRRRLLLLRRRL,LLLRRRL,repeat,606357889,2.9900995229980105,,5.9900900361950296,-0.2428571428571427,13,0.7536345,1,1906,7590
282,cand_01790666,RKFLRFLLFRLFKR,RKFLRFL,mirror,922317689,2.989786557468041,,5.989464105135091,-0.0428571428571427,13,0.7896946,1,1904,7742
283,cand_01872873,RRLLFRFFRFLLRR,RRLLFRF,mirror,942313884,2.9900995229980105,,5.9900900361950296,0.0428571428571429,13,0.7730762,1,1902,7672
284,cand_01234247,LLRLRRLLLRLRRL,LLRLRRL,repeat,607117889,2.9900995229980105,,5.9900900361950296,-0.2428571428571427,13,0.75570625,1,1902,7592
285,cand_01523330,PLLRKRLLRKRLLP,PLLRKRL,mirror,798355489,2.989786557468041,,5.989464105135091,0.442857142857143,11,0.6593671,1,1900,7581
286,cand_01234077,LLRLGRRLLRLGRR,LLRLGRR,repeat,607114294,2.9900995229980105,,5.9900900361950296,0.3571428571428572,13,0.71209306,1,1897,7607
287,cand_01807623,RKLLRLGRKLLRLG,RKLLRLG,repeat,923117785,2.989786557468041,,5.989464105135091,0.2714285714285715,13,0.77013993,1,1894,7546
288,cand_01234737,LLRRLGRLLRRLGR,LLRRLGR,repeat,607155714,2.9900995229980105,,5.9900900361950296,0.3571428571428572,13,0.7365978,1,1891,7638
289,cand_01539430,PRLLFRRRRFLLRP,PRLLFRR,mirror,814313894,2.9900995229980105,,5.9900900361950296,0.6714285714285714,11,0.7544045,1,1888,7581
290,cand_01530921,PRFRIVRRVIRFRP,PRFRIVR,mirror,813555154,2.9900995229980105,,5.9900900361950296,0.5142857142857143,11,0.7448876,1,1888,7588
291,cand_01838674,RLLRKLLRLLRKLL,RLLRKLL,repeat,926355389,2.989786557468041,,5.989464105135091,-0.3285714285714284,13,0.6957737,1,1887,7681
292,cand_01525159,PLRLLLRRLLLRLP,PLRLLLR,mirror,799115794,1.9901026852656707,,3.9900963607303503,-0.6571428571428573,11,0.655165,1,1885,7575
293,cand_01530506,PRFLFRKKRFLFRP,PRFLFRK,mirror,813513888,2.989786557468041,,5.989464105135092,0.7285714285714285,11,0.7390629,1,1883,7696
294,cand_01741281,RGLLRLRRGLLRLR,RGLLRLR,repeat,913517794,2.9900995229980105,,5.9900900361950296,0.3571428571428572,13,0.8018237,1,1882,7659
295,cand_01511935,PKRFLLRRLLFRKP,PKRFLLR,mirror,795875794,2.989786557468041,,5.989464105135091,0.5857142857142857,11,0.7246628,1,1881,7610
296,cand_01540775,PRRFIFRRFIFRRP,PRRFIFR,mirror,815074894,2.9900995229980105,,5.9900900361950296,0.7142857142857143,11,0.686446,1,1881,7542
297,cand_00442561,FRRLLLRRLLLRRF,FRRLLLR,mirror,303115794,2.9900995229980105,,5.9900900361950296,-0.0999999999999999,13,0.7126183,1,1874,7662
298,cand_01838737,RLLRLKLLKLRLLR,RLLRLKL,mirror,926355769,2.989786557468041,,5.989464105135092,-0.3285714285714285,13,0.7057564,1,1874,7732
299,cand_01518053,PLFRRLKKLRRFLP,PLFRRLK,mirror,797557788,2.989786557468041,,5.989464105135092,0.5857142857142856,11,0.6541517,1,1874,7643
300,cand_01508499,PKKRLLLLLLRKKP,PKKRLLL,mirror,794995789,2.989473591938072,,5.988838174075152,0.3571428571428572,11,0.63375837,1,1874,7494
301,cand_01059068,KLLRGLRRLGRLLK,KLLRGLR,mirror,542354194,2.989786557468041,,5.989464105135091,0.2714285714285714,13,0.75084966,1,1872,7651
302,cand_01539450,PRLLGLRRLGLLRP,PRLLGLR,mirror,814314194,1.9901026852656707,,3.9900963607303503,-0.0571428571428571,11,0.7139606,1,1872,7680
303,cand_01501334,PKFLFRRRRFLFKP,PKFLFRR,mirror,794313894,2.989786557468041,,5.989464105135091,0.7285714285714286,11,0.6797213,1,1872,7782
304,cand_01554446,PVRRVRVVRVRRVP,PVRRVRV,mirror,824759097,2.9900995229980105,,5.9900900361950296,0.357142857142857,11,0.77438265,1,1871,7616
305,cand_01843333,RLRRLFLLFLRRLR,RLRRLFL,mirror,927155689,2.9900995229980105,,5.9900900361950296,-0.0999999999999999,13,0.64910746,1,1871,7558
306,cand_01063695,KLRRLLLLLLRRLK,KLRRLLL,mirror,543155789,2.989786557468041,,5.989464105135091,-0.3285714285714285,13,0.6405697,1,1871,7681
307,cand_01234755,LLRRLKLLLRRLKL,LLRRLKL,repeat,607155769,2.989786557468041,,5.989464105135091,-0.3285714285714284,13,0.6379997,1,1870,7479
308,cand_01579284,QGLLRRLLRRLLGQ,QGLLRRL,mirror,849517889,1.9901026852656707,,3.9900963607303503,0.2142857142857143,11,0.69225526,1,1868,7495
309,cand_01243636,LRFVRRLLRFVRRL,LRFVRRL,repeat,621581889,2.9900995229980105,,5.9900900361950296,-0.157142857142857,13,0.7376433,1,1867,7697
310,cand_01523412,PLLRRRFFRRRLLP,PLLRRRF,mirror,798357884,2.9900995229980105,,5.9900900361950296,0.6714285714285716,11,0.6715566,1,1867,7631
311,cand_01175115,LGLLRRRLGLLRRR,LGLLRRR,repeat,593517894,2.9900995229980105,,5.9900900361950296,0.3571428571428571,13,0.6885638,1,1865,7725
312,cand_01873275,RRLLRLGGLRLLRR,RRLLRLG,mirror,942317785,2.9900995229980105,,5.9900900361950296,0.3571428571428572,13,0.7555315,1,1863,7490
313,cand_00438313,FRLRRLLLLRRLRF,FRLRRLL,mirror,302357789,2.9900995229980105,,5.9900900361950296,-0.0999999999999999,13,0.72869486,1,1863,7565
314,cand_01533649,PRIFRRFFRRFIRP,PRIFRRF,mirror,813957884,2.9900995229980105,,5.9900900361950296,0.7142857142857142,11,0.6512988,1,1855,7666
315,cand_01873554,RRLRGLLRRLRGLL,RRLRGLL,repeat,942354189,2.9900995229980105,,5.9900900361950296,0.3571428571428572,13,0.745501,1,1852,7644
316,cand_01234773,LLRRLRLLLRRLRL,LLRRLRL,repeat,607155889,2.9900995229980105,,5.9900900361950296,-0.2428571428571427,13,0.6773457,1,1852,7560
317,cand_01261386,LRRGRLLLLRGRRL,LRRGRLL,mirror,623085789,2.9900995229980105,,5.9900900361950296,0.3571428571428572,13,0.7543656,1,1849,7530
318,cand_01058800,KLLLRRFFRRLLLK,KLLLRRF,mirror,542317884,2.989786557468041,,5.989464105135091,-0.1857142857142856,13,0.66624635,1,1849,7595
319,cand_01263311,LRRRFLLLRRRFLL,LRRRFLL,repeat,623153789,2.9900995229980105,,5.9900900361950296,-0.0999999999999999,13,0.7613528,1,1848,7728
320,cand_01476807,PFRRLLGGLLRRFP,PFRRLLG,mirror,783155785,1.9901026852656707,,3.9900963607303503,0.0857142857142858,11,0.71341366,1,1847,7600
321,cand_01525504,PLRRLGFFGLRRLP,PLRRLGF,mirror,799155704,1.9901026852656707,,3.9900963607303503,0.0857142857142857,11,0.6411881,1,1847,7669
322,cand_01617675,QLRRRLLLLRRRLQ,QLRRRLL,mirror,863157789,2.9900995229980105,,5.9900900361950296,0.7999999999999999,11,0.6840992,1,1843,7516
323,cand_01822476,RLFLRLRRLFLRLR,RLFLRLR,repeat,925517794,2.9900995229980105,,5.9900900361950296,-0.0999999999999999,13,0.6742004,1,1843,7692
324,cand_01179105,LGRLRLRLGRLRLR,LGRLRLR,repeat,594317794,2.9900995229980105,,5.9900900361950296,0.3571428571428572,13,0.66908944,1,1843,7639
325,cand_01231825,LLLRRLRRLRRLLL,LLLRRLR,mirror,606357794,2.9900995229980105,,5.9900900361950296,-0.2428571428571428,13,0.8002502,1,1840,7751
326,cand_01234815,LLRRRGLLLRRRGL,LLRRRGL,repeat,607157709,2.9900995229980105,,5.9900900361950296,0.3571428571428573,13,0.78127116,1,1840,7685
327,cand_01554355,PVRRLLLLLLRRVP,PVRRLLL,mirror,824755789,1.9901026852656707,,3.9900963607303503,-0.7142857142857142,11,0.6845384,1,1837,7727
328,cand_01233368,LLRIRVRLLRIRVR,LLRIRVR,repeat,607101954,2.9900995229980105,,5.9900900361950296,-0.3999999999999998,13,0.76914245,1,1833,7517
329,cand_01234772,LLRRLRLLRLRRLL,LLRRLRL,mirror,607155889,2.9900995229980105,,5.9900900361950296,-0.2428571428571427,13,0.74692833,1,1831,7530
330,cand_01231513,LLLKRRLLRRKLLL,LLLKRRL,mirror,606309889,2.989786557468041,,5.989464105135091,-0.3285714285714284,13,0.8081,1,1829,7584
331,cand_01258368,LRLLRLRLRLLRLR,LRLLRLR,repeat,622317794,2.9900995229980105,,5.9900900361950296,-0.2428571428571427,13,0.633242,1,1829,7564
332,cand_00437615,FRLLLKRFRLLLKR,FRLLLKR,repeat,302315774,2.989786557468041,,5.989464105135091,-0.1857142857142857,13,0.70586735,1,1826,7615
333,cand_01634838,QRVVRKVVKRVVRQ,QRVVRKV,mirror,879661777,2.989786557468041,,5.989464105135092,0.5428571428571428,11,0.73316,1,1825,7643
334,cand_01861111,RRGLLRLLRLLGRR,RRGLLRL,mirror,941675889,2.9900995229980105,,5.9900900361950296,0.3571428571428571,13,0.6792676,1,1824,7577
335,cand_01529456,PRFFKFRRFKFFRP,PRFFKFR,mirror,813475294,2.989786557468041,,5.989464105135091,0.8714285714285712,11,0.6290145,1,1824,7568
336,cand_01510435,PKLLFRRRRFLLKP,PKLLFRR,mirror,795113894,2.989786557468041,,5.989464105135091,0.5857142857142857,11,0.6741545,1,1823,7689
337,cand_01539561,PRLLLLKKLLLLRP,PRLLLLK,mirror,814315788,1.9897897197357013,,3.989470429670412,-0.7428571428571429,11,0.64773506,1,1823,7649
338,cand_01842885,RLRLLRLLRLLRLR,RLRLLRL,mirror,927115889,2.9900995229980105,,5.9900900361950296,-0.2428571428571427,13,0.63497084,1,1823,7578
339,cand_01531068,PRFRVRIIRVRFRP,PRFRVRI,mirror,813559087,2.9900995229980105,,5.9900900361950296,0.5142857142857143,11,0.7515633,1,1822,7549
340,cand_01044422,KLFRRLLLLRRFLK,KLFRRLL,mirror,541557789,2.989786557468041,,5.989464105135091,-0.1857142857142855,13,0.70082873,1,1822,7427
341,cand_00853211,IRLRLLRRLLRLRI,IRLRLLR,mirror,494355794,2.9900995229980105,,5.9900900361950296,-0.3428571428571428,13,0.6514078,1,1822,7596
342,cand_01517944,PLFRKFRRFKRFLP,PLFRKFR,mirror,797555294,2.989786557468041,,5.989464105135091,0.7285714285714284,11,0.7389537,1,1820,7828
343,cand_01235897,LLVRRKLLLVRRKL,LLVRRKL,repeat,607637769,2.989786557468041,,5.989464105135091,-0.3857142857142857,13,0.73056036,1,1819,7657
344,cand_01278275,LVRRVLRRLVRRVL,LVRRVLR,mirror,632758994,2.9900995229980105,,5.9900900361950296,-0.3571428571428571,13,0.75696194,1,1818,7518
345,cand_01264075,LRRVLRLLRLVRRL,LRRVLRL,mirror,623179889,2.9900995229980105,,5.9900900361950296,-0.2999999999999999,13,0.7932046,1,1816,7723
346,cand_01234835,LLRRRLGLLRRRLG,LLRRRLG,repeat,607157785,2.9900995229980105,,5.9900900361950296,0.3571428571428572,13,0.7250606,1,1816,7586
347,cand_01266915,LRVRLLRLRVRLLR,LRVRLLR,repeat,623635794,2.9900995229980105,,5.9900900361950296,-0.2999999999999999,13,0.71164775,1,1815,7687
348,cand_01843930,RLRVLRVVRLVRLR,RLRVLRV,mirror,927179897,2.9900995229980105,,5.9900900361950296,-0.3571428571428571,13,0.75120246,1,1813,7642
349,cand_01233350,LLRIRLRLLRIRLR,LLRIRLR,repeat,607101794,2.9900995229980105,,5.9900900361950296,-0.3428571428571429,13,0.643954,1,1811,7554
350,cand_01838754,RLLRLRLLRLRLLR,RLLRLRL,mirror,926355889,2.9900995229980105,,5.9900900361950296,-0.2428571428571427,13,0.69933015,1,1809,7595
351,cand_01227177,LLGRRLRLLGRRLR,LLGRRLR,repeat,605717794,2.9900995229980105,,5.9900900361950296,0.3571428571428572,13,0.75843805,1,1808,7509
352,cand_01523160,PLLLRRFFRRLLLP,PLLLRRF,mirror,798317884,1.9901026852656707,,3.9900963607303503,-0.5142857142857141,11,0.68860734,1,1804,7602
353,cand_01525527,PLRRLLLLLLRRLP,PLRRLLL,mirror,799155789,1.9901026852656707,,3.9900963607303503,-0.6571428571428573,11,0.6833585,1,1804,7633
354,cand_02241196,VRVRIRLLRIRVRV,VRVRIRL,mirror,1135635089,2.9900995229980105,,5.9900900361950296,-0.4571428571428572,13,0.624782,1,1803,7669
355,cand_00970348,KGRLLRLKGRLLRL,KGRLLRL,repeat,530315889,2.989786557468041,,5.989464105135092,0.2714285714285715,13,0.8007759,1,1801,7807
356,cand_01234178,LLRLLRRRRLLRLL,LLRLLRR,mirror,607115894,2.9900995229980105,,5.9900900361950296,-0.2428571428571428,13,0.7625598,1,1801,7460
357,cand_01262096,LRRIVLRRLVIRRL,LRRIVLR,mirror,623102994,2.9900995229980105,,5.9900900361950296,-0.4,13,0.71703273,1,1800,7673
358,cand_01255888,LRKVLRLLRLVKRL,LRKVLRL,mirror,622219889,2.989786557468041,,5.989464105135091,-0.3857142857142857,13,0.64509875,1,1800,7600
359,cand_01523354,PLLRLKRRKLRLLP,PLLRLKR,mirror,798355774,2.989786557468041,,5.989464105135091,0.4428571428571428,11,0.6401662,1,1800,7578
360,cand_01263517,LRRRLLLLRRRLLL,LRRRLLL,repeat,623155789,2.9900995229980105,,5.9900900361950296,-0.2428571428571428,13,0.6641188,1,1799,7664
361,cand_01263166,LRRLVLRRLVLRRL,LRRLVLR,mirror,623118994,2.9900995229980105,,5.9900900361950296,-0.2999999999999999,13,0.7207773,1,1795,7574
362,cand_01541986,PRRLLGLLGLLRRP,PRRLLGL,mirror,815115709,1.9901026852656707,,3.9900963607303503,-0.057142857142857,11,0.6887768,1,1792,7726
363,cand_01160227,LFRRRLLLFRRRLL,LFRRRLL,repeat,591157789,2.9900995229980105,,5.9900900361950296,-0.0999999999999999,13,0.80046517,1,1791,7650
364,cand_00598037,GLRLRLRRLRLRLG,GLRLRLR,mirror,351117794,2.9900995229980105,,5.9900900361950296,0.3571428571428572,13,0.71294355,1,1790,7421
365,cand_01554026,PVRLRLLLLRLRVP,PVRLRLL,mirror,824717789,1.9901026852656707,,3.9900963607303503,-0.7142857142857142,11,0.6590958,1,1790,7504
366,cand_01554703,PVRVRVRRVRVRVP,PVRVRVR,mirror,824781954,2.9900995229980105,,5.9900900361950296,0.3571428571428571,11,0.74140066,1,1787,7447
367,cand_01475858,PFRIRFRRFRIRFP,PFRIRFR,mirror,783101694,2.9900995229980105,,5.9900900361950296,0.7142857142857142,11,0.70289046,1,1787,7571
368,cand_01234904,LLRRVLKLLRRVLK,LLRRVLK,repeat,607158988,2.989786557468041,,5.989464105135091,-0.3857142857142857,13,0.6821204,1,1787,7509
369,cand_01542002,PRRLLLFFLLLRRP,PRRLLLF,mirror,815115784,1.9901026852656707,,3.9900963607303503,-0.5142857142857143,11,0.6635987,1,1786,7534
370,cand_01705917,RFLRRLFRFLRRLF,RFLRRLF,repeat,910357784,2.9900995229980105,,5.9900900361950296,0.0428571428571429,13,0.64514154,1,1786,7689
371,cand_02241317,VRVRLKVVKLRVRV,VRVRLKV,mirror,1135635777,2.989786557468041,,5.989464105135092,-0.5000000000000001,13,0.73959595,1,1785,7651
372,cand_00632512,GRRLLKLLKLLRRG,GRRLLKL,mirror,367115769,2.989786557468041,,5.989464105135092,0.2714285714285714,13,0.6470367,1,1785,7681
373,cand_01900960,RVKVRVLRVKVRVL,RVKVRVL,repeat,951821949,2.989786557468041,,5.989464105135091,-0.5000000000000001,13,0.73667634,1,1783,7582
374,cand_01263577,LRRRVILLRRRVIL,LRRRVIL,repeat,623158949,2.9900995229980105,,5.9900900361950296,-0.3999999999999998,13,0.694694,1,1783,7604
375,cand_01227997,LLIRRKLLLIRRKL,LLIRRKL,repeat,606037769,2.989786557468041,,5.989464105135091,-0.4285714285714284,13,0.645476,1,1782,7674
376,cand_01231834,LLLRRRILLLRRRI,LLLRRRI,repeat,606357887,2.9900995229980105,,5.9900900361950296,-0.3428571428571429,13,0.67755246,1,1781,7516
377,cand_00443042,FRRRLLLFRRRLLL,FRRRLLL,repeat,303155789,2.9900995229980105,,5.9900900361950296,-0.0999999999999999,13,0.76053244,1,1780,7672
378,cand_01250456,LRILRRLLRRLIRL,LRILRRL,mirror,621997889,2.9900995229980105,,5.9900900361950296,-0.3428571428571428,13,0.66626275,1,1779,7718
379,cand_01525025,PLRLFRKKRFLRLP,PLRLFRK,mirror,799113888,2.989786557468041,,5.989464105135092,0.5857142857142856,11,0.6394063,1,1779,7738
380,cand_01876225,RRRLLGLLGLLRRR,RRRLLGL,mirror,943115709,2.9900995229980105,,5.9900900361950296,0.3571428571428571,13,0.6976533,1,1778,7638
381,cand_01523948,PLRFKLRRLKFRLP,PLRFKLR,mirror,799075394,2.989786557468041,,5.989464105135091,0.5857142857142856,11,0.69092995,1,1777,7568
382,cand_01232718,LLRGFRRRRFGRLL,LLRGFRR,mirror,607081894,2.9900995229980105,,5.9900900361950296,0.5000000000000001,13,0.6549516,1,1777,7707
383,cand_01263343,LRRRGFLLRRRGFL,LRRRGFL,repeat,623154089,2.9900995229980105,,5.9900900361950296,0.5000000000000001,13,0.625457,1,1777,7573
384,cand_01234837,LLRRRLILLRRRLI,LLRRRLI,repeat,607157787,2.9900995229980105,,5.9900900361950296,-0.3428571428571428,13,0.6390269,1,1775,7697
385,cand_01165487,LGFRRLRLGFRRLR,LGFRRLR,repeat,592757794,2.9900995229980105,,5.9900900361950296,0.5000000000000001,13,0.705358,1,1773,7696
386,cand_01540910,PRRFRLLLLRFRRP,PRRFRLL,mirror,815077789,2.9900995229980105,,5.9900900361950296,0.6714285714285715,11,0.75950027,1,1772,7544
387,cand_01227161,LLGRRKLLLGRRKL,LLGRRKL,repeat,605717769,2.989786557468041,,5.989464105135091,0.2714285714285715,13,0.7263284,1,1772,7672
388,cand_01474718,PFLRKRLLRKRLFP,PFLRKRL,mirror,782355489,2.989786557468041,,5.989464105135091,0.585714285714286,11,0.71816134,1,1772,7519
389,cand_01488849,PIFRKFRRFKRFIP,PIFRKFR,mirror,791155294,2.989786557468041,,5.989464105135091,0.6285714285714284,11,0.6483722,1,1772,7669
390,cand_01192504,LIRRLRVLIRRLRV,LIRRLRV,repeat,600755897,2.9900995229980105,,5.9900900361950296,-0.4000000000000001,13,0.7181339,1,1771,7445
391,cand_01707658,RFRFLRLLRLFRFR,RFRFLRL,mirror,911075889,2.9900995229980105,,5.9900900361950296,0.0428571428571429,13,0.7105784,1,1771,7625
392,cand_01231835,LLLRRRLLRRRLLL,LLLRRRL,mirror,606357889,2.9900995229980105,,5.9900900361950296,-0.2428571428571428,13,0.7883047,1,1770,7674
393,cand_00830717,ILRRRLLILRRRLL,ILRRRLL,repeat,479157789,2.9900995229980105,,5.9900900361950296,-0.3428571428571429,13,0.7127107,1,1769,7678
394,cand_02096459,TRRLLLRRLLLRRT,TRRLLLR,mirror,1071115794,2.9900995229980105,,5.9900900361950296,0.4000000000000001,11,0.68676245,1,1767,7629
395,cand_00371344,FKFGRFRRFRGFKF,FKFGRFR,mirror,282285694,2.989786557468041,,5.989464105135091,0.7000000000000001,13,0.637716,1,1767,7589
396,cand_01876245,RRRLLLGGLLLRRR,RRRLLLG,mirror,943115785,2.9900995229980105,,5.9900900361950296,0.3571428571428571,13,0.7682767,1,1766,7672
397,cand_02077382,TLLRRRLLRRRLLT,TLLRRRL,mirror,1054357889,2.9900995229980105,,5.9900900361950296,0.3999999999999999,11,0.744027,1,1766,7637
398,cand_01257105,LRLGLRRLRLGLRR,LRLGLRR,repeat,622283894,2.9900995229980105,,5.9900900361950296,0.3571428571428572,13,0.72334445,1,1766,7592
399,cand_01634754,QRVVKKVVKKVVRQ,QRVVKKV,mirror,879659377,2.989473591938072,,5.988838174075152,0.457142857142857,11,0.79191905,1,1765,7657
400,cand_02138317,VFRRFLRRLFRRFV,VFRRFLR,mirror,1103153794,2.9900995229980105,,5.9900900361950296,-0.0142857142857142,13,0.7562898,1,1765,7531
401,cand_01234157,LLRLKRVLLRLKRV,LLRLKRV,repeat,607115497,2.989786557468041,,5.989464105135091,-0.3857142857142855,13,0.71997523,1,1765,7609
402,cand_01872988,RRLLGRLRRLLGRL,RRLLGRL,repeat,942314289,2.9900995229980105,,5.9900900361950296,0.3571428571428572,13,0.64493877,1,1765,7616
403,cand_01474551,PFLLRRFFRRLLFP,PFLLRRF,mirror,782317884,1.9901026852656707,,3.9900963607303503,-0.3714285714285713,11,0.64181095,1,1765,7611
404,cand_01234546,LLRRGRLLRGRRLL,LLRRGRL,mirror,607154289,2.9900995229980105,,5.9900900361950296,0.3571428571428572,13,0.6303644,1,1764,7595
405,cand_01871503,RRLGLRLRRLGLRL,RRLGLRL,repeat,942283889,2.9900995229980105,,5.9900900361950296,0.3571428571428572,13,0.7411395,1,1763,7537
406,cand_01857117,RRFVKFFRRFVKFF,RRFVKFF,repeat,941579284,2.989786557468041,,5.989464105135091,0.0428571428571429,13,0.69676703,1,1763,7579
407,cand_01617662,QLRRLVRRVLRRLQ,QLRRLVR,mirror,863155954,2.9900995229980105,,5.9900900361950296,0.7428571428571428,11,0.7032664,1,1762,7617
408,cand_01266422,LRVLRLRLRVLRLR,LRVLRLR,repeat,623597794,2.9900995229980105,,5.9900900361950296,-0.2999999999999999,13,0.68318,1,1762,7575
409,cand_02206515,VLKRLLRRLLRKLV,VLKRLLR,mirror,1118195794,2.989786557468041,,5.989464105135091,-0.3857142857142856,13,0.76199293,1,1761,7614
410,cand_01258560,LRLRFLRLRLRFLR,LRLRFLR,repeat,622353794,2.9900995229980105,,5.9900900361950296,-0.0999999999999999,13,0.74881274,1,1761,7517
411,cand_01234852,LLRRRVVLLRRRVV,LLRRRVV,repeat,607157957,2.9900995229980105,,5.9900900361950296,-0.3571428571428571,13,0.7076443,1,1761,7623
412,cand_01509438,PKLFRRFFRRFLKP,PKLFRRF,mirror,795077884,2.989786557468041,,5.989464105135091,0.7285714285714285,11,0.6845161,1,1761,7800
413,cand_00329623,FFRVRLRFFRVRLR,FFRVRLR,repeat,271181794,2.9900995229980105,,5.9900900361950296,-0.0142857142857142,13,0.6467717,1,1761,7562
414,cand_01908821,RVRVRLLRVRVRLL,RVRVRLL,repeat,952781789,2.9900995229980105,,5.9900900361950296,-0.3571428571428571,13,0.6440132,1,1761,7600
415,cand_00627465,GRLLRLRRLRLLRG,GRLLRLR,mirror,366317794,2.9900995229980105,,5.9900900361950296,0.3571428571428572,13,0.7138605,1,1759,7484
416,cand_01519984,PLIRRRLLRRRILP,PLIRRRL,mirror,798037889,2.9900995229980105,,5.9900900361950296,0.4285714285714287,11,0.67770517,1,1757,7725
417,cand_02199033,VKVRIVRVKVRIVR,VKVRIVR,repeat,1116435154,2.989786557468041,,5.989464105135092,-0.5999999999999999,13,0.771837,1,1756,7695
418,cand_01254942,LRKLRLLLLRLKRL,LRKLRLL,mirror,622157789,2.989786557468041,,5.989464105135091,-0.3285714285714284,13,0.64798105,1,1755,7737
419,cand_01529860,PRFIFKRRKFIFRP,PRFIFKR,mirror,813497774,2.989786557468041,,5.989464105135091,0.6285714285714287,11,0.71046716,1,1754,7558
420,cand_01258378,LRLLRRLLRLLRRL,LRLLRRL,repeat,622317889,2.9900995229980105,,5.9900900361950296,-0.2428571428571427,13,0.7389639,1,1752,7509
421,cand_01838211,RLLLRKLLKRLLLR,RLLLRKL,mirror,926317769,2.989786557468041,,5.989464105135092,-0.3285714285714284,13,0.6557056,1,1751,7650
422,cand_01192365,LIRRIRVVRIRRIL,LIRRIRV,mirror,600755097,2.9900995229980105,,5.9900900361950296,-0.5000000000000001,13,0.64937514,1,1751,7630
423,cand_00857140,IRRLLLRRLLLRRI,IRRLLLR,mirror,495115794,2.9900995229980105,,5.9900900361950296,-0.3428571428571428,13,0.6339413,1,1751,7565
424,cand_01496419,PIRRVVRRVVRRIP,PIRRVVR,mirror,792759154,2.9900995229980105,,5.9900900361950296,0.3142857142857141,11,0.7094897,1,1748,7642
425,cand_01741213,RGLLRFFRGLLRFF,RGLLRFF,repeat,913517684,1.9901026852656707,,3.9900963607303503,-0.5428571428571427,13,0.63688415,1,1748,7476
426,cand_01522649,PLLFRRLLRRFLLP,PLLFRRL,mirror,798277889,1.9901026852656707,,3.9900963607303503,-0.5142857142857141,11,0.623896,1,1748,7645
427,cand_02241678,VRVVRVRVRVVRVR,VRVVRVR,repeat,1135661954,2.9900995229980105,,5.9900900361950296,-0.4714285714285715,13,0.6297329,1,1747,7544
428,cand_01530605,PRFLKLRRLKLFRP,PRFLKLR,mirror,813515394,2.989786557468041,,5.989464105135091,0.5857142857142856,11,0.72102296,1,1745,7626
429,cand_01644815,QVVKRRVVRRKVVQ,QVVKRRV,mirror,889189897,2.989786557468041,,5.989464105135091,0.5428571428571429,11,0.6801434,1,1745,7635
430,cand_01511963,PKRFRLFFLRFRKP,PKRFRLF,mirror,795877784,2.989786557468041,,5.989464105135091,0.7285714285714286,11,0.67352545,1,1745,7540
431,cand_01258384,LRLLRVKLRLLRVK,LRLLRVK,repeat,622317948,2.989786557468041,,5.989464105135091,-0.3857142857142857,13,0.71243274,1,1744,7553
432,cand_01846845,RLVRRLLRLVRRLL,RLVRRLL,repeat,927637789,2.9900995229980105,,5.9900900361950296,-0.2999999999999999,13,0.6642675,1,1744,7640
433,cand_01175581,LGLRRLLLGLRRLL,LGLRRLL,repeat,593557789,1.9901026852656707,,3.9900963607303503,-0.8285714285714285,13,0.63618594,1,1744,7542
434,cand_01530634,PRFLLKRRKLLFRP,PRFLLKR,mirror,813515774,2.989786557468041,,5.989464105135091,0.5857142857142856,11,0.6234394,1,1743,7753
435,cand_01529567,PRFFRRLLRRFFRP,PRFFRRL,mirror,813477889,2.9900995229980105,,5.9900900361950296,0.8142857142857143,11,0.65680146,1,1742,7717
436,cand_01539961,PRLRRLFFLRRLRP,PRLRRLF,mirror,814357784,2.9900995229980105,,5.9900900361950296,0.6714285714285715,11,0.63245845,1,1741,7630
437,cand_01275416,LVLRVKRLVLRVKR,LVLRVKR,repeat,631958974,2.989786557468041,,5.989464105135091,-0.4428571428571429,13,0.6305874,1,1741,7693
438,cand_01539569,PRLLLRRRRLLLRP,PRLLLRR,mirror,814315894,2.9900995229980105,,5.9900900361950296,0.5285714285714285,11,0.7294435,1,1740,7639
439,cand_01838610,RLLRIRVRLLRIRV,RLLRIRV,repeat,926355097,2.9900995229980105,,5.9900900361950296,-0.3999999999999999,13,0.6626287,1,1738,7637
440,cand_01260338,LRRFGRLLRGFRRL,LRRFGRL,mirror,623074289,2.9900995229980105,,5.9900900361950296,0.5000000000000001,13,0.72208357,1,1736,7564
441,cand_00442562,FRRLLLRFRRLLLR,FRRLLLR,repeat,303115794,2.9900995229980105,,5.9900900361950296,-0.0999999999999999,13,0.7348665,1,1735,7636
442,cand_01709082,RFRILLRRFRILLR,RFRILLR,repeat,911099794,2.9900995229980105,,5.9900900361950296,-0.1999999999999999,13,0.7953691,1,1734,7620
443,cand_01234744,LLRRLIRRILRRLL,LLRRLIR,mirror,607155754,2.9900995229980105,,5.9900900361950296,-0.3428571428571428,13,0.64441943,1,1732,7490
444,cand_01278270,LVRRVKVLVRRVKV,LVRRVKV,repeat,632758977,2.989786557468041,,5.989464105135091,-0.5,13,0.62880725,1,1731,7617
445,cand_01233829,LLRKLLRRLLKRLL,LLRKLLR,mirror,607107794,2.989786557468041,,5.989464105135091,-0.3285714285714284,13,0.75556165,1,1729,7613
446,cand_01501505,PKFLRKFFKRLFKP,PKFLRKF,mirror,794317764,2.989473591938072,,5.988838174075152,0.642857142857143,11,0.6323389,1,1729,7491
447,cand_01262951,LRRLKLLLRRLKLL,LRRLKLL,repeat,623115389,2.989786557468041,,5.989464105135091,-0.3285714285714285,13,0.7524148,1,1727,7654
448,cand_00632606,GRRLRLLLLRLRRG,GRRLRLL,mirror,367117789,2.9900995229980105,,5.9900900361950296,0.3571428571428572,13,0.738303,1,1726,7785
449,cand_01266922,LRVRLRIIRLRVRL,LRVRLRI,mirror,623635887,2.9900995229980105,,5.9900900361950296,-0.4,13,0.62812227,1,1726,7679
450,cand_00349544,FGRRLLRRLLRRGF,FGRRLLR,mirror,274355794,2.9900995229980105,,5.9900900361950296,0.5000000000000001,13,0.7448562,1,1725,7585
451,cand_01228015,LLIRRRLLLIRRRL,LLIRRRL,repeat,606037889,2.9900995229980105,,5.9900900361950296,-0.3428571428571428,13,0.7505646,1,1724,7698
452,cand_01540684,PRRFFFKKFFFRRP,PRRFFFK,mirror,815073688,2.989786557468041,,5.989464105135092,0.8714285714285716,11,0.67365205,1,1724,7752
453,cand_01263935,LRRVIRVVRIVRRL,LRRVIRV,mirror,623179097,2.9900995229980105,,5.9900900361950296,-0.4571428571428572,13,0.6409753,1,1724,7613
454,cand_01230652,LLKRLLRRLLRKLL,LLKRLLR,mirror,606195794,2.989786557468041,,5.989464105135091,-0.3285714285714284,13,0.7085644,1,1723,7697
455,cand_01645171,QVVRRRVVRRRVVQ,QVVRRRV,mirror,889237897,2.9900995229980105,,5.9900900361950296,0.6285714285714287,11,0.62668234,1,1723,7646
456,cand_01188914,LIKRLRVVRLRKIL,LIKRLRV,mirror,599795897,2.989786557468041,,5.989464105135091,-0.4857142857142857,13,0.6740603,1,1721,7378
457,cand_01903795,RVLRRLLRVLRRLL,RVLRRLL,repeat,951957789,2.9900995229980105,,5.9900900361950296,-0.2999999999999999,13,0.63925534,1,1721,7604
458,cand_01231620,LLLRFRRLLLRFRR,LLLRFRR,repeat,606353894,2.9900995229980105,,5.9900900361950296,-0.0999999999999999,13,0.79345113,1,1720,7705
459,cand_02199261,VKVRVIRVKVRVIR,VKVRVIR,repeat,1116438954,2.989786557468041,,5.989464105135092,-0.5999999999999999,13,0.77616614,1,1720,7694
460,cand_01903868,RVLRVRLLRVRLVR,RVLRVRL,mirror,951959089,2.9900995229980105,,5.9900900361950296,-0.3571428571428571,13,0.7641694,1,1719,7573
461,cand_01710185,RFRLLRLLRLLRFR,RFRLLRL,mirror,911115889,2.9900995229980105,,5.9900900361950296,-0.0999999999999999,13,0.7662237,1,1718,7583
462,cand_01903871,RVLRVRVRVLRVRV,RVLRVRV,repeat,951959097,2.9900995229980105,,5.9900900361950296,-0.4142857142857143,13,0.7399264,1,1718,7705
463,cand_01510988,PKLRRLLLLRRLKP,PKLRRLL,mirror,795157789,2.989786557468041,,5.989464105135091,0.4428571428571429,11,0.6945755,1,1718,7578
464,cand_02233522,VRLRKLIVRLRKLI,VRLRKLI,repeat,1134355387,2.989786557468041,,5.989464105135091,-0.4857142857142856,13,0.67939556,1,1718,7663
465,cand_01872982,RRLLGRFRRLLGRF,RRLLGRF,repeat,942314284,2.9900995229980105,,5.9900900361950296,0.5000000000000001,13,0.62740153,1,1718,7482
466,cand_01156873,LFLRRRLLRRRLFL,LFLRRRL,mirror,590357889,2.9900995229980105,,5.9900900361950296,-0.0999999999999999,13,0.62709844,1,1718,7609
467,cand_01529377,PRFFFKRRKFFFRP,PRFFFKR,mirror,813473774,2.989786557468041,,5.989464105135091,0.8714285714285712,11,0.6344268,1,1717,7607
468,cand_01835734,RLKVLRLLRLVKLR,RLKVLRL,mirror,926219889,2.989786557468041,,5.989464105135091,-0.3857142857142856,13,0.71381205,1,1716,7698
469,cand_01257046,LRLGKRLLRLGKRL,LRLGKRL,repeat,622283489,2.989786557468041,,5.989464105135091,0.2714285714285715,13,0.73408115,1,1715,7678
470,cand_01870747,RRLFLLKRRLFLLK,RRLFLLK,repeat,942275788,2.989786557468041,,5.989464105135091,-0.1857142857142855,13,0.7103623,1,1715,7638
471,cand_00838485,IRFRVRLLRVRFRI,IRFRVRL,mirror,493559089,2.9900995229980105,,5.9900900361950296,-0.2571428571428571,13,0.666989,1,1713,7609
472,cand_01910994,RVVLRRVVRRLVVR,RVVLRRV,mirror,953197897,2.9900995229980105,,5.9900900361950296,-0.4142857142857143,13,0.7452983,1,1711,7552
473,cand_01826841,RLGLRRLRLGLRRL,RLGLRRL,repeat,925677889,2.9900995229980105,,5.9900900361950296,0.3571428571428572,13,0.6591282,1,1711,7810
474,cand_01159535,LFRLLRRRRLLRFL,LFRLLRR,mirror,591115894,2.9900995229980105,,5.9900900361950296,-0.0999999999999999,13,0.64251477,1,1711,7634
475,cand_02209017,VLRIRVRRVRIRLV,VLRIRVR,mirror,1119101954,2.9900995229980105,,5.9900900361950296,-0.4571428571428571,13,0.70803833,1,1709,7570
476,cand_01517704,PLFKRRLLRRKFLP,PLFKRRL,mirror,797509889,2.989786557468041,,5.989464105135091,0.585714285714286,11,0.66712517,1,1709,7598
477,cand_01615459,QLLLRRRRRRLLLQ,QLLLRRR,mirror,862317894,2.9900995229980105,,5.9900900361950296,0.7999999999999999,11,0.7196863,1,1705,7610
478,cand_01500359,PKFFRRVVRRFFKP,PKFFRRV,mirror,794277897,2.989786557468041,,5.989464105135091,0.6714285714285715,11,0.7310298,1,1704,7566
479,cand_01231572,LLLLRRRLLLLRRR,LLLLRRR,repeat,606317894,2.9900995229980105,,5.9900900361950296,-0.242857142857143,13,0.7064791,1,1704,7751
480,cand_01872976,RRLLGLRRRLLGLR,RRLLGLR,repeat,942314194,2.9900995229980105,,5.9900900361950296,0.3571428571428572,13,0.6307443,1,1704,7553
481,cand_02225446,VRILRVRRVRLIRV,VRILRVR,mirror,1133997954,2.9900995229980105,,5.9900900361950296,-0.4571428571428571,13,0.62818784,1,1704,7728
482,cand_02225894,VRIRLRVVRIRLRV,VRIRLRV,repeat,1134035897,2.9900995229980105,,5.9900900361950296,-0.4571428571428572,13,0.71289855,1,1703,7797
483,cand_01742013,RGLRRLLLLRRLGR,RGLRRLL,mirror,913557789,2.9900995229980105,,5.9900900361950296,0.3571428571428572,13,0.74055815,1,1701,7648
484,cand_01058806,KLLLRRLLRRLLLK,KLLLRRL,mirror,542317889,2.989786557468041,,5.989464105135091,-0.3285714285714285,13,0.71608955,1,1699,7706
485,cand_01838220,RLLLRLRRLLLRLR,RLLLRLR,repeat,926317794,2.9900995229980105,,5.9900900361950296,-0.2428571428571428,13,0.6446273,1,1699,7612
486,cand_00996622,KILRVRLLRVRLIK,KILRVRL,mirror,535959089,2.989786557468041,,5.989464105135091,-0.4857142857142856,13,0.7687429,1,1697,7501
487,cand_01234255,LLRLRVRLLRLRVR,LLRLRVR,repeat,607117954,2.9900995229980105,,5.9900900361950296,-0.2999999999999999,13,0.7697825,1,1696,7563
488,cand_01843366,RLRRLLGRLRRLLG,RLRRLLG,repeat,927155785,2.9900995229980105,,5.9900900361950296,0.3571428571428571,13,0.6313196,1,1696,7535
489,cand_00393895,FKRLRLLLLRLRKF,FKRLRLL,mirror,283917789,2.989786557468041,,5.989464105135091,-0.1857142857142856,13,0.7178588,1,1695,7627
490,cand_01263515,LRRRLLILRRRLLI,LRRRLLI,repeat,623155787,2.9900995229980105,,5.9900900361950296,-0.3428571428571429,13,0.6363046,1,1695,7584
491,cand_02241332,VRVRLRIVRVRLRI,VRVRLRI,repeat,1135635887,2.9900995229980105,,5.9900900361950296,-0.4571428571428571,13,0.638736,1,1694,7765
492,cand_01234775,LLRRLRVLLRRLRV,LLRRLRV,repeat,607155897,2.9900995229980105,,5.9900900361950296,-0.2999999999999999,13,0.72522765,1,1692,7699
493,cand_02233078,VRLLRIKVRLLRIK,VRLLRIK,repeat,1134317748,2.989786557468041,,5.989464105135091,-0.4857142857142856,13,0.6223667,1,1691,7483
494,cand_02210296,VLRRLFRVLRRLFR,VLRRLFR,repeat,1119155694,2.9900995229980105,,5.9900900361950296,-0.157142857142857,13,0.77566886,1,1690,7540
495,cand_01838815,RLLRRLFRLLRRLF,RLLRRLF,repeat,926357784,2.9900995229980105,,5.9900900361950296,-0.0999999999999999,13,0.64657736,1,1690,7535
496,cand_01226709,LLGLRRRLLGLRRR,LLGLRRR,repeat,605677894,2.9900995229980105,,5.9900900361950296,0.3571428571428571,13,0.7146669,1,1689,7626
497,cand_02210345,VLRRLRLLRLRRLV,VLRRLRL,mirror,1119155889,2.9900995229980105,,5.9900900361950296,-0.2999999999999999,13,0.673001,1,1689,7528
498,cand_01837888,RLLKRLLRLLKRLL,RLLKRLL,repeat,926309789,2.989786557468041,,5.989464105135091,-0.3285714285714284,13,0.6273367,1,1689,7528
499,cand_01807628,RKLLRLVVLRLLKR,RKLLRLV,mirror,923117797,2.989786557468041,,5.989464105135091,-0.3857142857142857,13,0.70066226,1,1688,7521
500,cand_01234771,LLRRLRILLRRLRI,LLRRLRI,repeat,607155887,2.9900995229980105,,5.9900900361950296,-0.3428571428571428,13,0.62885594,1,1688,7832
501,cand_01256720,LRLFRRLLRLFRRL,LRLFRRL,repeat,622277889,2.9900995229980105,,5.9900900361950296,-0.0999999999999999,13,0.71847534,1,1687,7569
502,cand_00425098,FRGLLRLLRLLGRF,FRGLLRL,mirror,301675889,1.9901026852656707,,3.9900963607303503,-0.6857142857142856,13,0.63881123,1,1686,7609
503,cand_01538259,PRLFFRRRRFFLRP,PRLFFRR,mirror,814273894,2.9900995229980105,,5.9900900361950296,0.8142857142857141,11,0.6337223,1,1685,7811
504,cand_01710243,RFRLRLFFLRLRFR,RFRLRLF,mirror,911117784,2.9900995229980105,,5.9900900361950296,0.0428571428571429,13,0.6767958,1,1684,7669
505,cand_02241341,VRVRLVRVRVRLVR,VRVRLVR,repeat,1135635954,2.9900995229980105,,5.9900900361950296,-0.4142857142857143,13,0.7498434,1,1682,7552
506,cand_01630739,QRLVRRVVRRVLRQ,QRLVRRV,mirror,878381897,2.9900995229980105,,5.9900900361950296,0.6857142857142857,11,0.736562,1,1682,7646
507,cand_00597944,GLRLLRRRRLLRLG,GLRLLRR,mirror,351115894,2.9900995229980105,,5.9900900361950296,0.3571428571428572,13,0.6851856,1,1682,7442
508,cand_01258376,LRLLRRILRLLRRI,LRLLRRI,repeat,622317887,2.9900995229980105,,5.9900900361950296,-0.3428571428571429,13,0.77109337,1,1681,7688
509,cand_01529483,PRFFKLRRLKFFRP,PRFFKLR,mirror,813475394,2.989786557468041,,5.989464105135091,0.7285714285714285,11,0.664416,1,1681,7567
510,cand_01225377,LLFRLRRLLFRLRR,LLFRLRR,repeat,605555894,2.9900995229980105,,5.9900900361950296,-0.0999999999999999,13,0.73660207,1,1679,7543
511,cand_01230184,LLKLRRLLLKLRRL,LLKLRRL,repeat,606157889,2.989786557468041,,5.989464105135092,-0.3285714285714283,13,0.7036895,1,1679,7601
512,cand_01525215,PLRLRRIIRRLRLP,PLRLRRI,mirror,799117887,2.9900995229980105,,5.9900900361950296,0.4285714285714285,11,0.6412448,1,1679,7628
513,cand_01511938,PKRFLRFFRLFRKP,PKRFLRF,mirror,795875884,2.989786557468041,,5.989464105135091,0.7285714285714286,11,0.66441435,1,1678,7584
514,cand_02420442,YLRRRLLLLRRRLY,YLRRRLL,mirror,1247157789,2.989305825219841,,5.988502640638691,0.4857142857142857,11,0.6503212,1,1677,7569
515,cand_01688621,RFFRGLRRFFRGLR,RFFRGLR,repeat,909554194,2.9900995229980105,,5.9900900361950296,0.6428571428571429,13,0.6428778,1,1677,7613
516,cand_01231816,LLLRRKILLLRRKI,LLLRRKI,repeat,606357767,2.989786557468041,,5.989464105135091,-0.4285714285714284,13,0.7009269,1,1676,7704
517,cand_01525518,PLRRLKFFKLRRLP,PLRRLKF,mirror,799155764,2.989786557468041,,5.989464105135092,0.585714285714286,11,0.62771255,1,1676,7669
518,cand_01643371,QVRKVRVVRVKRVQ,QVRKVRV,mirror,888711097,2.989786557468041,,5.989464105135091,0.5428571428571428,11,0.6305375,1,1675,7605
519,cand_02236572,VRRILRVVRLIRRV,VRRILRV,mirror,1135099897,2.9900995229980105,,5.9900900361950296,-0.4571428571428571,13,0.72363967,1,1674,7766
520,cand_02210678,VLRVRIRRIRVRLV,VLRVRIR,mirror,1119181754,2.9900995229980105,,5.9900900361950296,-0.4571428571428572,13,0.71490264,1,1674,7638
521,cand_01125104,KVRIVRVVRVIRVK,KVRIVRV,mirror,568703097,2.989786557468041,,5.989464105135091,-0.6,13,0.70374084,1,1674,7551
522,cand_01836956,RLLGLRRRRLGLLR,RLLGLRR,mirror,926283894,2.9900995229980105,,5.9900900361950296,0.3571428571428571,13,0.6275606,1,1674,7573
523,cand_01476469,PFRLLRRRRLLRFP,PFRLLRR,mirror,783115894,2.9900995229980105,,5.9900900361950296,0.6714285714285714,11,0.62253004,1,1674,7790
524,cand_01837051,RLLGRLRRLLGRLR,RLLGRLR,repeat,926285794,2.9900995229980105,,5.9900900361950296,0.3571428571428572,13,0.6253102,1,1673,7588
525,cand_01523003,PLLKLRRRRLKLLP,PLLKLRR,mirror,798307894,2.989786557468041,,5.989464105135091,0.442857142857143,11,0.8177418,1,1672,7726
526,cand_02206525,VLKRLRLLRLRKLV,VLKRLRL,mirror,1118195889,2.989786557468041,,5.989464105135091,-0.3857142857142856,13,0.7317759,1,1672,7468
527,cand_01515883,PKVRVVRRVVRVKP,PKVRVVR,mirror,796439154,2.989786557468041,,5.989464105135091,0.2714285714285713,11,0.7217058,1,1672,7719
528,cand_00828033,ILLRRRLILLRRRL,ILLRRRL,repeat,478357889,2.9900995229980105,,5.9900900361950296,-0.3428571428571428,13,0.67860967,1,1672,7582
529,cand_02225893,VRIRLRVVRLRIRV,VRIRLRV,mirror,1134035897,2.9900995229980105,,5.9900900361950296,-0.4571428571428572,13,0.6706661,1,1672,7622
530,cand_01001351,KIRVRVVKIRVRVV,KIRVRVV,repeat,536781957,2.989786557468041,,5.989464105135092,-0.6000000000000002,13,0.69761103,1,1670,7497
531,cand_02207596,VLLRRRVVLLRRRV,VLLRRRV,repeat,1118357897,2.9900995229980105,,5.9900900361950296,-0.3571428571428572,13,0.6902676,1,1670,7623
532,cand_01476467,PFRLLRKKRLLRFP,PFRLLRK,mirror,783115888,2.989786557468041,,5.989464105135092,0.5857142857142856,11,0.66497004,1,1670,7708
533,cand_01838814,RLLRRLFFLRRLLR,RLLRRLF,mirror,926357784,2.9900995229980105,,5.9900900361950296,-0.0999999999999999,13,0.6789843,1,1669,7683
534,cand_01710655,RFRRLLLLLLRRFR,RFRRLLL,mirror,911155789,2.9900995229980105,,5.9900900361950296,-0.1,13,0.67241055,1,1669,7542
535,cand_01247718,LRGRRLLLLRRGRL,LRGRRLL,mirror,621717789,2.9900995229980105,,5.9900900361950296,0.3571428571428572,13,0.6586423,1,1669,7571
536,cand_01233067,LLRGRLRRLRGRLL,LLRGRLR,mirror,607085794,2.9900995229980105,,5.9900900361950296,0.3571428571428572,13,0.62563294,1,1669,7667
537,cand_01278134,LVRRLLKKLLRRVL,LVRRLLK,mirror,632755788,2.989786557468041,,5.989464105135092,-0.3857142857142857,13,0.7388356,1,1668,7689
538,cand_01488931,PIFRRFKKFRRFIP,PIFRRFK,mirror,791157688,2.989786557468041,,5.989464105135092,0.6285714285714284,11,0.7012681,1,1668,7679
539,cand_02210201,VLRRIRIIRIRRLV,VLRRIRI,mirror,1119155087,2.9900995229980105,,5.9900900361950296,-0.5,13,0.6342338,1,1668,7651
540,cand_01213624,LKLGLRRLKLGLRR,LKLGLRR,repeat,603083894,2.989786557468041,,5.989464105135092,0.2714285714285714,13,0.6904502,1,1667,7622
541,cand_01254803,LRKLKLLLRKLKLL,LRKLKLL,repeat,622155389,2.989473591938072,,5.988838174075152,-0.4142857142857142,13,0.6631356,1,1667,7559
542,cand_01263093,LRRLRLFLRRLRLF,LRRLRLF,repeat,623117784,2.9900995229980105,,5.9900900361950296,-0.0999999999999999,13,0.69003826,1,1666,7614
543,cand_01837062,RLLGRRLLRRGLLR,RLLGRRL,mirror,926285889,2.9900995229980105,,5.9900900361950296,0.3571428571428572,13,0.75160545,1,1665,7768
544,cand_02184593,VKIRVVRVKIRVVR,VKIRVVR,repeat,1114839154,2.989786557468041,,5.989464105135092,-0.6000000000000002,13,0.77739143,1,1664,7764
545,cand_01555604,PVVRRRVVRRRVVP,PVVRRRV,mirror,825237897,2.9900995229980105,,5.9900900361950296,0.357142857142857,11,0.6598888,1,1663,7723
546,cand_01530498,PRFLFKRRKFLFRP,PRFLFKR,mirror,813513774,2.989786557468041,,5.989464105135091,0.7285714285714285,11,0.67998266,1,1662,7592
547,cand_01250800,LRIRIVRLRIRIVR,LRIRIVR,repeat,622035154,2.9900995229980105,,5.9900900361950296,-0.5,13,0.6659832,1,1662,7682
548,cand_01835199,RLKRLLLRLKRLLL,RLKRLLL,repeat,926195789,2.989786557468041,,5.989464105135091,-0.3285714285714283,13,0.661712,1,1662,7730
549,cand_01896281,RVIVKRVVRKVIVR,RVIVKRV,mirror,951659497,2.989786557468041,,5.989464105135091,-0.5999999999999999,13,0.8132947,1,1661,7610
550,cand_01495328,PIRIRRVVRRIRIP,PIRIRRV,mirror,792701897,2.9900995229980105,,5.9900900361950296,0.2714285714285714,11,0.7131997,1,1661,7550
551,cand_01277267,LVRKLLRRLLKRVL,LVRKLLR,mirror,632707794,2.989786557468041,,5.989464105135091,-0.3857142857142856,13,0.79358774,1,1660,7487
552,cand_01841161,RLRGLLRRLLGRLR,RLRGLLR,mirror,927083794,2.9900995229980105,,5.9900900361950296,0.3571428571428572,13,0.6364079,1,1660,7574
553,cand_01244694,LRGFRRLLRGFRRL,LRGFRRL,repeat,621637889,2.9900995229980105,,5.9900900361950296,0.5000000000000001,13,0.6272995,1,1660,7576
554,cand_01553777,PVRKVRVVRVKRVP,PVRKVRV,mirror,824711097,2.989786557468041,,5.989464105135091,0.2714285714285713,11,0.6849272,1,1659,7529
555,cand_01261293,LRRGLKLLRRGLKL,LRRGLKL,repeat,623083769,2.989786557468041,,5.989464105135091,0.2714285714285715,13,0.7760682,1,1658,7680
556,cand_01234770,LLRRLRIIRLRRLL,LLRRLRI,mirror,607155887,2.9900995229980105,,5.9900900361950296,-0.3428571428571428,13,0.6604043,1,1658,7653
557,cand_00411271,FLRLRFRFLRLRFR,FLRLRFR,repeat,287117694,2.9900995229980105,,5.9900900361950296,0.0428571428571429,13,0.6316907,1,1658,7662
558,cand_01266924,LRVRLRLLRLRVRL,LRVRLRL,mirror,623635889,2.9900995229980105,,5.9900900361950296,-0.2999999999999999,13,0.7068463,1,1657,7497
559,cand_01474742,PFLRLKRRKLRLFP,PFLRLKR,mirror,782355774,2.989786557468041,,5.989464105135091,0.5857142857142856,11,0.63031375,1,1656,7516
560,cand_01847141,RLVVRRVVRRVVLR,RLVVRRV,mirror,927661897,2.9900995229980105,,5.9900900361950296,-0.4142857142857143,13,0.6418226,1,1655,7614
561,cand_01473358,PFKRFRLLRFRKFP,PFKRFRL,mirror,782193889,2.989786557468041,,5.989464105135091,0.7285714285714286,11,0.7316635,1,1654,7477
562,cand_02225897,VRIRLVRRVLRIRV,VRIRLVR,mirror,1134035954,2.9900995229980105,,5.9900900361950296,-0.4571428571428572,13,0.7151945,1,1654,7678
563,cand_01219274,LKRLRLLLLRLRKL,LKRLRLL,mirror,603917789,2.989786557468041,,5.989464105135091,-0.3285714285714285,13,0.6445263,1,1652,7579
564,cand_01258377,LRLLRRLLRRLLRL,LRLLRRL,mirror,622317889,2.9900995229980105,,5.9900900361950296,-0.2428571428571427,13,0.6345369,1,1652,7897
565,cand_01066896,KLVRRLLLLRRVLK,KLVRRLL,mirror,543637789,2.989786557468041,,5.989464105135091,-0.3857142857142857,13,0.78185964,1,1651,7827
566,cand_01063223,KLRLLRVVRLLRLK,KLRLLRV,mirror,543115897,2.989786557468041,,5.989464105135091,-0.3857142857142857,13,0.72330266,1,1651,7694
567,cand_01643978,QVRRVRLLRVRRVQ,QVRRVRL,mirror,888759089,2.9900995229980105,,5.9900900361950296,0.6857142857142858,11,0.6931502,1,1649,7508
568,cand_01903877,RVLRVVRRVLRVVR,RVLRVVR,repeat,951959154,2.9900995229980105,,5.9900900361950296,-0.4142857142857143,13,0.77746904,1,1648,7593
569,cand_01524037,PLRFRRLLRRFRLP,PLRFRRL,mirror,799077889,2.9900995229980105,,5.9900900361950296,0.6714285714285716,11,0.6781969,1,1648,7665
570,cand_02241438,VRVRVIKKIVRVRV,VRVRVIK,mirror,1135638948,2.989786557468041,,5.989464105135092,-0.5999999999999999,13,0.7697454,1,1647,7593
571,cand_01822986,RLFRLFRRFLRFLR,RLFRLFR,mirror,925555694,2.9900995229980105,,5.9900900361950296,0.0428571428571429,13,0.70400023,1,1647,7538
572,cand_01230693,LLKRRFLLLKRRFL,LLKRRFL,repeat,606197689,2.989786557468041,,5.989464105135092,-0.1857142857142855,13,0.6565962,1,1647,7612
573,cand_01539425,PRLLFRFFRFLLRP,PRLLFRF,mirror,814313884,1.9901026852656707,,3.9900963607303503,-0.3714285714285714,11,0.62251115,1,1647,7568
574,cand_01263372,LRRRGLLLLGRRRL,LRRRGLL,mirror,623154189,2.9900995229980105,,5.9900900361950296,0.3571428571428572,13,0.80100614,1,1646,7720
575,cand_01250998,LRIRRLLLRIRRLL,LRIRRLL,repeat,622037789,2.9900995229980105,,5.9900900361950296,-0.3428571428571428,13,0.7498376,1,1646,7433
576,cand_02207602,VLLRRVRVLLRRVR,VLLRRVR,repeat,1118357954,2.9900995229980105,,5.9900900361950296,-0.3571428571428571,13,0.709731,1,1646,7600
577,cand_01530060,PRFIRRVVRRIFRP,PRFIRRV,mirror,813501897,2.9900995229980105,,5.9900900361950296,0.5142857142857142,11,0.6607904,1,1646,7715
578,cand_00598691,GLRRLLLLLLRRLG,GLRRLLL,mirror,351155789,1.9901026852656707,,3.9900963607303503,-0.8285714285714285,13,0.6476975,1,1646,7715
579,cand_00412306,FLRVRLRFLRVRLR,FLRVRLR,repeat,287181794,2.9900995229980105,,5.9900900361950296,-0.157142857142857,13,0.6624024,1,1645,7566
580,cand_01873673,RRLRLGLLGLRLRR,RRLRLGL,mirror,942355709,2.9900995229980105,,5.9900900361950296,0.3571428571428571,13,0.6965411,1,1644,7626
581,cand_00437697,FRLLRRLFRLLRRL,FRLLRRL,repeat,302317889,2.9900995229980105,,5.9900900361950296,-0.0999999999999999,13,0.75220037,1,1643,7554
582,cand_02099431,TRVVRIRRIRVVRT,TRVVRIR,mirror,1071661754,2.9900995229980105,,5.9900900361950296,0.1857142857142857,11,0.6668977,1,1643,7546
583,cand_01807254,RKLLFRLLRFLLKR,RKLLFRL,mirror,923113889,2.989786557468041,,5.989464105135091,-0.1857142857142855,13,0.6341471,1,1643,7569
584,cand_01643984,QVRRVVKKVVRRVQ,QVRRVVK,mirror,888759148,2.989786557468041,,5.989464105135092,0.5428571428571429,11,0.75880575,1,1642,7754
585,cand_01838676,RLLRKLVRLLRKLV,RLLRKLV,repeat,926355397,2.989786557468041,,5.989464105135091,-0.3857142857142856,13,0.7059783,1,1642,7557
586,cand_01856645,RRFRLLLRRFRLLL,RRFRLLL,repeat,941555789,2.9900995229980105,,5.9900900361950296,-0.0999999999999999,13,0.6930689,1,1642,7801
587,cand_01278010,LVRRIVRRVIRRVL,LVRRIVR,mirror,632755154,2.9900995229980105,,5.9900900361950296,-0.4571428571428571,13,0.65549827,1,1642,7515
588,cand_02211383,VLVRVKRVLVRVKR,VLVRVKR,repeat,1119638974,2.989786557468041,,5.989464105135091,-0.4999999999999999,13,0.6261317,1,1642,7658
589,cand_01258379,LRLLRRVVRRLLRL,LRLLRRV,mirror,622317897,2.9900995229980105,,5.9900900361950296,-0.2999999999999999,13,0.69274163,1,1641,7522
590,cand_01175105,LGLLRRFLGLLRRF,LGLLRRF,repeat,593517884,1.9901026852656707,,3.9900963607303503,-0.6857142857142858,13,0.6338243,1,1641,7745
591,cand_01263035,LRRLLRVLRRLLRV,LRRLLRV,repeat,623115897,2.9900995229980105,,5.9900900361950296,-0.2999999999999999,13,0.7774853,1,1640,7501
592,cand_00442519,FRRLLFRRFLLRRF,FRRLLFR,mirror,303115694,2.9900995229980105,,5.9900900361950296,0.0428571428571429,13,0.66203845,1,1639,7730
593,cand_01643925,QVRRRLLLLRRRVQ,QVRRRLL,mirror,888757789,2.9900995229980105,,5.9900900361950296,0.742857142857143,11,0.7076418,1,1638,7718
594,cand_02238609,VRRVLKVVKLVRRV,VRRVLKV,mirror,1135179777,2.989786557468041,,5.989464105135092,-0.5000000000000001,13,0.7380258,1,1637,7682
595,cand_01232559,LLRFRIRLLRFRIR,LLRFRIR,repeat,607077754,2.9900995229980105,,5.9900900361950296,-0.1999999999999999,13,0.71531284,1,1637,7497
596,cand_01523158,PLLLRLRRLRLLLP,PLLLRLR,mirror,798317794,1.9901026852656707,,3.9900963607303503,-0.6571428571428571,11,0.68428254,1,1637,7625
597,cand_00598771,GLRRRLLGLRRRLL,GLRRRLL,repeat,351157789,2.9900995229980105,,5.9900900361950296,0.3571428571428572,13,0.7480082,1,1636,7602
598,cand_01234905,LLRRVLRRLVRRLL,LLRRVLR,mirror,607158994,2.9900995229980105,,5.9900900361950296,-0.2999999999999999,13,0.7107121,1,1636,7583
599,cand_01263936,LRRVIRVLRRVIRV,LRRVIRV,repeat,623179097,2.9900995229980105,,5.9900900361950296,-0.4571428571428572,13,0.6992249,1,1636,7663
600,cand_01093053,KRLLRLGKRLLRLG,KRLLRLG,repeat,558317785,2.989786557468041,,5.989464105135092,0.2714285714285715,13,0.6709466,1,1636,7652
601,cand_01546940,PVFRRRVVRRRFVP,PVFRRRV,mirror,823157897,2.9900995229980105,,5.9900900361950296,0.557142857142857,11,0.701085,1,1635,7632
602,cand_01834676,RLKLLFRRFLLKLR,RLKLLFR,mirror,926155694,2.989786557468041,,5.989464105135091,-0.1857142857142857,13,0.6698943,1,1635,7609
603,cand_00348807,FGRLLRLLRLLRGF,FGRLLRL,mirror,274315889,1.9901026852656707,,3.9900963607303503,-0.6857142857142856,13,0.69272023,1,1634,7551
604,cand_00913896,KFFRRLFKFFRRLF,KFFRRLF,repeat,525557784,2.989786557468041,,5.989464105135092,0.1,13,0.7586491,1,1632,7597
605,cand_00411248,FLRLLRRRRLLRLF,FLRLLRR,mirror,287115894,2.9900995229980105,,5.9900900361950296,-0.0999999999999999,13,0.7278474,1,1632,7536
606,cand_01630088,QRLLLRRRRLLLRQ,QRLLLRR,mirror,878315894,2.9900995229980105,,5.9900900361950296,0.8,11,0.7515238,1,1631,7566
607,cand_01258309,LRLLLRRRRLLLRL,LRLLLRR,mirror,622315894,2.9900995229980105,,5.9900900361950296,-0.2428571428571428,13,0.67714393,1,1631,7587
608,cand_01525337,PLRRFKFFKFRRLP,PLRRFKF,mirror,799153764,2.989786557468041,,5.989464105135092,0.7285714285714286,11,0.67129314,1,1631,7710
609,cand_02094354,TRLRVRIIRVRLRT,TRLRVRI,mirror,1070359087,2.9900995229980105,,5.9900900361950296,0.2428571428571429,11,0.66911703,1,1631,7723
610,cand_01258969,LRLRRLLLRLRRLL,LRLRRLL,repeat,622357789,2.9900995229980105,,5.9900900361950296,-0.2428571428571427,13,0.7142328,1,1630,7471
611,cand_01044417,KLFRRLFKLFRRLF,KLFRRLF,repeat,541557784,2.989786557468041,,5.989464105135092,-0.0428571428571427,13,0.6439824,1,1630,7648
612,cand_00857289,IRRLVRVIRRLVRV,IRRLVRV,repeat,495119097,2.9900995229980105,,5.9900900361950296,-0.457142857142857,13,0.6316428,1,1630,7675
613,cand_02094260,TRLRLLRRLLRLRT,TRLRLLR,mirror,1070355794,2.9900995229980105,,5.9900900361950296,0.4000000000000001,11,0.6597052,1,1629,7582
614,cand_01856238,RRFLRLLLLRLFRR,RRFLRLL,mirror,941517789,2.9900995229980105,,5.9900900361950296,-0.0999999999999999,13,0.7202258,1,1628,7600
615,cand_02209594,VLRKVLRRLVKRLV,VLRKVLR,mirror,1119110994,2.989786557468041,,5.989464105135091,-0.4428571428571428,13,0.7026089,1,1628,7767
616,cand_01513258,PKRRFLLLLFRRKP,PKRRFLL,mirror,795953789,2.989786557468041,,5.989464105135091,0.5857142857142857,11,0.63363403,1,1628,7685
617,cand_01546933,PVFRRLLLLRRFVP,PVFRRLL,mirror,823157789,1.9901026852656707,,3.9900963607303503,-0.5714285714285713,11,0.6783451,1,1627,7462
618,cand_01523413,PLLRRRIIRRRLLP,PLLRRRI,mirror,798357887,2.9900995229980105,,5.9900900361950296,0.4285714285714285,11,0.6483139,1,1627,7731
619,cand_02233749,VRLRVVRVRLRVVR,VRLRVVR,repeat,1134359154,2.9900995229980105,,5.9900900361950296,-0.4142857142857143,13,0.7537379,1,1625,7568
620,cand_01246832,LRGLKRLLRGLKRL,LRGLKRL,repeat,621675489,2.989786557468041,,5.989464105135091,0.2714285714285715,13,0.757026,1,1624,7668
621,cand_01273862,LVKLRLRLVKLRLR,LVKLRLR,repeat,631757794,2.989786557468041,,5.989464105135092,-0.3857142857142856,13,0.6495961,1,1624,7565
622,cand_02230631,VRKVIVRRVIVKRV,VRKVIVR,mirror,1134219154,2.989786557468041,,5.989464105135091,-0.6000000000000002,13,0.7777198,1,1623,7587
623,cand_01835195,RLKRLLGRLKRLLG,RLKRLLG,repeat,926195785,2.989786557468041,,5.989464105135091,0.2714285714285716,13,0.80266273,1,1621,7620
624,cand_02230627,VRKVIRVVRIVKRV,VRKVIRV,mirror,1134219097,2.989786557468041,,5.989464105135091,-0.6000000000000002,13,0.7908324,1,1621,7618
625,cand_01880441,RRVLRLLRRVLRLL,RRVLRLL,repeat,943597789,2.9900995229980105,,5.9900900361950296,-0.2999999999999999,13,0.6769746,1,1621,7652
626,cand_00817774,IKRVVRVVRVVRKI,IKRVVRV,mirror,475983097,2.989786557468041,,5.989464105135091,-0.6,13,0.64617765,1,1620,7557
627,cand_01230185,LLKLRRVVRRLKLL,LLKLRRV,mirror,606157897,2.989786557468041,,5.989464105135091,-0.3857142857142857,13,0.6869107,1,1619,7638
628,cand_01544895,PRVVKVRRVKVVRP,PRVVKVR,mirror,815659554,2.989786557468041,,5.989464105135091,0.2714285714285712,11,0.73203784,1,1618,7643
629,cand_01710175,RFRLLLRRLLLRFR,RFRLLLR,mirror,911115794,2.9900995229980105,,5.9900900361950296,-0.0999999999999999,13,0.6593755,1,1618,7358
630,cand_00860743,IRVRLRVVRLRVRI,IRVRLRV,mirror,495635897,2.9900995229980105,,5.9900900361950296,-0.4571428571428572,13,0.65332186,1,1618,7607
631,cand_01160532,LFRVLRRLFRVLRR,LFRVLRR,repeat,591179894,2.9900995229980105,,5.9900900361950296,-0.157142857142857,13,0.68413824,1,1617,7679
632,cand_01264128,LRRVRIILRRVRII,LRRVRII,repeat,623181747,2.9900995229980105,,5.9900900361950296,-0.5000000000000001,13,0.6655443,1,1617,7684
633,cand_02096465,TRRLLRLLRLLRRT,TRRLLRL,mirror,1071115889,2.9900995229980105,,5.9900900361950296,0.4000000000000001,11,0.64135,1,1617,7585
634,cand_01790676,RKFLRGLLGRLFKR,RKFLRGL,mirror,922317709,2.989786557468041,,5.989464105135091,0.4142857142857145,13,0.7649585,1,1615,7697
635,cand_01485526,PGRLLLRRLLLRGP,PGRLLLR,mirror,786315794,1.9901026852656707,,3.9900963607303503,-0.057142857142857,11,0.70730865,1,1615,7531
636,cand_02211340,VLVRRIRRIRRVLV,VLVRRIR,mirror,1119637754,2.9900995229980105,,5.9900900361950296,-0.4571428571428572,13,0.7379053,1,1614,7638
637,cand_02240516,VRVKLRVVRLKVRV,VRVKLRV,mirror,1135587897,2.989786557468041,,5.989464105135091,-0.5000000000000001,13,0.7234929,1,1613,7600
638,cand_00442574,FRRLLRVFRRLLRV,FRRLLRV,repeat,303115897,2.9900995229980105,,5.9900900361950296,-0.157142857142857,13,0.7215095,1,1613,7440
639,cand_02238627,VRRVLRVVRLVRRV,VRRVLRV,mirror,1135179897,2.9900995229980105,,5.9900900361950296,-0.4142857142857144,13,0.76390904,1,1612,7732
640,cand_01126113,KVRLVRVVRVLRVK,KVRLVRV,mirror,568719097,2.989786557468041,,5.989464105135091,-0.5000000000000001,13,0.7575489,1,1612,7597
641,cand_01553783,PVRKVVRRVVKRVP,PVRKVVR,mirror,824711154,2.989786557468041,,5.989464105135091,0.2714285714285714,11,0.7260926,1,1612,7628
642,cand_02233466,VRLRIVRVRLRIVR,VRLRIVR,repeat,1134355154,2.9900995229980105,,5.9900900361950296,-0.457142857142857,13,0.6599979,1,1612,7707
643,cand_02226022,VRIRVRLVRIRVRL,VRIRVRL,repeat,1134039089,2.9900995229980105,,5.9900900361950296,-0.4571428571428572,13,0.6475793,1,1612,7637
644,cand_01634851,QRVVRRVVRRVVRQ,QRVVRRV,mirror,879661897,2.9900995229980105,,5.9900900361950296,0.6285714285714284,11,0.7856239,1,1611,7552
645,cand_01524550,PLRIRRLLRRIRLP,PLRIRRL,mirror,799101889,2.9900995229980105,,5.9900900361950296,0.4285714285714287,11,0.7216537,1,1610,7555
646,cand_01160163,LFRRLRLLRLRRFL,LFRRLRL,mirror,591155889,2.9900995229980105,,5.9900900361950296,-0.0999999999999999,13,0.6946948,1,1610,7523
647,cand_01701403,RFKLLRLLRLLKFR,RFKLLRL,mirror,910155889,2.989786557468041,,5.989464105135091,-0.1857142857142856,13,0.64230984,1,1610,7568
648,cand_01896331,RVIVRKVVKRVIVR,RVIVRKV,mirror,951661777,2.989786557468041,,5.989464105135092,-0.5999999999999999,13,0.81200325,1,1609,7359
649,cand_02241305,VRVRLIRRILRVRV,VRVRLIR,mirror,1135635754,2.9900995229980105,,5.9900900361950296,-0.4571428571428572,13,0.74943155,1,1609,7595
650,cand_02209313,VLRKIIRRIIKRLV,VLRKIIR,mirror,1119106954,2.989786557468041,,5.989464105135091,-0.5857142857142856,13,0.64144856,1,1609,7416
651,cand_01242635,LRFLRLRRLRLFRL,LRFLRLR,mirror,621517794,2.9900995229980105,,5.9900900361950296,-0.0999999999999999,13,0.67063725,1,1608,7728
652,cand_01896154,RVIRVVKRVIRVVK,RVIRVVK,repeat,951639148,2.989786557468041,,5.989464105135091,-0.6,13,0.77563095,1,1607,7574
653,cand_01881387,RRVVLLRRRVVLLR,RRVVLLR,repeat,943659794,2.9900995229980105,,5.9900900361950296,-0.3571428571428571,13,0.76161504,1,1607,7661
654,cand_01192847,LIRVRRVLIRVRRV,LIRVRRV,repeat,600781897,2.9900995229980105,,5.9900900361950296,-0.4571428571428571,13,0.6740276,1,1607,7690
655,cand_01001404,KIRVVRVVRVVRIK,KIRVVRV,mirror,536783097,2.989786557468041,,5.989464105135091,-0.6,13,0.6404537,1,1607,7516
656,cand_01179838,LGRRRLLLGRRRLL,LGRRRLL,repeat,594357789,2.9900995229980105,,5.9900900361950296,0.3571428571428572,13,0.6978797,1,1606,7563
657,cand_01225453,LLFRRRVLLFRRRV,LLFRRRV,repeat,605557897,2.9900995229980105,,5.9900900361950296,-0.1571428571428571,13,0.6818667,1,1606,7768
658,cand_01908818,RVRVRLIILRVRVR,RVRVRLI,mirror,952781787,2.9900995229980105,,5.9900900361950296,-0.457142857142857,13,0.68266857,1,1605,7516
659,cand_01533619,PRIFRFRRFRFIRP,PRIFRFR,mirror,813957694,2.9900995229980105,,5.9900900361950296,0.7142857142857142,11,0.7093382,1,1603,7595
660,cand_02250977,VVRKIVRVVRKIVR,VVRKIVR,repeat,1144707154,2.989786557468041,,5.989464105135091,-0.5999999999999999,13,0.81978846,1,1602,7675
661,cand_01266062,LRVKLVRLRVKLVR,LRVKLVR,repeat,623587954,2.989786557468041,,5.989464105135091,-0.4428571428571428,13,0.7006396,1,1602,7609
662,cand_02210333,VLRRLLKKLLRRLV,VLRRLLK,mirror,1119155788,2.989786557468041,,5.989464105135092,-0.3857142857142857,13,0.6279075,1,1602,7841
663,cand_01876105,RRRLGLLLLGLRRR,RRRLGLL,mirror,943114189,2.9900995229980105,,5.9900900361950296,0.3571428571428571,13,0.75601864,1,1601,7494
664,cand_01234197,LLRLRFRLLRLRFR,LLRLRFR,repeat,607117694,2.9900995229980105,,5.9900900361950296,-0.0999999999999999,13,0.72730577,1,1601,7475
665,cand_01278283,LVRRVRIIRVRRVL,LVRRVRI,mirror,632759087,2.9900995229980105,,5.9900900361950296,-0.4571428571428571,13,0.709721,1,1601,7578
666,cand_01510080,PKLKFKLLKFKLKP,PKLKFKL,mirror,795105769,2.9891606264081023,,5.988212243015213,0.4142857142857142,11,0.6246968,1,1601,7497
667,cand_02237586,VRRLLKLLKLLRRV,VRRLLKL,mirror,1135115769,2.989786557468041,,5.989464105135092,-0.3857142857142857,13,0.6969692,1,1600,7676
668,cand_01265581,LRVIRLRRLRIVRL,LRVIRLR,mirror,623581794,2.9900995229980105,,5.9900900361950296,-0.3999999999999999,13,0.6719734,1,1600,7575
669,cand_00838695,IRFVRFRRFRVFRI,IRFVRFR,mirror,493581694,2.9900995229980105,,5.9900900361950296,-0.1142857142857143,13,0.637266,1,1600,7629
670,cand_02251987,VVRRRLVVVRRRLV,VVRRRLV,repeat,1144757797,2.9900995229980105,,5.9900900361950296,-0.4142857142857143,13,0.6262414,1,1600,7646
671,cand_01192639,LIRRVRVLIRRVRV,LIRRVRV,repeat,600759097,2.9900995229980105,,5.9900900361950296,-0.4571428571428572,13,0.7389982,1,1599,7644
672,cand_01264216,LRRVVRLLRRVVRL,LRRVVRL,repeat,623183089,2.9900995229980105,,5.9900900361950296,-0.3571428571428571,13,0.704361,1,1598,7548
673,cand_02207311,VLLKRVRVLLKRVR,VLLKRVR,repeat,1118309954,2.989786557468041,,5.989464105135092,-0.442857142857143,13,0.65149057,1,1598,7532
674,cand_02067342,TKRLLLRRLLLRKT,TKRLLLR,mirror,1051915794,2.989786557468041,,5.989464105135091,0.3142857142857143,11,0.6995551,1,1597,7690
675,cand_01525210,PLRLRLLLLRLRLP,PLRLRLL,mirror,799117789,1.9901026852656707,,3.9900963607303503,-0.6571428571428573,11,0.68865246,1,1597,7522
676,cand_01542293,PRRVFFRRFFVRRP,PRRVFFR,mirror,815177694,2.9900995229980105,,5.9900900361950296,0.7571428571428571,11,0.6704154,1,1597,7641
677,cand_01903875,RVLRVVKRVLRVVK,RVLRVVK,repeat,951959148,2.989786557468041,,5.989464105135091,-0.5,13,0.75035465,1,1596,7483
678,cand_01539740,PRLRFKFFKFRLRP,PRLRFKF,mirror,814353764,2.989786557468041,,5.989464105135092,0.7285714285714285,11,0.6660811,1,1596,7721
679,cand_01904090,RVLVRRLLRRVLVR,RVLVRRL,mirror,951981889,2.9900995229980105,,5.9900900361950296,-0.3571428571428571,13,0.75505507,1,1595,7710
680,cand_01258971,LRLRRLVLRLRRLV,LRLRRLV,repeat,622357797,2.9900995229980105,,5.9900900361950296,-0.2999999999999999,13,0.7283255,1,1595,7568
681,cand_01551041,PVKRVRVVRVRKVP,PVKRVRV,mirror,823799097,2.989786557468041,,5.989464105135091,0.2714285714285713,11,0.7170137,1,1595,7613
682,cand_01634608,QRVRVVKKVVRVRQ,QRVRVVK,mirror,879639148,2.989786557468041,,5.989464105135092,0.5428571428571428,11,0.6284778,1,1595,7664
683,cand_01165497,LGFRRRLLGFRRRL,LGFRRRL,repeat,592757889,2.9900995229980105,,5.9900900361950296,0.5000000000000001,13,0.7131681,1,1594,7630
684,cand_01263033,LRRLLRLLRRLLRL,LRRLLRL,repeat,623115889,2.9900995229980105,,5.9900900361950296,-0.2428571428571427,13,0.63365483,1,1594,7589
685,cand_01256709,LRLFRLRRLRFLRL,LRLFRLR,mirror,622277794,2.9900995229980105,,5.9900900361950296,-0.0999999999999999,13,0.76157147,1,1593,7602
686,cand_00870079,IVRKVRVVRVKRVI,IVRKVRV,mirror,504711097,2.989786557468041,,5.989464105135091,-0.6000000000000002,13,0.7272442,1,1593,7660
687,cand_01838128,RLLLKLRRLLLKLR,RLLLKLR,repeat,926315394,2.989786557468041,,5.989464105135091,-0.3285714285714284,13,0.64406174,1,1593,7676
688,cand_01907810,RVRLRVLLVRLRVR,RVRLRVL,mirror,952717949,2.9900995229980105,,5.9900900361950296,-0.3571428571428571,13,0.69132924,1,1592,7535
689,cand_01257493,LRLIRRVLRLIRRV,LRLIRRV,repeat,622301897,2.9900995229980105,,5.9900900361950296,-0.4,13,0.6539934,1,1592,7597
690,cand_01235905,LLVRRLRLLVRRLR,LLVRRLR,repeat,607637794,2.9900995229980105,,5.9900900361950296,-0.2999999999999999,13,0.72357374,1,1591,7708
691,cand_01278006,LVRRIRVVRIRRVL,LVRRIRV,mirror,632755097,2.9900995229980105,,5.9900900361950296,-0.4571428571428572,13,0.7081417,1,1591,7515
692,cand_01155498,LFKRRLLLFKRRLL,LFKRRLL,repeat,590197789,2.989786557468041,,5.989464105135092,-0.1857142857142855,13,0.70658106,1,1591,7596
693,cand_01843850,RLRVKLLLLKVRLR,RLRVKLL,mirror,927179389,2.989786557468041,,5.989464105135092,-0.3857142857142858,13,0.7341506,1,1590,7504
694,cand_01873698,RRLRLLLRRLRLLL,RRLRLLL,repeat,942355789,2.9900995229980105,,5.9900900361950296,-0.2428571428571428,13,0.6270566,1,1590,7735
695,cand_01541374,PRRIIFRRFIIRRP,PRRIIFR,mirror,815098894,2.9900995229980105,,5.9900900361950296,0.4714285714285714,11,0.66097397,1,1589,7522
696,cand_01531014,PRFRRLFFLRRFRP,PRFRRLF,mirror,813557784,2.9900995229980105,,5.9900900361950296,0.8142857142857143,11,0.64198726,1,1589,7578
697,cand_02218417,VRFRRLVVRFRRLV,VRFRRLV,repeat,1133557797,2.9900995229980105,,5.9900900361950296,-0.2142857142857142,13,0.6722506,1,1588,7823
698,cand_01638588,QVIRRKVVKRRIVQ,QVIRRKV,mirror,887637777,2.989786557468041,,5.989464105135092,0.4999999999999999,11,0.65633327,1,1588,7622
699,cand_01115139,KVIVRRVVRRVIVK,KVIVRRV,mirror,567661897,2.989786557468041,,5.989464105135091,-0.6,13,0.78931105,1,1587,7542
700,cand_01554453,PVRRVVRRVVRRVP,PVRRVVR,mirror,824759154,2.9900995229980105,,5.9900900361950296,0.3571428571428571,11,0.7624821,1,1587,7717
701,cand_01226524,LLGKRLRLLGKRLR,LLGKRLR,repeat,605669794,2.989786557468041,,5.989464105135092,0.2714285714285715,13,0.718089,1,1587,7728
702,cand_01693427,RFGRLLRRFGRLLR,RFGRLLR,repeat,909715794,2.9900995229980105,,5.9900900361950296,0.5000000000000001,13,0.67067814,1,1587,7516
703,cand_01234632,LLRRIVRRVIRRLL,LLRRIVR,mirror,607155154,2.9900995229980105,,5.9900900361950296,-0.3999999999999999,13,0.6424726,1,1587,7805
704,cand_01540700,PRRFFIRRIFFRRP,PRRFFIR,mirror,815073754,2.9900995229980105,,5.9900900361950296,0.7142857142857143,11,0.6962593,1,1586,7691
705,cand_01774024,RILRVRVVRVRLIR,RILRVRV,mirror,919959097,2.9900995229980105,,5.9900900361950296,-0.4571428571428573,13,0.6952534,1,1586,7484
706,cand_01846287,RLVLRRVVRRLVLR,RLVLRRV,mirror,927597897,2.9900995229980105,,5.9900900361950296,-0.3571428571428571,13,0.6867262,1,1586,7754
707,cand_00411824,FLRRLFRRFLRRLF,FLRRLFR,mirror,287155694,2.9900995229980105,,5.9900900361950296,0.0428571428571429,13,0.65778965,1,1586,7462
708,cand_01876106,RRRLGLLRRRLGLL,RRRLGLL,repeat,943114189,2.9900995229980105,,5.9900900361950296,0.3571428571428572,13,0.82193726,1,1585,7666
709,cand_01618911,QLVRRRVVRRRVLQ,QLVRRRV,mirror,863637897,2.9900995229980105,,5.9900900361950296,0.6857142857142856,11,0.66112185,1,1584,7789
710,cand_01227954,LLIRLRRRRLRILL,LLIRLRR,mirror,606035894,2.9900995229980105,,5.9900900361950296,-0.3428571428571428,13,0.74897027,1,1583,7528
711,cand_01873281,RRLLRLVVLRLLRR,RRLLRLV,mirror,942317797,2.9900995229980105,,5.9900900361950296,-0.2999999999999999,13,0.7298205,1,1583,7616
712,cand_01826828,RLGLRLRRLRLGLR,RLGLRLR,mirror,925677794,2.9900995229980105,,5.9900900361950296,0.3571428571428572,13,0.681436,1,1583,7563
713,cand_02216008,VRFFRRLLRRFFRV,VRFFRRL,mirror,1133477889,2.9900995229980105,,5.9900900361950296,-0.0142857142857142,13,0.6743394,1,1583,7634
714,cand_01843358,RLRRLILRLRRLIL,RLRRLIL,repeat,927155749,2.9900995229980105,,5.9900900361950296,-0.3428571428571429,13,0.6521766,1,1583,7745
715,cand_01231837,LLLRRRVVRRRLLL,LLLRRRV,mirror,606357897,2.9900995229980105,,5.9900900361950296,-0.2999999999999999,13,0.78126687,1,1582,7616
716,cand_01505981,PKIRIIRRIIRIKP,PKIRIIR,mirror,794834954,2.989786557468041,,5.989464105135091,0.1428571428571428,11,0.66926956,1,1582,7603
717,cand_01258380,LRLLRRVLRLLRRV,LRLLRRV,repeat,622317897,2.9900995229980105,,5.9900900361950296,-0.3,13,0.7805276,1,1581,7750
718,cand_01537327,PRKLRFFFFRLKRP,PRKLRFF,mirror,814157684,2.989786557468041,,5.989464105135091,0.7285714285714285,11,0.68012434,1,1581,7728
719,cand_02369237,YFLLRRRRRRLLFY,YFLLRRR,mirror,1230317894,2.989305825219841,,5.988502640638691,0.6285714285714283,11,0.6889119,1,1580,7547
720,cand_01263310,LRRRFLLLLFRRRL,LRRRFLL,mirror,623153789,2.9900995229980105,,5.9900900361950296,-0.1,13,0.66899514,1,1580,7653
721,cand_01234836,LLRRRLIILRRRLL,LLRRRLI,mirror,607157787,2.9900995229980105,,5.9900900361950296,-0.3428571428571428,13,0.6412817,1,1580,7516
722,cand_01063215,KLRLLRFFRLLRLK,KLRLLRF,mirror,543115884,2.989786557468041,,5.989464105135091,-0.1857142857142856,13,0.65855074,1,1579,7634
723,cand_01903870,RVLRVRVVRVRLVR,RVLRVRV,mirror,951959097,2.9900995229980105,,5.9900900361950296,-0.4142857142857143,13,0.76609683,1,1578,7651
724,cand_01275390,LVLRRLKLVLRRLK,LVLRRLK,repeat,631957788,2.989786557468041,,5.989464105135091,-0.3857142857142857,13,0.7596623,1,1578,7503
725,cand_01159609,LFRLRRLLRRLRFL,LFRLRRL,mirror,591117889,2.9900995229980105,,5.9900900361950296,-0.0999999999999999,13,0.6753821,1,1578,7348
726,cand_01841104,RLRGLFRRLRGLFR,RLRGLFR,repeat,927083694,2.9900995229980105,,5.9900900361950296,0.5,13,0.65286165,1,1578,7731
727,cand_01530973,PRFRLIRRILRFRP,PRFRLIR,mirror,813555754,2.9900995229980105,,5.9900900361950296,0.5714285714285714,11,0.64920753,1,1578,7663
728,cand_02079543,TLRRRLVVLRRRLT,TLRRRLV,mirror,1055157797,2.9900995229980105,,5.9900900361950296,0.3428571428571429,11,0.6435384,1,1578,7750
729,cand_01234828,LLRRRIVVIRRRLL,LLRRRIV,mirror,607157757,2.9900995229980105,,5.9900900361950296,-0.3999999999999999,13,0.69064325,1,1577,7649
730,cand_01262921,LRRLKGFLRRLKGF,LRRLKGF,repeat,623115304,2.989786557468041,,5.989464105135091,0.4142857142857144,13,0.67016006,1,1577,7782
731,cand_01906699,RVRILRLRVRILRL,RVRILRL,repeat,952699889,2.9900995229980105,,5.9900900361950296,-0.3999999999999999,13,0.6259466,1,1577,7503
732,cand_02084043,TRFIRFRRFRIFRT,TRFIRFR,mirror,1069501694,2.9900995229980105,,5.9900900361950296,0.5857142857142857,11,0.67065686,1,1576,7522
733,cand_01841239,RLRGRLLLLRGRLR,RLRGRLL,mirror,927085789,2.9900995229980105,,5.9900900361950296,0.3571428571428572,13,0.7374996,1,1575,7715
734,cand_01231571,LLLLRRRRRRLLLL,LLLLRRR,mirror,606317894,2.9900995229980105,,5.9900900361950296,-0.2428571428571428,13,0.69986296,1,1574,7718
735,cand_01777947,RIRLVRLLRVLRIR,RIRLVRL,mirror,920719089,2.9900995229980105,,5.9900900361950296,-0.3999999999999999,13,0.6526243,1,1574,7689
736,cand_01231767,LLLRLRRRRLRLLL,LLLRLRR,mirror,606355894,2.9900995229980105,,5.9900900361950296,-0.2428571428571428,13,0.633484,1,1574,7532
737,cand_01517976,PLFRKRLLRKRFLP,PLFRKRL,mirror,797555489,2.989786557468041,,5.989464105135091,0.585714285714286,11,0.64724857,1,1573,7596
738,cand_01266789,LRVRIVRLRVRIVR,LRVRIVR,repeat,623635154,2.9900995229980105,,5.9900900361950296,-0.457142857142857,13,0.70799345,1,1571,7728
739,cand_01872959,RRLLGKLLKGLLRR,RRLLGKL,mirror,942314169,2.989786557468041,,5.989464105135092,0.2714285714285714,13,0.63905,1,1570,7668
740,cand_01617654,QLRRLRLLRLRRLQ,QLRRLRL,mirror,863155889,2.9900995229980105,,5.9900900361950296,0.7999999999999999,11,0.65229106,1,1569,7547
741,cand_02079509,TLRRLRLLRLRRLT,TLRRLRL,mirror,1055155889,2.9900995229980105,,5.9900900361950296,0.4000000000000001,11,0.7309455,1,1568,7530
742,cand_00411524,FLRRFLRRLFRRLF,FLRRFLR,mirror,287153794,2.9900995229980105,,5.9900900361950296,0.0428571428571429,13,0.68608266,1,1568,7704
743,cand_01125051,KVRIRVVKVRIRVV,KVRIRVV,repeat,568701957,2.989786557468041,,5.989464105135092,-0.6000000000000002,13,0.67845744,1,1568,7726
744,cand_02210028,VLRRFRVVLRRFRV,VLRRFRV,repeat,1119153897,2.9900995229980105,,5.9900900361950296,-0.2142857142857142,13,0.65447944,1,1568,7525
745,cand_01835198,RLKRLLLLLLRKLR,RLKRLLL,mirror,926195789,2.989786557468041,,5.989464105135091,-0.3285714285714284,13,0.63786644,1,1568,7682
746,cand_01554433,PVRRVKVVKVRRVP,PVRRVKV,mirror,824758977,2.989786557468041,,5.989464105135092,0.2714285714285713,11,0.6762984,1,1567,7561
747,cand_00500745,GFRLLRLLRLLRFG,GFRLLRL,mirror,335115889,1.9901026852656707,,3.9900963607303503,-0.6857142857142857,13,0.673242,1,1567,7557
748,cand_01907799,RVRLRLLRVRLRLL,RVRLRLL,repeat,952717789,2.9900995229980105,,5.9900900361950296,-0.2999999999999999,13,0.6297308,1,1567,7563
749,cand_01842647,RLRLGLRRLGLRLR,RLRLGLR,mirror,927114194,2.9900995229980105,,5.9900900361950296,0.3571428571428572,13,0.6866654,1,1566,7632
750,cand_02233677,VRLRRVIVRLRRVI,VRLRRVI,repeat,1134357947,2.9900995229980105,,5.9900900361950296,-0.457142857142857,13,0.6635922,1,1566,7518
751,cand_02233934,VRLVRIRRIRVLRV,VRLVRIR,mirror,1134381754,2.9900995229980105,,5.9900900361950296,-0.4571428571428572,13,0.649487,1,1566,7689
752,cand_01228659,LLKFRLRLLKFRLR,LLKFRLR,repeat,606117794,2.989786557468041,,5.989464105135092,-0.1857142857142855,13,0.77553946,1,1565,7581
753,cand_01541462,PRRILFRRFLIRRP,PRRILFR,mirror,815099694,2.9900995229980105,,5.9900900361950296,0.5714285714285714,11,0.7110947,1,1565,7508
754,cand_01873068,RRLLIRVRRLLIRV,RRLLIRV,repeat,942315097,2.9900995229980105,,5.9900900361950296,-0.3999999999999999,13,0.66217613,1,1565,7707
755,cand_01277568,LVRLKRLLVRLKRL,LVRLKRL,repeat,632715489,2.989786557468041,,5.989464105135091,-0.3857142857142857,13,0.6374058,1,1565,7593
756,cand_01267036,LRVRVIRRIVRVRL,LRVRVIR,mirror,623638954,2.9900995229980105,,5.9900900361950296,-0.4571428571428571,13,0.731798,1,1564,7708
757,cand_02241470,VRVRVVKKVVRVRV,VRVRVVK,mirror,1135639148,2.989786557468041,,5.989464105135092,-0.5571428571428573,13,0.72615606,1,1564,7598
758,cand_01555519,PVVRKRVVRKRVVP,PVVRKRV,mirror,825235497,2.989786557468041,,5.989464105135091,0.2714285714285714,11,0.67253065,1,1564,7491
759,cand_01777949,RIRLVRVVRVLRIR,RIRLVRV,mirror,920719097,2.9900995229980105,,5.9900900361950296,-0.4571428571428573,13,0.66289234,1,1564,7714
760,cand_01846844,RLVRRLLLLRRVLR,RLVRRLL,mirror,927637789,2.9900995229980105,,5.9900900361950296,-0.2999999999999999,13,0.73160523,1,1563,7784
761,cand_01705916,RFLRRLFFLRRLFR,RFLRRLF,mirror,910357784,2.9900995229980105,,5.9900900361950296,0.0428571428571429,13,0.71934056,1,1563,7701
762,cand_01264065,LRRVLLRRLLVRRL,LRRVLLR,mirror,623179794,2.9900995229980105,,5.9900900361950296,-0.2999999999999999,13,0.70622116,1,1563,7597
763,cand_02191314,VKLLRVRVKLLRVR,VKLLRVR,repeat,1115117954,2.989786557468041,,5.989464105135092,-0.4428571428571428,13,0.67780656,1,1563,7662
764,cand_01263514,LRRRLLIILLRRRL,LRRRLLI,mirror,623155787,2.9900995229980105,,5.9900900361950296,-0.3428571428571431,13,0.6597987,1,1563,7578
765,cand_02229830,VRKLRLVVRKLRLV,VRKLRLV,repeat,1134157797,2.989786557468041,,5.989464105135091,-0.4428571428571429,13,0.69574815,1,1562,7566
766,cand_01529563,PRFFRLRRLRFFRP,PRFFRLR,mirror,813477794,2.9900995229980105,,5.9900900361950296,0.8142857142857141,11,0.6706846,1,1562,7639
767,cand_01888278,RVFRIFKKFIRFVR,RVFRIFK,mirror,951154888,2.989786557468041,,5.989464105135092,-0.1999999999999999,13,0.6580719,1,1562,7799
768,cand_00594512,GLLRRLKGLLRRLK,GLLRRLK,repeat,350357788,2.989786557468041,,5.989464105135091,0.2714285714285715,13,0.8013705,1,1561,7633
769,cand_01229995,LLKLFRRLLKLFRR,LLKLFRR,repeat,606153894,2.989786557468041,,5.989464105135092,-0.1857142857142855,13,0.6786472,1,1561,7479
770,cand_01551202,PVKVKVRRVKVKVP,PVKVKVR,mirror,823819554,2.989473591938072,,5.988838174075152,0.1857142857142855,11,0.6551102,1,1561,7637
771,cand_01234626,LLRRIRVVRIRRLL,LLRRIRV,mirror,607155097,2.9900995229980105,,5.9900900361950296,-0.3999999999999999,13,0.7903036,1,1559,7622
772,cand_01254866,LRKLLLRRLLLKRL,LRKLLLR,mirror,622155794,2.989786557468041,,5.989464105135091,-0.3285714285714284,13,0.7052119,1,1559,7559
773,cand_01781404,RIVRLRVVRLRVIR,RIVRLRV,mirror,921235897,2.9900995229980105,,5.9900900361950296,-0.4571428571428572,13,0.7178749,1,1558,7531
774,cand_01540867,PRRFLIRRILFRRP,PRRFLIR,mirror,815075754,2.9900995229980105,,5.9900900361950296,0.5714285714285714,11,0.6562558,1,1558,7696
775,cand_01258665,LRLRGLRRLGRLRL,LRLRGLR,mirror,622354194,2.9900995229980105,,5.9900900361950296,0.3571428571428572,13,0.7014021,1,1557,7540
776,cand_01843163,RLRRFLLLLFRRLR,RLRRFLL,mirror,927153789,2.9900995229980105,,5.9900900361950296,-0.1,13,0.66012776,1,1557,7572
777,cand_01501905,PKFRVRFFRVRFKP,PKFRVRF,mirror,794359084,2.989786557468041,,5.989464105135091,0.6714285714285715,11,0.6507207,1,1557,7510
778,cand_01814706,RKVLRLLLLRLVKR,RKVLRLL,mirror,924397789,2.989786557468041,,5.989464105135091,-0.3857142857142855,13,0.78235394,1,1556,7886
779,cand_01234023,LLRLFKRLLRLFKR,LLRLFKR,repeat,607113774,2.989786557468041,,5.989464105135091,-0.1857142857142857,13,0.7466484,1,1556,7710
780,cand_01534067,PRIIKIRRIKIIRP,PRIIKIR,mirror,813979354,2.989786557468041,,5.989464105135091,0.1428571428571428,11,0.6503452,1,1556,7663
781,cand_01906700,RVRILRVVRLIRVR,RVRILRV,mirror,952699897,2.9900995229980105,,5.9900900361950296,-0.457142857142857,13,0.6653271,1,1555,7719
782,cand_01266755,LRVRIIRLRVRIIR,LRVRIIR,repeat,623634954,2.9900995229980105,,5.9900900361950296,-0.5,13,0.65253574,1,1555,7566
783,cand_01471893,PFKFFRRRRFFKFP,PFKFFRR,mirror,782113894,2.989786557468041,,5.989464105135091,0.8714285714285716,11,0.6281422,1,1555,7637
784,cand_01275420,LVLRVRKLVLRVRK,LVLRVRK,repeat,631959088,2.989786557468041,,5.989464105135091,-0.4428571428571429,13,0.73888296,1,1554,7596
785,cand_01510541,PKLLKRLLRKLLKP,PKLLKRL,mirror,795115489,2.989473591938072,,5.988838174075152,0.3571428571428572,11,0.6261189,1,1554,7581
786,cand_01495459,PIRKFRIIRFKRIP,PIRKFRI,mirror,792705887,2.989786557468041,,5.989464105135091,0.3857142857142857,11,0.65722644,1,1553,7601
787,cand_00457793,FVRFRKFFVRFRKF,FVRFRKF,repeat,312677764,2.989786557468041,,5.989464105135091,0.0428571428571429,13,0.62487704,1,1553,7601
788,cand_01189865,LILRRKLLILRRKL,LILRRKL,repeat,599957769,2.989786557468041,,5.989464105135091,-0.4285714285714287,13,0.62324387,1,1553,7487
789,cand_01151258,LFGRRRLLFGRRRL,LFGRRRL,repeat,589717889,2.9900995229980105,,5.9900900361950296,0.5000000000000001,13,0.73316723,1,1552,7548
790,cand_01626212,QRIRLRVVRLRIRQ,QRIRLRV,mirror,878035897,2.9900995229980105,,5.9900900361950296,0.6428571428571429,11,0.69498736,1,1552,7484
791,cand_01234914,LLRRVRILLRRVRI,LLRRVRI,repeat,607159087,2.9900995229980105,,5.9900900361950296,-0.3999999999999999,13,0.76414454,1,1551,7572
792,cand_01234237,LLRLRLRLLRLRLR,LLRLRLR,repeat,607117794,2.9900995229980105,,5.9900900361950296,-0.2428571428571427,13,0.73821783,1,1551,7624
793,cand_01539562,PRLLLLRRLLLLRP,PRLLLLR,mirror,814315794,1.9901026852656707,,3.9900963607303503,-0.6571428571428573,11,0.6737678,1,1551,7751
794,cand_01126048,KVRLRLVKVRLRLV,KVRLRLV,repeat,568717797,2.989786557468041,,5.989464105135092,-0.4428571428571429,13,0.62391335,1,1550,7566
795,cand_01873256,RRLLRGLRRLLRGL,RRLLRGL,repeat,942317709,2.9900995229980105,,5.9900900361950296,0.3571428571428572,13,0.6295899,1,1549,7659
796,cand_01469576,PFFRRRLLRRRFFP,PFFRRRL,mirror,781557889,2.9900995229980105,,5.9900900361950296,0.8142857142857143,11,0.6631711,1,1548,7583
797,cand_02248397,VVKRRIVVIRRKVV,VVKRRIV,mirror,1143797757,2.989786557468041,,5.989464105135091,-0.6000000000000002,13,0.6493963,1,1547,7707
798,cand_01846768,RLVRLLRRLLRVLR,RLVRLLR,mirror,927635794,2.9900995229980105,,5.9900900361950296,-0.2999999999999999,13,0.6291268,1,1547,7624
799,cand_00442542,FRRLLIRFRRLLIR,FRRLLIR,repeat,303115754,2.9900995229980105,,5.9900900361950296,-0.1999999999999999,13,0.6244345,1,1546,7619
800,cand_01223177,LKVVVRRLKVVVRR,LKVVVRR,repeat,604463094,2.989786557468041,,5.989464105135092,-0.5,13,0.7503858,1,1545,7477
801,cand_02030632,TFRRRLLLLRRRFT,TFRRRLL,mirror,1039157789,2.9900995229980105,,5.9900900361950296,0.5428571428571429,11,0.71160996,1,1545,7591
802,cand_01896356,RVIVVKRRVIVVKR,RVIVVKR,repeat,951662974,2.989786557468041,,5.989464105135091,-0.5999999999999998,13,0.67751485,1,1545,7537
803,cand_01536011,PRKFIFRRFIFKRP,PRKFIFR,mirror,814114894,2.989786557468041,,5.989464105135091,0.6285714285714284,11,0.6520789,1,1545,7701
804,cand_01776797,RIRILRVVRLIRIR,RIRILRV,mirror,920699897,2.9900995229980105,,5.9900900361950296,-0.5,13,0.6313462,1,1545,7649
805,cand_01232394,LLRFGRLLRGFRLL,LLRFGRL,mirror,607074289,1.9901026852656707,,3.9900963607303503,-0.6857142857142856,13,0.6260841,1,1545,7660
806,cand_02210727,VLRVVRRVLRVVRR,VLRVVRR,repeat,1119183094,2.9900995229980105,,5.9900900361950296,-0.4142857142857143,13,0.7668009,1,1544,7522
807,cand_01542588,PRRVVKVVKVVRRP,PRRVVKV,mirror,815182977,2.989786557468041,,5.989464105135092,0.2714285714285712,11,0.7102879,1,1544,7574
808,cand_01822880,RLFRIRFFRIRFLR,RLFRIRF,mirror,925555084,2.9900995229980105,,5.9900900361950296,-0.057142857142857,13,0.63829046,1,1544,7592
809,cand_02236687,VRRIVKVVRRIVKV,VRRIVKV,repeat,1135102977,2.989786557468041,,5.989464105135091,-0.6000000000000002,13,0.7755826,1,1543,7579
810,cand_01842879,RLRLLRFFRLLRLR,RLRLLRF,mirror,927115884,2.9900995229980105,,5.9900900361950296,-0.0999999999999999,13,0.71108335,1,1543,7544
811,cand_02093928,TRLLRLRRLRLLRT,TRLLRLR,mirror,1070317794,2.9900995229980105,,5.9900900361950296,0.4,11,0.69749415,1,1543,7494
812,cand_02251204,VVRKVIRVVRKVIR,VVRKVIR,repeat,1144710954,2.989786557468041,,5.989464105135091,-0.5999999999999999,13,0.7539654,1,1542,7588
813,cand_00497226,GFLRRLLLLRRLFG,GFLRRLL,mirror,334357789,1.9901026852656707,,3.9900963607303503,-0.6857142857142856,13,0.6373432,1,1542,7569
814,cand_01277652,LVRLRRILVRLRRI,LVRLRRI,repeat,632717887,2.9900995229980105,,5.9900900361950296,-0.4000000000000001,13,0.6354891,1,1542,7666
815,cand_01234428,LLRRFLRRLFRRLL,LLRRFLR,mirror,607153794,2.9900995229980105,,5.9900900361950296,-0.0999999999999999,13,0.6737873,1,1541,7536
816,cand_02249234,VVLRKRVVVLRKRV,VVLRKRV,repeat,1143955497,2.989786557468041,,5.989464105135091,-0.4999999999999999,13,0.64665395,1,1541,7518
817,cand_01250627,LRIRFRLLRIRFRL,LRIRFRL,repeat,622033889,2.9900995229980105,,5.9900900361950296,-0.1999999999999999,13,0.7438503,1,1540,7494
818,cand_02233116,VRLLRVRVRLLRVR,VRLLRVR,repeat,1134317954,2.9900995229980105,,5.9900900361950296,-0.3571428571428571,13,0.74103993,1,1539,7757
819,cand_01580539,QGRLLRLLRLLRGQ,QGRLLRL,mirror,850315889,1.9901026852656707,,3.9900963607303503,0.2142857142857143,11,0.7278132,1,1539,7472
820,cand_01644820,QVVKRVKKVRKVVQ,QVVKRVK,mirror,889189948,2.989473591938072,,5.988838174075152,0.457142857142857,11,0.7042388,1,1539,7861
821,cand_01902401,RVLIRVRRVRILVR,RVLIRVR,mirror,951901954,2.9900995229980105,,5.9900900361950296,-0.457142857142857,13,0.69987243,1,1539,7560
822,cand_02210327,VLRRLKLLKLRRLV,VLRRLKL,mirror,1119155769,2.989786557468041,,5.989464105135092,-0.3857142857142857,13,0.6879006,1,1539,7561
823,cand_01830841,RLIRRLLRLIRRLL,RLIRRLL,repeat,926037789,2.9900995229980105,,5.9900900361950296,-0.3428571428571428,13,0.6352519,1,1539,7633
824,cand_01266432,LRVLRRLLRVLRRL,LRVLRRL,repeat,623597889,2.9900995229980105,,5.9900900361950296,-0.2999999999999999,13,0.7972342,1,1538,7718
825,cand_01278145,LVRRLRILVRRLRI,LVRRLRI,repeat,632755887,2.9900995229980105,,5.9900900361950296,-0.4,13,0.63925207,1,1538,7546
826,cand_00934731,KFRRLLLLLLRRFK,KFRRLLL,mirror,527155789,2.989786557468041,,5.989464105135091,-0.1857142857142856,13,0.76665765,1,1537,7648
827,cand_01871568,RRLGRLLLLRGLRR,RRLGRLL,mirror,942285789,2.9900995229980105,,5.9900900361950296,0.3571428571428571,13,0.7453456,1,1537,7750
828,cand_01192025,LIRLRRLLRRLRIL,LIRLRRL,mirror,600717889,2.9900995229980105,,5.9900900361950296,-0.3428571428571428,13,0.71531105,1,1537,7595
829,cand_01530911,PRFRIRFFRIRFRP,PRFRIRF,mirror,813555084,2.9900995229980105,,5.9900900361950296,0.7142857142857143,11,0.6278204,1,1537,7584
830,cand_01192353,LIRRILRRLIRRIL,LIRRILR,mirror,600754994,2.9900995229980105,,5.9900900361950296,-0.4428571428571429,13,0.6803334,1,1536,7709
831,cand_02210483,VLRRVRIVLRRVRI,VLRRVRI,repeat,1119159087,2.9900995229980105,,5.9900900361950296,-0.4571428571428571,13,0.666858,1,1536,7612
832,cand_01192026,LIRLRRLLIRLRRL,LIRLRRL,repeat,600717889,2.9900995229980105,,5.9900900361950296,-0.3428571428571428,13,0.6603736,1,1536,7482
833,cand_01264130,LRRVRILLRRVRIL,LRRVRIL,repeat,623181749,2.9900995229980105,,5.9900900361950296,-0.3999999999999999,13,0.6528862,1,1536,7669
834,cand_01542027,PRRLRFFFFRLRRP,PRRLRFF,mirror,815117684,2.9900995229980105,,5.9900900361950296,0.8142857142857143,11,0.6399371,1,1536,7513
835,cand_02249310,VVLRRRLVVLRRRL,VVLRRRL,repeat,1143957889,2.9900995229980105,,5.9900900361950296,-0.3571428571428571,13,0.6289379,1,1536,7629
836,cand_01250476,LRILVRRRRVLIRL,LRILVRR,mirror,621999094,2.9900995229980105,,5.9900900361950296,-0.3999999999999999,13,0.7361122,1,1535,7577
837,cand_02210343,VLRRLRIIRLRRLV,VLRRLRI,mirror,1119155887,2.9900995229980105,,5.9900900361950296,-0.4,13,0.62793666,1,1535,7440
838,cand_01907856,RVRLVKVVKVLRVR,RVRLVKV,mirror,952718977,2.989786557468041,,5.989464105135092,-0.5,13,0.72946477,1,1534,7677
839,cand_01550221,PVKKKGFFGKKKVP,PVKKKGF,mirror,823747304,2.9891606264081023,,5.988212243015213,0.9571428571428572,11,0.64505595,1,1534,7640
840,cand_01228799,LLKGFRRLLKGFRR,LLKGFRR,repeat,606121894,2.989786557468041,,5.989464105135092,0.4142857142857143,13,0.7802931,1,1533,7622
841,cand_01003810,KIVRVRVVRVRVIK,KIVRVRV,mirror,537239097,2.989786557468041,,5.989464105135091,-0.6,13,0.6406919,1,1532,7666
842,cand_02134502,VFKVRFRVFKVRFR,VFKVRFR,repeat,1102221694,2.989786557468041,,5.989464105135092,-0.1571428571428572,13,0.62277496,1,1532,7659
843,cand_02241186,VRVRILRRLIRVRV,VRVRILR,mirror,1135634994,2.9900995229980105,,5.9900900361950296,-0.4571428571428572,13,0.68051606,1,1531,7756
844,cand_02233461,VRLRIRVVRIRLRV,VRLRIRV,mirror,1134355097,2.9900995229980105,,5.9900900361950296,-0.4571428571428572,13,0.6568395,1,1531,7461
845,cand_01263097,LRRLRLILRRLRLI,LRRLRLI,repeat,623117787,2.9900995229980105,,5.9900900361950296,-0.3428571428571428,13,0.6305883,1,1531,7652
846,cand_01220353,LKRVVRVLKRVVRV,LKRVVRV,repeat,603983097,2.989786557468041,,5.989464105135092,-0.5000000000000001,13,0.7501484,1,1530,7834
847,cand_02226025,VRIRVVKKVVRIRV,VRIRVVK,mirror,1134039148,2.989786557468041,,5.989464105135092,-0.6000000000000002,13,0.7724686,1,1529,7633
848,cand_01266992,LRVRRLVVLRRVRL,LRVRRLV,mirror,623637797,2.9900995229980105,,5.9900900361950296,-0.3571428571428571,13,0.67747754,1,1529,7615
849,cand_01364674,MVKRIRVVRIRKVM,MVKRIRV,mirror,695795097,2.989786557468041,,5.989464105135091,-0.2714285714285714,11,0.6633496,1,1529,7614
850,cand_01230186,LLKLRRVLLKLRRV,LLKLRRV,repeat,606157897,2.989786557468041,,5.989464105135092,-0.3857142857142857,13,0.7752259,1,1528,7778
851,cand_01840191,RLRFGRLLRGFRLR,RLRFGRL,mirror,927074289,2.9900995229980105,,5.9900900361950296,0.5000000000000001,13,0.70390046,1,1528,7636
852,cand_02251420,VVRLRIRRIRLRVV,VVRLRIR,mirror,1144717754,2.9900995229980105,,5.9900900361950296,-0.4571428571428572,13,0.6613455,1,1528,7484
853,cand_01501488,PKFLRFRRFRLFKP,PKFLRFR,mirror,794317694,2.989786557468041,,5.989464105135091,0.7285714285714286,11,0.65918595,1,1528,7728
854,cand_01837343,RLLIRRLRLLIRRL,RLLIRRL,repeat,926301889,2.9900995229980105,,5.9900900361950296,-0.3428571428571428,13,0.6268389,1,1528,7739
855,cand_01192834,LIRVRLRRLRVRIL,LIRVRLR,mirror,600781794,2.9900995229980105,,5.9900900361950296,-0.4,13,0.6769858,1,1527,7568
856,cand_01263063,LRRLRFLLRRLRFL,LRRLRFL,repeat,623117689,2.9900995229980105,,5.9900900361950296,-0.0999999999999999,13,0.6373051,1,1527,7671
857,cand_01258755,LRLRIRLLRIRLRL,LRLRIRL,mirror,622355089,2.9900995229980105,,5.9900900361950296,-0.3428571428571428,13,0.7013445,1,1526,7684
858,cand_01906775,RVRIRVLRVRIRVL,RVRIRVL,repeat,952701949,2.9900995229980105,,5.9900900361950296,-0.4571428571428572,13,0.6798022,1,1526,7548
859,cand_01906831,RVRIVRVRVRIVRV,RVRIVRV,repeat,952703097,2.9900995229980105,,5.9900900361950296,-0.5142857142857143,13,0.6871894,1,1525,7538
860,cand_01233524,LLRKFLRLLRKFLR,LLRKFLR,repeat,607105794,2.989786557468041,,5.989464105135091,-0.1857142857142855,13,0.68628895,1,1525,7559
861,cand_00830997,ILRVRRVILRVRRV,ILRVRRV,repeat,479181897,2.9900995229980105,,5.9900900361950296,-0.4571428571428571,13,0.65932477,1,1525,7547
862,cand_01189883,LILRRRLLILRRRL,LILRRRL,repeat,599957889,2.9900995229980105,,5.9900900361950296,-0.3428571428571428,13,0.6513964,1,1525,7609
863,cand_01541871,PRRLGLLLLGLRRP,PRRLGLL,mirror,815114189,1.9901026852656707,,3.9900963607303503,-0.057142857142857,11,0.738922,1,1524,7592
864,cand_01263519,LRRRLLVLRRRLLV,LRRRLLV,repeat,623155797,2.9900995229980105,,5.9900900361950296,-0.3,13,0.64842117,1,1524,7639
865,cand_01088760,KRKLGLLLLGLKRK,KRKLGLL,mirror,558154189,2.989473591938072,,5.988838174075152,0.1857142857142857,13,0.62482923,1,1523,7646
866,cand_01234624,LLRRIRLLRIRRLL,LLRRIRL,mirror,607155089,2.9900995229980105,,5.9900900361950296,-0.3428571428571428,13,0.7338794,1,1522,7511
867,cand_00870083,IVRKVVRRVVKRVI,IVRKVVR,mirror,504711154,2.989786557468041,,5.989464105135091,-0.5999999999999999,13,0.67427385,1,1522,7585
868,cand_01234887,LLRRVIRRIVRRLL,LLRRVIR,mirror,607158954,2.9900995229980105,,5.9900900361950296,-0.3999999999999999,13,0.7328164,1,1521,7607
869,cand_01488965,PIFRRRLLRRRFIP,PIFRRRL,mirror,791157889,2.9900995229980105,,5.9900900361950296,0.5714285714285715,11,0.70844656,1,1521,7642
870,cand_01535948,PRKFFRFFRFFKRP,PRKFFRF,mirror,814113884,2.989786557468041,,5.989464105135091,0.8714285714285713,11,0.63921714,1,1521,7613
871,cand_01258294,LRLLKVRLRLLKVR,LRLLKVR,repeat,622315554,2.989786557468041,,5.989464105135091,-0.3857142857142856,13,0.71300924,1,1520,7534
872,cand_01617721,QLRRVLRRLVRRLQ,QLRRVLR,mirror,863158994,2.9900995229980105,,5.9900900361950296,0.7428571428571428,11,0.6997506,1,1520,7387
873,cand_01251000,LRIRRLVLRIRRLV,LRIRRLV,repeat,622037797,2.9900995229980105,,5.9900900361950296,-0.3999999999999999,13,0.66075116,1,1520,7482
874,cand_02195714,VKRLRLVVLRLRKV,VKRLRLV,mirror,1115917797,2.989786557468041,,5.989464105135091,-0.442857142857143,13,0.65715593,1,1520,7565
875,cand_01234918,LLRRVRVLLRRVRV,LLRRVRV,repeat,607159097,2.9900995229980105,,5.9900900361950296,-0.3571428571428571,13,0.698778,1,1519,7647
876,cand_02210412,VLRRRLLVLRRRLL,VLRRRLL,repeat,1119157789,2.9900995229980105,,5.9900900361950296,-0.2999999999999999,13,0.68685716,1,1519,7650
877,cand_01896021,RVIRLRVVRLRIVR,RVIRLRV,mirror,951635897,2.9900995229980105,,5.9900900361950296,-0.4571428571428572,13,0.6584562,1,1519,7776
878,cand_01710216,RFRLRFLRFRLRFL,RFRLRFL,repeat,911117689,2.9900995229980105,,5.9900900361950296,0.0428571428571429,13,0.62317264,1,1519,7653
879,cand_01840493,RLRFRLLLLRFRLR,RLRFRLL,mirror,927077789,2.9900995229980105,,5.9900900361950296,-0.0999999999999999,13,0.748253,1,1518,7820
880,cand_01838161,RLLLLRRRRLLLLR,RLLLLRR,mirror,926315894,2.9900995229980105,,5.9900900361950296,-0.2428571428571428,13,0.6569866,1,1518,7533
881,cand_01264047,LRRVLIRRILVRRL,LRRVLIR,mirror,623179754,2.9900995229980105,,5.9900900361950296,-0.4,13,0.6330459,1,1518,7432
882,cand_01263098,LRRLRLLLLRLRRL,LRRLRLL,mirror,623117789,2.9900995229980105,,5.9900900361950296,-0.2428571428571427,13,0.62789387,1,1518,7557
883,cand_01856087,RRFLKLLRRFLKLL,RRFLKLL,repeat,941515389,2.989786557468041,,5.989464105135091,-0.1857142857142855,13,0.7175693,1,1517,7593
884,cand_01870637,RRLFKFLRRLFKFL,RRLFKFL,repeat,942275289,2.989786557468041,,5.989464105135091,-0.0428571428571427,13,0.70009255,1,1517,7664
885,cand_02233724,VRLRVKVVKVRLRV,VRLRVKV,mirror,1134358977,2.989786557468041,,5.989464105135092,-0.5000000000000001,13,0.65373856,1,1517,7700
886,cand_01251265,LRIVRLRRLRVIRL,LRIVRLR,mirror,622061794,2.9900995229980105,,5.9900900361950296,-0.3999999999999999,13,0.6497404,1,1517,7723
887,cand_01774023,RILRVRLRILRVRL,RILRVRL,repeat,919959089,2.9900995229980105,,5.9900900361950296,-0.3999999999999999,13,0.63316673,1,1517,7604
888,cand_01179116,LGRLRRLLRRLRGL,LGRLRRL,mirror,594317889,2.9900995229980105,,5.9900900361950296,0.3571428571428573,13,0.7159951,1,1516,7636
889,cand_01838156,RLLLLKRRLLLLKR,RLLLLKR,repeat,926315774,2.989786557468041,,5.989464105135091,-0.3285714285714285,13,0.70105094,1,1515,7759
890,cand_01911474,RVVRLVRRVVRLVR,RVVRLVR,repeat,953235954,2.9900995229980105,,5.9900900361950296,-0.4142857142857143,13,0.68660486,1,1515,7698
891,cand_01708386,RFRGLLLLLLGRFR,RFRGLLL,mirror,911083789,1.9901026852656707,,3.9900963607303503,-0.6857142857142856,13,0.6349418,1,1515,7674
892,cand_02210709,VLRVRRVVLRVRRV,VLRVRRV,repeat,1119181897,2.9900995229980105,,5.9900900361950296,-0.4142857142857144,13,0.73162895,1,1514,7625
893,cand_02198866,VKVRFRVVRFRVKV,VKVRFRV,mirror,1116433897,2.989786557468041,,5.989464105135091,-0.3571428571428572,13,0.7037225,1,1514,7701
894,cand_01839168,RLLVVRRRLLVVRR,RLLVVRR,repeat,926383094,2.9900995229980105,,5.9900900361950296,-0.3571428571428571,13,0.67867464,1,1513,7614
895,cand_01279038,LVVRIRRRRIRVVL,LVVRIRR,mirror,633235094,2.9900995229980105,,5.9900900361950296,-0.4571428571428572,13,0.66012615,1,1513,7649
896,cand_01122169,KVLRRLLKVLRRLL,KVLRRLL,repeat,567957789,2.989786557468041,,5.989464105135092,-0.3857142857142857,13,0.77120095,1,1512,7728
897,cand_01214768,LKLLRRFLKLLRRF,LKLLRRF,repeat,603117884,2.989786557468041,,5.989464105135092,-0.1857142857142857,13,0.8061641,1,1511,7575
898,cand_02211238,VLVRIRRRRIRVLV,VLVRIRR,mirror,1119635094,2.9900995229980105,,5.9900900361950296,-0.4571428571428572,13,0.69679046,1,1511,7453
899,cand_01231715,LLLRKIRRIKRLLL,LLLRKIR,mirror,606355354,2.989786557468041,,5.989464105135091,-0.4285714285714285,13,0.62840897,1,1511,7673
900,cand_01172542,LGKLLRRLGKLLRR,LGKLLRR,repeat,593355894,2.989786557468041,,5.989464105135092,0.2714285714285714,13,0.626733,1,1511,7632
901,cand_01555264,PVVKRVRRVRKVVP,PVVKRVR,mirror,825189954,2.989786557468041,,5.989464105135091,0.2714285714285714,11,0.6913106,1,1509,7564
902,cand_01231833,LLLRRRIIRRRLLL,LLLRRRI,mirror,606357887,2.9900995229980105,,5.9900900361950296,-0.3428571428571428,13,0.6868307,1,1509,7523
903,cand_01820619,RLFFRRFRLFFRRF,RLFFRRF,repeat,925477884,2.9900995229980105,,5.9900900361950296,0.1857142857142857,13,0.72380114,1,1507,7631
904,cand_01192501,LIRRLRLLRLRRIL,LIRRLRL,mirror,600755889,2.9900995229980105,,5.9900900361950296,-0.3428571428571428,13,0.64192027,1,1507,7650
905,cand_01475322,PFRFKRFFRKFRFP,PFRFKRF,mirror,783075484,2.989786557468041,,5.989464105135091,0.8714285714285716,11,0.6442163,1,1506,7667
906,cand_02240387,VRVKIRVVRVKIRV,VRVKIRV,repeat,1135587097,2.989786557468041,,5.989464105135091,-0.6000000000000002,13,0.7468097,1,1505,7456
907,cand_01233703,LLRKIRVVRIKRLL,LLRKIRV,mirror,607107097,2.989786557468041,,5.989464105135091,-0.4857142857142856,13,0.7252396,1,1505,7629
908,cand_02192103,VKLVRVRVKLVRVR,VKLVRVR,repeat,1115181954,2.989786557468041,,5.989464105135092,-0.5,13,0.7666236,1,1504,7591
909,cand_01266784,LRVRIRVVRIRVRL,LRVRIRV,mirror,623635097,2.9900995229980105,,5.9900900361950296,-0.4571428571428572,13,0.7271271,1,1504,7597
910,cand_01834713,RLKLLLRRLKLLLR,RLKLLLR,repeat,926155794,2.989786557468041,,5.989464105135091,-0.3285714285714284,13,0.6866279,1,1504,7703
911,cand_01496130,PIRRFRFFRFRRIP,PIRRFRF,mirror,792753884,2.9900995229980105,,5.9900900361950296,0.7142857142857143,11,0.67826194,1,1504,7654
912,cand_01555609,PVVRRVKKVRRVVP,PVVRRVK,mirror,825237948,2.989786557468041,,5.989464105135092,0.2714285714285712,11,0.8262206,1,1503,7604
913,cand_01091423,KRLGRLLKRLGRLL,KRLGRLL,repeat,558285789,2.989786557468041,,5.989464105135092,0.2714285714285716,13,0.6757331,1,1503,7638
914,cand_01263109,LRRLRVILRRLRVI,LRRLRVI,repeat,623117947,2.9900995229980105,,5.9900900361950296,-0.3999999999999999,13,0.6500688,1,1503,7568
915,cand_01554432,PVRRVKLLKVRRVP,PVRRVKL,mirror,824758969,2.989786557468041,,5.989464105135092,0.3285714285714285,11,0.6335367,1,1503,7749
916,cand_02099457,TRVVRVRRVRVVRT,TRVVRVR,mirror,1071661954,2.9900995229980105,,5.9900900361950296,0.2285714285714286,11,0.6977549,1,1502,7544
917,cand_02233600,VRLRLRIVRLRLRI,VRLRLRI,repeat,1134355887,2.9900995229980105,,5.9900900361950296,-0.3999999999999999,13,0.6288866,1,1502,7635
918,cand_01911678,RVVVIKRRVVVIKR,RVVVIKR,repeat,953258974,2.989786557468041,,5.989464105135091,-0.6,13,0.6238019,1,1502,7687
919,cand_01233805,LLRKLGRRGLKRLL,LLRKLGR,mirror,607107714,2.989786557468041,,5.989464105135091,0.2714285714285714,13,0.7419609,1,1501,7598
920,cand_01231831,LLLRRRGGRRRLLL,LLLRRRG,mirror,606357885,2.9900995229980105,,5.9900900361950296,0.3571428571428572,13,0.71506333,1,1501,7664
921,cand_01275372,LVLRRIKLVLRRIK,LVLRRIK,repeat,631957748,2.989786557468041,,5.989464105135091,-0.4857142857142856,13,0.65534997,1,1501,7582
922,cand_01523343,PLLRLFRRFLRLLP,PLLRLFR,mirror,798355694,1.9901026852656707,,3.9900963607303503,-0.5142857142857142,11,0.6474202,1,1501,7565
923,cand_01908785,RVRVRFLRVRVRFL,RVRVRFL,repeat,952781689,2.9900995229980105,,5.9900900361950296,-0.2142857142857142,13,0.7006602,1,1500,7698
924,cand_01262779,LRRLGKLLRRLGKL,LRRLGKL,repeat,623114169,2.989786557468041,,5.989464105135091,0.2714285714285714,13,0.62909067,1,1500,7554
925,cand_01278211,LVRRRLILVRRRLI,LVRRRLI,repeat,632757787,2.9900995229980105,,5.9900900361950296,-0.4,13,0.62361,1,1500,7430
926,cand_02184592,VKIRVVRRVVRIKV,VKIRVVR,mirror,1114839154,2.989786557468041,,5.989464105135091,-0.6000000000000002,13,0.80394506,1,1499,7568
927,cand_02233969,VRLVRVKVRLVRVK,VRLVRVK,repeat,1134381948,2.989786557468041,,5.989464105135091,-0.5000000000000001,13,0.77980316,1,1499,7527
928,cand_00830789,ILRRVRVILRRVRV,ILRRVRV,repeat,479159097,2.9900995229980105,,5.9900900361950296,-0.4571428571428572,13,0.6935284,1,1499,7572
929,cand_01516040,PKVVKVRRVKVVKP,PKVVKVR,mirror,796459554,2.989473591938072,,5.988838174075152,0.1857142857142855,11,0.6667791,1,1499,7496
930,cand_01838384,RLLRFGRRLLRFGR,RLLRFGR,repeat,926353714,2.9900995229980105,,5.9900900361950296,0.5,13,0.6621668,1,1499,7560
931,cand_01258114,LRLKVVRLRLKVVR,LRLKVVR,repeat,622311154,2.989786557468041,,5.989464105135091,-0.4428571428571428,13,0.62604135,1,1499,7528
932,cand_01278513,LVRVRVKKVRVRVL,LVRVRVK,mirror,632781948,2.989786557468041,,5.989464105135092,-0.5000000000000001,13,0.76981664,1,1498,7748
933,cand_01214776,LKLLRRVLKLLRRV,LKLLRRV,repeat,603117897,2.989786557468041,,5.989464105135092,-0.3857142857142857,13,0.7620946,1,1498,7646
934,cand_01907656,RVRLKLVVLKLRVR,RVRLKLV,mirror,952715397,2.989786557468041,,5.989464105135092,-0.4428571428571428,13,0.74967605,1,1498,7583
935,cand_02251922,VVRRLRVVVRRLRV,VVRRLRV,repeat,1144755897,2.9900995229980105,,5.9900900361950296,-0.4142857142857143,13,0.7283418,1,1498,7577
936,cand_02241675,VRVVRVKKVRVVRV,VRVVRVK,mirror,1135661948,2.989786557468041,,5.989464105135092,-0.5571428571428573,13,0.7178581,1,1498,7826
937,cand_00854655,IRRFKFVIRRFKFV,IRRFKFV,repeat,495075297,2.989786557468041,,5.989464105135091,-0.1999999999999999,13,0.6743386,1,1498,7673
938,cand_02209834,VLRLRKLVLRLRKL,VLRLRKL,repeat,1119117769,2.989786557468041,,5.989464105135091,-0.3857142857142857,13,0.633094,1,1498,7603
939,cand_01231838,LLLRRRVLLLRRRV,LLLRRRV,repeat,606357897,2.9900995229980105,,5.9900900361950296,-0.3,13,0.71577835,1,1497,7748
940,cand_00341995,FGKLLRRFGKLLRR,FGKLLRR,repeat,273355894,2.989786557468041,,5.989464105135092,0.4142857142857143,13,0.7745245,1,1496,7607
941,cand_01225145,LLFLRRRLLFLRRR,LLFLRRR,repeat,605517894,2.9900995229980105,,5.9900900361950296,-0.1000000000000001,13,0.7744459,1,1496,7611
942,cand_00860807,IRVRRLVVLRRVRI,IRVRRLV,mirror,495637797,2.9900995229980105,,5.9900900361950296,-0.4571428571428571,13,0.72380024,1,1496,7572
943,cand_01278146,LVRRLRLLRLRRVL,LVRRLRL,mirror,632755889,2.9900995229980105,,5.9900900361950296,-0.2999999999999999,13,0.6781672,1,1496,7585
944,cand_02233935,VRLVRIRVRLVRIR,VRLVRIR,repeat,1134381754,2.9900995229980105,,5.9900900361950296,-0.4571428571428572,13,0.6592212,1,1496,7680
945,cand_01634858,QRVVRVRRVRVVRQ,QRVVRVR,mirror,879661954,2.9900995229980105,,5.9900900361950296,0.6285714285714284,11,0.7813614,1,1495,7611
946,cand_01063359,KLRLVRVVRVLRLK,KLRLVRV,mirror,543119097,2.989786557468041,,5.989464105135091,-0.4428571428571429,13,0.7428929,1,1495,7657
947,cand_01250997,LRIRRLLLLRRIRL,LRIRRLL,mirror,622037789,2.9900995229980105,,5.9900900361950296,-0.3428571428571428,13,0.7353695,1,1495,7605
948,cand_01907734,RVRLLRVVRLLRVR,RVRLLRV,mirror,952715897,2.9900995229980105,,5.9900900361950296,-0.3571428571428571,13,0.6835844,1,1495,7627
949,cand_02225454,VRILVRRRRVLIRV,VRILVRR,mirror,1133999094,2.9900995229980105,,5.9900900361950296,-0.4571428571428571,13,0.7019939,1,1494,7464
950,cand_02209329,VLRKILRRLIKRLV,VLRKILR,mirror,1119106994,2.989786557468041,,5.989464105135091,-0.4857142857142857,13,0.63162875,1,1494,7556
951,cand_01843430,RLRRVILRLRRVIL,RLRRVIL,repeat,927158949,2.9900995229980105,,5.9900900361950296,-0.3999999999999999,13,0.6264884,1,1494,7609
952,cand_01232719,LLRGFRRLLRGFRR,LLRGFRR,repeat,607081894,2.9900995229980105,,5.9900900361950296,0.5000000000000001,13,0.68251216,1,1493,7592
953,cand_01206208,LKIGLRRLKIGLRR,LKIGLRR,repeat,602763894,2.989786557468041,,5.989464105135092,0.1714285714285714,13,0.6791981,1,1493,7723
954,cand_01246637,LRGLFRRLRGLFRR,LRGLFRR,repeat,621673894,2.9900995229980105,,5.9900900361950296,0.5000000000000001,13,0.67296714,1,1493,7556
955,cand_01626538,QRIVRRVVRRVIRQ,QRIVRRV,mirror,878061897,2.9900995229980105,,5.9900900361950296,0.5857142857142856,11,0.664222,1,1493,7626
956,cand_01644234,QVRVRVRRVRVRVQ,QVRVRVR,mirror,888781954,2.9900995229980105,,5.9900900361950296,0.6285714285714287,11,0.7737756,1,1492,7439
957,cand_01873342,RRLLVKVRRLLVKV,RRLLVKV,repeat,942318977,2.989786557468041,,5.989464105135091,-0.4428571428571428,13,0.7479065,1,1492,7659
958,cand_01523223,PLLRFRKKRFRLLP,PLLRFRK,mirror,798353888,2.989786557468041,,5.989464105135092,0.5857142857142856,11,0.7171059,1,1492,7787
959,cand_01234903,LLRRVLKKLVRRLL,LLRRVLK,mirror,607158988,2.989786557468041,,5.989464105135092,-0.3857142857142857,13,0.71152157,1,1492,7557
960,cand_01266288,LRVLIRRRRILVRL,LRVLIRR,mirror,623595094,2.9900995229980105,,5.9900900361950296,-0.3999999999999999,13,0.70855814,1,1492,7619
961,cand_01258356,LRLLRKGLRLLRKG,LRLLRKG,repeat,622317765,2.989786557468041,,5.989464105135091,0.2714285714285714,13,0.7044238,1,1492,7574
962,cand_00831616,ILVRVRRRRVRVLI,ILVRVRR,mirror,479639094,2.9900995229980105,,5.9900900361950296,-0.4571428571428571,13,0.6735641,1,1492,7594
963,cand_01544981,PRVVRVRRVRVVRP,PRVVRVR,mirror,815661954,2.9900995229980105,,5.9900900361950296,0.3571428571428571,11,0.6706349,1,1492,7661
964,cand_00870276,IVRLRLRIVRLRLR,IVRLRLR,repeat,504717794,2.9900995229980105,,5.9900900361950296,-0.4000000000000001,13,0.6572165,1,1492,7523
965,cand_01258372,LRLLRRFLRLLRRF,LRLLRRF,repeat,622317884,2.9900995229980105,,5.9900900361950296,-0.0999999999999999,13,0.70179147,1,1491,7708
966,cand_01518008,PLFRLRKKRLRFLP,PLFRLRK,mirror,797555888,2.989786557468041,,5.989464105135092,0.5857142857142856,11,0.7251366,1,1490,7747
967,cand_02235196,VRRFLRLLRLFRRV,VRRFLRL,mirror,1135075889,2.9900995229980105,,5.9900900361950296,-0.157142857142857,13,0.69321644,1,1490,7769
968,cand_01832701,RLKGFLRRLKGFLR,RLKGFLR,repeat,926121794,2.989786557468041,,5.989464105135091,0.4142857142857143,13,0.6817629,1,1490,7611
969,cand_01554305,PVRRKLLLLKRRVP,PVRRKLL,mirror,824755389,2.989786557468041,,5.989464105135092,0.3857142857142857,11,0.6778707,1,1490,7612
970,cand_01277636,LVRLRKLLVRLRKL,LVRLRKL,repeat,632717769,2.989786557468041,,5.989464105135091,-0.3857142857142857,13,0.72628415,1,1489,7670
971,cand_01906689,RVRILLRRVRILLR,RVRILLR,repeat,952699794,2.9900995229980105,,5.9900900361950296,-0.3999999999999999,13,0.71074367,1,1489,7590
972,cand_02252840,VVVRRKIVVVRRKI,VVVRRKI,repeat,1145237767,2.989786557468041,,5.989464105135091,-0.6,13,0.70206356,1,1489,7649
973,cand_01235162,LLRVRRILLRVRRI,LLRVRRI,repeat,607181887,2.9900995229980105,,5.9900900361950296,-0.4000000000000001,13,0.68113524,1,1489,7703
974,cand_00896538,KALLRRLLRRLLAK,KALLRRL,mirror,513517889,2.989786557468041,,5.989464105135091,-0.0428571428571428,13,0.6641545,1,1489,7744
975,cand_02238082,VRRRLLIVRRRLLI,VRRRLLI,repeat,1135155787,2.9900995229980105,,5.9900900361950296,-0.3999999999999997,13,0.62669885,1,1489,7595
976,cand_00860732,IRVRLLRIRVRLLR,IRVRLLR,repeat,495635794,2.9900995229980105,,5.9900900361950296,-0.3999999999999999,13,0.7669008,1,1488,7686
977,cand_02197973,VKVIRVRVKVIRVR,VKVIRVR,repeat,1116381954,2.989786557468041,,5.989464105135092,-0.5999999999999999,13,0.73473674,1,1488,7673
978,cand_01258967,LRLRRLILRLRRLI,LRLRRLI,repeat,622357787,2.9900995229980105,,5.9900900361950296,-0.3428571428571428,13,0.69233286,1,1488,7632
979,cand_01846638,RLVRIRVVRIRVLR,RLVRIRV,mirror,927635097,2.9900995229980105,,5.9900900361950296,-0.4571428571428572,13,0.65046495,1,1488,7598
980,cand_01899956,RVKLRLLRVKLRLL,RVKLRLL,repeat,951757789,2.989786557468041,,5.989464105135091,-0.3857142857142857,13,0.74983644,1,1487,7720
981,cand_02210206,VLRRIRVVLRRIRV,VLRRIRV,repeat,1119155097,2.9900995229980105,,5.9900900361950296,-0.4571428571428571,13,0.690422,1,1487,7544
982,cand_02233679,VRLRRVLVRLRRVL,VRLRRVL,repeat,1134357949,2.9900995229980105,,5.9900900361950296,-0.3571428571428571,13,0.6689066,1,1486,7683
983,cand_01838045,RLLLGLRRLGLLLR,RLLLGLR,mirror,926314194,1.9901026852656707,,3.9900963607303503,-0.8285714285714286,13,0.6613143,1,1486,7546
984,cand_02226221,VRIVRVKKVRVIRV,VRIVRVK,mirror,1134061948,2.989786557468041,,5.989464105135092,-0.5999999999999999,13,0.65094554,1,1486,7634
985,cand_02238625,VRRVLRLLRLVRRV,VRRVLRL,mirror,1135179889,2.9900995229980105,,5.9900900361950296,-0.3571428571428572,13,0.7137496,1,1485,7635
986,cand_01618905,QLVRRLLLLRRVLQ,QLVRRLL,mirror,863637789,1.9901026852656707,,3.9900963607303503,-0.4428571428571428,11,0.6768418,1,1485,7518
987,cand_02196513,VKRVIRVVKRVIRV,VKRVIRV,repeat,1115979097,2.989786557468041,,5.989464105135092,-0.5999999999999999,13,0.7555751,1,1484,7603
988,cand_02209025,VLRIVRRRRVIRLV,VLRIVRR,mirror,1119103094,2.9900995229980105,,5.9900900361950296,-0.4571428571428571,13,0.74488956,1,1484,7504
989,cand_02241659,VRVVRLKKLRVVRV,VRVVRLK,mirror,1135661788,2.989786557468041,,5.989464105135092,-0.5000000000000001,13,0.6936682,1,1484,7528
990,cand_01262109,LRRIVRVLRRIVRV,LRRIVRV,repeat,623103097,2.9900995229980105,,5.9900900361950296,-0.4571428571428572,13,0.67604727,1,1484,7640
991,cand_01838046,RLLLGLRRLLLGLR,RLLLGLR,repeat,926314194,1.9901026852656707,,3.9900963607303503,-0.8285714285714284,13,0.6224411,1,1484,7593
992,cand_01903874,RVLRVVKKVVRLVR,RVLRVVK,mirror,951959148,2.989786557468041,,5.989464105135092,-0.5,13,0.738769,1,1483,7480
993,cand_01279187,LVVRVRKLVVRVRK,LVVRVRK,repeat,633239088,2.989786557468041,,5.989464105135091,-0.4999999999999999,13,0.6848457,1,1483,7688
994,cand_00860748,IRVRLVRIRVRLVR,IRVRLVR,repeat,495635954,2.9900995229980105,,5.9900900361950296,-0.4571428571428572,13,0.65348756,1,1483,7515
995,cand_00348810,FGRLLRRFGRLLRR,FGRLLRR,repeat,274315894,2.9900995229980105,,5.9900900361950296,0.5000000000000001,13,0.62987685,1,1483,7719
996,cand_01231255,LLLGRRLLLLGRRL,LLLGRRL,repeat,606285889,1.9901026852656707,,3.9900963607303503,-0.8285714285714286,13,0.6229084,1,1482,7756
997,cand_01710649,RFRRLLFFLLRRFR,RFRRLLF,mirror,911155784,2.9900995229980105,,5.9900900361950296,0.0428571428571428,13,0.7409517,1,1481,7697
998,cand_01060511,KLRFFRLLRFFRLK,KLRFFRL,mirror,543073889,2.989786557468041,,5.989464105135091,-0.0428571428571428,13,0.631963,1,1481,7712
999,cand_01151257,LFGRRRLLRRRGFL,LFGRRRL,mirror,589717889,2.9900995229980105,,5.9900900361950296,0.5000000000000001,13,0.76838624,1,1480,7734
1000,cand_01807704,RKLLVVRRKLLVVR,RKLLVVR,repeat,923119154,2.989786557468041,,5.989464105135091,-0.4428571428571428,13,0.7125579,1,1480,7605
